layer,type,comparison_group,index,score,mean_deviant,mean_factual,ent_deviant,ent_factual
0,neuron_activation,Impossible_vs_Factual,3346,0.4757591485977173,0.0013375302078202367,-0.0006233371095731854,,
0,neuron_activation,Impossible_vs_Factual,6599,0.4553929269313812,0.0025723769795149565,-0.00032186563475988805,,
0,neuron_activation,Impossible_vs_Factual,3849,0.4482794404029846,0.010392332449555397,-0.0010457956232130527,,
0,neuron_activation,Impossible_vs_Factual,3682,0.4434143304824829,0.00450300145894289,0.003204160137102008,,
0,neuron_activation,Impossible_vs_Factual,2831,0.4391268491744995,0.0006539968308061361,-0.0008859670488163829,,
0,neuron_activation,Impossible_vs_Factual,2053,0.4320104718208313,0.0017940686084330082,-0.0013119351351633668,,
0,neuron_activation,Impossible_vs_Factual,3760,0.43009060621261597,0.01307350117713213,0.009808958508074284,,
0,neuron_activation,Impossible_vs_Factual,53,0.4205302894115448,0.003883657045662403,0.001960062887519598,,
0,neuron_activation,Impossible_vs_Factual,4675,0.4194015860557556,0.002048698952421546,9.008585038827732e-05,,
0,neuron_activation,Impossible_vs_Factual,2299,0.4178331792354584,-0.0036339566577225924,-0.00486679095774889,,
0,neuron_activation,Hallucinations_vs_Factual,1865,0.4412287175655365,0.00016802999016363174,-0.00019254523795098066,,
0,neuron_activation,Hallucinations_vs_Factual,3172,0.4356673061847687,0.003389048622921109,0.0016836001304909587,,
0,neuron_activation,Hallucinations_vs_Factual,337,0.4187425971031189,0.015301394276320934,0.005591575056314468,,
0,neuron_activation,Hallucinations_vs_Factual,4585,0.4165627360343933,-0.0715918019413948,-0.086395263671875,,
0,neuron_activation,Hallucinations_vs_Factual,2299,0.41320812702178955,-0.003557180520147085,-0.00486679095774889,,
0,neuron_activation,Hallucinations_vs_Factual,5381,0.41263705492019653,0.0006310201133601367,-0.0001766811910783872,,
0,neuron_activation,Hallucinations_vs_Factual,3605,0.41028887033462524,0.004915502388030291,-0.00423149298876524,,
0,neuron_activation,Hallucinations_vs_Factual,4641,0.4050755500793457,-8.441685349680483e-05,-0.001378122135065496,,
0,neuron_activation,Hallucinations_vs_Factual,5350,0.38974133133888245,0.0010250164195895195,-0.0029032689053565264,,
0,neuron_activation,Hallucinations_vs_Factual,7611,0.3741310238838196,0.017164574936032295,0.0010471880668774247,,
1,neuron_activation,Impossible_vs_Factual,5788,0.48688918352127075,0.01999511569738388,0.014256861992180347,,
1,neuron_activation,Impossible_vs_Factual,2381,0.4591981768608093,0.035866089165210724,0.028528593480587006,,
1,neuron_activation,Impossible_vs_Factual,6605,0.4553307890892029,0.003101196140050888,0.0014887198340147734,,
1,neuron_activation,Impossible_vs_Factual,6756,0.43215709924697876,0.0025256534572690725,0.001188291935250163,,
1,neuron_activation,Impossible_vs_Factual,5289,0.42471209168434143,0.007187124341726303,0.0039393045008182526,,
1,neuron_activation,Impossible_vs_Factual,5066,0.42213717103004456,2.431034045002889e-05,-0.0022164415568113327,,
1,neuron_activation,Impossible_vs_Factual,4843,0.4220549762248993,0.0010391429532319307,0.00012070238881278783,,
1,neuron_activation,Impossible_vs_Factual,68,0.4215530753135681,0.006091823801398277,0.004638785030692816,,
1,neuron_activation,Impossible_vs_Factual,3559,0.4202263057231903,0.0022068223915994167,0.0008264605421572924,,
1,neuron_activation,Impossible_vs_Factual,534,0.41957831382751465,0.009989947080612183,0.00650385394692421,,
1,neuron_activation,Hallucinations_vs_Factual,273,0.5170086622238159,-0.00033010164042934775,-0.001686308067291975,,
1,neuron_activation,Hallucinations_vs_Factual,6940,0.4779374897480011,0.0030975507106631994,0.001524251652881503,,
1,neuron_activation,Hallucinations_vs_Factual,91,0.47479209303855896,0.000270513235591352,-0.006662738509476185,,
1,neuron_activation,Hallucinations_vs_Factual,319,0.4356086850166321,0.006881778594106436,0.004348414484411478,,
1,neuron_activation,Hallucinations_vs_Factual,7739,0.432425856590271,0.012782048434019089,0.008245239034295082,,
1,neuron_activation,Hallucinations_vs_Factual,2987,0.4214830994606018,-0.0005046426667831838,-0.0012978574959561229,,
1,neuron_activation,Hallucinations_vs_Factual,4472,0.4178411066532135,9.281530947191641e-05,-0.0010798702714964747,,
1,neuron_activation,Hallucinations_vs_Factual,8139,0.4172044098377228,0.0015066962223500013,0.00016453459102194756,,
1,neuron_activation,Hallucinations_vs_Factual,7244,0.41558563709259033,0.003434601007029414,0.00233842502348125,,
1,neuron_activation,Hallucinations_vs_Factual,1842,0.41371649503707886,0.028771819546818733,0.01913849078118801,,
2,neuron_activation,Impossible_vs_Factual,1741,0.4943455457687378,-0.05872008576989174,-0.06964477896690369,,
2,neuron_activation,Impossible_vs_Factual,1373,0.4931184649467468,0.004448579624295235,-0.00011872678442159668,,
2,neuron_activation,Impossible_vs_Factual,4559,0.491870641708374,0.0024588059168308973,-0.0019425617065280676,,
2,neuron_activation,Impossible_vs_Factual,5942,0.48679906129837036,0.019975511357188225,0.011820904910564423,,
2,neuron_activation,Impossible_vs_Factual,2710,0.47843608260154724,-0.00838420819491148,-0.010525357909500599,,
2,neuron_activation,Impossible_vs_Factual,142,0.4549661874771118,0.006195118185132742,0.0020781198982149363,,
2,neuron_activation,Impossible_vs_Factual,7853,0.44471701979637146,0.0015481702284887433,-8.885118586476892e-05,,
2,neuron_activation,Impossible_vs_Factual,7811,0.44433748722076416,0.01629728078842163,0.010397733189165592,,
2,neuron_activation,Impossible_vs_Factual,4477,0.44249680638313293,0.008131260052323341,0.003990618512034416,,
2,neuron_activation,Impossible_vs_Factual,7185,0.43188533186912537,0.0071855587884783745,0.004514600150287151,,
2,neuron_activation,Hallucinations_vs_Factual,1112,0.6734728813171387,0.014859391376376152,0.007523326203227043,,
2,neuron_activation,Hallucinations_vs_Factual,3787,0.5419691801071167,-0.0005708984099328518,-0.0021033454686403275,,
2,neuron_activation,Hallucinations_vs_Factual,7517,0.5060727596282959,0.0015576868318021297,-0.000696942675858736,,
2,neuron_activation,Hallucinations_vs_Factual,7782,0.4875900447368622,9.861523722065613e-05,-0.002582414075732231,,
2,neuron_activation,Hallucinations_vs_Factual,3445,0.4815882444381714,0.0026179866399616003,-0.0002904492139350623,,
2,neuron_activation,Hallucinations_vs_Factual,1209,0.46312540769577026,0.007540783379226923,0.002894583623856306,,
2,neuron_activation,Hallucinations_vs_Factual,1627,0.46095138788223267,0.0020495762582868338,0.00019456235168036073,,
2,neuron_activation,Hallucinations_vs_Factual,5822,0.45904338359832764,0.010852125473320484,0.006778563838452101,,
2,neuron_activation,Hallucinations_vs_Factual,4108,0.45372846722602844,-0.0010791356908157468,-0.003328557126224041,,
2,neuron_activation,Hallucinations_vs_Factual,8111,0.44675329327583313,0.012483954429626465,0.007540547288954258,,
3,neuron_activation,Impossible_vs_Factual,5234,0.6888368725776672,0.01891297474503517,0.007859482429921627,,
3,neuron_activation,Impossible_vs_Factual,518,0.5654852986335754,-0.00017601017316337675,-0.00963012594729662,,
3,neuron_activation,Impossible_vs_Factual,5870,0.533352792263031,0.012496906332671642,-0.0016416554572060704,,
3,neuron_activation,Impossible_vs_Factual,3801,0.5205967426300049,0.013647728599607944,0.007811309304088354,,
3,neuron_activation,Impossible_vs_Factual,4630,0.5076137781143188,-0.0011357403127476573,-0.011073742061853409,,
3,neuron_activation,Impossible_vs_Factual,6556,0.5021606087684631,0.006155138369649649,-0.006253480911254883,,
3,neuron_activation,Impossible_vs_Factual,2415,0.49583929777145386,0.001157695078290999,-0.0038436672184616327,,
3,neuron_activation,Impossible_vs_Factual,1477,0.49260592460632324,0.021621450781822205,0.007230537943542004,,
3,neuron_activation,Impossible_vs_Factual,1581,0.4922601878643036,0.0010349176591262221,-0.0034873264376074076,,
3,neuron_activation,Impossible_vs_Factual,3871,0.48217499256134033,0.024038583040237427,0.012269518338143826,,
3,neuron_activation,Hallucinations_vs_Factual,2920,0.5838521718978882,-0.003329722210764885,-0.010188656859099865,,
3,neuron_activation,Hallucinations_vs_Factual,1869,0.5670745372772217,-0.0033236530143767595,-0.015035178512334824,,
3,neuron_activation,Hallucinations_vs_Factual,3857,0.5089539289474487,0.003338784910738468,-0.0046800533309578896,,
3,neuron_activation,Hallucinations_vs_Factual,1884,0.4991341233253479,0.012219304218888283,0.004377867095172405,,
3,neuron_activation,Hallucinations_vs_Factual,891,0.4848259389400482,0.014197162352502346,0.002813685452565551,,
3,neuron_activation,Hallucinations_vs_Factual,7259,0.4831371009349823,0.002336079953238368,-0.0007095237378962338,,
3,neuron_activation,Hallucinations_vs_Factual,3658,0.4789128303527832,-0.004876803606748581,-0.01671549491584301,,
3,neuron_activation,Hallucinations_vs_Factual,1914,0.4768427014350891,-0.00981455110013485,-0.020028667524456978,,
3,neuron_activation,Hallucinations_vs_Factual,6798,0.474487841129303,-0.006668547634035349,-0.018889253959059715,,
3,neuron_activation,Hallucinations_vs_Factual,8177,0.4736342430114746,0.01316477358341217,0.0062247030436992645,,
4,neuron_activation,Impossible_vs_Factual,210,0.664188027381897,0.006320858374238014,-0.014638414606451988,,
4,neuron_activation,Impossible_vs_Factual,6195,0.5655794143676758,0.015976661816239357,-0.0020474507473409176,,
4,neuron_activation,Impossible_vs_Factual,1658,0.5472059845924377,0.030408723279833794,0.012303175404667854,,
4,neuron_activation,Impossible_vs_Factual,3571,0.5070350766181946,-0.013831550255417824,-0.030852722004055977,,
4,neuron_activation,Impossible_vs_Factual,2828,0.5064448714256287,0.0075539699755609035,-0.0041098217479884624,,
4,neuron_activation,Impossible_vs_Factual,6416,0.4950428307056427,-0.038205988705158234,-0.06816714257001877,,
4,neuron_activation,Impossible_vs_Factual,121,0.487453430891037,0.04601272940635681,0.025671832263469696,,
4,neuron_activation,Impossible_vs_Factual,4323,0.4829599857330322,0.03469771146774292,0.013902670703828335,,
4,neuron_activation,Impossible_vs_Factual,5741,0.48063018918037415,-9.050789958564565e-05,-0.01220102421939373,,
4,neuron_activation,Impossible_vs_Factual,1319,0.4700309634208679,0.05123305320739746,0.026103265583515167,,
4,neuron_activation,Hallucinations_vs_Factual,5079,0.5232162475585938,0.00704217329621315,-0.004276132211089134,,
4,neuron_activation,Hallucinations_vs_Factual,2777,0.5216046571731567,-0.009290888905525208,-0.02252322807908058,,
4,neuron_activation,Hallucinations_vs_Factual,1134,0.5160923004150391,-0.0028091527055948973,-0.022914573550224304,,
4,neuron_activation,Hallucinations_vs_Factual,6827,0.5101710557937622,0.00414021871984005,-0.015640994533896446,,
4,neuron_activation,Hallucinations_vs_Factual,3571,0.5051576495170593,-0.014411503449082375,-0.030852722004055977,,
4,neuron_activation,Hallucinations_vs_Factual,4871,0.50103360414505,0.005681195296347141,-0.000766684883274138,,
4,neuron_activation,Hallucinations_vs_Factual,1011,0.4814879596233368,-0.007902617566287518,-0.017558101564645767,,
4,neuron_activation,Hallucinations_vs_Factual,7093,0.4810104966163635,-0.03710183873772621,-0.07928285747766495,,
4,neuron_activation,Hallucinations_vs_Factual,5518,0.47352030873298645,-0.01466013677418232,-0.028551485389471054,,
4,neuron_activation,Hallucinations_vs_Factual,8002,0.4684809148311615,-0.034652747213840485,-0.05554552376270294,,
5,neuron_activation,Impossible_vs_Factual,6935,0.6473457217216492,-0.016486983746290207,-0.040168002247810364,,
5,neuron_activation,Impossible_vs_Factual,7734,0.6192100048065186,0.011982504278421402,-0.009297071024775505,,
5,neuron_activation,Impossible_vs_Factual,7408,0.612349808216095,0.0009091711253859103,-0.07548153400421143,,
5,neuron_activation,Impossible_vs_Factual,1595,0.5992064476013184,-0.0027101612649858,-0.026426998898386955,,
5,neuron_activation,Impossible_vs_Factual,3747,0.5966951251029968,0.022792870178818703,-0.00825427658855915,,
5,neuron_activation,Impossible_vs_Factual,3193,0.574129045009613,0.029329946264624596,0.0013462163042277098,,
5,neuron_activation,Impossible_vs_Factual,1410,0.5721873641014099,0.029246021062135696,0.003578433534130454,,
5,neuron_activation,Impossible_vs_Factual,3178,0.5574512481689453,-0.04492637887597084,-0.07545249164104462,,
5,neuron_activation,Impossible_vs_Factual,1135,0.5465773940086365,-0.0011799093335866928,-0.02457479201257229,,
5,neuron_activation,Impossible_vs_Factual,3227,0.5431514382362366,-0.020752446725964546,-0.08357349783182144,,
5,neuron_activation,Hallucinations_vs_Factual,6444,0.6028794050216675,0.029601605609059334,0.014504246413707733,,
5,neuron_activation,Hallucinations_vs_Factual,6935,0.5451810956001282,-0.019492534920573235,-0.040168002247810364,,
5,neuron_activation,Hallucinations_vs_Factual,3594,0.5411590337753296,0.019844461232423782,-0.017513694241642952,,
5,neuron_activation,Hallucinations_vs_Factual,3193,0.5203073024749756,0.02792936936020851,0.0013462163042277098,,
5,neuron_activation,Hallucinations_vs_Factual,3982,0.5183055400848389,-0.4974316358566284,-0.5410450100898743,,
5,neuron_activation,Hallucinations_vs_Factual,7835,0.5073757171630859,0.022422300651669502,0.004558589309453964,,
5,neuron_activation,Hallucinations_vs_Factual,7848,0.5024126768112183,0.02141062542796135,0.010860968381166458,,
5,neuron_activation,Hallucinations_vs_Factual,3919,0.4988911747932434,-0.048619594424963,-0.08490058034658432,,
5,neuron_activation,Hallucinations_vs_Factual,6305,0.4798760712146759,-0.05188760533928871,-0.0807940736413002,,
5,neuron_activation,Hallucinations_vs_Factual,4271,0.47952768206596375,0.028949003666639328,0.007625075522810221,,
6,neuron_activation,Impossible_vs_Factual,74,0.6752496957778931,-0.0008194780675694346,-0.0347345732152462,,
6,neuron_activation,Impossible_vs_Factual,2321,0.6522976756095886,-0.0031635379418730736,-0.04341840744018555,,
6,neuron_activation,Impossible_vs_Factual,2443,0.6519228219985962,0.029374169185757637,-0.007025386206805706,,
6,neuron_activation,Impossible_vs_Factual,5119,0.6275192499160767,0.13075782358646393,0.07644335925579071,,
6,neuron_activation,Impossible_vs_Factual,355,0.6167913675308228,0.030130362138152122,-0.0031149338465183973,,
6,neuron_activation,Impossible_vs_Factual,5703,0.5993768572807312,0.03456408157944679,-0.003376026637852192,,
6,neuron_activation,Impossible_vs_Factual,4610,0.5759170055389404,-0.016757315024733543,-0.048679787665605545,,
6,neuron_activation,Impossible_vs_Factual,4588,0.5534073710441589,0.005345885641872883,-0.016494229435920715,,
6,neuron_activation,Impossible_vs_Factual,4828,0.5488291382789612,0.06656060367822647,0.02529776841402054,,
6,neuron_activation,Impossible_vs_Factual,1363,0.5436842441558838,0.012723877094686031,-0.007481391075998545,,
6,neuron_activation,Hallucinations_vs_Factual,4601,0.5287787914276123,0.030236022546887398,-0.0048712920397520065,,
6,neuron_activation,Hallucinations_vs_Factual,3485,0.49906688928604126,-0.00871160440146923,-0.03935565426945686,,
6,neuron_activation,Hallucinations_vs_Factual,1169,0.48932936787605286,-0.019040830433368683,-0.04452945291996002,,
6,neuron_activation,Hallucinations_vs_Factual,2321,0.4832213521003723,-0.01354589220136404,-0.04341840744018555,,
6,neuron_activation,Hallucinations_vs_Factual,6237,0.4683625102043152,0.00024115205451380461,-0.01436244323849678,,
6,neuron_activation,Hallucinations_vs_Factual,4655,0.462715744972229,0.04015060141682625,0.008044322952628136,,
6,neuron_activation,Hallucinations_vs_Factual,2637,0.46210405230522156,0.010752201080322266,-0.011123072355985641,,
6,neuron_activation,Hallucinations_vs_Factual,5345,0.43995800614356995,0.027978336438536644,-0.009644584730267525,,
6,neuron_activation,Hallucinations_vs_Factual,8062,0.43989837169647217,0.010060797445476055,-0.016522204503417015,,
6,neuron_activation,Hallucinations_vs_Factual,4765,0.4357594847679138,-0.020638396963477135,-0.04984419792890549,,
7,neuron_activation,Impossible_vs_Factual,6255,0.7136949896812439,-0.013372398912906647,-0.0652185007929802,,
7,neuron_activation,Impossible_vs_Factual,2707,0.6287890076637268,0.07439837604761124,0.025327159091830254,,
7,neuron_activation,Impossible_vs_Factual,1621,0.6283391714096069,0.033846206963062286,0.0011768785770982504,,
7,neuron_activation,Impossible_vs_Factual,7073,0.6278329491615295,0.025184663012623787,-0.003933935426175594,,
7,neuron_activation,Impossible_vs_Factual,6806,0.6207219958305359,0.00550443958491087,-0.023230748251080513,,
7,neuron_activation,Impossible_vs_Factual,5273,0.6183353066444397,-0.005748366937041283,-0.05310523509979248,,
7,neuron_activation,Impossible_vs_Factual,6815,0.5945197343826294,-0.0033392354380339384,-0.04131017625331879,,
7,neuron_activation,Impossible_vs_Factual,4375,0.5713494420051575,0.012079593725502491,-0.006736776325851679,,
7,neuron_activation,Impossible_vs_Factual,7236,0.5668233633041382,0.04070085659623146,0.011553369462490082,,
7,neuron_activation,Impossible_vs_Factual,1302,0.5582492351531982,-0.013890168629586697,-0.04025181382894516,,
7,neuron_activation,Hallucinations_vs_Factual,2111,0.5559831261634827,0.023609237745404243,-0.04872508347034454,,
7,neuron_activation,Hallucinations_vs_Factual,788,0.5527799725532532,-0.0028034530114382505,-0.03597954288125038,,
7,neuron_activation,Hallucinations_vs_Factual,8156,0.5404176115989685,0.001221432932652533,-0.023376133292913437,,
7,neuron_activation,Hallucinations_vs_Factual,2565,0.5403889417648315,0.010179555974900723,-0.019513418897986412,,
7,neuron_activation,Hallucinations_vs_Factual,5581,0.5396425127983093,0.012781741097569466,-0.026711495593190193,,
7,neuron_activation,Hallucinations_vs_Factual,5025,0.5276230573654175,0.025740252807736397,-0.025078341364860535,,
7,neuron_activation,Hallucinations_vs_Factual,6806,0.5203338861465454,0.00019033357966691256,-0.023230748251080513,,
7,neuron_activation,Hallucinations_vs_Factual,6537,0.5076382756233215,0.031015226617455482,-0.0026253131218254566,,
7,neuron_activation,Hallucinations_vs_Factual,3865,0.49268513917922974,0.029504235833883286,-0.007814773358404636,,
7,neuron_activation,Hallucinations_vs_Factual,2200,0.49100181460380554,-0.040228698402643204,-0.06832320243120193,,
8,neuron_activation,Impossible_vs_Factual,6743,0.6871068477630615,0.04448946937918663,0.010642487555742264,,
8,neuron_activation,Impossible_vs_Factual,3592,0.6870576739311218,0.0377945750951767,-0.026546644046902657,,
8,neuron_activation,Impossible_vs_Factual,1745,0.654684841632843,0.035729680210351944,-0.019258780404925346,,
8,neuron_activation,Impossible_vs_Factual,7262,0.6329676508903503,0.04250428080558777,-0.006438591051846743,,
8,neuron_activation,Impossible_vs_Factual,7043,0.6321075558662415,0.016151733696460724,-0.024792706593871117,,
8,neuron_activation,Impossible_vs_Factual,1403,0.618067741394043,0.04414796456694603,0.01278871949762106,,
8,neuron_activation,Impossible_vs_Factual,6175,0.6041956543922424,0.045509520918130875,0.0014260885072872043,,
8,neuron_activation,Impossible_vs_Factual,3637,0.5899957418441772,-0.03822863847017288,-0.1258656531572342,,
8,neuron_activation,Impossible_vs_Factual,1024,0.588857889175415,0.11172796785831451,0.04698372632265091,,
8,neuron_activation,Impossible_vs_Factual,7460,0.5837417840957642,0.0010703759035095572,-0.045449886471033096,,
8,neuron_activation,Hallucinations_vs_Factual,4260,0.6151179671287537,0.01102793775498867,-0.0474901907145977,,
8,neuron_activation,Hallucinations_vs_Factual,4267,0.5570330619812012,-0.009181827306747437,-0.04473249241709709,,
8,neuron_activation,Hallucinations_vs_Factual,224,0.5275298357009888,0.0030119321309030056,-0.042114365845918655,,
8,neuron_activation,Hallucinations_vs_Factual,1761,0.516126811504364,-0.005244422238320112,-0.032924849539995193,,
8,neuron_activation,Hallucinations_vs_Factual,6709,0.5154749155044556,-0.060846198350191116,-0.15358401834964752,,
8,neuron_activation,Hallucinations_vs_Factual,1628,0.5030357837677002,0.027257613837718964,-0.006595716346055269,,
8,neuron_activation,Hallucinations_vs_Factual,49,0.48333418369293213,0.01799066737294197,-0.007926280610263348,,
8,neuron_activation,Hallucinations_vs_Factual,7493,0.47880685329437256,-0.016208337619900703,-0.04203672334551811,,
8,neuron_activation,Hallucinations_vs_Factual,1096,0.47877630591392517,-0.030451735481619835,-0.060487210750579834,,
8,neuron_activation,Hallucinations_vs_Factual,6889,0.47861188650131226,0.02452954277396202,-0.009432193823158741,,
9,neuron_activation,Impossible_vs_Factual,2719,0.7737040519714355,0.028757698833942413,-0.03503778204321861,,
9,neuron_activation,Impossible_vs_Factual,1532,0.7410080432891846,0.047231514006853104,-0.010867437347769737,,
9,neuron_activation,Impossible_vs_Factual,5260,0.7286347150802612,0.03650015592575073,-0.01947183720767498,,
9,neuron_activation,Impossible_vs_Factual,2589,0.6946175694465637,0.02088993228971958,-0.015890294685959816,,
9,neuron_activation,Impossible_vs_Factual,5966,0.68195641040802,0.009092902764678001,-0.03297626972198486,,
9,neuron_activation,Impossible_vs_Factual,2464,0.6435034871101379,0.07230696827173233,0.01896297000348568,,
9,neuron_activation,Impossible_vs_Factual,445,0.6369044780731201,0.05634109675884247,0.01611737534403801,,
9,neuron_activation,Impossible_vs_Factual,330,0.6257123947143555,-0.0067627327516674995,-0.05056896433234215,,
9,neuron_activation,Impossible_vs_Factual,5136,0.6217694282531738,0.005981264170259237,-0.03876790031790733,,
9,neuron_activation,Impossible_vs_Factual,5507,0.6154264211654663,0.046421658247709274,0.012060394510626793,,
9,neuron_activation,Hallucinations_vs_Factual,7672,0.5428382754325867,-0.03191841393709183,-0.068520188331604,,
9,neuron_activation,Hallucinations_vs_Factual,2719,0.5333893299102783,0.006639865227043629,-0.03503778204321861,,
9,neuron_activation,Hallucinations_vs_Factual,5821,0.5170568227767944,0.014358023181557655,-0.019762998446822166,,
9,neuron_activation,Hallucinations_vs_Factual,1371,0.509319543838501,-0.002698455471545458,-0.03523119166493416,,
9,neuron_activation,Hallucinations_vs_Factual,3627,0.5029669404029846,-0.025746388360857964,-0.07540474832057953,,
9,neuron_activation,Hallucinations_vs_Factual,1647,0.49528953433036804,0.0016711998032405972,-0.025892453268170357,,
9,neuron_activation,Hallucinations_vs_Factual,4622,0.4940192699432373,0.023981040343642235,-0.003895232453942299,,
9,neuron_activation,Hallucinations_vs_Factual,884,0.4908068776130676,-0.0123780257999897,-0.1564689576625824,,
9,neuron_activation,Hallucinations_vs_Factual,7346,0.48887720704078674,0.04590354859828949,-0.007067066617310047,,
9,neuron_activation,Hallucinations_vs_Factual,3390,0.48254576325416565,0.03521429002285004,-0.0022140713408589363,,
10,neuron_activation,Impossible_vs_Factual,4778,0.7908895611763,0.08304837346076965,-0.021543467417359352,,
10,neuron_activation,Impossible_vs_Factual,8048,0.7307783365249634,-0.005591542460024357,-0.3832791745662689,,
10,neuron_activation,Impossible_vs_Factual,8039,0.7109276652336121,0.032329924404621124,-0.014266207814216614,,
10,neuron_activation,Impossible_vs_Factual,5511,0.7074576020240784,-0.0019496814347803593,-0.05220363661646843,,
10,neuron_activation,Impossible_vs_Factual,4011,0.6974145174026489,0.04038500785827637,0.009403144009411335,,
10,neuron_activation,Impossible_vs_Factual,2273,0.6643903255462646,0.07141581922769547,0.025263391435146332,,
10,neuron_activation,Impossible_vs_Factual,1098,0.6545388102531433,-0.0043975296430289745,-0.04161832854151726,,
10,neuron_activation,Impossible_vs_Factual,6655,0.6542564630508423,-0.0015672442968934774,-0.04827534779906273,,
10,neuron_activation,Impossible_vs_Factual,7668,0.6419112682342529,0.010916736908257008,-0.055338695645332336,,
10,neuron_activation,Impossible_vs_Factual,7961,0.6134545207023621,-0.02260632812976837,-0.05925650894641876,,
10,neuron_activation,Hallucinations_vs_Factual,6498,0.6283384561538696,0.011561290360987186,-0.0313715897500515,,
10,neuron_activation,Hallucinations_vs_Factual,7668,0.6090747714042664,0.021362660452723503,-0.055338695645332336,,
10,neuron_activation,Hallucinations_vs_Factual,1189,0.5833694934844971,-0.046638429164886475,-0.09951739013195038,,
10,neuron_activation,Hallucinations_vs_Factual,8048,0.5689620971679688,-0.026455923914909363,-0.3832791745662689,,
10,neuron_activation,Hallucinations_vs_Factual,6265,0.5633285045623779,-0.03797215595841408,-0.0796450674533844,,
10,neuron_activation,Hallucinations_vs_Factual,345,0.5600831508636475,-0.01585233025252819,-0.04691636934876442,,
10,neuron_activation,Hallucinations_vs_Factual,6854,0.5502878427505493,-0.0026145060546696186,-0.040962036699056625,,
10,neuron_activation,Hallucinations_vs_Factual,7019,0.5408971905708313,-0.015831302851438522,-0.10156036168336868,,
10,neuron_activation,Hallucinations_vs_Factual,2073,0.539097785949707,0.03700327128171921,-0.002980748424306512,,
10,neuron_activation,Hallucinations_vs_Factual,3021,0.5209237933158875,-0.031806908547878265,-0.0660860538482666,,
11,neuron_activation,Impossible_vs_Factual,947,0.802979588508606,-0.05142545327544212,-0.28502315282821655,,
11,neuron_activation,Impossible_vs_Factual,7211,0.790978193283081,0.0016692804638296366,-0.05677178502082825,,
11,neuron_activation,Impossible_vs_Factual,2850,0.7864943146705627,0.048522163182497025,-0.09682627022266388,,
11,neuron_activation,Impossible_vs_Factual,7287,0.7340985536575317,-0.009212781675159931,-0.06488661468029022,,
11,neuron_activation,Impossible_vs_Factual,3084,0.7304381132125854,0.2405528724193573,0.03529644012451172,,
11,neuron_activation,Impossible_vs_Factual,259,0.7274485230445862,0.02949773520231247,-0.010542761534452438,,
11,neuron_activation,Impossible_vs_Factual,2899,0.7215648889541626,0.04422838240861893,-0.00437496742233634,,
11,neuron_activation,Impossible_vs_Factual,7563,0.6708089113235474,0.016228090971708298,-0.06128670275211334,,
11,neuron_activation,Impossible_vs_Factual,6282,0.6673774719238281,0.02121458388864994,-0.01279017049819231,,
11,neuron_activation,Impossible_vs_Factual,3043,0.6672252416610718,0.03647676482796669,-0.0354701466858387,,
11,neuron_activation,Hallucinations_vs_Factual,7660,0.7012316584587097,0.02079721726477146,-0.012617694213986397,,
11,neuron_activation,Hallucinations_vs_Factual,75,0.6819810271263123,-0.05035142973065376,-0.13017988204956055,,
11,neuron_activation,Hallucinations_vs_Factual,3900,0.5941161513328552,0.009048154577612877,-0.02505207061767578,,
11,neuron_activation,Hallucinations_vs_Factual,218,0.5937609076499939,0.02156543731689453,-0.019459286704659462,,
11,neuron_activation,Hallucinations_vs_Factual,3412,0.5896895527839661,-0.009440896101295948,-0.06644661724567413,,
11,neuron_activation,Hallucinations_vs_Factual,2654,0.5826226472854614,1.2311269529163837e-05,-0.03594178706407547,,
11,neuron_activation,Hallucinations_vs_Factual,7342,0.5621804594993591,0.023655258119106293,-0.049766458570957184,,
11,neuron_activation,Hallucinations_vs_Factual,7287,0.5612428188323975,-0.023685092106461525,-0.06488661468029022,,
11,neuron_activation,Hallucinations_vs_Factual,3289,0.5581491589546204,-0.010027142241597176,-0.045462243258953094,,
11,neuron_activation,Hallucinations_vs_Factual,7211,0.5516111254692078,-0.016183089464902878,-0.05677178502082825,,
12,neuron_activation,Impossible_vs_Factual,3981,0.9392943382263184,-0.013477872125804424,-0.14172281324863434,,
12,neuron_activation,Impossible_vs_Factual,2038,0.930275559425354,-0.002377062803134322,-0.1025969609618187,,
12,neuron_activation,Impossible_vs_Factual,2170,0.868172824382782,0.0012673805467784405,-0.0663067102432251,,
12,neuron_activation,Impossible_vs_Factual,6022,0.8498326539993286,-0.02428492344915867,-0.1200503408908844,,
12,neuron_activation,Impossible_vs_Factual,2222,0.8154438138008118,0.010113450698554516,-0.06737259775400162,,
12,neuron_activation,Impossible_vs_Factual,2231,0.7531030178070068,0.005713997408747673,-0.056128788739442825,,
12,neuron_activation,Impossible_vs_Factual,7766,0.7486108541488647,0.07669724524021149,0.027002612128853798,,
12,neuron_activation,Impossible_vs_Factual,4681,0.7396606206893921,-0.008644269779324532,-0.10562705248594284,,
12,neuron_activation,Impossible_vs_Factual,4154,0.7300521731376648,-0.005561655852943659,-0.11650508642196655,,
12,neuron_activation,Impossible_vs_Factual,5996,0.7158322930335999,-0.0030203000642359257,-0.08989298343658447,,
12,neuron_activation,Hallucinations_vs_Factual,6022,0.9192041754722595,-0.012721650302410126,-0.1200503408908844,,
12,neuron_activation,Hallucinations_vs_Factual,2038,0.8161865472793579,0.0037775197997689247,-0.1025969609618187,,
12,neuron_activation,Hallucinations_vs_Factual,4681,0.6757968068122864,-0.008646955713629723,-0.10562705248594284,,
12,neuron_activation,Hallucinations_vs_Factual,4052,0.6485406160354614,0.010452686809003353,-0.02929695136845112,,
12,neuron_activation,Hallucinations_vs_Factual,2231,0.6436044573783875,-0.0009393430082127452,-0.056128788739442825,,
12,neuron_activation,Hallucinations_vs_Factual,4338,0.6367058753967285,0.010703111067414284,-0.04103872552514076,,
12,neuron_activation,Hallucinations_vs_Factual,8008,0.5963525772094727,0.0022027557715773582,-0.11188765615224838,,
12,neuron_activation,Hallucinations_vs_Factual,3981,0.5953910946846008,-0.04625766724348068,-0.14172281324863434,,
12,neuron_activation,Hallucinations_vs_Factual,4442,0.570909321308136,-0.002201197436079383,-0.05412791296839714,,
12,neuron_activation,Hallucinations_vs_Factual,3108,0.5611479878425598,0.030773304402828217,-0.0032283763866871595,,
13,neuron_activation,Impossible_vs_Factual,1895,0.7983130812644958,0.023758891969919205,-0.22994369268417358,,
13,neuron_activation,Impossible_vs_Factual,1274,0.7519527077674866,0.0801553800702095,0.0017420768272131681,,
13,neuron_activation,Impossible_vs_Factual,8040,0.7356911897659302,-0.016273772343993187,-0.17971788346767426,,
13,neuron_activation,Impossible_vs_Factual,136,0.7195666432380676,0.021183298900723457,-0.026236500591039658,,
13,neuron_activation,Impossible_vs_Factual,6231,0.7074403762817383,0.018157565966248512,-0.04892568290233612,,
13,neuron_activation,Impossible_vs_Factual,7792,0.6951767802238464,0.026677442714571953,-0.027237288653850555,,
13,neuron_activation,Impossible_vs_Factual,5007,0.6905165910720825,0.03690047189593315,-0.048822011798620224,,
13,neuron_activation,Impossible_vs_Factual,929,0.6748810410499573,0.05924848094582558,0.018271589651703835,,
13,neuron_activation,Impossible_vs_Factual,7633,0.6710079908370972,0.0932098925113678,0.01942255347967148,,
13,neuron_activation,Impossible_vs_Factual,4666,0.6567681431770325,-0.017481211572885513,-0.09384730458259583,,
13,neuron_activation,Hallucinations_vs_Factual,1895,0.804643988609314,0.10440591722726822,-0.22994369268417358,,
13,neuron_activation,Hallucinations_vs_Factual,674,0.5766735672950745,0.029414797201752663,-0.021815907210111618,,
13,neuron_activation,Hallucinations_vs_Factual,7328,0.5760760307312012,-0.0011068396270275116,-0.05542782321572304,,
13,neuron_activation,Hallucinations_vs_Factual,6147,0.5647494196891785,-0.016275277361273766,-0.067021943628788,,
13,neuron_activation,Hallucinations_vs_Factual,4330,0.5607984662055969,-0.009733506478369236,-0.06916698068380356,,
13,neuron_activation,Hallucinations_vs_Factual,5599,0.5507641434669495,0.10150604695081711,0.03089282102882862,,
13,neuron_activation,Hallucinations_vs_Factual,7942,0.5484992861747742,0.026086660102009773,-0.02986779808998108,,
13,neuron_activation,Hallucinations_vs_Factual,4201,0.5484275817871094,0.028960924595594406,-0.011353591457009315,,
13,neuron_activation,Hallucinations_vs_Factual,1237,0.5469499826431274,0.018332505598664284,-0.018768006935715675,,
13,neuron_activation,Hallucinations_vs_Factual,7262,0.5461187958717346,0.004234750289469957,-0.25359439849853516,,
14,neuron_activation,Impossible_vs_Factual,6756,0.9914742708206177,0.3783203363418579,0.2454809695482254,,
14,neuron_activation,Impossible_vs_Factual,3842,0.9561258554458618,0.014134086668491364,-0.10186097025871277,,
14,neuron_activation,Impossible_vs_Factual,299,0.8921251893043518,-0.0367392860352993,-0.36270421743392944,,
14,neuron_activation,Impossible_vs_Factual,7402,0.7858253121376038,0.026591258123517036,-0.10403172671794891,,
14,neuron_activation,Impossible_vs_Factual,4972,0.7438342571258545,-0.004839503206312656,-0.04277104139328003,,
14,neuron_activation,Impossible_vs_Factual,4875,0.7334900498390198,0.0035875956527888775,-0.06034480407834053,,
14,neuron_activation,Impossible_vs_Factual,7902,0.714091956615448,-0.017505237832665443,-0.0782293751835823,,
14,neuron_activation,Impossible_vs_Factual,6821,0.6862786412239075,0.2821674048900604,0.03346700593829155,,
14,neuron_activation,Impossible_vs_Factual,4945,0.6797446608543396,0.028551625087857246,-0.027223842218518257,,
14,neuron_activation,Impossible_vs_Factual,53,0.6759935021400452,0.035186029970645905,-0.014130358584225178,,
14,neuron_activation,Hallucinations_vs_Factual,1412,0.6665089726448059,0.015747128054499626,-0.04434528201818466,,
14,neuron_activation,Hallucinations_vs_Factual,6756,0.663360595703125,0.3445361852645874,0.2454809695482254,,
14,neuron_activation,Hallucinations_vs_Factual,3842,0.6611468195915222,-0.020737314596772194,-0.10186097025871277,,
14,neuron_activation,Hallucinations_vs_Factual,4972,0.6522422432899475,-0.0032955643255263567,-0.04277104139328003,,
14,neuron_activation,Hallucinations_vs_Factual,885,0.6416822671890259,0.0006433725357055664,-0.0543573759496212,,
14,neuron_activation,Hallucinations_vs_Factual,7832,0.6279258131980896,0.1087976023554802,0.07267943769693375,,
14,neuron_activation,Hallucinations_vs_Factual,103,0.5921434760093689,0.023950055241584778,-0.02639886736869812,,
14,neuron_activation,Hallucinations_vs_Factual,5022,0.5826290845870972,0.020343318581581116,-0.05558393523097038,,
14,neuron_activation,Hallucinations_vs_Factual,4176,0.5773167014122009,0.03951957821846008,-0.13428612053394318,,
14,neuron_activation,Hallucinations_vs_Factual,3228,0.5635690689086914,0.006097736302763224,-0.029673831537365913,,
15,neuron_activation,Impossible_vs_Factual,6029,0.8685792684555054,-0.006110399961471558,-0.06912064552307129,,
15,neuron_activation,Impossible_vs_Factual,984,0.7579997777938843,0.027602441608905792,-0.05376487597823143,,
15,neuron_activation,Impossible_vs_Factual,8159,0.7125422358512878,-0.01379016786813736,-0.07461216300725937,,
15,neuron_activation,Impossible_vs_Factual,4336,0.6679862141609192,0.01567293144762516,-0.03226536884903908,,
15,neuron_activation,Impossible_vs_Factual,1017,0.6646609306335449,-0.0115136643871665,-0.2392513006925583,,
15,neuron_activation,Impossible_vs_Factual,5344,0.6516652703285217,0.030591366812586784,-0.023515421897172928,,
15,neuron_activation,Impossible_vs_Factual,3276,0.6462355256080627,0.030161041766405106,-0.02109277993440628,,
15,neuron_activation,Impossible_vs_Factual,3289,0.6446670889854431,0.04011578485369682,-0.01190628856420517,,
15,neuron_activation,Impossible_vs_Factual,6562,0.6385411024093628,-0.007732851896435022,-0.0714549869298935,,
15,neuron_activation,Impossible_vs_Factual,1364,0.6318870186805725,-0.0029375008307397366,-0.04611153528094292,,
15,neuron_activation,Hallucinations_vs_Factual,1017,0.6412240266799927,-0.003708843607455492,-0.2392513006925583,,
15,neuron_activation,Hallucinations_vs_Factual,2694,0.5676236152648926,-0.016739442944526672,-0.06961487233638763,,
15,neuron_activation,Hallucinations_vs_Factual,3377,0.5519742369651794,-0.0047224280424416065,-0.03949829563498497,,
15,neuron_activation,Hallucinations_vs_Factual,1614,0.5148569941520691,0.014432639814913273,-0.01057959534227848,,
15,neuron_activation,Hallucinations_vs_Factual,2669,0.5098230242729187,0.043423157185316086,0.006061210762709379,,
15,neuron_activation,Hallucinations_vs_Factual,6015,0.5087870955467224,0.14172570407390594,0.03278724104166031,,
15,neuron_activation,Hallucinations_vs_Factual,80,0.49370434880256653,-0.060605909675359726,-0.1542954295873642,,
15,neuron_activation,Hallucinations_vs_Factual,5690,0.49255791306495667,0.10880772769451141,0.032077107578516006,,
15,neuron_activation,Hallucinations_vs_Factual,6324,0.4885759949684143,-0.005771989934146404,-0.047339554876089096,,
15,neuron_activation,Hallucinations_vs_Factual,6220,0.4839135706424713,0.38279956579208374,-0.10126698762178421,,
16,neuron_activation,Impossible_vs_Factual,5830,0.8197916746139526,0.05697096139192581,-0.014920195564627647,,
16,neuron_activation,Impossible_vs_Factual,6692,0.743120551109314,0.05190959945321083,-0.02819043956696987,,
16,neuron_activation,Impossible_vs_Factual,4566,0.683186411857605,0.03937988355755806,-0.0163942389190197,,
16,neuron_activation,Impossible_vs_Factual,7882,0.6381669640541077,0.14196349680423737,0.0885607898235321,,
16,neuron_activation,Impossible_vs_Factual,5886,0.6311547756195068,0.055901698768138885,-0.030199652537703514,,
16,neuron_activation,Impossible_vs_Factual,2636,0.628722071647644,0.030801746994256973,-0.030708501115441322,,
16,neuron_activation,Impossible_vs_Factual,1253,0.6237725615501404,0.051791079342365265,-0.0023289250675588846,,
16,neuron_activation,Impossible_vs_Factual,2308,0.6096698045730591,0.06851145625114441,-0.018182717263698578,,
16,neuron_activation,Impossible_vs_Factual,4751,0.6073739528656006,0.0702483281493187,0.008494791574776173,,
16,neuron_activation,Impossible_vs_Factual,1713,0.6023297905921936,0.06263887882232666,-0.0006622066721320152,,
16,neuron_activation,Hallucinations_vs_Factual,7603,0.5630196332931519,0.02396242693066597,-0.03487415239214897,,
16,neuron_activation,Hallucinations_vs_Factual,7486,0.5320839881896973,-0.003912534564733505,-0.04272473230957985,,
16,neuron_activation,Hallucinations_vs_Factual,3782,0.48242607712745667,0.022402316331863403,-0.024439245462417603,,
16,neuron_activation,Hallucinations_vs_Factual,6696,0.45431050658226013,0.002837744075804949,-0.03279094025492668,,
16,neuron_activation,Hallucinations_vs_Factual,3492,0.45104432106018066,0.02562026120722294,-0.006131125148385763,,
16,neuron_activation,Hallucinations_vs_Factual,2150,0.44939762353897095,0.003008761443197727,-0.043388526886701584,,
16,neuron_activation,Hallucinations_vs_Factual,532,0.44650518894195557,0.026695633307099342,-0.011601327918469906,,
16,neuron_activation,Hallucinations_vs_Factual,5844,0.4403053820133209,0.025314882397651672,-0.028941508382558823,,
16,neuron_activation,Hallucinations_vs_Factual,4763,0.4382435083389282,0.038802407681941986,-0.08701620995998383,,
16,neuron_activation,Hallucinations_vs_Factual,3450,0.43616023659706116,-0.010664397850632668,-0.04475637152791023,,
17,neuron_activation,Impossible_vs_Factual,697,0.7356574535369873,0.042205795645713806,-0.027119597420096397,,
17,neuron_activation,Impossible_vs_Factual,2288,0.6957716941833496,0.022907506674528122,-0.035386767238378525,,
17,neuron_activation,Impossible_vs_Factual,313,0.5973543524742126,0.041394732892513275,-0.00956135243177414,,
17,neuron_activation,Impossible_vs_Factual,6780,0.5940184593200684,0.12055443972349167,-0.010723496787250042,,
17,neuron_activation,Impossible_vs_Factual,330,0.5901399254798889,0.09592615813016891,0.023977648466825485,,
17,neuron_activation,Impossible_vs_Factual,4178,0.584697961807251,0.02662133052945137,-0.02245205081999302,,
17,neuron_activation,Impossible_vs_Factual,4611,0.5821332931518555,0.034954313188791275,-0.0347110740840435,,
17,neuron_activation,Impossible_vs_Factual,4183,0.5818457007408142,-0.09448019415140152,-0.4578077495098114,,
17,neuron_activation,Impossible_vs_Factual,7769,0.5788166522979736,0.22576363384723663,0.026657739654183388,,
17,neuron_activation,Impossible_vs_Factual,5655,0.5753177404403687,0.061919525265693665,-0.0027022995054721832,,
17,neuron_activation,Hallucinations_vs_Factual,4183,0.5084618330001831,-0.0664934515953064,-0.4578077495098114,,
17,neuron_activation,Hallucinations_vs_Factual,5301,0.4820970892906189,0.027843240648508072,-0.01311574038118124,,
17,neuron_activation,Hallucinations_vs_Factual,4611,0.47731849551200867,0.01676075905561447,-0.0347110740840435,,
17,neuron_activation,Hallucinations_vs_Factual,3142,0.44293278455734253,0.020795680582523346,-0.01276533305644989,,
17,neuron_activation,Hallucinations_vs_Factual,99,0.4387851059436798,0.023164963349699974,-0.020845303311944008,,
17,neuron_activation,Hallucinations_vs_Factual,2881,0.42408204078674316,0.028279077261686325,-0.009011594578623772,,
17,neuron_activation,Hallucinations_vs_Factual,697,0.41398799419403076,0.007549561560153961,-0.027119597420096397,,
17,neuron_activation,Hallucinations_vs_Factual,3131,0.4089352488517761,1.7161554098129272,0.7938907742500305,,
17,neuron_activation,Hallucinations_vs_Factual,2687,0.4079861342906952,0.037865832448005676,-0.013380068354308605,,
17,neuron_activation,Hallucinations_vs_Factual,4089,0.4019841253757477,-0.006210898514837027,-0.03657024726271629,,
18,neuron_activation,Impossible_vs_Factual,3029,0.6911005973815918,0.03368042781949043,-0.024200964719057083,,
18,neuron_activation,Impossible_vs_Factual,3289,0.6240225434303284,0.059431180357933044,-0.010069484822452068,,
18,neuron_activation,Impossible_vs_Factual,7225,0.5660517811775208,0.0617646798491478,0.007380194496363401,,
18,neuron_activation,Impossible_vs_Factual,1580,0.562177300453186,0.06867298483848572,0.019144399091601372,,
18,neuron_activation,Impossible_vs_Factual,1898,0.543118953704834,0.018780270591378212,-0.026740165427327156,,
18,neuron_activation,Impossible_vs_Factual,2997,0.5430337190628052,0.023900331929326057,-0.019187279045581818,,
18,neuron_activation,Impossible_vs_Factual,4232,0.5400810241699219,0.059419870376586914,0.010891089215874672,,
18,neuron_activation,Impossible_vs_Factual,5495,0.515117347240448,0.03560854122042656,-0.01788257621228695,,
18,neuron_activation,Impossible_vs_Factual,1551,0.5116604566574097,0.0417686365544796,-5.7123870647046715e-05,,
18,neuron_activation,Impossible_vs_Factual,7421,0.5083123445510864,0.10168875753879547,0.04054883494973183,,
18,neuron_activation,Hallucinations_vs_Factual,4963,0.5039153099060059,-0.014404471963644028,-0.07532995939254761,,
18,neuron_activation,Hallucinations_vs_Factual,1117,0.4540458917617798,0.03863741457462311,-0.0014735599979758263,,
18,neuron_activation,Hallucinations_vs_Factual,1898,0.4423094093799591,0.01205716747790575,-0.026740165427327156,,
18,neuron_activation,Hallucinations_vs_Factual,8144,0.4289623498916626,-0.0033600330352783203,-0.03437688574194908,,
18,neuron_activation,Hallucinations_vs_Factual,8029,0.41982144117355347,0.033838048577308655,-0.06015659496188164,,
18,neuron_activation,Hallucinations_vs_Factual,271,0.41819506883621216,0.08939468115568161,0.027432015165686607,,
18,neuron_activation,Hallucinations_vs_Factual,6920,0.40635430812835693,0.03455507755279541,0.0032003929372876883,,
18,neuron_activation,Hallucinations_vs_Factual,3085,0.4029138386249542,0.010522228665649891,-0.02187453582882881,,
18,neuron_activation,Hallucinations_vs_Factual,6187,0.40025779604911804,0.02234085090458393,-0.0606607049703598,,
18,neuron_activation,Hallucinations_vs_Factual,5663,0.3973709046840668,0.04295438155531883,-0.0018392850179225206,,
19,neuron_activation,Impossible_vs_Factual,4954,0.5348643660545349,0.05358875170350075,-0.004277558997273445,,
19,neuron_activation,Impossible_vs_Factual,2095,0.5123712420463562,-0.02417113445699215,-0.09590332210063934,,
19,neuron_activation,Impossible_vs_Factual,6033,0.5121350288391113,0.05830400809645653,0.0033980724401772022,,
19,neuron_activation,Impossible_vs_Factual,6159,0.49969127774238586,0.03514011949300766,-0.008877955377101898,,
19,neuron_activation,Impossible_vs_Factual,3379,0.49435049295425415,0.019334916025400162,-0.020764954388141632,,
19,neuron_activation,Impossible_vs_Factual,2925,0.49196919798851013,0.05247204378247261,0.00014164682943373919,,
19,neuron_activation,Impossible_vs_Factual,4893,0.4801633656024933,0.044674526900053024,0.002268686657771468,,
19,neuron_activation,Impossible_vs_Factual,264,0.47811010479927063,0.0995752140879631,0.04789195954799652,,
19,neuron_activation,Impossible_vs_Factual,3445,0.47784358263015747,0.05946017801761627,0.0009082958567887545,,
19,neuron_activation,Impossible_vs_Factual,2564,0.470131516456604,0.017851505428552628,-0.04302794113755226,,
19,neuron_activation,Hallucinations_vs_Factual,955,0.5358158946037292,0.07979629933834076,0.00528055801987648,,
19,neuron_activation,Hallucinations_vs_Factual,7595,0.4555932879447937,0.037878040224313736,-0.010333920828998089,,
19,neuron_activation,Hallucinations_vs_Factual,159,0.44057217240333557,0.03860025852918625,0.00040914525743573904,,
19,neuron_activation,Hallucinations_vs_Factual,1014,0.43798449635505676,0.08520738780498505,-0.004823918920010328,,
19,neuron_activation,Hallucinations_vs_Factual,8115,0.4239788055419922,0.07341823726892471,0.013323287479579449,,
19,neuron_activation,Hallucinations_vs_Factual,751,0.4124762713909149,0.09549561142921448,0.04286225512623787,,
19,neuron_activation,Hallucinations_vs_Factual,1750,0.4058414399623871,0.0210714228451252,-0.018023550510406494,,
19,neuron_activation,Hallucinations_vs_Factual,7252,0.39494752883911133,0.14180050790309906,-0.08411873877048492,,
19,neuron_activation,Hallucinations_vs_Factual,1001,0.3890364468097687,0.033622682094573975,-0.0016812115209177136,,
19,neuron_activation,Hallucinations_vs_Factual,7932,0.3791927397251129,0.0504092238843441,0.00866409856826067,,
20,neuron_activation,Impossible_vs_Factual,7812,0.6487328410148621,0.052547696977853775,-0.013515663333237171,,
20,neuron_activation,Impossible_vs_Factual,7624,0.5008453726768494,0.07512747496366501,0.007920123636722565,,
20,neuron_activation,Impossible_vs_Factual,4067,0.4976009130477905,0.04258466511964798,-0.0033772429451346397,,
20,neuron_activation,Impossible_vs_Factual,3324,0.4970737099647522,0.077912837266922,0.010060843080282211,,
20,neuron_activation,Impossible_vs_Factual,1624,0.4941663444042206,0.1302160769701004,0.05534318834543228,,
20,neuron_activation,Impossible_vs_Factual,7717,0.4803977608680725,0.465939998626709,0.10762810707092285,,
20,neuron_activation,Impossible_vs_Factual,1956,0.4798518121242523,0.00611536018550396,-0.041134800761938095,,
20,neuron_activation,Impossible_vs_Factual,4593,0.4706307053565979,0.022099968045949936,-0.017406219616532326,,
20,neuron_activation,Impossible_vs_Factual,2479,0.4516097605228424,0.058922506868839264,0.004866629373282194,,
20,neuron_activation,Impossible_vs_Factual,3385,0.44466227293014526,0.06772078573703766,-0.002469634870067239,,
20,neuron_activation,Hallucinations_vs_Factual,6863,0.4552121162414551,0.026781918480992317,-0.11230792850255966,,
20,neuron_activation,Hallucinations_vs_Factual,2767,0.44720637798309326,0.21324950456619263,0.1533813327550888,,
20,neuron_activation,Hallucinations_vs_Factual,4609,0.40650710463523865,0.09018763899803162,0.00012014125240966678,,
20,neuron_activation,Hallucinations_vs_Factual,3680,0.3985339403152466,0.04610872641205788,-0.009471398778259754,,
20,neuron_activation,Hallucinations_vs_Factual,6221,0.3797587752342224,0.018131859600543976,-0.032840508967638016,,
20,neuron_activation,Hallucinations_vs_Factual,6753,0.35994917154312134,0.14426536858081818,0.06953661143779755,,
20,neuron_activation,Hallucinations_vs_Factual,2858,0.352236270904541,-0.008249225094914436,-0.052545107901096344,,
20,neuron_activation,Hallucinations_vs_Factual,6361,0.34101778268814087,0.33860453963279724,0.02993558719754219,,
20,neuron_activation,Hallucinations_vs_Factual,1041,0.33511266112327576,0.07489626109600067,0.030442699790000916,,
20,neuron_activation,Hallucinations_vs_Factual,5157,0.3319395184516907,0.0073132943361997604,-0.026642192155122757,,
21,neuron_activation,Impossible_vs_Factual,7123,0.6819678544998169,0.06288875639438629,-0.022375429049134254,,
21,neuron_activation,Impossible_vs_Factual,4946,0.6271288394927979,0.05416518449783325,-0.02434648759663105,,
21,neuron_activation,Impossible_vs_Factual,3201,0.5399439334869385,0.07122627645730972,-0.012809840962290764,,
21,neuron_activation,Impossible_vs_Factual,7914,0.5006217360496521,0.07728511840105057,0.00850063469260931,,
21,neuron_activation,Impossible_vs_Factual,122,0.4881288707256317,0.11706949770450592,0.060583680868148804,,
21,neuron_activation,Impossible_vs_Factual,2955,0.47270092368125916,0.15522634983062744,0.07933492213487625,,
21,neuron_activation,Impossible_vs_Factual,7611,0.4571535587310791,0.03817188739776611,-0.018458690494298935,,
21,neuron_activation,Impossible_vs_Factual,5603,0.4545574486255646,0.06293753534555435,-0.0042220596224069595,,
21,neuron_activation,Impossible_vs_Factual,6383,0.44376230239868164,0.0030107609927654266,-0.0673581212759018,,
21,neuron_activation,Impossible_vs_Factual,4467,0.43524911999702454,-0.07361451536417007,-0.12303009629249573,,
21,neuron_activation,Hallucinations_vs_Factual,6383,0.39737051725387573,0.005209941416978836,-0.0673581212759018,,
21,neuron_activation,Hallucinations_vs_Factual,4918,0.3911823034286499,0.27018067240715027,0.09790527820587158,,
21,neuron_activation,Hallucinations_vs_Factual,4570,0.3626365065574646,0.01644669473171234,-0.016925498843193054,,
21,neuron_activation,Hallucinations_vs_Factual,905,0.36080804467201233,0.2661187946796417,0.1343156397342682,,
21,neuron_activation,Hallucinations_vs_Factual,4571,0.3539738655090332,0.015681462362408638,-0.015228311531245708,,
21,neuron_activation,Hallucinations_vs_Factual,4041,0.32944411039352417,0.006138204596936703,-0.024587713181972504,,
21,neuron_activation,Hallucinations_vs_Factual,6641,0.3222205936908722,-0.00038278003921732306,-0.03828124701976776,,
21,neuron_activation,Hallucinations_vs_Factual,1116,0.313505083322525,0.19167602062225342,0.0805143192410469,,
21,neuron_activation,Hallucinations_vs_Factual,3536,0.31161269545555115,0.05493615195155144,0.0035397959873080254,,
21,neuron_activation,Hallucinations_vs_Factual,5560,0.30607834458351135,0.027864970266819,-0.020356880500912666,,
22,neuron_activation,Impossible_vs_Factual,2594,0.616045355796814,0.11248558014631271,0.020042873919010162,,
22,neuron_activation,Impossible_vs_Factual,4407,0.5656760931015015,0.1029428243637085,0.02584560215473175,,
22,neuron_activation,Impossible_vs_Factual,1528,0.5488301515579224,0.1939757913351059,0.05053051561117172,,
22,neuron_activation,Impossible_vs_Factual,4626,0.5466217994689941,0.06369432061910629,0.0025400922168046236,,
22,neuron_activation,Impossible_vs_Factual,5153,0.5335432887077332,0.07992587983608246,0.02328619174659252,,
22,neuron_activation,Impossible_vs_Factual,5747,0.5291700959205627,0.0912545844912529,0.021721377968788147,,
22,neuron_activation,Impossible_vs_Factual,6391,0.4854300320148468,0.045622020959854126,-0.0089593306183815,,
22,neuron_activation,Impossible_vs_Factual,6212,0.48155149817466736,0.07390382140874863,-0.00852587167173624,,
22,neuron_activation,Impossible_vs_Factual,5862,0.47617241740226746,0.18515686690807343,0.12748382985591888,,
22,neuron_activation,Impossible_vs_Factual,1499,0.47564104199409485,0.0408073253929615,-0.013113582506775856,,
22,neuron_activation,Hallucinations_vs_Factual,1985,0.40260469913482666,0.10676893591880798,0.04963286593556404,,
22,neuron_activation,Hallucinations_vs_Factual,1176,0.39413589239120483,0.07205061614513397,0.006825599353760481,,
22,neuron_activation,Hallucinations_vs_Factual,6228,0.385522723197937,0.018255438655614853,-0.027923353016376495,,
22,neuron_activation,Hallucinations_vs_Factual,4481,0.3709923326969147,0.00867635291069746,-0.03675125539302826,,
22,neuron_activation,Hallucinations_vs_Factual,6977,0.3402121663093567,-0.0016294337110593915,-0.06009244546294212,,
22,neuron_activation,Hallucinations_vs_Factual,7151,0.33253243565559387,0.024045145139098167,-0.008003663271665573,,
22,neuron_activation,Hallucinations_vs_Factual,760,0.3321918249130249,0.01768219843506813,-0.029559019953012466,,
22,neuron_activation,Hallucinations_vs_Factual,1528,0.31577268242836,0.1320432722568512,0.05053051561117172,,
22,neuron_activation,Hallucinations_vs_Factual,4337,0.3121371567249298,0.0033848138991743326,-0.03364221379160881,,
22,neuron_activation,Hallucinations_vs_Factual,2130,0.30826860666275024,-0.012258421629667282,-0.04825694486498833,,
23,neuron_activation,Impossible_vs_Factual,4373,0.5450102090835571,0.08775097131729126,0.012076102197170258,,
23,neuron_activation,Impossible_vs_Factual,1320,0.5317866206169128,1.0718296766281128,0.6292325258255005,,
23,neuron_activation,Impossible_vs_Factual,5105,0.530101478099823,-0.0647624060511589,-0.3096597492694855,,
23,neuron_activation,Impossible_vs_Factual,2364,0.5256766080856323,0.164595827460289,0.06926872581243515,,
23,neuron_activation,Impossible_vs_Factual,1572,0.5130185484886169,0.04227107763290405,-0.01974114216864109,,
23,neuron_activation,Impossible_vs_Factual,1543,0.5125029683113098,0.06174814701080322,-0.07110264152288437,,
23,neuron_activation,Impossible_vs_Factual,3974,0.510936975479126,0.15563735365867615,0.08004272729158401,,
23,neuron_activation,Impossible_vs_Factual,6397,0.47328147292137146,0.213423490524292,0.10770738869905472,,
23,neuron_activation,Impossible_vs_Factual,6703,0.4553034007549286,0.14705826342105865,0.07539702951908112,,
23,neuron_activation,Impossible_vs_Factual,3770,0.4529896676540375,0.17024053633213043,0.0632692351937294,,
23,neuron_activation,Hallucinations_vs_Factual,5105,0.42417341470718384,-0.08925239741802216,-0.3096597492694855,,
23,neuron_activation,Hallucinations_vs_Factual,373,0.3702254295349121,0.008931373246014118,-0.047889310866594315,,
23,neuron_activation,Hallucinations_vs_Factual,2869,0.3536545932292938,0.011000081896781921,-0.057533759623765945,,
23,neuron_activation,Hallucinations_vs_Factual,5858,0.33536773920059204,-0.16011659801006317,-0.3427799940109253,,
23,neuron_activation,Hallucinations_vs_Factual,2893,0.33439773321151733,0.04838840663433075,0.00231274520047009,,
23,neuron_activation,Hallucinations_vs_Factual,985,0.33362072706222534,0.018853740766644478,-0.02992628701031208,,
23,neuron_activation,Hallucinations_vs_Factual,7226,0.32028934359550476,0.026599902659654617,-0.03221025690436363,,
23,neuron_activation,Hallucinations_vs_Factual,3721,0.31860101222991943,0.02517257072031498,-0.016759051010012627,,
23,neuron_activation,Hallucinations_vs_Factual,3422,0.3135289251804352,0.004635841120034456,-0.04479661211371422,,
23,neuron_activation,Hallucinations_vs_Factual,1407,0.30936524271965027,-0.030627060681581497,-0.15573467314243317,,
24,neuron_activation,Impossible_vs_Factual,8087,0.579541802406311,0.05038783699274063,-0.022924156859517097,,
24,neuron_activation,Impossible_vs_Factual,7875,0.46771129965782166,0.5363866686820984,0.43626463413238525,,
24,neuron_activation,Impossible_vs_Factual,4398,0.4656882882118225,0.049028802663087845,-0.004321637097746134,,
24,neuron_activation,Impossible_vs_Factual,3744,0.46469804644584656,0.17460177838802338,0.10310407727956772,,
24,neuron_activation,Impossible_vs_Factual,310,0.4585186839103699,0.06924085319042206,0.0030251590069383383,,
24,neuron_activation,Impossible_vs_Factual,5845,0.45549553632736206,0.10192570090293884,0.04086219519376755,,
24,neuron_activation,Impossible_vs_Factual,7301,0.45296433568000793,-0.02851776033639908,-0.29094231128692627,,
24,neuron_activation,Impossible_vs_Factual,1503,0.43913981318473816,0.0021312995813786983,-0.05901806056499481,,
24,neuron_activation,Impossible_vs_Factual,795,0.41958051919937134,0.08888430893421173,0.02060502953827381,,
24,neuron_activation,Impossible_vs_Factual,2642,0.4191921353340149,0.13115078210830688,0.05893242731690407,,
24,neuron_activation,Hallucinations_vs_Factual,531,0.4130452871322632,0.041523102670907974,-0.032669547945261,,
24,neuron_activation,Hallucinations_vs_Factual,4192,0.37120571732521057,-0.17702344059944153,-0.2937123775482178,,
24,neuron_activation,Hallucinations_vs_Factual,1103,0.3704312741756439,0.004442387726157904,-0.09835943579673767,,
24,neuron_activation,Hallucinations_vs_Factual,4655,0.36894136667251587,0.023823872208595276,-0.03761918842792511,,
24,neuron_activation,Hallucinations_vs_Factual,275,0.35672512650489807,-0.015036174096167088,-0.0780777707695961,,
24,neuron_activation,Hallucinations_vs_Factual,2925,0.3490096628665924,0.021236760541796684,-0.04218166321516037,,
24,neuron_activation,Hallucinations_vs_Factual,6194,0.33548352122306824,0.018762607127428055,-0.04847271740436554,,
24,neuron_activation,Hallucinations_vs_Factual,5626,0.3351970314979553,0.1802004724740982,0.11764175444841385,,
24,neuron_activation,Hallucinations_vs_Factual,3498,0.32406091690063477,0.04361825808882713,-0.0042544398456811905,,
24,neuron_activation,Hallucinations_vs_Factual,6865,0.31885382533073425,0.03823275864124298,-0.003692128462716937,,
25,neuron_activation,Impossible_vs_Factual,1408,0.595980167388916,0.11829306930303574,0.03108055330812931,,
25,neuron_activation,Impossible_vs_Factual,7648,0.5937678217887878,-0.13701912760734558,-0.23091065883636475,,
25,neuron_activation,Impossible_vs_Factual,378,0.5638332962989807,-0.24858365952968597,-0.502667248249054,,
25,neuron_activation,Impossible_vs_Factual,2689,0.5462648272514343,0.24916772544384003,-0.19745859503746033,,
25,neuron_activation,Impossible_vs_Factual,6024,0.5030546188354492,-0.06513489782810211,-0.15596985816955566,,
25,neuron_activation,Impossible_vs_Factual,6640,0.478359192609787,0.08746170252561569,0.008151430636644363,,
25,neuron_activation,Impossible_vs_Factual,5988,0.4699799418449402,0.010940403677523136,-0.18677543103694916,,
25,neuron_activation,Impossible_vs_Factual,3569,0.4655158519744873,-0.08868809789419174,-0.2029191106557846,,
25,neuron_activation,Impossible_vs_Factual,1028,0.4617256224155426,0.339674711227417,0.17449796199798584,,
25,neuron_activation,Impossible_vs_Factual,2656,0.4524654448032379,-0.12550123035907745,-0.21078430116176605,,
25,neuron_activation,Hallucinations_vs_Factual,378,0.6003274917602539,-0.23820358514785767,-0.502667248249054,,
25,neuron_activation,Hallucinations_vs_Factual,4525,0.4725261628627777,-0.03370586410164833,-0.11812667548656464,,
25,neuron_activation,Hallucinations_vs_Factual,1977,0.4553390443325043,-0.009537886828184128,-0.07858549058437347,,
25,neuron_activation,Hallucinations_vs_Factual,4271,0.3951442539691925,-0.04097001999616623,-0.09210812300443649,,
25,neuron_activation,Hallucinations_vs_Factual,5835,0.38762974739074707,-0.08029071986675262,-0.16038762032985687,,
25,neuron_activation,Hallucinations_vs_Factual,2820,0.3713318705558777,-0.01911381259560585,-0.11303932964801788,,
25,neuron_activation,Hallucinations_vs_Factual,4388,0.35477375984191895,0.014302348718047142,-0.06748351454734802,,
25,neuron_activation,Hallucinations_vs_Factual,7648,0.3439181447029114,-0.15825410187244415,-0.23091065883636475,,
25,neuron_activation,Hallucinations_vs_Factual,4854,0.3428422808647156,-0.07854096591472626,-0.14100466668605804,,
25,neuron_activation,Hallucinations_vs_Factual,6852,0.34256550669670105,-0.6145703196525574,-0.7492967844009399,,
26,neuron_activation,Impossible_vs_Factual,7784,0.6603873372077942,0.039926428347826004,-0.3965316712856293,,
26,neuron_activation,Impossible_vs_Factual,7829,0.6153470277786255,0.09210306406021118,-0.0059785740450024605,,
26,neuron_activation,Impossible_vs_Factual,1853,0.6140193343162537,-0.014526900835335255,-0.1267535537481308,,
26,neuron_activation,Impossible_vs_Factual,3889,0.6100055575370789,-0.08494839072227478,-0.1889793425798416,,
26,neuron_activation,Impossible_vs_Factual,1327,0.6059548854827881,-0.010070190764963627,-0.12469463050365448,,
26,neuron_activation,Impossible_vs_Factual,1287,0.5970183610916138,-0.125678151845932,-0.2311519831418991,,
26,neuron_activation,Impossible_vs_Factual,4167,0.5865367650985718,-0.11484261602163315,-0.2947680950164795,,
26,neuron_activation,Impossible_vs_Factual,7235,0.5852400660514832,0.04000556841492653,-0.06505586951971054,,
26,neuron_activation,Impossible_vs_Factual,2342,0.5767514705657959,-0.03439851850271225,-0.10403183102607727,,
26,neuron_activation,Impossible_vs_Factual,7490,0.5356120467185974,-0.09625781327486038,-0.19787932932376862,,
26,neuron_activation,Hallucinations_vs_Factual,2342,0.5257101058959961,-0.03593577444553375,-0.10403183102607727,,
26,neuron_activation,Hallucinations_vs_Factual,6734,0.49524879455566406,0.00012977438746020198,-0.10469707101583481,,
26,neuron_activation,Hallucinations_vs_Factual,7784,0.4931385815143585,-0.003990689758211374,-0.3965316712856293,,
26,neuron_activation,Hallucinations_vs_Factual,4382,0.4443908929824829,0.10388168692588806,0.04380912706255913,,
26,neuron_activation,Hallucinations_vs_Factual,1519,0.4385271668434143,-0.0038316110149025917,-0.0670941174030304,,
26,neuron_activation,Hallucinations_vs_Factual,1997,0.43842118978500366,0.006677811499685049,-0.2176983654499054,,
26,neuron_activation,Hallucinations_vs_Factual,7623,0.4378102719783783,-0.013146379962563515,-0.20168712735176086,,
26,neuron_activation,Hallucinations_vs_Factual,6557,0.43595749139785767,0.09938178211450577,-0.007152563892304897,,
26,neuron_activation,Hallucinations_vs_Factual,5871,0.41375666856765747,-0.2245550900697708,-0.36748364567756653,,
26,neuron_activation,Hallucinations_vs_Factual,7480,0.40506014227867126,0.030485006049275398,-0.04211276397109032,,
27,neuron_activation,Impossible_vs_Factual,4404,0.6659122109413147,-0.16030000150203705,-0.30060485005378723,,
27,neuron_activation,Impossible_vs_Factual,4543,0.6530588269233704,0.006878686137497425,-0.2001791000366211,,
27,neuron_activation,Impossible_vs_Factual,4235,0.624639093875885,-0.10637743771076202,-0.225730299949646,,
27,neuron_activation,Impossible_vs_Factual,4535,0.6164703369140625,-0.19823352992534637,-1.009630799293518,,
27,neuron_activation,Impossible_vs_Factual,158,0.6143503785133362,-0.11040212959051132,-0.21895261108875275,,
27,neuron_activation,Impossible_vs_Factual,3908,0.6051930785179138,0.41784054040908813,-0.19592764973640442,,
27,neuron_activation,Impossible_vs_Factual,1463,0.6037137508392334,0.09249131381511688,-0.13226361572742462,,
27,neuron_activation,Impossible_vs_Factual,5027,0.5770026445388794,-0.047731515020132065,-0.36248788237571716,,
27,neuron_activation,Impossible_vs_Factual,7522,0.5589311122894287,-0.04977589100599289,-0.17500218749046326,,
27,neuron_activation,Impossible_vs_Factual,4734,0.5579538941383362,-0.3405724763870239,-0.48799678683280945,,
27,neuron_activation,Hallucinations_vs_Factual,5082,0.49705976247787476,-0.19869354367256165,-0.7182745337486267,,
27,neuron_activation,Hallucinations_vs_Factual,1463,0.4833294153213501,0.06254511326551437,-0.13226361572742462,,
27,neuron_activation,Hallucinations_vs_Factual,5725,0.4396267235279083,-0.07560577243566513,-0.23813843727111816,,
27,neuron_activation,Hallucinations_vs_Factual,3203,0.4267159104347229,-0.24897052347660065,-0.3324035704135895,,
27,neuron_activation,Hallucinations_vs_Factual,2297,0.4149710237979889,-0.17069177329540253,-0.29495981335639954,,
27,neuron_activation,Hallucinations_vs_Factual,7565,0.4091359078884125,-0.17820174992084503,-0.7110651731491089,,
27,neuron_activation,Hallucinations_vs_Factual,5305,0.39180779457092285,-0.14152824878692627,-0.25466036796569824,,
27,neuron_activation,Hallucinations_vs_Factual,3834,0.3903866112232208,0.12396211177110672,-0.00858145859092474,,
27,neuron_activation,Hallucinations_vs_Factual,5968,0.38998520374298096,-0.029311617836356163,-0.19309629499912262,,
27,neuron_activation,Hallucinations_vs_Factual,1205,0.38735130429267883,-0.2977786958217621,-0.440415620803833,,
0,head_entropy,Impossible_vs_Factual,8,-0.15831536054611206,,,0.6756201386451721,0.8339354991912842
0,head_entropy,Impossible_vs_Factual,21,-0.15075773000717163,,,0.682722806930542,0.8334805369377136
0,head_entropy,Impossible_vs_Factual,9,-0.14249259233474731,,,0.676344096660614,0.8188366889953613
0,head_entropy,Impossible_vs_Factual,1,-0.13135743141174316,,,0.5993603467941284,0.7307177782058716
0,head_entropy,Impossible_vs_Factual,3,-0.1228417158126831,,,0.5892724394798279,0.712114155292511
0,head_entropy,Impossible_vs_Factual,11,-0.1133008599281311,,,0.6297167539596558,0.7430176138877869
0,head_entropy,Impossible_vs_Factual,17,-0.11189699172973633,,,0.7547754645347595,0.8666724562644958
0,head_entropy,Impossible_vs_Factual,14,-0.09144532680511475,,,0.6581934094429016,0.7496387362480164
0,head_entropy,Impossible_vs_Factual,0,-0.08614742755889893,,,0.6094776391983032,0.6956250667572021
0,head_entropy,Impossible_vs_Factual,6,-0.08560532331466675,,,0.47589969635009766,0.5615050196647644
0,head_entropy,Hallucinations_vs_Factual,1,-0.1832713484764099,,,0.5474464297294617,0.7307177782058716
0,head_entropy,Hallucinations_vs_Factual,7,0.17035150527954102,,,2.1151561737060547,1.9448046684265137
0,head_entropy,Hallucinations_vs_Factual,9,-0.15181225538253784,,,0.6670244336128235,0.8188366889953613
0,head_entropy,Hallucinations_vs_Factual,21,-0.146373450756073,,,0.6871070861816406,0.8334805369377136
0,head_entropy,Hallucinations_vs_Factual,3,-0.13406431674957275,,,0.5780498385429382,0.712114155292511
0,head_entropy,Hallucinations_vs_Factual,14,-0.13354498147964478,,,0.6160937547683716,0.7496387362480164
0,head_entropy,Hallucinations_vs_Factual,0,-0.12144285440444946,,,0.5741822123527527,0.6956250667572021
0,head_entropy,Hallucinations_vs_Factual,11,-0.10735106468200684,,,0.63566654920578,0.7430176138877869
0,head_entropy,Hallucinations_vs_Factual,17,-0.07947272062301636,,,0.7871997356414795,0.8666724562644958
0,head_entropy,Hallucinations_vs_Factual,12,0.07384741306304932,,,1.1382616758346558,1.0644142627716064
1,head_entropy,Impossible_vs_Factual,16,-0.14169180393218994,,,0.6225317716598511,0.764223575592041
1,head_entropy,Impossible_vs_Factual,15,-0.13408485054969788,,,0.35343629121780396,0.48752114176750183
1,head_entropy,Impossible_vs_Factual,12,-0.10136964917182922,,,0.35908934473991394,0.46045899391174316
1,head_entropy,Impossible_vs_Factual,21,-0.10054683685302734,,,0.7677344083786011,0.8682812452316284
1,head_entropy,Impossible_vs_Factual,4,-0.08907586336135864,,,0.36745485663414,0.45653071999549866
1,head_entropy,Impossible_vs_Factual,19,-0.06791499257087708,,,0.327573299407959,0.39548829197883606
1,head_entropy,Impossible_vs_Factual,14,-0.06359584629535675,,,0.21282778680324554,0.2764236330986023
1,head_entropy,Impossible_vs_Factual,5,0.055312395095825195,,,1.0136913061141968,0.9583789110183716
1,head_entropy,Impossible_vs_Factual,3,-0.05197998881340027,,,0.3415845036506653,0.39356449246406555
1,head_entropy,Impossible_vs_Factual,7,0.05075189471244812,,,0.494316428899765,0.4435645341873169
1,head_entropy,Hallucinations_vs_Factual,6,0.2500392198562622,,,1.681484580039978,1.4314453601837158
1,head_entropy,Hallucinations_vs_Factual,16,-0.23757195472717285,,,0.5266516208648682,0.764223575592041
1,head_entropy,Hallucinations_vs_Factual,7,0.19312477111816406,,,0.636689305305481,0.4435645341873169
1,head_entropy,Hallucinations_vs_Factual,8,0.179931640625,,,1.2705177068710327,1.0905860662460327
1,head_entropy,Hallucinations_vs_Factual,11,0.15567871928215027,,,0.5612158179283142,0.40553709864616394
1,head_entropy,Hallucinations_vs_Factual,23,0.1553611159324646,,,1.0271971225738525,0.8718360066413879
1,head_entropy,Hallucinations_vs_Factual,15,-0.13098356127738953,,,0.3565375804901123,0.48752114176750183
1,head_entropy,Hallucinations_vs_Factual,2,0.12291008234024048,,,1.0495898723602295,0.926679790019989
1,head_entropy,Hallucinations_vs_Factual,4,-0.12247127294540405,,,0.3340594470500946,0.45653071999549866
1,head_entropy,Hallucinations_vs_Factual,12,-0.11514493823051453,,,0.34531405568122864,0.46045899391174316
2,head_entropy,Impossible_vs_Factual,11,0.06380867958068848,,,0.6766211986541748,0.6128125190734863
2,head_entropy,Impossible_vs_Factual,5,-0.04237312078475952,,,0.430244117975235,0.4726172387599945
2,head_entropy,Impossible_vs_Factual,18,0.035097718238830566,,,0.6893360018730164,0.6542382836341858
2,head_entropy,Impossible_vs_Factual,9,0.034902334213256836,,,0.6352636218070984,0.6003612875938416
2,head_entropy,Impossible_vs_Factual,4,0.03194338083267212,,,0.5533887147903442,0.5214453339576721
2,head_entropy,Impossible_vs_Factual,14,0.030380845069885254,,,0.6926171779632568,0.6622363328933716
2,head_entropy,Impossible_vs_Factual,1,-0.0289306640625,,,0.4195556938648224,0.4484863579273224
2,head_entropy,Impossible_vs_Factual,22,-0.027392327785491943,,,0.5640235543251038,0.5914158821105957
2,head_entropy,Impossible_vs_Factual,17,0.021523430943489075,,,0.24097657203674316,0.2194531410932541
2,head_entropy,Impossible_vs_Factual,13,-0.02032226324081421,,,0.5434569716453552,0.5637792348861694
2,head_entropy,Hallucinations_vs_Factual,14,0.13375002145767212,,,0.7959863543510437,0.6622363328933716
2,head_entropy,Hallucinations_vs_Factual,4,0.1337108612060547,,,0.6551561951637268,0.5214453339576721
2,head_entropy,Hallucinations_vs_Factual,18,0.11489266157150269,,,0.7691309452056885,0.6542382836341858
2,head_entropy,Hallucinations_vs_Factual,17,0.10790522396564484,,,0.3273583650588989,0.2194531410932541
2,head_entropy,Hallucinations_vs_Factual,11,0.09556645154953003,,,0.7083789706230164,0.6128125190734863
2,head_entropy,Hallucinations_vs_Factual,20,-0.06977775692939758,,,0.42854246497154236,0.49832022190093994
2,head_entropy,Hallucinations_vs_Factual,5,-0.06362307071685791,,,0.4089941680431366,0.4726172387599945
2,head_entropy,Hallucinations_vs_Factual,3,0.05930668115615845,,,0.7843261361122131,0.7250194549560547
2,head_entropy,Hallucinations_vs_Factual,9,0.03267580270767212,,,0.6330370903015137,0.6003612875938416
2,head_entropy,Hallucinations_vs_Factual,16,0.031616196036338806,,,0.26484376192092896,0.23322756588459015
3,head_entropy,Impossible_vs_Factual,23,-0.11347663402557373,,,1.3055076599121094,1.418984293937683
3,head_entropy,Impossible_vs_Factual,21,0.09974551200866699,,,1.2221286296844482,1.1223831176757812
3,head_entropy,Impossible_vs_Factual,1,0.09167993068695068,,,1.2018359899520874,1.1101560592651367
3,head_entropy,Impossible_vs_Factual,14,-0.07655763626098633,,,0.50341796875,0.5799756050109863
3,head_entropy,Impossible_vs_Factual,13,-0.06720766425132751,,,0.23013976216316223,0.29734742641448975
3,head_entropy,Impossible_vs_Factual,12,-0.056034237146377563,,,0.17656953632831573,0.2326037734746933
3,head_entropy,Impossible_vs_Factual,0,-0.050439536571502686,,,0.6961327791213989,0.7465723156929016
3,head_entropy,Impossible_vs_Factual,20,0.04462873935699463,,,0.7643553614616394,0.7197266221046448
3,head_entropy,Impossible_vs_Factual,11,-0.042031049728393555,,,0.5070019960403442,0.5490330457687378
3,head_entropy,Impossible_vs_Factual,22,0.04121112823486328,,,1.1966016292572021,1.1553905010223389
3,head_entropy,Hallucinations_vs_Factual,22,0.19285154342651367,,,1.3482420444488525,1.1553905010223389
3,head_entropy,Hallucinations_vs_Factual,1,0.18357443809509277,,,1.2937304973602295,1.1101560592651367
3,head_entropy,Hallucinations_vs_Factual,15,0.14439469575881958,,,0.6414063572883606,0.497011661529541
3,head_entropy,Hallucinations_vs_Factual,2,0.11539065837860107,,,1.0103027820587158,0.8949121236801147
3,head_entropy,Hallucinations_vs_Factual,16,0.10830062627792358,,,0.9717577695846558,0.8634571433067322
3,head_entropy,Hallucinations_vs_Factual,21,0.08365190029144287,,,1.2060350179672241,1.1223831176757812
3,head_entropy,Hallucinations_vs_Factual,13,-0.08351990580558777,,,0.21382752060890198,0.29734742641448975
3,head_entropy,Hallucinations_vs_Factual,14,-0.08320796489715576,,,0.49676764011383057,0.5799756050109863
3,head_entropy,Hallucinations_vs_Factual,8,-0.07930415868759155,,,0.40638917684555054,0.4856933355331421
3,head_entropy,Hallucinations_vs_Factual,0,0.07285147905349731,,,0.8194237947463989,0.7465723156929016
4,head_entropy,Impossible_vs_Factual,7,0.16906243562698364,,,1.1362890005111694,0.9672265648841858
4,head_entropy,Impossible_vs_Factual,8,-0.09582024812698364,,,0.5477734208106995,0.6435936689376831
4,head_entropy,Impossible_vs_Factual,13,0.09000980854034424,,,1.411738395690918,1.3217285871505737
4,head_entropy,Impossible_vs_Factual,4,-0.08478504419326782,,,0.9736328721046448,1.0584179162979126
4,head_entropy,Impossible_vs_Factual,11,-0.08383899927139282,,,0.413327693939209,0.4971666932106018
4,head_entropy,Impossible_vs_Factual,9,-0.08130985498428345,,,0.27886104583740234,0.3601709008216858
4,head_entropy,Impossible_vs_Factual,5,0.07943344116210938,,,1.1976757049560547,1.1182422637939453
4,head_entropy,Impossible_vs_Factual,20,-0.07035160064697266,,,1.0674023628234863,1.137753963470459
4,head_entropy,Impossible_vs_Factual,19,0.06814420223236084,,,1.2267770767211914,1.1586328744888306
4,head_entropy,Impossible_vs_Factual,18,-0.05182608962059021,,,0.4940039813518524,0.5458300709724426
4,head_entropy,Hallucinations_vs_Factual,1,0.24893563985824585,,,1.0826464891433716,0.8337108492851257
4,head_entropy,Hallucinations_vs_Factual,13,0.17448222637176514,,,1.4962108135223389,1.3217285871505737
4,head_entropy,Hallucinations_vs_Factual,11,-0.13564327359199524,,,0.36152341961860657,0.4971666932106018
4,head_entropy,Hallucinations_vs_Factual,7,0.13313478231430054,,,1.1003613471984863,0.9672265648841858
4,head_entropy,Hallucinations_vs_Factual,5,0.13279306888580322,,,1.2510353326797485,1.1182422637939453
4,head_entropy,Hallucinations_vs_Factual,3,0.11527359485626221,,,1.2834182977676392,1.168144702911377
4,head_entropy,Hallucinations_vs_Factual,17,0.10131841897964478,,,0.73692387342453,0.6356054544448853
4,head_entropy,Hallucinations_vs_Factual,18,-0.09532958269119263,,,0.45050048828125,0.5458300709724426
4,head_entropy,Hallucinations_vs_Factual,23,0.09437507390975952,,,0.7392969131469727,0.6449218392372131
4,head_entropy,Hallucinations_vs_Factual,15,0.089374840259552,,,0.7562206387519836,0.6668457984924316
5,head_entropy,Impossible_vs_Factual,22,0.17953115701675415,,,0.7531445622444153,0.5736134052276611
5,head_entropy,Impossible_vs_Factual,8,0.17596668004989624,,,1.0053514242172241,0.8293847441673279
5,head_entropy,Impossible_vs_Factual,1,0.16661623120307922,,,0.6102979183197021,0.4436816871166229
5,head_entropy,Impossible_vs_Factual,13,0.14226579666137695,,,1.109121322631836,0.966855525970459
5,head_entropy,Impossible_vs_Factual,20,0.1175488829612732,,,0.987841784954071,0.8702929019927979
5,head_entropy,Impossible_vs_Factual,14,-0.11392533779144287,,,1.0063674449920654,1.1202927827835083
5,head_entropy,Impossible_vs_Factual,5,0.10792946815490723,,,1.1137696504592896,1.0058401823043823
5,head_entropy,Impossible_vs_Factual,9,0.09645509719848633,,,0.8516112565994263,0.7551561594009399
5,head_entropy,Impossible_vs_Factual,17,0.09404301643371582,,,0.76402348279953,0.6699804663658142
5,head_entropy,Impossible_vs_Factual,0,0.07733911275863647,,,0.708784282207489,0.6314451694488525
5,head_entropy,Hallucinations_vs_Factual,5,0.35790014266967773,,,1.36374032497406,1.0058401823043823
5,head_entropy,Hallucinations_vs_Factual,3,0.28064441680908203,,,1.5334961414337158,1.2528517246246338
5,head_entropy,Hallucinations_vs_Factual,13,0.26591789722442627,,,1.2327734231948853,0.966855525970459
5,head_entropy,Hallucinations_vs_Factual,4,0.2211717963218689,,,1.1820117235183716,0.9608399271965027
5,head_entropy,Hallucinations_vs_Factual,1,0.21862784028053284,,,0.6623095273971558,0.4436816871166229
5,head_entropy,Hallucinations_vs_Factual,8,0.20598632097244263,,,1.0353710651397705,0.8293847441673279
5,head_entropy,Hallucinations_vs_Factual,20,0.2012401819229126,,,1.0715330839157104,0.8702929019927979
5,head_entropy,Hallucinations_vs_Factual,12,0.15784144401550293,,,1.1814255714416504,1.0235841274261475
5,head_entropy,Hallucinations_vs_Factual,22,0.15380865335464478,,,0.7274220585823059,0.5736134052276611
5,head_entropy,Hallucinations_vs_Factual,17,0.14650380611419678,,,0.816484272480011,0.6699804663658142
6,head_entropy,Impossible_vs_Factual,12,0.1996387243270874,,,1.2027051448822021,1.0030664205551147
6,head_entropy,Impossible_vs_Factual,23,0.1875782012939453,,,1.4240820407867432,1.2365038394927979
6,head_entropy,Impossible_vs_Factual,2,-0.1823827028274536,,,0.6683008074760437,0.8506835103034973
6,head_entropy,Impossible_vs_Factual,3,-0.17753911018371582,,,1.1134568452835083,1.2909959554672241
6,head_entropy,Impossible_vs_Factual,16,-0.156152606010437,,,1.4617382287979126,1.6178908348083496
6,head_entropy,Impossible_vs_Factual,0,-0.13381826877593994,,,0.9355957508087158,1.0694140195846558
6,head_entropy,Impossible_vs_Factual,5,0.12466824054718018,,,1.3265626430511475,1.2018944025039673
6,head_entropy,Impossible_vs_Factual,21,0.12396246194839478,,,0.45508304238319397,0.3311205804347992
6,head_entropy,Impossible_vs_Factual,13,-0.11870110034942627,,,0.5252636075019836,0.6439647078514099
6,head_entropy,Impossible_vs_Factual,11,0.08394527435302734,,,1.1913866996765137,1.1074414253234863
6,head_entropy,Hallucinations_vs_Factual,10,0.27300798892974854,,,1.2717773914337158,0.9987694025039673
6,head_entropy,Hallucinations_vs_Factual,5,0.24722671508789062,,,1.449121117591858,1.2018944025039673
6,head_entropy,Hallucinations_vs_Factual,15,0.1952345371246338,,,1.511777400970459,1.3165428638458252
6,head_entropy,Hallucinations_vs_Factual,7,-0.12092047929763794,,,0.4957006573677063,0.6166211366653442
6,head_entropy,Hallucinations_vs_Factual,17,0.11734342575073242,,,1.3932809829711914,1.275937557220459
6,head_entropy,Hallucinations_vs_Factual,12,0.09716784954071045,,,1.1002342700958252,1.0030664205551147
6,head_entropy,Hallucinations_vs_Factual,23,0.09296894073486328,,,1.3294727802276611,1.2365038394927979
6,head_entropy,Hallucinations_vs_Factual,11,0.08433616161346436,,,1.1917775869369507,1.1074414253234863
6,head_entropy,Hallucinations_vs_Factual,6,-0.07579836249351501,,,0.4845336973667145,0.5603320598602295
6,head_entropy,Hallucinations_vs_Factual,8,-0.06623053550720215,,,0.6666845083236694,0.7329150438308716
7,head_entropy,Impossible_vs_Factual,0,-0.2012208104133606,,,0.9733299612998962,1.1745507717132568
7,head_entropy,Impossible_vs_Factual,17,0.17681634426116943,,,0.5828076601028442,0.4059913158416748
7,head_entropy,Impossible_vs_Factual,8,0.17394542694091797,,,1.7181055545806885,1.5441601276397705
7,head_entropy,Impossible_vs_Factual,18,0.16576969623565674,,,1.3167483806610107,1.150978684425354
7,head_entropy,Impossible_vs_Factual,13,0.15217798948287964,,,1.094262957572937,0.9420849680900574
7,head_entropy,Impossible_vs_Factual,10,0.15019530057907104,,,0.947021484375,0.796826183795929
7,head_entropy,Impossible_vs_Factual,14,0.12365245819091797,,,1.3079099655151367,1.1842575073242188
7,head_entropy,Impossible_vs_Factual,21,0.1165623664855957,,,1.5463279485702515,1.4297655820846558
7,head_entropy,Impossible_vs_Factual,23,0.11312520503997803,,,1.273496150970459,1.160370945930481
7,head_entropy,Impossible_vs_Factual,11,0.09439432621002197,,,1.1387206315994263,1.0443263053894043
7,head_entropy,Hallucinations_vs_Factual,23,0.41654276847839355,,,1.5769137144088745,1.160370945930481
7,head_entropy,Hallucinations_vs_Factual,18,0.3994852304458618,,,1.5504639148712158,1.150978684425354
7,head_entropy,Hallucinations_vs_Factual,13,0.3749222159385681,,,1.3170071840286255,0.9420849680900574
7,head_entropy,Hallucinations_vs_Factual,10,0.36205095052719116,,,1.1588771343231201,0.796826183795929
7,head_entropy,Hallucinations_vs_Factual,21,0.36046862602233887,,,1.7902342081069946,1.4297655820846558
7,head_entropy,Hallucinations_vs_Factual,3,0.32143545150756836,,,1.3327049016952515,1.011269450187683
7,head_entropy,Hallucinations_vs_Factual,22,0.31078147888183594,,,1.7970508337020874,1.4862693548202515
7,head_entropy,Hallucinations_vs_Factual,4,0.31031250953674316,,,1.3466601371765137,1.0363476276397705
7,head_entropy,Hallucinations_vs_Factual,17,0.30881327390670776,,,0.7148045897483826,0.4059913158416748
7,head_entropy,Hallucinations_vs_Factual,19,0.3043164610862732,,,1.2916016578674316,0.9872851967811584
8,head_entropy,Impossible_vs_Factual,4,0.2437891960144043,,,1.6442188024520874,1.400429606437683
8,head_entropy,Impossible_vs_Factual,21,0.21940433979034424,,,1.1176270246505737,0.8982226848602295
8,head_entropy,Impossible_vs_Factual,18,0.1957104206085205,,,1.3011523485183716,1.105441927909851
8,head_entropy,Impossible_vs_Factual,22,0.1754002571105957,,,1.385956883430481,1.2105566263198853
8,head_entropy,Impossible_vs_Factual,14,0.17524415254592896,,,1.1617968082427979,0.9865526556968689
8,head_entropy,Impossible_vs_Factual,5,0.16056668758392334,,,1.4737305641174316,1.3131638765335083
8,head_entropy,Impossible_vs_Factual,11,0.15962910652160645,,,1.672812581062317,1.5131834745407104
8,head_entropy,Impossible_vs_Factual,23,0.15156269073486328,,,1.5075002908706665,1.3559376001358032
8,head_entropy,Impossible_vs_Factual,10,0.1505371332168579,,,0.988339900970459,0.8378027677536011
8,head_entropy,Impossible_vs_Factual,19,0.13550299406051636,,,0.7776464819908142,0.6421434879302979
8,head_entropy,Hallucinations_vs_Factual,14,0.4303322434425354,,,1.4168848991394043,0.9865526556968689
8,head_entropy,Hallucinations_vs_Factual,21,0.30408215522766113,,,1.2023048400878906,0.8982226848602295
8,head_entropy,Hallucinations_vs_Factual,4,0.255703330039978,,,1.6561329364776611,1.400429606437683
8,head_entropy,Hallucinations_vs_Factual,7,0.21372079849243164,,,0.8178320527076721,0.6041112542152405
8,head_entropy,Hallucinations_vs_Factual,18,0.21290051937103271,,,1.3183424472808838,1.105441927909851
8,head_entropy,Hallucinations_vs_Factual,23,0.20892572402954102,,,1.5648633241653442,1.3559376001358032
8,head_entropy,Hallucinations_vs_Factual,13,0.20298802852630615,,,1.4764158725738525,1.2734278440475464
8,head_entropy,Hallucinations_vs_Factual,5,0.18703138828277588,,,1.5001952648162842,1.3131638765335083
8,head_entropy,Hallucinations_vs_Factual,11,0.1767188310623169,,,1.6899023056030273,1.5131834745407104
8,head_entropy,Hallucinations_vs_Factual,20,0.15637725591659546,,,1.0970314741134644,0.9406542181968689
9,head_entropy,Impossible_vs_Factual,23,0.26411139965057373,,,1.499902367591858,1.2357909679412842
9,head_entropy,Impossible_vs_Factual,4,0.18339842557907104,,,0.9995507001876831,0.8161522746086121
9,head_entropy,Impossible_vs_Factual,20,0.17919921875,,,0.9218847155570984,0.7426854968070984
9,head_entropy,Impossible_vs_Factual,6,0.14396512508392334,,,1.5011329650878906,1.3571678400039673
9,head_entropy,Impossible_vs_Factual,1,0.10611319541931152,,,1.574130654335022,1.4680174589157104
9,head_entropy,Impossible_vs_Factual,8,-0.10280239582061768,,,1.031591773033142,1.1343941688537598
9,head_entropy,Impossible_vs_Factual,16,0.10189485549926758,,,1.2213674783706665,1.119472622871399
9,head_entropy,Impossible_vs_Factual,10,-0.10079085826873779,,,1.1249513626098633,1.225742220878601
9,head_entropy,Impossible_vs_Factual,18,0.08750009536743164,,,1.699179768562317,1.6116796731948853
9,head_entropy,Impossible_vs_Factual,13,-0.07302701473236084,,,1.4802149534225464,1.5532419681549072
9,head_entropy,Hallucinations_vs_Factual,4,0.3574807047843933,,,1.1736329793930054,0.8161522746086121
9,head_entropy,Hallucinations_vs_Factual,14,0.2828124761581421,,,1.4927928447723389,1.2099803686141968
9,head_entropy,Hallucinations_vs_Factual,17,0.25911128520965576,,,1.5098047256469727,1.250693440437317
9,head_entropy,Hallucinations_vs_Factual,11,0.2233496904373169,,,1.0931836366653442,0.8698339462280273
9,head_entropy,Hallucinations_vs_Factual,9,0.22236347198486328,,,1.4092774391174316,1.1869139671325684
9,head_entropy,Hallucinations_vs_Factual,21,0.2171093225479126,,,1.7662107944488525,1.54910147190094
9,head_entropy,Hallucinations_vs_Factual,16,0.21572279930114746,,,1.3351954221725464,1.119472622871399
9,head_entropy,Hallucinations_vs_Factual,23,0.21548807621002197,,,1.4512790441513062,1.2357909679412842
9,head_entropy,Hallucinations_vs_Factual,0,0.2151561975479126,,,1.6970312595367432,1.4818750619888306
9,head_entropy,Hallucinations_vs_Factual,13,0.21144533157348633,,,1.7646872997283936,1.5532419681549072
10,head_entropy,Impossible_vs_Factual,14,0.17853498458862305,,,1.4835349321365356,1.3049999475479126
10,head_entropy,Impossible_vs_Factual,19,0.1671290397644043,,,1.7218163013458252,1.554687261581421
10,head_entropy,Impossible_vs_Factual,4,0.15735328197479248,,,1.0249900817871094,0.8676367998123169
10,head_entropy,Impossible_vs_Factual,1,0.1200876235961914,,,1.3637597560882568,1.2436721324920654
10,head_entropy,Impossible_vs_Factual,0,0.10203123092651367,,,1.5001757144927979,1.3981444835662842
10,head_entropy,Impossible_vs_Factual,5,0.10197269916534424,,,1.0237597227096558,0.9217870235443115
10,head_entropy,Impossible_vs_Factual,22,-0.09512704610824585,,,0.6721484065055847,0.7672754526138306
10,head_entropy,Impossible_vs_Factual,13,-0.09226596355438232,,,1.436406135559082,1.5286720991134644
10,head_entropy,Impossible_vs_Factual,6,0.09226548671722412,,,1.2253124713897705,1.1330469846725464
10,head_entropy,Impossible_vs_Factual,23,-0.08957046270370483,,,0.7637500166893005,0.8533204793930054
10,head_entropy,Hallucinations_vs_Factual,9,0.28528332710266113,,,1.4951953887939453,1.2099120616912842
10,head_entropy,Hallucinations_vs_Factual,19,0.2476567029953003,,,1.8023439645767212,1.554687261581421
10,head_entropy,Hallucinations_vs_Factual,15,0.21627891063690186,,,1.2315037250518799,1.015224814414978
10,head_entropy,Hallucinations_vs_Factual,20,0.2126758098602295,,,1.8849999904632568,1.6723241806030273
10,head_entropy,Hallucinations_vs_Factual,8,0.20400357246398926,,,1.55837881565094,1.3543752431869507
10,head_entropy,Hallucinations_vs_Factual,17,0.1873239278793335,,,1.665859341621399,1.4785354137420654
10,head_entropy,Hallucinations_vs_Factual,16,0.1855078935623169,,,0.8353124856948853,0.6498045921325684
10,head_entropy,Hallucinations_vs_Factual,5,0.18263661861419678,,,1.1044236421585083,0.9217870235443115
10,head_entropy,Hallucinations_vs_Factual,10,0.17906248569488525,,,1.6629295349121094,1.4838670492172241
10,head_entropy,Hallucinations_vs_Factual,23,-0.14377927780151367,,,0.7095412015914917,0.8533204793930054
11,head_entropy,Impossible_vs_Factual,5,0.3043748140335083,,,1.6295117139816284,1.3251368999481201
11,head_entropy,Impossible_vs_Factual,8,0.25482404232025146,,,1.8024216890335083,1.5475976467132568
11,head_entropy,Impossible_vs_Factual,6,0.23275411128997803,,,1.5223827362060547,1.2896286249160767
11,head_entropy,Impossible_vs_Factual,18,0.2142775058746338,,,1.6922461986541748,1.477968692779541
11,head_entropy,Impossible_vs_Factual,19,0.19179677963256836,,,1.5460351705551147,1.3542383909225464
11,head_entropy,Impossible_vs_Factual,3,0.18654274940490723,,,1.4649412631988525,1.2783985137939453
11,head_entropy,Impossible_vs_Factual,20,0.17037129402160645,,,1.641386866569519,1.4710155725479126
11,head_entropy,Impossible_vs_Factual,21,0.16321313381195068,,,1.171660304069519,1.0084471702575684
11,head_entropy,Impossible_vs_Factual,4,0.1325589418411255,,,1.3824609518051147,1.2499020099639893
11,head_entropy,Impossible_vs_Factual,23,0.12382805347442627,,,1.814179539680481,1.6903514862060547
11,head_entropy,Hallucinations_vs_Factual,6,0.47154319286346436,,,1.761171817779541,1.2896286249160767
11,head_entropy,Hallucinations_vs_Factual,19,0.42796874046325684,,,1.7822071313858032,1.3542383909225464
11,head_entropy,Hallucinations_vs_Factual,8,0.40439438819885254,,,1.9519920349121094,1.5475976467132568
11,head_entropy,Hallucinations_vs_Factual,3,0.39072251319885254,,,1.6691210269927979,1.2783985137939453
11,head_entropy,Hallucinations_vs_Factual,4,0.3890042304992676,,,1.6389062404632568,1.2499020099639893
11,head_entropy,Hallucinations_vs_Factual,5,0.3836325407028198,,,1.70876944065094,1.3251368999481201
11,head_entropy,Hallucinations_vs_Factual,20,0.3785160779953003,,,1.849531650543213,1.4710155725479126
11,head_entropy,Hallucinations_vs_Factual,18,0.2850782871246338,,,1.7630469799041748,1.477968692779541
11,head_entropy,Hallucinations_vs_Factual,9,0.27236318588256836,,,1.650449275970459,1.3780860900878906
11,head_entropy,Hallucinations_vs_Factual,1,0.24195313453674316,,,1.4652345180511475,1.2232813835144043
12,head_entropy,Impossible_vs_Factual,11,0.5668408870697021,,,1.6153321266174316,1.0484912395477295
12,head_entropy,Impossible_vs_Factual,6,0.3674609661102295,,,1.6630274057388306,1.295566439628601
12,head_entropy,Impossible_vs_Factual,16,0.3208836317062378,,,1.422539234161377,1.1016556024551392
12,head_entropy,Impossible_vs_Factual,1,0.3034956455230713,,,1.4611716270446777,1.1576759815216064
12,head_entropy,Impossible_vs_Factual,3,0.2837890386581421,,,1.090859293937683,0.807070255279541
12,head_entropy,Impossible_vs_Factual,7,0.2807520627975464,,,1.604589819908142,1.3238377571105957
12,head_entropy,Impossible_vs_Factual,21,0.25578105449676514,,,1.8661326169967651,1.6103515625
12,head_entropy,Impossible_vs_Factual,0,0.25367212295532227,,,1.808281421661377,1.5546092987060547
12,head_entropy,Impossible_vs_Factual,5,0.24054670333862305,,,1.5047850608825684,1.2642383575439453
12,head_entropy,Impossible_vs_Factual,9,0.23162078857421875,,,1.735742211341858,1.5041214227676392
12,head_entropy,Hallucinations_vs_Factual,22,0.5007374286651611,,,1.740839958190918,1.2401025295257568
12,head_entropy,Hallucinations_vs_Factual,1,0.4611717462539673,,,1.6188477277755737,1.1576759815216064
12,head_entropy,Hallucinations_vs_Factual,10,0.33945298194885254,,,1.8194531202316284,1.4800001382827759
12,head_entropy,Hallucinations_vs_Factual,0,0.3343164920806885,,,1.8889257907867432,1.5546092987060547
12,head_entropy,Hallucinations_vs_Factual,9,0.3249020576477051,,,1.8290234804153442,1.5041214227676392
12,head_entropy,Hallucinations_vs_Factual,11,0.30120110511779785,,,1.3496923446655273,1.0484912395477295
12,head_entropy,Hallucinations_vs_Factual,3,0.3010890483856201,,,1.1081593036651611,0.807070255279541
12,head_entropy,Hallucinations_vs_Factual,21,0.2932811975479126,,,1.9036327600479126,1.6103515625
12,head_entropy,Hallucinations_vs_Factual,4,0.29244154691696167,,,1.087460994720459,0.7950194478034973
12,head_entropy,Hallucinations_vs_Factual,13,0.29111337661743164,,,1.0645118951797485,0.7733985185623169
13,head_entropy,Impossible_vs_Factual,4,0.25169914960861206,,,1.220361351966858,0.9686622023582458
13,head_entropy,Impossible_vs_Factual,23,0.24466824531555176,,,1.2328321933746338,0.988163948059082
13,head_entropy,Impossible_vs_Factual,8,-0.22738301753997803,,,1.3223825693130493,1.5497655868530273
13,head_entropy,Impossible_vs_Factual,1,0.22065424919128418,,,1.150546908378601,0.9298926591873169
13,head_entropy,Impossible_vs_Factual,10,0.21876978874206543,,,1.7530077695846558,1.5342379808425903
13,head_entropy,Impossible_vs_Factual,22,0.21786153316497803,,,0.8392969965934753,0.6214354634284973
13,head_entropy,Impossible_vs_Factual,3,0.18923819065093994,,,1.0120799541473389,0.8228417634963989
13,head_entropy,Impossible_vs_Factual,2,0.18684571981430054,,,1.1557812690734863,0.9689355492591858
13,head_entropy,Impossible_vs_Factual,5,0.16222667694091797,,,1.4944727420806885,1.3322460651397705
13,head_entropy,Impossible_vs_Factual,9,0.158422589302063,,,1.4688085317611694,1.3103859424591064
13,head_entropy,Hallucinations_vs_Factual,4,0.567704975605011,,,1.5363671779632568,0.9686622023582458
13,head_entropy,Hallucinations_vs_Factual,9,0.3509175777435303,,,1.6613035202026367,1.3103859424591064
13,head_entropy,Hallucinations_vs_Factual,22,0.3141993284225464,,,0.9356347918510437,0.6214354634284973
13,head_entropy,Hallucinations_vs_Factual,18,0.2854883670806885,,,1.6500978469848633,1.3646094799041748
13,head_entropy,Hallucinations_vs_Factual,19,0.2773243188858032,,,1.5878907442092896,1.3105664253234863
13,head_entropy,Hallucinations_vs_Factual,20,0.2734569311141968,,,1.6552537679672241,1.3817968368530273
13,head_entropy,Hallucinations_vs_Factual,1,0.2711374759674072,,,1.2010301351547241,0.9298926591873169
13,head_entropy,Hallucinations_vs_Factual,0,0.2547755241394043,,,1.3887598514556885,1.1339843273162842
13,head_entropy,Hallucinations_vs_Factual,10,0.24181663990020752,,,1.7760546207427979,1.5342379808425903
13,head_entropy,Hallucinations_vs_Factual,5,0.2363673448562622,,,1.5686134099960327,1.3322460651397705
14,head_entropy,Impossible_vs_Factual,9,0.3024024963378906,,,1.5308302640914917,1.228427767753601
14,head_entropy,Impossible_vs_Factual,18,0.2988671064376831,,,1.979062557220459,1.6801954507827759
14,head_entropy,Impossible_vs_Factual,3,0.29306161403656006,,,1.42703115940094,1.1339695453643799
14,head_entropy,Impossible_vs_Factual,16,0.27544891834259033,,,1.6919138431549072,1.416464924812317
14,head_entropy,Impossible_vs_Factual,10,0.27532702684402466,,,1.0104100704193115,0.7350830435752869
14,head_entropy,Impossible_vs_Factual,19,0.25874006748199463,,,1.4901560544967651,1.2314159870147705
14,head_entropy,Impossible_vs_Factual,17,0.25607407093048096,,,1.431855320930481,1.17578125
14,head_entropy,Impossible_vs_Factual,15,0.2491113543510437,,,1.1270312070846558,0.8779198527336121
14,head_entropy,Impossible_vs_Factual,4,0.17648422718048096,,,1.9087499380111694,1.7322657108306885
14,head_entropy,Impossible_vs_Factual,7,0.17136728763580322,,,1.742285132408142,1.5709178447723389
14,head_entropy,Hallucinations_vs_Factual,15,0.4588966965675354,,,1.3368165493011475,0.8779198527336121
14,head_entropy,Hallucinations_vs_Factual,19,0.3706543445587158,,,1.6020703315734863,1.2314159870147705
14,head_entropy,Hallucinations_vs_Factual,18,0.3594919443130493,,,2.039687395095825,1.6801954507827759
14,head_entropy,Hallucinations_vs_Factual,4,0.3106253147125244,,,2.042891025543213,1.7322657108306885
14,head_entropy,Hallucinations_vs_Factual,3,0.30224156379699707,,,1.436211109161377,1.1339695453643799
14,head_entropy,Hallucinations_vs_Factual,7,0.28216826915740967,,,1.8530861139297485,1.5709178447723389
14,head_entropy,Hallucinations_vs_Factual,9,0.23713862895965576,,,1.4655663967132568,1.228427767753601
14,head_entropy,Hallucinations_vs_Factual,20,0.22610855102539062,,,1.4883105754852295,1.2622020244598389
14,head_entropy,Hallucinations_vs_Factual,21,0.15413105487823486,,,1.3267871141433716,1.1726560592651367
14,head_entropy,Hallucinations_vs_Factual,12,-0.14364248514175415,,,0.8006348013877869,0.944277286529541
15,head_entropy,Impossible_vs_Factual,18,0.3300769329071045,,,0.6471996903419495,0.31712275743484497
15,head_entropy,Impossible_vs_Factual,15,0.28875958919525146,,,1.281259536743164,0.9924999475479126
15,head_entropy,Impossible_vs_Factual,5,0.2582031488418579,,,1.7051953077316284,1.4469921588897705
15,head_entropy,Impossible_vs_Factual,22,0.21014118194580078,,,1.0678951740264893,0.8577539920806885
15,head_entropy,Impossible_vs_Factual,23,0.20405244827270508,,,1.281132698059082,1.077080249786377
15,head_entropy,Impossible_vs_Factual,1,0.18960940837860107,,,0.85951167345047,0.6699022650718689
15,head_entropy,Impossible_vs_Factual,2,0.18631362915039062,,,1.01010262966156,0.8237890005111694
15,head_entropy,Impossible_vs_Factual,20,0.18169915676116943,,,0.7913622856140137,0.6096631288528442
15,head_entropy,Impossible_vs_Factual,21,0.16247552633285522,,,0.883923351764679,0.7214478254318237
15,head_entropy,Impossible_vs_Factual,16,-0.15119147300720215,,,1.440703272819519,1.5918947458267212
15,head_entropy,Hallucinations_vs_Factual,2,0.3032006025314331,,,1.1269896030426025,0.8237890005111694
15,head_entropy,Hallucinations_vs_Factual,17,0.25949227809906006,,,1.1008691787719727,0.8413769006729126
15,head_entropy,Hallucinations_vs_Factual,3,0.22922825813293457,,,1.3216893672943115,1.092461109161377
15,head_entropy,Hallucinations_vs_Factual,0,0.22401362657546997,,,0.8079442977905273,0.5839306712150574
15,head_entropy,Hallucinations_vs_Factual,9,0.17283213138580322,,,1.7385351657867432,1.56570303440094
15,head_entropy,Hallucinations_vs_Factual,15,0.16705119609832764,,,1.1595511436462402,0.9924999475479126
15,head_entropy,Hallucinations_vs_Factual,5,0.1621873378753662,,,1.6091794967651367,1.4469921588897705
15,head_entropy,Hallucinations_vs_Factual,19,0.13338381052017212,,,0.87806636095047,0.7446825504302979
15,head_entropy,Hallucinations_vs_Factual,18,0.10209113359451294,,,0.4192138910293579,0.31712275743484497
15,head_entropy,Hallucinations_vs_Factual,11,0.10167968273162842,,,1.5815626382827759,1.4798829555511475
16,head_entropy,Impossible_vs_Factual,12,-0.33939456939697266,,,0.3563622832298279,0.6957568526268005
16,head_entropy,Impossible_vs_Factual,15,0.22864267230033875,,,0.6009547114372253,0.3723120391368866
16,head_entropy,Impossible_vs_Factual,17,0.22722166776657104,,,0.7795702815055847,0.5523486137390137
16,head_entropy,Impossible_vs_Factual,14,0.20622563362121582,,,0.8670899271965027,0.6608642935752869
16,head_entropy,Impossible_vs_Factual,19,0.18446266651153564,,,0.7450608611106873,0.5605981945991516
16,head_entropy,Impossible_vs_Factual,9,0.17241472005844116,,,0.6543483138084412,0.48193359375
16,head_entropy,Impossible_vs_Factual,18,0.1638965606689453,,,1.0532811880111694,0.8893846273422241
16,head_entropy,Impossible_vs_Factual,22,0.16130125522613525,,,0.9378246665000916,0.7765234112739563
16,head_entropy,Impossible_vs_Factual,5,-0.1562059223651886,,,0.4344482719898224,0.590654194355011
16,head_entropy,Impossible_vs_Factual,4,0.14291489124298096,,,0.7557616233825684,0.6128467321395874
16,head_entropy,Hallucinations_vs_Factual,12,-0.24654051661491394,,,0.4492163360118866,0.6957568526268005
16,head_entropy,Hallucinations_vs_Factual,11,0.23707640171051025,,,0.9787768721580505,0.7417004704475403
16,head_entropy,Hallucinations_vs_Factual,16,0.17995119094848633,,,0.7923584580421448,0.6124072670936584
16,head_entropy,Hallucinations_vs_Factual,8,0.15660172700881958,,,1.0234570503234863,0.8668553233146667
16,head_entropy,Hallucinations_vs_Factual,2,0.1494140625,,,0.5833056569099426,0.4338915944099426
16,head_entropy,Hallucinations_vs_Factual,17,0.14697641134262085,,,0.6993250250816345,0.5523486137390137
16,head_entropy,Hallucinations_vs_Factual,3,0.13690048456192017,,,0.614852249622345,0.4779517650604248
16,head_entropy,Hallucinations_vs_Factual,18,0.13050317764282227,,,1.0198878049850464,0.8893846273422241
16,head_entropy,Hallucinations_vs_Factual,5,-0.11352041363716125,,,0.47713378071784973,0.590654194355011
16,head_entropy,Hallucinations_vs_Factual,0,0.10974124073982239,,,0.5198779702186584,0.41013672947883606
17,head_entropy,Impossible_vs_Factual,20,-0.30347901582717896,,,0.31886839866638184,0.6223474144935608
17,head_entropy,Impossible_vs_Factual,15,0.20765650272369385,,,1.6135547161102295,1.4058982133865356
17,head_entropy,Impossible_vs_Factual,16,0.17974621057510376,,,0.8451855182647705,0.6654393076896667
17,head_entropy,Impossible_vs_Factual,8,0.16845703125,,,1.2908594608306885,1.1224024295806885
17,head_entropy,Impossible_vs_Factual,11,-0.15851539373397827,,,0.9549316763877869,1.1134470701217651
17,head_entropy,Impossible_vs_Factual,10,0.15759766101837158,,,1.4919824600219727,1.334384799003601
17,head_entropy,Impossible_vs_Factual,6,0.15710949897766113,,,0.8740088939666748,0.7168993949890137
17,head_entropy,Impossible_vs_Factual,2,0.1491209864616394,,,1.0331640243530273,0.8840430378913879
17,head_entropy,Impossible_vs_Factual,17,0.13628923892974854,,,1.3812695741653442,1.2449803352355957
17,head_entropy,Impossible_vs_Factual,0,0.13051021099090576,,,0.880918025970459,0.7504078149795532
17,head_entropy,Hallucinations_vs_Factual,18,0.21036386489868164,,,0.7701172232627869,0.5597533583641052
17,head_entropy,Hallucinations_vs_Factual,8,0.15988266468048096,,,1.2822850942611694,1.1224024295806885
17,head_entropy,Hallucinations_vs_Factual,15,0.10988283157348633,,,1.515781044960022,1.4058982133865356
17,head_entropy,Hallucinations_vs_Factual,9,0.10145998001098633,,,1.0876855850219727,0.9862256050109863
17,head_entropy,Hallucinations_vs_Factual,17,0.10060548782348633,,,1.345585823059082,1.2449803352355957
17,head_entropy,Hallucinations_vs_Factual,7,0.08590328693389893,,,0.6604295969009399,0.574526309967041
17,head_entropy,Hallucinations_vs_Factual,10,0.08267581462860107,,,1.4170606136322021,1.334384799003601
17,head_entropy,Hallucinations_vs_Factual,6,-0.07162594795227051,,,0.6452734470367432,0.7168993949890137
17,head_entropy,Hallucinations_vs_Factual,11,-0.06883525848388672,,,1.0446118116378784,1.1134470701217651
17,head_entropy,Hallucinations_vs_Factual,1,-0.06619131565093994,,,0.6829102039337158,0.7491015195846558
18,head_entropy,Impossible_vs_Factual,19,0.4242284297943115,,,1.21096670627594,0.7867382764816284
18,head_entropy,Impossible_vs_Factual,1,0.3481445908546448,,,1.1066211462020874,0.7584765553474426
18,head_entropy,Impossible_vs_Factual,12,0.3216467499732971,,,0.8325549364089966,0.5109081864356995
18,head_entropy,Impossible_vs_Factual,13,0.2958837151527405,,,0.9525146484375,0.6566309332847595
18,head_entropy,Impossible_vs_Factual,7,0.2384844422340393,,,1.0370609760284424,0.7985765337944031
18,head_entropy,Impossible_vs_Factual,8,0.23365235328674316,,,1.2607030868530273,1.0270507335662842
18,head_entropy,Impossible_vs_Factual,23,0.1906663477420807,,,0.5950756072998047,0.404409259557724
18,head_entropy,Impossible_vs_Factual,11,0.18526387214660645,,,1.2458007335662842,1.0605368614196777
18,head_entropy,Impossible_vs_Factual,22,0.17614489793777466,,,1.0309544801712036,0.854809582233429
18,head_entropy,Impossible_vs_Factual,0,0.14521503448486328,,,1.4986525774002075,1.3534375429153442
18,head_entropy,Hallucinations_vs_Factual,8,0.20140624046325684,,,1.228456974029541,1.0270507335662842
18,head_entropy,Hallucinations_vs_Factual,0,0.1999216079711914,,,1.5533591508865356,1.3534375429153442
18,head_entropy,Hallucinations_vs_Factual,13,0.1737499237060547,,,0.8303808569908142,0.6566309332847595
18,head_entropy,Hallucinations_vs_Factual,12,0.16501474380493164,,,0.6759229302406311,0.5109081864356995
18,head_entropy,Hallucinations_vs_Factual,19,0.15939337015151978,,,0.9461316466331482,0.7867382764816284
18,head_entropy,Hallucinations_vs_Factual,1,0.12332522869110107,,,0.8818017840385437,0.7584765553474426
18,head_entropy,Hallucinations_vs_Factual,20,-0.12080585956573486,,,0.905942440032959,1.0267482995986938
18,head_entropy,Hallucinations_vs_Factual,18,0.09178942441940308,,,0.6380712389945984,0.5462818145751953
18,head_entropy,Hallucinations_vs_Factual,2,-0.0796850323677063,,,0.3545825183391571,0.4342675507068634
18,head_entropy,Hallucinations_vs_Factual,10,-0.0731201171875,,,0.6760596632957458,0.7491797804832458
19,head_entropy,Impossible_vs_Factual,18,0.30184081196784973,,,0.7504686713218689,0.44862785935401917
19,head_entropy,Impossible_vs_Factual,2,0.23105454444885254,,,1.6822069883346558,1.4511524438858032
19,head_entropy,Impossible_vs_Factual,20,0.21421867609024048,,,0.8308886289596558,0.6166699528694153
19,head_entropy,Impossible_vs_Factual,9,0.1724902093410492,,,0.49514397978782654,0.32265377044677734
19,head_entropy,Impossible_vs_Factual,7,-0.16313904523849487,,,0.46438658237457275,0.6275256276130676
19,head_entropy,Impossible_vs_Factual,22,0.11309075355529785,,,0.43047115206718445,0.3173803985118866
19,head_entropy,Impossible_vs_Factual,8,0.10960918664932251,,,1.0433152914047241,0.9337061047554016
19,head_entropy,Impossible_vs_Factual,14,0.07624268531799316,,,0.6739794611930847,0.5977367758750916
19,head_entropy,Impossible_vs_Factual,15,0.06715339422225952,,,0.7739404439926147,0.7067870497703552
19,head_entropy,Impossible_vs_Factual,12,0.06089836359024048,,,0.42488035559654236,0.3639819920063019
19,head_entropy,Hallucinations_vs_Factual,2,0.1888672113418579,,,1.6400196552276611,1.4511524438858032
19,head_entropy,Hallucinations_vs_Factual,20,0.16958975791931152,,,0.7862597107887268,0.6166699528694153
19,head_entropy,Hallucinations_vs_Factual,23,0.16546151041984558,,,0.4399438798427582,0.2744823694229126
19,head_entropy,Hallucinations_vs_Factual,14,-0.13924315571784973,,,0.4584936201572418,0.5977367758750916
19,head_entropy,Hallucinations_vs_Factual,11,0.1298888921737671,,,0.7365038990974426,0.6066150069236755
19,head_entropy,Hallucinations_vs_Factual,22,0.12791010737419128,,,0.4452905058860779,0.3173803985118866
19,head_entropy,Hallucinations_vs_Factual,7,-0.11558234691619873,,,0.5119432806968689,0.6275256276130676
19,head_entropy,Hallucinations_vs_Factual,18,0.0845777690410614,,,0.5332056283950806,0.44862785935401917
19,head_entropy,Hallucinations_vs_Factual,16,0.08103775978088379,,,0.6192310452461243,0.5381932854652405
19,head_entropy,Hallucinations_vs_Factual,12,-0.08023202419281006,,,0.2837499678134918,0.3639819920063019
20,head_entropy,Impossible_vs_Factual,20,0.2933986485004425,,,0.7661330103874207,0.47273436188697815
20,head_entropy,Impossible_vs_Factual,5,0.21789300441741943,,,0.6421337723731995,0.42424076795578003
20,head_entropy,Impossible_vs_Factual,16,0.18514764308929443,,,0.5392650961875916,0.3541174530982971
20,head_entropy,Impossible_vs_Factual,13,0.17517593502998352,,,0.6019020080566406,0.4267260730266571
20,head_entropy,Impossible_vs_Factual,10,0.16739746928215027,,,0.4849853515625,0.31758788228034973
20,head_entropy,Impossible_vs_Factual,14,0.13469719886779785,,,0.5715551376342773,0.4368579387664795
20,head_entropy,Impossible_vs_Factual,23,0.12999145686626434,,,0.3654772937297821,0.23548583686351776
20,head_entropy,Impossible_vs_Factual,18,0.12569820880889893,,,0.7268701195716858,0.6011719107627869
20,head_entropy,Impossible_vs_Factual,9,0.12002450227737427,,,0.41806647181510925,0.298041969537735
20,head_entropy,Impossible_vs_Factual,2,0.11009275913238525,,,0.8130175471305847,0.7029247879981995
20,head_entropy,Hallucinations_vs_Factual,6,0.16195929050445557,,,0.5929590463638306,0.430999755859375
20,head_entropy,Hallucinations_vs_Factual,20,0.15822264552116394,,,0.6309570074081421,0.47273436188697815
20,head_entropy,Hallucinations_vs_Factual,5,0.15054935216903687,,,0.5747901201248169,0.42424076795578003
20,head_entropy,Hallucinations_vs_Factual,18,0.14661622047424316,,,0.74778813123703,0.6011719107627869
20,head_entropy,Hallucinations_vs_Factual,19,0.11295902729034424,,,0.7446507811546326,0.6316917538642883
20,head_entropy,Hallucinations_vs_Factual,14,0.11133533716201782,,,0.5481932759284973,0.4368579387664795
20,head_entropy,Hallucinations_vs_Factual,10,0.1104688048362732,,,0.4280566871166229,0.31758788228034973
20,head_entropy,Hallucinations_vs_Factual,13,0.07780030369758606,,,0.5045263767242432,0.4267260730266571
20,head_entropy,Hallucinations_vs_Factual,8,0.07690301537513733,,,0.39473259449005127,0.31782957911491394
20,head_entropy,Hallucinations_vs_Factual,9,0.07438722252845764,,,0.3724291920661926,0.298041969537735
21,head_entropy,Impossible_vs_Factual,20,0.4211595058441162,,,1.088144302368164,0.6669847965240479
21,head_entropy,Impossible_vs_Factual,3,0.27826493978500366,,,0.9660353064537048,0.6877703666687012
21,head_entropy,Impossible_vs_Factual,18,0.23360973596572876,,,0.8528687953948975,0.6192590594291687
21,head_entropy,Impossible_vs_Factual,12,0.17331421375274658,,,0.4313257038593292,0.25801149010658264
21,head_entropy,Impossible_vs_Factual,5,0.16411375999450684,,,0.8901659846305847,0.7260522246360779
21,head_entropy,Impossible_vs_Factual,13,0.1414233148097992,,,0.4369823932647705,0.2955590784549713
21,head_entropy,Impossible_vs_Factual,16,0.14027339220046997,,,0.7480956315994263,0.6078222393989563
21,head_entropy,Impossible_vs_Factual,14,0.13941654562950134,,,0.5775855183601379,0.4381689727306366
21,head_entropy,Impossible_vs_Factual,15,0.13678821921348572,,,0.505952000617981,0.36916378140449524
21,head_entropy,Impossible_vs_Factual,2,-0.111103355884552,,,0.5480713248252869,0.6591746807098389
21,head_entropy,Hallucinations_vs_Factual,2,0.2423170804977417,,,0.9014917612075806,0.6591746807098389
21,head_entropy,Hallucinations_vs_Factual,1,0.2388134002685547,,,0.7792382836341858,0.5404248833656311
21,head_entropy,Hallucinations_vs_Factual,20,0.16309571266174316,,,0.830080509185791,0.6669847965240479
21,head_entropy,Hallucinations_vs_Factual,3,0.1366974115371704,,,0.8244677782058716,0.6877703666687012
21,head_entropy,Hallucinations_vs_Factual,12,0.11790165305137634,,,0.375913143157959,0.25801149010658264
21,head_entropy,Hallucinations_vs_Factual,13,0.11446654796600342,,,0.41002562642097473,0.2955590784549713
21,head_entropy,Hallucinations_vs_Factual,18,0.09239363670349121,,,0.7116526961326599,0.6192590594291687
21,head_entropy,Hallucinations_vs_Factual,22,-0.07840457558631897,,,0.25273558497428894,0.3311401605606079
21,head_entropy,Hallucinations_vs_Factual,10,0.07342761754989624,,,1.0295017957687378,0.9560741782188416
21,head_entropy,Hallucinations_vs_Factual,14,0.072763592004776,,,0.5109325647354126,0.4381689727306366
22,head_entropy,Impossible_vs_Factual,14,0.2138683795928955,,,0.5884936451911926,0.3746252655982971
22,head_entropy,Impossible_vs_Factual,4,0.16154149174690247,,,0.4194006621837616,0.25785917043685913
22,head_entropy,Impossible_vs_Factual,17,-0.13374876976013184,,,0.39598268270492554,0.5297314524650574
22,head_entropy,Impossible_vs_Factual,7,0.12437370419502258,,,0.5582067370414734,0.4338330328464508
22,head_entropy,Impossible_vs_Factual,1,0.09481430053710938,,,0.6567479968070984,0.561933696269989
22,head_entropy,Impossible_vs_Factual,12,0.08208975195884705,,,0.5687402486801147,0.4866504967212677
22,head_entropy,Impossible_vs_Factual,10,0.0768299400806427,,,0.30778083205223083,0.23095089197158813
22,head_entropy,Impossible_vs_Factual,11,0.06665624678134918,,,0.3005664646625519,0.2339102178812027
22,head_entropy,Impossible_vs_Factual,13,0.06408947706222534,,,0.5862939953804016,0.5222045183181763
22,head_entropy,Impossible_vs_Factual,8,0.06040757894515991,,,0.7594360113143921,0.6990284323692322
22,head_entropy,Hallucinations_vs_Factual,17,-0.15172696113586426,,,0.3780044913291931,0.5297314524650574
22,head_entropy,Hallucinations_vs_Factual,13,0.08789312839508057,,,0.6100976467132568,0.5222045183181763
22,head_entropy,Hallucinations_vs_Factual,16,-0.06785927712917328,,,0.23430289328098297,0.30216217041015625
22,head_entropy,Hallucinations_vs_Factual,15,-0.06752437353134155,,,0.3626782298088074,0.4302026033401489
22,head_entropy,Hallucinations_vs_Factual,2,0.05912363529205322,,,0.45828860998153687,0.39916497468948364
22,head_entropy,Hallucinations_vs_Factual,8,-0.05232679843902588,,,0.6467016339302063,0.6990284323692322
22,head_entropy,Hallucinations_vs_Factual,4,0.04952123761177063,,,0.30738040804862976,0.25785917043685913
22,head_entropy,Hallucinations_vs_Factual,10,0.04871708154678345,,,0.2796679735183716,0.23095089197158813
22,head_entropy,Hallucinations_vs_Factual,18,0.04612310230731964,,,0.2567968964576721,0.21067379415035248
22,head_entropy,Hallucinations_vs_Factual,9,0.04075436294078827,,,0.27025020122528076,0.2294958382844925
23,head_entropy,Impossible_vs_Factual,20,0.3407360911369324,,,0.9478222727775574,0.607086181640625
23,head_entropy,Impossible_vs_Factual,1,0.3163868188858032,,,1.432558536529541,1.1161717176437378
23,head_entropy,Impossible_vs_Factual,15,0.258891761302948,,,1.0450879335403442,0.7861961722373962
23,head_entropy,Impossible_vs_Factual,14,0.22881829738616943,,,0.9763085246086121,0.7474902272224426
23,head_entropy,Impossible_vs_Factual,3,0.21833735704421997,,,0.9283642172813416,0.7100268602371216
23,head_entropy,Impossible_vs_Factual,23,0.19547384977340698,,,0.8012892007827759,0.6058153510093689
23,head_entropy,Impossible_vs_Factual,4,0.1693263053894043,,,0.8606007099151611,0.6912744045257568
23,head_entropy,Impossible_vs_Factual,12,0.1548241674900055,,,0.5753564238548279,0.4205322563648224
23,head_entropy,Impossible_vs_Factual,5,0.15240240097045898,,,0.92601078748703,0.773608386516571
23,head_entropy,Impossible_vs_Factual,2,0.1516016721725464,,,1.1879687309265137,1.0363670587539673
23,head_entropy,Hallucinations_vs_Factual,8,-0.25692614912986755,,,0.437126487493515,0.6940526366233826
23,head_entropy,Hallucinations_vs_Factual,1,0.24183619022369385,,,1.3580079078674316,1.1161717176437378
23,head_entropy,Hallucinations_vs_Factual,15,0.17983406782150269,,,0.9660302400588989,0.7861961722373962
23,head_entropy,Hallucinations_vs_Factual,19,0.16809818148612976,,,0.44385987520217896,0.2757616937160492
23,head_entropy,Hallucinations_vs_Factual,7,-0.13057243824005127,,,0.48799681663513184,0.6185692548751831
23,head_entropy,Hallucinations_vs_Factual,10,-0.11604738235473633,,,0.574460506439209,0.6905078887939453
23,head_entropy,Hallucinations_vs_Factual,4,0.095947265625,,,0.7872216701507568,0.6912744045257568
23,head_entropy,Hallucinations_vs_Factual,20,0.08978879451751709,,,0.6968749761581421,0.607086181640625
23,head_entropy,Hallucinations_vs_Factual,21,0.08563482761383057,,,0.777280330657959,0.6916455030441284
23,head_entropy,Hallucinations_vs_Factual,18,0.07968871295452118,,,0.32120606303215027,0.2415173500776291
24,head_entropy,Impossible_vs_Factual,12,0.25785166025161743,,,1.0808007717132568,0.8229491114616394
24,head_entropy,Impossible_vs_Factual,3,0.24469000101089478,,,1.0774829387664795,0.8327929377555847
24,head_entropy,Impossible_vs_Factual,16,0.21559566259384155,,,1.074560523033142,0.8589648604393005
24,head_entropy,Impossible_vs_Factual,10,-0.19550764560699463,,,0.8161280155181885,1.011635661125183
24,head_entropy,Impossible_vs_Factual,22,0.18451166152954102,,,1.4712501764297485,1.2867385149002075
24,head_entropy,Impossible_vs_Factual,17,0.16471198201179504,,,0.6357715129852295,0.47105953097343445
24,head_entropy,Impossible_vs_Factual,6,0.1602148413658142,,,1.01699697971344,0.8567821383476257
24,head_entropy,Impossible_vs_Factual,20,-0.15170900523662567,,,0.18431641161441803,0.3360254168510437
24,head_entropy,Impossible_vs_Factual,5,0.1345287561416626,,,0.9156004786491394,0.7810717225074768
24,head_entropy,Impossible_vs_Factual,19,-0.13276372849941254,,,0.20394043624401093,0.33670416474342346
24,head_entropy,Hallucinations_vs_Factual,10,-0.17867165803909302,,,0.8329640030860901,1.011635661125183
24,head_entropy,Hallucinations_vs_Factual,21,0.11919450759887695,,,1.2316162586212158,1.1124217510223389
24,head_entropy,Hallucinations_vs_Factual,0,0.1141710877418518,,,0.46953609585762024,0.35536500811576843
24,head_entropy,Hallucinations_vs_Factual,14,0.10154542326927185,,,0.48438477516174316,0.3828393518924713
24,head_entropy,Hallucinations_vs_Factual,22,0.09650373458862305,,,1.3832422494888306,1.2867385149002075
24,head_entropy,Hallucinations_vs_Factual,11,-0.09449207782745361,,,1.3895899057388306,1.4840819835662842
24,head_entropy,Hallucinations_vs_Factual,23,0.08722662925720215,,,0.5812060832977295,0.49397945404052734
24,head_entropy,Hallucinations_vs_Factual,16,0.08389663696289062,,,0.9428614974021912,0.8589648604393005
24,head_entropy,Hallucinations_vs_Factual,5,0.08340591192245483,,,0.8644776344299316,0.7810717225074768
24,head_entropy,Hallucinations_vs_Factual,1,0.06393539905548096,,,0.5940917134284973,0.5301563143730164
25,head_entropy,Impossible_vs_Factual,13,-0.21108388900756836,,,0.8202295303344727,1.031313419342041
25,head_entropy,Impossible_vs_Factual,19,-0.204698845744133,,,0.21828152239322662,0.4229803681373596
25,head_entropy,Impossible_vs_Factual,6,0.19347679615020752,,,1.2723439931869507,1.0788671970367432
25,head_entropy,Impossible_vs_Factual,14,0.13654285669326782,,,0.7976561188697815,0.6611132621765137
25,head_entropy,Impossible_vs_Factual,15,-0.12722176313400269,,,0.8636815547943115,0.9909033179283142
25,head_entropy,Impossible_vs_Factual,21,0.1107129454612732,,,0.8522168397903442,0.741503894329071
25,head_entropy,Impossible_vs_Factual,18,-0.09993648529052734,,,0.33639222383499146,0.4363287091255188
25,head_entropy,Impossible_vs_Factual,20,-0.06895285844802856,,,0.2542172968387604,0.32317015528678894
25,head_entropy,Impossible_vs_Factual,0,0.05849611759185791,,,0.6456836462020874,0.5871875286102295
25,head_entropy,Impossible_vs_Factual,5,-0.05744987726211548,,,0.3967285752296448,0.45417845249176025
25,head_entropy,Hallucinations_vs_Factual,13,-0.31880855560302734,,,0.7125048637390137,1.031313419342041
25,head_entropy,Hallucinations_vs_Factual,7,0.22448241710662842,,,1.4137697219848633,1.1892873048782349
25,head_entropy,Hallucinations_vs_Factual,19,-0.19767308235168457,,,0.22530728578567505,0.4229803681373596
25,head_entropy,Hallucinations_vs_Factual,23,-0.131120502948761,,,0.8063598275184631,0.9374803304672241
25,head_entropy,Hallucinations_vs_Factual,6,0.1108788251876831,,,1.1897460222244263,1.0788671970367432
25,head_entropy,Hallucinations_vs_Factual,18,-0.10685795545578003,,,0.32947075366973877,0.4363287091255188
25,head_entropy,Hallucinations_vs_Factual,16,0.09683597087860107,,,1.2365330457687378,1.1396970748901367
25,head_entropy,Hallucinations_vs_Factual,21,-0.0910423994064331,,,0.6504614949226379,0.741503894329071
25,head_entropy,Hallucinations_vs_Factual,20,-0.08242583274841309,,,0.24074432253837585,0.32317015528678894
25,head_entropy,Hallucinations_vs_Factual,15,-0.06490230560302734,,,0.9260010123252869,0.9909033179283142
26,head_entropy,Impossible_vs_Factual,0,0.28095710277557373,,,1.7673827409744263,1.4864256381988525
26,head_entropy,Impossible_vs_Factual,19,0.27189433574676514,,,1.3939940929412842,1.122099757194519
26,head_entropy,Impossible_vs_Factual,2,0.2683689594268799,,,1.460507869720459,1.192138910293579
26,head_entropy,Impossible_vs_Factual,1,0.20858120918273926,,,1.3062548637390137,1.0976736545562744
26,head_entropy,Impossible_vs_Factual,18,0.1699608564376831,,,1.571835994720459,1.4018751382827759
26,head_entropy,Impossible_vs_Factual,23,0.1573730707168579,,,1.5182521343231201,1.3608790636062622
26,head_entropy,Impossible_vs_Factual,3,-0.15391582250595093,,,0.7975294589996338,0.9514452815055847
26,head_entropy,Impossible_vs_Factual,21,0.1466745138168335,,,1.0723826885223389,0.9257081747055054
26,head_entropy,Impossible_vs_Factual,16,0.12038087844848633,,,0.8812500238418579,0.7608691453933716
26,head_entropy,Impossible_vs_Factual,17,-0.10931652784347534,,,0.6844530701637268,0.7937695980072021
26,head_entropy,Hallucinations_vs_Factual,13,0.28279536962509155,,,1.14080810546875,0.8580127358436584
26,head_entropy,Hallucinations_vs_Factual,19,0.2754737138748169,,,1.397573471069336,1.122099757194519
26,head_entropy,Hallucinations_vs_Factual,0,0.2668602466583252,,,1.7532858848571777,1.4864256381988525
26,head_entropy,Hallucinations_vs_Factual,18,0.17789053916931152,,,1.5797656774520874,1.4018751382827759
26,head_entropy,Hallucinations_vs_Factual,2,0.17395484447479248,,,1.3660937547683716,1.192138910293579
26,head_entropy,Hallucinations_vs_Factual,10,-0.1709766387939453,,,1.1487404108047485,1.3197170495986938
26,head_entropy,Hallucinations_vs_Factual,1,0.1511448621749878,,,1.2488185167312622,1.0976736545562744
26,head_entropy,Hallucinations_vs_Factual,3,-0.14810782670974731,,,0.8033374547958374,0.9514452815055847
26,head_entropy,Hallucinations_vs_Factual,7,0.14704585075378418,,,1.2587502002716064,1.1117043495178223
26,head_entropy,Hallucinations_vs_Factual,6,0.12414073944091797,,,1.45583975315094,1.331699013710022
27,head_entropy,Impossible_vs_Factual,19,-0.3040893077850342,,,0.8445385694503784,1.1486278772354126
27,head_entropy,Impossible_vs_Factual,18,-0.26946932077407837,,,0.5215597748756409,0.7910290956497192
27,head_entropy,Impossible_vs_Factual,23,0.2628321647644043,,,1.1285938024520874,0.8657616376876831
27,head_entropy,Impossible_vs_Factual,2,-0.24958989024162292,,,0.44826170802116394,0.6978515982627869
27,head_entropy,Impossible_vs_Factual,15,0.24293458461761475,,,1.3272265195846558,1.084291934967041
27,head_entropy,Impossible_vs_Factual,1,-0.2229388952255249,,,0.47302794456481934,0.6959668397903442
27,head_entropy,Impossible_vs_Factual,0,-0.20119845867156982,,,0.44983339309692383,0.6510318517684937
27,head_entropy,Impossible_vs_Factual,13,-0.19260740280151367,,,0.52455073595047,0.7171581387519836
27,head_entropy,Impossible_vs_Factual,17,0.19152367115020752,,,1.2617380619049072,1.0702143907546997
27,head_entropy,Impossible_vs_Factual,8,-0.18583258986473083,,,0.40537354350090027,0.5912061333656311
27,head_entropy,Hallucinations_vs_Factual,12,0.1966894268989563,,,1.160986304283142,0.9642968773841858
27,head_entropy,Hallucinations_vs_Factual,2,-0.19386720657348633,,,0.5039843916893005,0.6978515982627869
27,head_entropy,Hallucinations_vs_Factual,0,-0.1890329122543335,,,0.46199893951416016,0.6510318517684937
27,head_entropy,Hallucinations_vs_Factual,15,0.18354499340057373,,,1.2678369283676147,1.084291934967041
27,head_entropy,Hallucinations_vs_Factual,8,-0.1818678081035614,,,0.4093383252620697,0.5912061333656311
27,head_entropy,Hallucinations_vs_Factual,19,-0.17625725269317627,,,0.9723706245422363,1.1486278772354126
27,head_entropy,Hallucinations_vs_Factual,18,-0.17543941736221313,,,0.6155896782875061,0.7910290956497192
27,head_entropy,Hallucinations_vs_Factual,1,-0.17488586902618408,,,0.5210809707641602,0.6959668397903442
27,head_entropy,Hallucinations_vs_Factual,4,-0.16876596212387085,,,0.5403307676315308,0.7090967297554016
27,head_entropy,Hallucinations_vs_Factual,16,0.16210949420928955,,,1.2921777963638306,1.130068302154541
