layer,type,comparison_group,index,score,mean_deviant,mean_factual,ent_deviant,ent_factual
0,neuron_activation,Impossible_vs_Factual,5968,0.515172004699707,-0.004059108905494213,-0.006465924438089132,,
0,neuron_activation,Impossible_vs_Factual,961,0.5062175989151001,-0.0016981750959530473,-0.004292060621082783,,
0,neuron_activation,Impossible_vs_Factual,10205,0.5001407265663147,-0.018379032611846924,-0.02957235276699066,,
0,neuron_activation,Impossible_vs_Factual,6675,0.45475006103515625,-0.006612705532461405,-0.011597073636949062,,
0,neuron_activation,Impossible_vs_Factual,5036,0.4514888823032379,-0.008715739473700523,-0.01497623324394226,,
0,neuron_activation,Impossible_vs_Factual,22658,0.44220754504203796,-0.00313349231146276,-0.008565639145672321,,
0,neuron_activation,Impossible_vs_Factual,11515,0.4421088695526123,-0.001609151135198772,-0.0068834819830954075,,
0,neuron_activation,Impossible_vs_Factual,22964,0.44100114703178406,-0.006460144184529781,-0.012505900114774704,,
0,neuron_activation,Impossible_vs_Factual,9950,0.44019970297813416,-0.02081979624927044,-0.03267194330692291,,
0,neuron_activation,Impossible_vs_Factual,21336,0.43768084049224854,0.0034103880170732737,0.000697982613928616,,
0,neuron_activation,Hallucinations_vs_Factual,10205,0.5542334318161011,-0.016929475590586662,-0.02957235276699066,,
0,neuron_activation,Hallucinations_vs_Factual,597,0.5497726202011108,-0.05493969842791557,-0.07045873999595642,,
0,neuron_activation,Hallucinations_vs_Factual,22023,0.5483152866363525,-0.0028404593467712402,-0.005857815966010094,,
0,neuron_activation,Hallucinations_vs_Factual,12935,0.5387268662452698,-0.005741854663938284,-0.012152322567999363,,
0,neuron_activation,Hallucinations_vs_Factual,11515,0.5282232761383057,-0.00034582227817736566,-0.0068834819830954075,,
0,neuron_activation,Hallucinations_vs_Factual,19424,0.5115483999252319,-0.003142840228974819,-0.006319042760878801,,
0,neuron_activation,Hallucinations_vs_Factual,12243,0.49704593420028687,-0.04735853150486946,-0.07108717411756516,,
0,neuron_activation,Hallucinations_vs_Factual,5036,0.49132081866264343,-0.008020441979169846,-0.01497623324394226,,
0,neuron_activation,Hallucinations_vs_Factual,2217,0.49115365743637085,0.1732572615146637,0.016121063381433487,,
0,neuron_activation,Hallucinations_vs_Factual,3905,0.4803006052970886,2.118349766533356e-05,-0.004587959963828325,,
1,neuron_activation,Impossible_vs_Factual,8676,0.4708859324455261,-0.0025171167217195034,-0.003899017348885536,,
1,neuron_activation,Impossible_vs_Factual,16633,0.4568870961666107,-0.007438033819198608,-0.01226794347167015,,
1,neuron_activation,Impossible_vs_Factual,15297,0.4548111855983734,-0.0028419431764632463,-0.004445838276296854,,
1,neuron_activation,Impossible_vs_Factual,5675,0.44990459084510803,-0.002284546149894595,-0.003076025051996112,,
1,neuron_activation,Impossible_vs_Factual,23300,0.4496673047542572,0.0007592140464112163,0.00021684521925635636,,
1,neuron_activation,Impossible_vs_Factual,22763,0.4491894841194153,0.0026573361828923225,0.001504543237388134,,
1,neuron_activation,Impossible_vs_Factual,16436,0.44753992557525635,-0.0137498639523983,-0.022304020822048187,,
1,neuron_activation,Impossible_vs_Factual,22461,0.4413124620914459,-0.0029045329429209232,-0.0036126708146184683,,
1,neuron_activation,Impossible_vs_Factual,7752,0.43978041410446167,0.00211520167067647,-6.230828148545697e-05,,
1,neuron_activation,Impossible_vs_Factual,16892,0.43851956725120544,-0.00037088870885781944,-0.0013611342292279005,,
1,neuron_activation,Hallucinations_vs_Factual,12028,0.5555951595306396,0.006095538381487131,-0.0012917438289150596,,
1,neuron_activation,Hallucinations_vs_Factual,10112,0.5481944680213928,-0.027969084680080414,-0.05804310739040375,,
1,neuron_activation,Hallucinations_vs_Factual,24491,0.545106828212738,-0.0009652093285694718,-0.0020796137396246195,,
1,neuron_activation,Hallucinations_vs_Factual,22134,0.5389719009399414,-0.002672324888408184,-0.0039065079763531685,,
1,neuron_activation,Hallucinations_vs_Factual,5046,0.5382525324821472,0.007324188947677612,0.0012876710388809443,,
1,neuron_activation,Hallucinations_vs_Factual,9265,0.5382522940635681,-0.0008629324729554355,-0.0017035884084179997,,
1,neuron_activation,Hallucinations_vs_Factual,7345,0.5377501249313354,-0.04918929561972618,-0.11874610185623169,,
1,neuron_activation,Hallucinations_vs_Factual,1453,0.5319096446037292,-0.0063683451153337955,-0.010361955501139164,,
1,neuron_activation,Hallucinations_vs_Factual,11264,0.5193461775779724,-0.025805767625570297,-0.03865112364292145,,
1,neuron_activation,Hallucinations_vs_Factual,3073,0.5119745135307312,-0.0026198076084256172,-0.005000382661819458,,
2,neuron_activation,Impossible_vs_Factual,21964,0.5164349675178528,0.0035873879678547382,0.001958762761205435,,
2,neuron_activation,Impossible_vs_Factual,7072,0.46299341320991516,-0.000645281805191189,-0.0037217175122350454,,
2,neuron_activation,Impossible_vs_Factual,24440,0.44968128204345703,0.005292071960866451,0.002447086153551936,,
2,neuron_activation,Impossible_vs_Factual,12987,0.4468410015106201,0.0027245108503848314,0.0017071838956326246,,
2,neuron_activation,Impossible_vs_Factual,8571,0.4439363181591034,0.007725951261818409,0.0049551078118383884,,
2,neuron_activation,Impossible_vs_Factual,6929,0.44314754009246826,-0.0027165617793798447,-0.008424664847552776,,
2,neuron_activation,Impossible_vs_Factual,5454,0.4424913823604584,-0.0012862796429544687,-0.0023913620971143246,,
2,neuron_activation,Impossible_vs_Factual,15144,0.44224491715431213,0.026533961296081543,0.011532540433108807,,
2,neuron_activation,Impossible_vs_Factual,15158,0.4400278627872467,-0.0005114764790050685,-0.006577796768397093,,
2,neuron_activation,Impossible_vs_Factual,2988,0.4317871332168579,-0.005049215164035559,-0.008388971909880638,,
2,neuron_activation,Hallucinations_vs_Factual,2988,0.5985007286071777,-0.0036072656512260437,-0.008388971909880638,,
2,neuron_activation,Hallucinations_vs_Factual,15851,0.5497696399688721,0.0013981354422867298,-0.002444677986204624,,
2,neuron_activation,Hallucinations_vs_Factual,5053,0.5453630685806274,-0.0006395227974280715,-0.001378268119879067,,
2,neuron_activation,Hallucinations_vs_Factual,11108,0.5337744355201721,0.0003280832024756819,-0.0005937430541962385,,
2,neuron_activation,Hallucinations_vs_Factual,12512,0.5040248036384583,-0.004226848017424345,-0.008411550894379616,,
2,neuron_activation,Hallucinations_vs_Factual,10948,0.49761927127838135,0.0180019773542881,0.007887773215770721,,
2,neuron_activation,Hallucinations_vs_Factual,15158,0.49322542548179626,0.0009243173990398645,-0.006577796768397093,,
2,neuron_activation,Hallucinations_vs_Factual,10312,0.4781825840473175,0.003155067563056946,-0.0019480388145893812,,
2,neuron_activation,Hallucinations_vs_Factual,5454,0.47276484966278076,-0.0012336153304204345,-0.0023913620971143246,,
2,neuron_activation,Hallucinations_vs_Factual,1166,0.47125592827796936,0.0203747246414423,0.008166936226189137,,
3,neuron_activation,Impossible_vs_Factual,15006,0.439445823431015,-0.011432136408984661,-0.05078999325633049,,
3,neuron_activation,Impossible_vs_Factual,12824,0.43420782685279846,0.008482164703309536,-0.004283292684704065,,
3,neuron_activation,Impossible_vs_Factual,12481,0.4334047734737396,0.0009975734865292907,0.0004710905777756125,,
3,neuron_activation,Impossible_vs_Factual,18076,0.43174147605895996,-0.002568640047684312,-0.006838873028755188,,
3,neuron_activation,Impossible_vs_Factual,14977,0.4196423590183258,0.0016881792107596993,-0.00027883760049007833,,
3,neuron_activation,Impossible_vs_Factual,17367,0.4110792875289917,0.1212494969367981,0.0792251005768776,,
3,neuron_activation,Impossible_vs_Factual,5595,0.4020178020000458,0.00033142490428872406,-0.0013672532513737679,,
3,neuron_activation,Impossible_vs_Factual,2155,0.3992674648761749,0.02832903526723385,0.004239597823470831,,
3,neuron_activation,Impossible_vs_Factual,23461,0.39567941427230835,-0.02880474552512169,-0.0394112654030323,,
3,neuron_activation,Impossible_vs_Factual,7430,0.39243611693382263,0.017777124419808388,-0.0005434486083686352,,
3,neuron_activation,Hallucinations_vs_Factual,23461,0.5582289695739746,-0.02413373626768589,-0.0394112654030323,,
3,neuron_activation,Hallucinations_vs_Factual,14977,0.5050715804100037,0.002163554774597287,-0.00027883760049007833,,
3,neuron_activation,Hallucinations_vs_Factual,5595,0.48394396901130676,0.0005427930154837668,-0.0013672532513737679,,
3,neuron_activation,Hallucinations_vs_Factual,15044,0.47959935665130615,-0.018982112407684326,-0.03139207884669304,,
3,neuron_activation,Hallucinations_vs_Factual,12824,0.4744683802127838,0.00865747220814228,-0.004283292684704065,,
3,neuron_activation,Hallucinations_vs_Factual,2155,0.4727376699447632,0.03856450691819191,0.004239597823470831,,
3,neuron_activation,Hallucinations_vs_Factual,10323,0.47107598185539246,0.015844222158193588,0.008244402706623077,,
3,neuron_activation,Hallucinations_vs_Factual,10495,0.46556025743484497,-0.027368763461709023,-0.053385134786367416,,
3,neuron_activation,Hallucinations_vs_Factual,3810,0.4630964398384094,0.005883712321519852,0.0009488628711551428,,
3,neuron_activation,Hallucinations_vs_Factual,14356,0.4590117335319519,-0.0038453801535069942,-0.03294885903596878,,
4,neuron_activation,Impossible_vs_Factual,19761,0.4730736017227173,0.02342221513390541,0.0013906117528676987,,
4,neuron_activation,Impossible_vs_Factual,9083,0.47127580642700195,0.009192580357193947,0.004654997494071722,,
4,neuron_activation,Impossible_vs_Factual,6515,0.45792344212532043,-0.03023424744606018,-0.07378969341516495,,
4,neuron_activation,Impossible_vs_Factual,8715,0.4537995755672455,-0.007993370294570923,-0.01418160367757082,,
4,neuron_activation,Impossible_vs_Factual,22131,0.45239606499671936,-0.0049882004968822,-0.0076517448760569096,,
4,neuron_activation,Impossible_vs_Factual,3319,0.4491957128047943,-0.010151097550988197,-0.015587317757308483,,
4,neuron_activation,Impossible_vs_Factual,15666,0.44450098276138306,0.0007361549069173634,-0.003889462212100625,,
4,neuron_activation,Impossible_vs_Factual,12700,0.43689826130867004,0.0020869022700935602,-0.0027532363310456276,,
4,neuron_activation,Impossible_vs_Factual,13509,0.4366496503353119,0.0043741255067288876,-0.0012523842742666602,,
4,neuron_activation,Impossible_vs_Factual,1474,0.4343547821044922,-0.000986049184575677,-0.003070262260735035,,
4,neuron_activation,Hallucinations_vs_Factual,6515,0.676170289516449,-0.011214357800781727,-0.07378969341516495,,
4,neuron_activation,Hallucinations_vs_Factual,176,0.6375665664672852,-0.02404269389808178,-0.08030929416418076,,
4,neuron_activation,Hallucinations_vs_Factual,22677,0.541842520236969,-0.019159413874149323,-0.034302130341529846,,
4,neuron_activation,Hallucinations_vs_Factual,15108,0.5375223159790039,0.01558338850736618,0.0028612534515559673,,
4,neuron_activation,Hallucinations_vs_Factual,24988,0.5042702555656433,-0.010375880636274815,-0.021263107657432556,,
4,neuron_activation,Hallucinations_vs_Factual,21425,0.4965268075466156,0.001018546405248344,-0.0021862967405468225,,
4,neuron_activation,Hallucinations_vs_Factual,15621,0.49400797486305237,0.001414455589838326,-0.0007593233021907508,,
4,neuron_activation,Hallucinations_vs_Factual,7647,0.4902486205101013,0.0021415252704173326,0.001083862385712564,,
4,neuron_activation,Hallucinations_vs_Factual,12206,0.49019238352775574,-0.0059772371314466,-0.011082764714956284,,
4,neuron_activation,Hallucinations_vs_Factual,8715,0.4894807040691376,-0.007017261814326048,-0.01418160367757082,,
5,neuron_activation,Impossible_vs_Factual,18256,0.5432384610176086,0.002004421316087246,-0.0030987728387117386,,
5,neuron_activation,Impossible_vs_Factual,10644,0.5210117101669312,0.0014008790021762252,-0.0002002636610995978,,
5,neuron_activation,Impossible_vs_Factual,9012,0.4865495264530182,0.001523548737168312,-0.0019455128349363804,,
5,neuron_activation,Impossible_vs_Factual,20246,0.46090787649154663,0.0005871630273759365,-0.0039666336961090565,,
5,neuron_activation,Impossible_vs_Factual,14543,0.4528343081474304,0.019501827657222748,0.010551925748586655,,
5,neuron_activation,Impossible_vs_Factual,4165,0.44830626249313354,0.007737467996776104,8.966753375716507e-05,,
5,neuron_activation,Impossible_vs_Factual,24251,0.4479873478412628,0.0010871122358366847,-0.0009842520812526345,,
5,neuron_activation,Impossible_vs_Factual,23038,0.4455513656139374,0.002408814150840044,-0.0008181753219105303,,
5,neuron_activation,Impossible_vs_Factual,7778,0.44325166940689087,0.0038781475741416216,0.0019475810695439577,,
5,neuron_activation,Impossible_vs_Factual,15176,0.4343496859073639,0.0014507027808576822,-0.00013521630899049342,,
5,neuron_activation,Hallucinations_vs_Factual,18256,0.599335253238678,0.002576100639998913,-0.0030987728387117386,,
5,neuron_activation,Hallucinations_vs_Factual,2827,0.573675274848938,-0.027427298948168755,-0.05540961027145386,,
5,neuron_activation,Hallucinations_vs_Factual,7910,0.5672903656959534,0.00967674981802702,-0.001944810850545764,,
5,neuron_activation,Hallucinations_vs_Factual,18957,0.5574617385864258,0.0006255300831981003,-0.0006717150681652129,,
5,neuron_activation,Hallucinations_vs_Factual,18222,0.5571708679199219,0.0028793776873499155,0.0004003601206932217,,
5,neuron_activation,Hallucinations_vs_Factual,14543,0.5456252098083496,0.020524177700281143,0.010551925748586655,,
5,neuron_activation,Hallucinations_vs_Factual,19917,0.5452824234962463,0.0017287877853959799,-0.0008461065008305013,,
5,neuron_activation,Hallucinations_vs_Factual,6804,0.5405488014221191,0.0024985279887914658,-0.003044465556740761,,
5,neuron_activation,Hallucinations_vs_Factual,290,0.5252311825752258,0.01629626378417015,0.001142060966230929,,
5,neuron_activation,Hallucinations_vs_Factual,8239,0.5213450193405151,0.0033466313034296036,-0.008727331645786762,,
6,neuron_activation,Impossible_vs_Factual,6439,0.5787016153335571,-0.02642398700118065,-0.06019159033894539,,
6,neuron_activation,Impossible_vs_Factual,17050,0.5706636309623718,-0.0436987467110157,-0.08196039497852325,,
6,neuron_activation,Impossible_vs_Factual,18474,0.5574045777320862,-0.0022683816496282816,-0.004059129394590855,,
6,neuron_activation,Impossible_vs_Factual,25446,0.5246407985687256,-0.0025580120272934437,-0.0038839499466121197,,
6,neuron_activation,Impossible_vs_Factual,20145,0.4846082329750061,-0.0011954560177400708,-0.003177305916324258,,
6,neuron_activation,Impossible_vs_Factual,14277,0.4778483510017395,-0.00196628225967288,-0.003484010463580489,,
6,neuron_activation,Impossible_vs_Factual,310,0.4755922555923462,-0.008831899613142014,-0.027331743389368057,,
6,neuron_activation,Impossible_vs_Factual,24453,0.47050389647483826,0.0005288583342917264,-0.00014146932517178357,,
6,neuron_activation,Impossible_vs_Factual,693,0.4673844873905182,-0.0011725198710337281,-0.006732722744345665,,
6,neuron_activation,Impossible_vs_Factual,2962,0.4634281396865845,0.004569252021610737,0.0028915363363921642,,
6,neuron_activation,Hallucinations_vs_Factual,1980,0.617065966129303,0.01085623074322939,0.0037636514753103256,,
6,neuron_activation,Hallucinations_vs_Factual,10279,0.6090493202209473,0.005401367321610451,0.002037190133705735,,
6,neuron_activation,Hallucinations_vs_Factual,6439,0.594097375869751,-0.02675836719572544,-0.06019159033894539,,
6,neuron_activation,Hallucinations_vs_Factual,18474,0.5869896411895752,-0.0020770502742379904,-0.004059129394590855,,
6,neuron_activation,Hallucinations_vs_Factual,8224,0.578582227230072,-0.016438139602541924,-0.04309243708848953,,
6,neuron_activation,Hallucinations_vs_Factual,132,0.5724053382873535,0.011822069063782692,-0.0029094526544213295,,
6,neuron_activation,Hallucinations_vs_Factual,3511,0.5633783936500549,0.005518889985978603,-0.008199021220207214,,
6,neuron_activation,Hallucinations_vs_Factual,4796,0.5574524998664856,-0.004413832910358906,-0.009207974188029766,,
6,neuron_activation,Hallucinations_vs_Factual,15660,0.5501543879508972,0.004751401487737894,0.0018566107610240579,,
6,neuron_activation,Hallucinations_vs_Factual,10658,0.5482243299484253,0.001943070674315095,0.0002421561221126467,,
7,neuron_activation,Impossible_vs_Factual,15251,0.4784572124481201,0.01620570756494999,0.004631427116692066,,
7,neuron_activation,Impossible_vs_Factual,10926,0.4760345220565796,-0.008468640968203545,-0.021895168349146843,,
7,neuron_activation,Impossible_vs_Factual,7589,0.4753609895706177,0.012707240879535675,0.002505171112716198,,
7,neuron_activation,Impossible_vs_Factual,21111,0.47477987408638,0.003551288740709424,-0.0005029560416005552,,
7,neuron_activation,Impossible_vs_Factual,1052,0.46631667017936707,-0.0027336927596479654,-0.006520099937915802,,
7,neuron_activation,Impossible_vs_Factual,15580,0.4529332220554352,0.009018304757773876,0.0028263817075639963,,
7,neuron_activation,Impossible_vs_Factual,1387,0.4506851136684418,0.0270908921957016,0.004174204543232918,,
7,neuron_activation,Impossible_vs_Factual,9188,0.44922199845314026,0.000819128064904362,-0.0019952235743403435,,
7,neuron_activation,Impossible_vs_Factual,2514,0.4400080144405365,0.03363136947154999,0.004523451905697584,,
7,neuron_activation,Impossible_vs_Factual,23678,0.4396873414516449,0.0009928831132128835,0.0004676284734159708,,
7,neuron_activation,Hallucinations_vs_Factual,7957,0.5598922371864319,0.027246979996562004,0.006737950723618269,,
7,neuron_activation,Hallucinations_vs_Factual,8584,0.5573239326477051,-0.004602673929184675,-0.04628501459956169,,
7,neuron_activation,Hallucinations_vs_Factual,21376,0.5483347177505493,0.004718884360045195,0.002819858258590102,,
7,neuron_activation,Hallucinations_vs_Factual,21111,0.5460906028747559,0.004670868162065744,-0.0005029560416005552,,
7,neuron_activation,Hallucinations_vs_Factual,4863,0.5247011184692383,0.007589297369122505,0.004266898147761822,,
7,neuron_activation,Hallucinations_vs_Factual,24000,0.5236878395080566,0.0008007694268599153,-0.00029367103707045317,,
7,neuron_activation,Hallucinations_vs_Factual,1242,0.5131722092628479,0.00021999362797942013,-0.0017602008301764727,,
7,neuron_activation,Hallucinations_vs_Factual,2514,0.5116405487060547,0.03469269722700119,0.004523451905697584,,
7,neuron_activation,Hallucinations_vs_Factual,2111,0.5107549428939819,-0.004892218858003616,-0.012120735831558704,,
7,neuron_activation,Hallucinations_vs_Factual,10038,0.5093555450439453,0.005799831822514534,-0.002487937454134226,,
8,neuron_activation,Impossible_vs_Factual,7066,0.4945985674858093,0.0022555498871952295,-0.0538424588739872,,
8,neuron_activation,Impossible_vs_Factual,10429,0.48525944352149963,0.008608775213360786,-0.005087386816740036,,
8,neuron_activation,Impossible_vs_Factual,9074,0.4807581603527069,0.07758743315935135,0.010730176232755184,,
8,neuron_activation,Impossible_vs_Factual,6785,0.47898802161216736,0.00020436130580492318,-0.03376612067222595,,
8,neuron_activation,Impossible_vs_Factual,16811,0.47641947865486145,-0.015296917408704758,-0.04236702248454094,,
8,neuron_activation,Impossible_vs_Factual,3798,0.4717463552951813,-0.0273912213742733,-0.07361099869012833,,
8,neuron_activation,Impossible_vs_Factual,6037,0.4692785143852234,-0.05449598655104637,-0.1267608255147934,,
8,neuron_activation,Impossible_vs_Factual,2468,0.4678463339805603,0.0970677062869072,0.01372301485389471,,
8,neuron_activation,Impossible_vs_Factual,15093,0.45916828513145447,3.9783582906238735e-05,-0.018753280863165855,,
8,neuron_activation,Impossible_vs_Factual,16034,0.4585593640804291,-0.00667238375172019,-0.038612645119428635,,
8,neuron_activation,Hallucinations_vs_Factual,12268,0.5978748798370361,-0.02902994491159916,-0.17387372255325317,,
8,neuron_activation,Hallucinations_vs_Factual,7742,0.5750442147254944,-0.0070786504074931145,-0.050884731113910675,,
8,neuron_activation,Hallucinations_vs_Factual,15456,0.5623928308486938,-0.011687432415783405,-0.04975288361310959,,
8,neuron_activation,Hallucinations_vs_Factual,17121,0.5549532175064087,0.0072362408973276615,-0.027012376114726067,,
8,neuron_activation,Hallucinations_vs_Factual,13885,0.5448514223098755,-0.011170845478773117,-0.05503009632229805,,
8,neuron_activation,Hallucinations_vs_Factual,21955,0.5362511277198792,0.005895208101719618,-0.016706548631191254,,
8,neuron_activation,Hallucinations_vs_Factual,4123,0.5315596461296082,-0.020607467740774155,-0.04995391145348549,,
8,neuron_activation,Hallucinations_vs_Factual,12418,0.5188084840774536,-0.03788832575082779,-0.07792019844055176,,
8,neuron_activation,Hallucinations_vs_Factual,6229,0.5172558426856995,0.012991069816052914,-0.028462380170822144,,
8,neuron_activation,Hallucinations_vs_Factual,16034,0.5162261724472046,0.0014755133306607604,-0.038612645119428635,,
9,neuron_activation,Impossible_vs_Factual,1949,0.4732803404331207,0.08551237732172012,-0.005603814963251352,,
9,neuron_activation,Impossible_vs_Factual,12123,0.47315385937690735,0.13583728671073914,0.031701114028692245,,
9,neuron_activation,Impossible_vs_Factual,22612,0.4713183641433716,0.03327305242419243,0.0021583561319857836,,
9,neuron_activation,Impossible_vs_Factual,25439,0.46718093752861023,0.033343225717544556,-0.0029893736355006695,,
9,neuron_activation,Impossible_vs_Factual,20570,0.46192583441734314,-0.0271719079464674,-0.0682753175497055,,
9,neuron_activation,Impossible_vs_Factual,1275,0.4575583338737488,-0.007564438506960869,-0.030199015513062477,,
9,neuron_activation,Impossible_vs_Factual,6064,0.45713356137275696,-0.03927234560251236,-0.1015453189611435,,
9,neuron_activation,Impossible_vs_Factual,9650,0.4557783603668213,0.0011550500057637691,-0.016868045553565025,,
9,neuron_activation,Impossible_vs_Factual,16151,0.4550628066062927,0.058833539485931396,0.01489778608083725,,
9,neuron_activation,Impossible_vs_Factual,9578,0.4532417953014374,0.0009948861552402377,-0.013312531635165215,,
9,neuron_activation,Hallucinations_vs_Factual,22131,0.6159350275993347,-0.022337675094604492,-0.059364285320043564,,
9,neuron_activation,Hallucinations_vs_Factual,8834,0.6090148091316223,-0.014863133430480957,-0.05807983875274658,,
9,neuron_activation,Hallucinations_vs_Factual,20570,0.5931148529052734,-0.01888328604400158,-0.0682753175497055,,
9,neuron_activation,Hallucinations_vs_Factual,18986,0.5855304598808289,-0.012417846359312534,-0.034644268453121185,,
9,neuron_activation,Hallucinations_vs_Factual,18743,0.5736508369445801,-0.015045979991555214,-0.054226089268922806,,
9,neuron_activation,Hallucinations_vs_Factual,12934,0.5649641752243042,-0.0033153556287288666,-0.024451391771435738,,
9,neuron_activation,Hallucinations_vs_Factual,1275,0.5605692863464355,-0.005319847259670496,-0.030199015513062477,,
9,neuron_activation,Hallucinations_vs_Factual,2865,0.5530808568000793,-0.025825267657637596,-0.06053241714835167,,
9,neuron_activation,Hallucinations_vs_Factual,381,0.5393571853637695,-0.11357761919498444,-0.30130746960639954,,
9,neuron_activation,Hallucinations_vs_Factual,20632,0.5374994874000549,-0.003126300172880292,-0.01949213072657585,,
10,neuron_activation,Impossible_vs_Factual,3765,0.5377891659736633,-0.06970471888780594,-0.12945792078971863,,
10,neuron_activation,Impossible_vs_Factual,550,0.5315179824829102,-0.021213797852396965,-0.05688276141881943,,
10,neuron_activation,Impossible_vs_Factual,21986,0.5116659998893738,0.00868263654410839,-0.051924481987953186,,
10,neuron_activation,Impossible_vs_Factual,4070,0.49089962244033813,-0.021646816283464432,-0.06952628493309021,,
10,neuron_activation,Impossible_vs_Factual,13105,0.47555288672447205,-0.12778916954994202,-0.25062310695648193,,
10,neuron_activation,Impossible_vs_Factual,6103,0.47217997908592224,-0.02056747116148472,-0.09835249185562134,,
10,neuron_activation,Impossible_vs_Factual,17122,0.46955499053001404,-0.028176989406347275,-0.07633832842111588,,
10,neuron_activation,Impossible_vs_Factual,7631,0.4686239957809448,-0.02098841592669487,-0.0521121472120285,,
10,neuron_activation,Impossible_vs_Factual,21361,0.45244091749191284,-0.43825122714042664,-0.775381326675415,,
10,neuron_activation,Impossible_vs_Factual,3017,0.4443873465061188,0.0051703909412026405,-0.028795892372727394,,
10,neuron_activation,Hallucinations_vs_Factual,4070,0.5769744515419006,-0.015276015736162663,-0.06952628493309021,,
10,neuron_activation,Hallucinations_vs_Factual,15320,0.5727464556694031,-0.03880938142538071,-0.08858956396579742,,
10,neuron_activation,Hallucinations_vs_Factual,262,0.5560974478721619,-0.023067956790328026,-0.08399613201618195,,
10,neuron_activation,Hallucinations_vs_Factual,6776,0.5555962324142456,-0.031682804226875305,-0.0785624086856842,,
10,neuron_activation,Hallucinations_vs_Factual,15182,0.5553470849990845,-0.0012071323581039906,-0.04071163013577461,,
10,neuron_activation,Hallucinations_vs_Factual,21379,0.5505766868591309,-0.05687835067510605,-0.13789905607700348,,
10,neuron_activation,Hallucinations_vs_Factual,5096,0.5483366847038269,-0.016038522124290466,-0.06222716346383095,,
10,neuron_activation,Hallucinations_vs_Factual,7208,0.5431497693061829,-0.022230839356780052,-0.07245828211307526,,
10,neuron_activation,Hallucinations_vs_Factual,3765,0.5416041016578674,-0.07044868171215057,-0.12945792078971863,,
10,neuron_activation,Hallucinations_vs_Factual,18750,0.5377910137176514,-0.011724655516445637,-0.04886341467499733,,
11,neuron_activation,Impossible_vs_Factual,22879,0.5562372207641602,-0.04048382118344307,-0.08421467244625092,,
11,neuron_activation,Impossible_vs_Factual,19325,0.49442052841186523,-0.19962474703788757,-0.2807285189628601,,
11,neuron_activation,Impossible_vs_Factual,1454,0.4936678409576416,-0.01042720302939415,-0.04487612843513489,,
11,neuron_activation,Impossible_vs_Factual,5717,0.4856736660003662,0.0022974852472543716,-0.060550540685653687,,
11,neuron_activation,Impossible_vs_Factual,11281,0.47919419407844543,-0.31932318210601807,-0.6402417421340942,,
11,neuron_activation,Impossible_vs_Factual,2420,0.4780691862106323,0.0010135008487850428,-0.04509102925658226,,
11,neuron_activation,Impossible_vs_Factual,9400,0.4713077247142792,-0.059989552944898605,-0.13502824306488037,,
11,neuron_activation,Impossible_vs_Factual,21270,0.4662301242351532,-0.03430885821580887,-0.08020225912332535,,
11,neuron_activation,Impossible_vs_Factual,3552,0.46594685316085815,-0.0332183763384819,-0.06773640960454941,,
11,neuron_activation,Impossible_vs_Factual,11778,0.4629071354866028,-0.044426389038562775,-0.09707503765821457,,
11,neuron_activation,Hallucinations_vs_Factual,4059,0.6373304724693298,-0.02762148715555668,-0.0768347904086113,,
11,neuron_activation,Hallucinations_vs_Factual,19325,0.621403157711029,-0.17532126605510712,-0.2807285189628601,,
11,neuron_activation,Hallucinations_vs_Factual,22500,0.6194602847099304,-0.012751245871186256,-0.07354240864515305,,
11,neuron_activation,Hallucinations_vs_Factual,22879,0.5857251286506653,-0.03760062903165817,-0.08421467244625092,,
11,neuron_activation,Hallucinations_vs_Factual,9144,0.5836300253868103,-0.03620319068431854,-0.1667177975177765,,
11,neuron_activation,Hallucinations_vs_Factual,6172,0.5757708549499512,-0.02494554966688156,-0.07827151566743851,,
11,neuron_activation,Hallucinations_vs_Factual,15612,0.5673394799232483,-0.042870450764894485,-0.0967399850487709,,
11,neuron_activation,Hallucinations_vs_Factual,20835,0.5586105585098267,-0.03769782930612564,-0.10472550243139267,,
11,neuron_activation,Hallucinations_vs_Factual,893,0.5580335259437561,-0.003181436564773321,-0.047829728573560715,,
11,neuron_activation,Hallucinations_vs_Factual,8762,0.5551602244377136,-0.012175794690847397,-0.06990963965654373,,
12,neuron_activation,Impossible_vs_Factual,16823,0.5809736251831055,-0.08826414495706558,-0.17011578381061554,,
12,neuron_activation,Impossible_vs_Factual,3946,0.5585342049598694,-0.007274296600371599,-0.06935283541679382,,
12,neuron_activation,Impossible_vs_Factual,23566,0.5495645999908447,-0.016297519207000732,-0.06405633687973022,,
12,neuron_activation,Impossible_vs_Factual,2825,0.5461678504943848,-0.06398392468690872,-0.18505077064037323,,
12,neuron_activation,Impossible_vs_Factual,22598,0.524712085723877,-0.08184586465358734,-0.17696087062358856,,
12,neuron_activation,Impossible_vs_Factual,15346,0.5115598440170288,-0.0701579675078392,-0.14294208586215973,,
12,neuron_activation,Impossible_vs_Factual,13610,0.5071308612823486,-0.021469293162226677,-0.05869348719716072,,
12,neuron_activation,Impossible_vs_Factual,6855,0.5058248043060303,-0.036151494830846786,-0.13893717527389526,,
12,neuron_activation,Impossible_vs_Factual,24781,0.5053287148475647,-0.11331244558095932,-0.2730071544647217,,
12,neuron_activation,Impossible_vs_Factual,22804,0.5051169395446777,-0.003165689529851079,-0.04297812655568123,,
12,neuron_activation,Hallucinations_vs_Factual,4565,0.7163337469100952,-0.03703498840332031,-0.10965454578399658,,
12,neuron_activation,Hallucinations_vs_Factual,16823,0.6476187109947205,-0.07564029097557068,-0.17011578381061554,,
12,neuron_activation,Hallucinations_vs_Factual,23888,0.6246556043624878,-0.033785492181777954,-0.087410107254982,,
12,neuron_activation,Hallucinations_vs_Factual,2128,0.5990229845046997,-0.054085224866867065,-0.14573897421360016,,
12,neuron_activation,Hallucinations_vs_Factual,23491,0.5989901423454285,-0.0455034039914608,-0.13953644037246704,,
12,neuron_activation,Hallucinations_vs_Factual,12486,0.5871764421463013,-0.019805902615189552,-0.12996947765350342,,
12,neuron_activation,Hallucinations_vs_Factual,17229,0.5855773687362671,-0.028271906077861786,-0.10346530377864838,,
12,neuron_activation,Hallucinations_vs_Factual,4823,0.5841471552848816,-0.025426777079701424,-0.0850556269288063,,
12,neuron_activation,Hallucinations_vs_Factual,24781,0.5820896625518799,-0.09749259799718857,-0.2730071544647217,,
12,neuron_activation,Hallucinations_vs_Factual,17576,0.5709323287010193,-0.02741827443242073,-0.0830061063170433,,
13,neuron_activation,Impossible_vs_Factual,4564,0.670495331287384,-0.10798785835504532,-0.6018834710121155,,
13,neuron_activation,Impossible_vs_Factual,5471,0.5925763249397278,-0.04831631854176521,-0.1198592558503151,,
13,neuron_activation,Impossible_vs_Factual,239,0.5839844346046448,-0.019257482141256332,-0.1148187592625618,,
13,neuron_activation,Impossible_vs_Factual,16277,0.5626665353775024,-0.013184722512960434,-0.05705997720360756,,
13,neuron_activation,Impossible_vs_Factual,3366,0.5540346503257751,-0.04708845168352127,-0.13683757185935974,,
13,neuron_activation,Impossible_vs_Factual,15498,0.552334725856781,-0.016016753390431404,-0.10711771249771118,,
13,neuron_activation,Impossible_vs_Factual,4540,0.5468603372573853,-0.04313986748456955,-0.1399206817150116,,
13,neuron_activation,Impossible_vs_Factual,20705,0.5453373193740845,-0.03154187276959419,-0.11942979693412781,,
13,neuron_activation,Impossible_vs_Factual,14604,0.5245295166969299,-0.038419246673583984,-0.08379717171192169,,
13,neuron_activation,Impossible_vs_Factual,4697,0.5208823084831238,-0.001795192714780569,-0.09400387853384018,,
13,neuron_activation,Hallucinations_vs_Factual,11815,0.6834691166877747,-0.01269523985683918,-0.07513224333524704,,
13,neuron_activation,Hallucinations_vs_Factual,5471,0.6546647548675537,-0.044744037091732025,-0.1198592558503151,,
13,neuron_activation,Hallucinations_vs_Factual,239,0.6337302327156067,-0.006083907093852758,-0.1148187592625618,,
13,neuron_activation,Hallucinations_vs_Factual,4697,0.6156448125839233,0.009081801399588585,-0.09400387853384018,,
13,neuron_activation,Hallucinations_vs_Factual,11058,0.5953742265701294,-0.046328164637088776,-0.12463310360908508,,
13,neuron_activation,Hallucinations_vs_Factual,11695,0.5794305205345154,-0.02362092211842537,-0.07171236723661423,,
13,neuron_activation,Hallucinations_vs_Factual,12595,0.5786935091018677,-0.06353955715894699,-0.12013580650091171,,
13,neuron_activation,Hallucinations_vs_Factual,10885,0.5783697366714478,-0.02356463298201561,-0.08859234303236008,,
13,neuron_activation,Hallucinations_vs_Factual,11348,0.5752761960029602,-0.027946680784225464,-0.14245423674583435,,
13,neuron_activation,Hallucinations_vs_Factual,17457,0.5671926736831665,-0.030351750552654266,-0.06747105717658997,,
14,neuron_activation,Impossible_vs_Factual,5418,0.5911078453063965,0.05036580190062523,-0.0008372114971280098,,
14,neuron_activation,Impossible_vs_Factual,11522,0.5496560335159302,-0.03638090193271637,-0.10490377247333527,,
14,neuron_activation,Impossible_vs_Factual,21943,0.5394201874732971,-0.002261428628116846,-0.1080346405506134,,
14,neuron_activation,Impossible_vs_Factual,3157,0.5381094217300415,-0.029578298330307007,-0.09385939687490463,,
14,neuron_activation,Impossible_vs_Factual,1162,0.5349738597869873,-0.0369955375790596,-0.08498392254114151,,
14,neuron_activation,Impossible_vs_Factual,12141,0.5316200256347656,0.0006100599421188235,-0.04685797542333603,,
14,neuron_activation,Impossible_vs_Factual,4323,0.5284550786018372,-0.016418445855379105,-0.06206415966153145,,
14,neuron_activation,Impossible_vs_Factual,15764,0.5217338800430298,-0.1788095235824585,-0.4998841881752014,,
14,neuron_activation,Impossible_vs_Factual,23111,0.5178772807121277,-0.0019770299550145864,-0.03829851746559143,,
14,neuron_activation,Impossible_vs_Factual,990,0.51409512758255,0.015018955804407597,-0.03101707436144352,,
14,neuron_activation,Hallucinations_vs_Factual,5864,0.6329641938209534,-0.04898911714553833,-0.1479371190071106,,
14,neuron_activation,Hallucinations_vs_Factual,19169,0.6057680249214172,-0.012304170988500118,-0.11593705415725708,,
14,neuron_activation,Hallucinations_vs_Factual,3157,0.5936551690101624,-0.027614828199148178,-0.09385939687490463,,
14,neuron_activation,Hallucinations_vs_Factual,4323,0.5876142382621765,-0.007606991101056337,-0.06206415966153145,,
14,neuron_activation,Hallucinations_vs_Factual,11106,0.5746060609817505,0.005128799006342888,-0.07864902168512344,,
14,neuron_activation,Hallucinations_vs_Factual,6814,0.5744346976280212,-0.028014732524752617,-0.10550164431333542,,
14,neuron_activation,Hallucinations_vs_Factual,3069,0.5732814073562622,-0.04613732546567917,-0.11945004016160965,,
14,neuron_activation,Hallucinations_vs_Factual,21449,0.5689697861671448,-0.030316783115267754,-0.08319507539272308,,
14,neuron_activation,Hallucinations_vs_Factual,12942,0.560364305973053,-0.017193078994750977,-0.10378269106149673,,
14,neuron_activation,Hallucinations_vs_Factual,24814,0.5507956743240356,0.009222351014614105,-0.06641564518213272,,
15,neuron_activation,Impossible_vs_Factual,712,0.6414597630500793,0.04757199436426163,-0.027499374002218246,,
15,neuron_activation,Impossible_vs_Factual,10458,0.6357530355453491,0.10200001299381256,-0.008495118468999863,,
15,neuron_activation,Impossible_vs_Factual,7280,0.6084703803062439,0.029271868988871574,-0.016081007197499275,,
15,neuron_activation,Impossible_vs_Factual,14142,0.6077872514724731,-0.011552584357559681,-0.05723697692155838,,
15,neuron_activation,Impossible_vs_Factual,22292,0.5927388072013855,-0.0409441776573658,-0.12127897888422012,,
15,neuron_activation,Impossible_vs_Factual,23967,0.5827082395553589,-0.044406261295080185,-0.14211367070674896,,
15,neuron_activation,Impossible_vs_Factual,9546,0.5809804201126099,-0.020361442118883133,-0.09482570737600327,,
15,neuron_activation,Impossible_vs_Factual,6180,0.58091139793396,-0.06927009671926498,-0.14576618373394012,,
15,neuron_activation,Impossible_vs_Factual,9626,0.5790565609931946,-0.046606358140707016,-0.13724496960639954,,
15,neuron_activation,Impossible_vs_Factual,9004,0.5751274824142456,0.04009513929486275,0.006476834416389465,,
15,neuron_activation,Hallucinations_vs_Factual,9546,0.6213206052780151,-0.015802854672074318,-0.09482570737600327,,
15,neuron_activation,Hallucinations_vs_Factual,8641,0.607795000076294,-0.0025271642953157425,-0.186928853392601,,
15,neuron_activation,Hallucinations_vs_Factual,17736,0.5967987179756165,0.000576149788685143,-0.042967744171619415,,
15,neuron_activation,Hallucinations_vs_Factual,10458,0.589821994304657,0.08896869421005249,-0.008495118468999863,,
15,neuron_activation,Hallucinations_vs_Factual,24080,0.587486207485199,-0.022783612832427025,-0.08819666504859924,,
15,neuron_activation,Hallucinations_vs_Factual,20925,0.5859483480453491,0.0007232198258861899,-0.08099546283483505,,
15,neuron_activation,Hallucinations_vs_Factual,14142,0.5840140581130981,-0.013816854916512966,-0.05723697692155838,,
15,neuron_activation,Hallucinations_vs_Factual,3006,0.573587954044342,-0.05027468129992485,-0.10994482040405273,,
15,neuron_activation,Hallucinations_vs_Factual,12090,0.5696985721588135,-0.029358787462115288,-0.10260936617851257,,
15,neuron_activation,Hallucinations_vs_Factual,18121,0.5674230456352234,-0.04016252979636192,-0.14876043796539307,,
16,neuron_activation,Impossible_vs_Factual,10992,0.655612051486969,-0.07024124264717102,-0.14439931511878967,,
16,neuron_activation,Impossible_vs_Factual,16484,0.6369718313217163,-0.10614131391048431,-0.1909632384777069,,
16,neuron_activation,Impossible_vs_Factual,6685,0.6136305928230286,-0.1608150154352188,-0.5249767303466797,,
16,neuron_activation,Impossible_vs_Factual,3342,0.6031413078308105,-0.03971966356039047,-0.0992613211274147,,
16,neuron_activation,Impossible_vs_Factual,22371,0.5773739814758301,0.06599538028240204,-0.01569131202995777,,
16,neuron_activation,Impossible_vs_Factual,2639,0.559079110622406,-0.022786449640989304,-0.07220976054668427,,
16,neuron_activation,Impossible_vs_Factual,24311,0.5348254442214966,0.0014229364460334182,-0.04362256079912186,,
16,neuron_activation,Impossible_vs_Factual,3102,0.5281170606613159,0.06209152564406395,0.017645588144659996,,
16,neuron_activation,Impossible_vs_Factual,15300,0.5251146554946899,-0.1307339072227478,-0.27946239709854126,,
16,neuron_activation,Impossible_vs_Factual,23749,0.5204858183860779,0.018263407051563263,-0.03915371745824814,,
16,neuron_activation,Hallucinations_vs_Factual,16484,0.6540298461914062,-0.10761074721813202,-0.1909632384777069,,
16,neuron_activation,Hallucinations_vs_Factual,3342,0.6372107267379761,-0.04049809277057648,-0.0992613211274147,,
16,neuron_activation,Hallucinations_vs_Factual,20080,0.6367909908294678,0.012725594453513622,-0.03804273530840874,,
16,neuron_activation,Hallucinations_vs_Factual,5498,0.6362265348434448,-0.1238478347659111,-0.23886854946613312,,
16,neuron_activation,Hallucinations_vs_Factual,2668,0.6210652589797974,0.009957135654985905,-0.05103035271167755,,
16,neuron_activation,Hallucinations_vs_Factual,10992,0.6012952327728271,-0.07552094757556915,-0.14439931511878967,,
16,neuron_activation,Hallucinations_vs_Factual,2639,0.5972835421562195,-0.019298257306218147,-0.07220976054668427,,
16,neuron_activation,Hallucinations_vs_Factual,25598,0.5958791375160217,-0.010465437546372414,-0.06002316251397133,,
16,neuron_activation,Hallucinations_vs_Factual,3301,0.5903569459915161,0.0003801463171839714,-0.05200595036149025,,
16,neuron_activation,Hallucinations_vs_Factual,8627,0.571409285068512,-0.051648613065481186,-0.10441626608371735,,
17,neuron_activation,Impossible_vs_Factual,10491,0.7747935056686401,-0.05641782283782959,-0.14942175149917603,,
17,neuron_activation,Impossible_vs_Factual,11893,0.7650731801986694,-0.08206877112388611,-0.2980993390083313,,
17,neuron_activation,Impossible_vs_Factual,3951,0.7283766269683838,-0.012594684958457947,-0.12018097937107086,,
17,neuron_activation,Impossible_vs_Factual,19015,0.6878247261047363,-0.019420279189944267,-0.06686577945947647,,
17,neuron_activation,Impossible_vs_Factual,3166,0.6587184071540833,-0.04888676479458809,-0.12640206515789032,,
17,neuron_activation,Impossible_vs_Factual,7264,0.6412618160247803,-0.019261732697486877,-0.09026576578617096,,
17,neuron_activation,Impossible_vs_Factual,4071,0.5931861400604248,0.0018780631944537163,-0.05363326892256737,,
17,neuron_activation,Impossible_vs_Factual,13393,0.5780038833618164,-0.0629521980881691,-0.1431240737438202,,
17,neuron_activation,Impossible_vs_Factual,10829,0.5778546333312988,0.057197291404008865,-0.01124673243612051,,
17,neuron_activation,Impossible_vs_Factual,16401,0.5772684216499329,0.02619236707687378,-0.025928692892193794,,
17,neuron_activation,Hallucinations_vs_Factual,3951,0.7830780744552612,-0.005745032336562872,-0.12018097937107086,,
17,neuron_activation,Hallucinations_vs_Factual,10491,0.7152790427207947,-0.06371893733739853,-0.14942175149917603,,
17,neuron_activation,Hallucinations_vs_Factual,11893,0.7127667665481567,-0.09009372442960739,-0.2980993390083313,,
17,neuron_activation,Hallucinations_vs_Factual,7264,0.6952058672904968,-0.014615344814956188,-0.09026576578617096,,
17,neuron_activation,Hallucinations_vs_Factual,10888,0.6846665143966675,-0.053089700639247894,-0.23572733998298645,,
17,neuron_activation,Hallucinations_vs_Factual,24112,0.6661130785942078,-0.0015298175858333707,-0.05977407097816467,,
17,neuron_activation,Hallucinations_vs_Factual,19015,0.6389804482460022,-0.021821755915880203,-0.06686577945947647,,
17,neuron_activation,Hallucinations_vs_Factual,23887,0.6363309025764465,-0.010479667223989964,-0.07677245140075684,,
17,neuron_activation,Hallucinations_vs_Factual,3166,0.6287149786949158,-0.048055823892354965,-0.12640206515789032,,
17,neuron_activation,Hallucinations_vs_Factual,8528,0.6148427724838257,-0.04661950469017029,-0.13230881094932556,,
18,neuron_activation,Impossible_vs_Factual,21210,0.6237408518791199,0.08834218233823776,0.014547615312039852,,
18,neuron_activation,Impossible_vs_Factual,2216,0.6136437654495239,0.019762931391596794,-0.06080218032002449,,
18,neuron_activation,Impossible_vs_Factual,4965,0.5868195295333862,-0.08312208205461502,-0.14067694544792175,,
18,neuron_activation,Impossible_vs_Factual,6557,0.5862631797790527,-0.04540255665779114,-0.10206006467342377,,
18,neuron_activation,Impossible_vs_Factual,8502,0.5848035216331482,-0.01474821474403143,-0.07631745934486389,,
18,neuron_activation,Impossible_vs_Factual,1845,0.5805127620697021,-0.05312087759375572,-0.1163741797208786,,
18,neuron_activation,Impossible_vs_Factual,9432,0.5790889263153076,-0.02777639776468277,-0.09473908692598343,,
18,neuron_activation,Impossible_vs_Factual,4101,0.5770690441131592,-0.023777302354574203,-0.08353183418512344,,
18,neuron_activation,Impossible_vs_Factual,19341,0.574243426322937,-0.006519172806292772,-0.05311471223831177,,
18,neuron_activation,Impossible_vs_Factual,948,0.5627848505973816,-0.05797357112169266,-0.1349361091852188,,
18,neuron_activation,Hallucinations_vs_Factual,2216,0.6413366794586182,0.017289727926254272,-0.06080218032002449,,
18,neuron_activation,Hallucinations_vs_Factual,8502,0.6412071585655212,-0.008808133192360401,-0.07631745934486389,,
18,neuron_activation,Hallucinations_vs_Factual,4101,0.6211060881614685,-0.022367315366864204,-0.08353183418512344,,
18,neuron_activation,Hallucinations_vs_Factual,8431,0.6168763637542725,-0.016757866367697716,-0.10260102152824402,,
18,neuron_activation,Hallucinations_vs_Factual,20468,0.6073055863380432,-0.022377407178282738,-0.059346333146095276,,
18,neuron_activation,Hallucinations_vs_Factual,19644,0.6039664149284363,-0.023437121883034706,-0.09289846569299698,,
18,neuron_activation,Hallucinations_vs_Factual,11939,0.5953463315963745,0.012394069693982601,-0.031244318932294846,,
18,neuron_activation,Hallucinations_vs_Factual,4965,0.592675507068634,-0.08068900555372238,-0.14067694544792175,,
18,neuron_activation,Hallucinations_vs_Factual,17301,0.5885962843894958,0.01115391869097948,-0.04549654573202133,,
18,neuron_activation,Hallucinations_vs_Factual,1845,0.5883693099021912,-0.053028639405965805,-0.1163741797208786,,
19,neuron_activation,Impossible_vs_Factual,18437,0.5892459154129028,-0.04415099695324898,-0.2263791263103485,,
19,neuron_activation,Impossible_vs_Factual,12739,0.5888895392417908,-0.023189008235931396,-0.0720735639333725,,
19,neuron_activation,Impossible_vs_Factual,17532,0.5877270102500916,0.0035159646067768335,-0.05517240986227989,,
19,neuron_activation,Impossible_vs_Factual,18868,0.5876668691635132,-0.05576726794242859,-0.14981582760810852,,
19,neuron_activation,Impossible_vs_Factual,8520,0.561573326587677,0.0055240364745259285,-0.0681510642170906,,
19,neuron_activation,Impossible_vs_Factual,22212,0.5607311725616455,-0.0025464086793363094,-0.06225336343050003,,
19,neuron_activation,Impossible_vs_Factual,10284,0.5597116947174072,0.07042065262794495,0.0038824151270091534,,
19,neuron_activation,Impossible_vs_Factual,13451,0.5592305064201355,-0.049435485154390335,-0.1222585067152977,,
19,neuron_activation,Impossible_vs_Factual,9597,0.5534128546714783,-0.0033717849291861057,-0.0605437308549881,,
19,neuron_activation,Impossible_vs_Factual,22576,0.5515033006668091,-0.0036590127274394035,-0.05317629128694534,,
19,neuron_activation,Hallucinations_vs_Factual,13451,0.6818754076957703,-0.039439182728528976,-0.1222585067152977,,
19,neuron_activation,Hallucinations_vs_Factual,21128,0.6728155016899109,-0.052316226065158844,-0.12686586380004883,,
19,neuron_activation,Hallucinations_vs_Factual,12739,0.6642951965332031,-0.015956271439790726,-0.0720735639333725,,
19,neuron_activation,Hallucinations_vs_Factual,8321,0.650225818157196,0.009471225552260876,-0.03762722387909889,,
19,neuron_activation,Hallucinations_vs_Factual,9597,0.6350829601287842,0.006045313086360693,-0.0605437308549881,,
19,neuron_activation,Hallucinations_vs_Factual,19787,0.6003197431564331,-0.02016606368124485,-0.08762817829847336,,
19,neuron_activation,Hallucinations_vs_Factual,18868,0.5919976830482483,-0.05482109636068344,-0.14981582760810852,,
19,neuron_activation,Hallucinations_vs_Factual,22576,0.5910141468048096,-0.00255690049380064,-0.05317629128694534,,
19,neuron_activation,Hallucinations_vs_Factual,684,0.5904196500778198,-0.127121239900589,-0.29536470770835876,,
19,neuron_activation,Hallucinations_vs_Factual,17119,0.5817157626152039,-0.008918887935578823,-0.11483831703662872,,
20,neuron_activation,Impossible_vs_Factual,7161,0.8291687965393066,0.052367277443408966,-0.09998224675655365,,
20,neuron_activation,Impossible_vs_Factual,9054,0.7683565616607666,-0.04876800999045372,-0.1646832674741745,,
20,neuron_activation,Impossible_vs_Factual,9401,0.7636175751686096,0.010148287750780582,-0.6875610947608948,,
20,neuron_activation,Impossible_vs_Factual,10557,0.7376468181610107,0.18365173041820526,-0.0024832652416080236,,
20,neuron_activation,Impossible_vs_Factual,12971,0.7343974709510803,0.005751888267695904,-0.06684163212776184,,
20,neuron_activation,Impossible_vs_Factual,15605,0.7127024531364441,-0.02453276515007019,-0.13552552461624146,,
20,neuron_activation,Impossible_vs_Factual,8694,0.7023589611053467,-0.027213551104068756,-0.10117214173078537,,
20,neuron_activation,Impossible_vs_Factual,7508,0.701900839805603,-0.033913034945726395,-0.1233508437871933,,
20,neuron_activation,Impossible_vs_Factual,11757,0.6656107902526855,-0.05568137764930725,-0.1351371854543686,,
20,neuron_activation,Impossible_vs_Factual,5354,0.6566898822784424,0.1463310569524765,-0.07338303327560425,,
20,neuron_activation,Hallucinations_vs_Factual,5059,0.7372182011604309,-0.015865804627537727,-0.12899377942085266,,
20,neuron_activation,Hallucinations_vs_Factual,9401,0.7190409898757935,-0.005892480723559856,-0.6875610947608948,,
20,neuron_activation,Hallucinations_vs_Factual,11942,0.6930575966835022,-0.1399683654308319,-0.24434052407741547,,
20,neuron_activation,Hallucinations_vs_Factual,9054,0.6811283826828003,-0.05512622371315956,-0.1646832674741745,,
20,neuron_activation,Hallucinations_vs_Factual,7508,0.6699175834655762,-0.03746585547924042,-0.1233508437871933,,
20,neuron_activation,Hallucinations_vs_Factual,11757,0.6652308702468872,-0.05592896416783333,-0.1351371854543686,,
20,neuron_activation,Hallucinations_vs_Factual,55,0.6556687951087952,-0.007585923187434673,-0.09829046577215195,,
20,neuron_activation,Hallucinations_vs_Factual,15560,0.6423571705818176,-0.0183375533670187,-0.10203902423381805,,
20,neuron_activation,Hallucinations_vs_Factual,2064,0.6406785845756531,-0.006366778165102005,-0.0789479911327362,,
20,neuron_activation,Hallucinations_vs_Factual,23267,0.6298564672470093,-0.004809895530343056,-0.05823119729757309,,
21,neuron_activation,Impossible_vs_Factual,3009,0.8774637579917908,0.03003750368952751,-0.11315372586250305,,
21,neuron_activation,Impossible_vs_Factual,4362,0.748416543006897,0.01943100057542324,-0.09346621483564377,,
21,neuron_activation,Impossible_vs_Factual,4823,0.6708731651306152,-0.03125595301389694,-0.10860780626535416,,
21,neuron_activation,Impossible_vs_Factual,19956,0.6700384616851807,-0.010597316548228264,-0.10983635485172272,,
21,neuron_activation,Impossible_vs_Factual,10818,0.6698668599128723,-0.0025040660984814167,-0.09938331693410873,,
21,neuron_activation,Impossible_vs_Factual,25334,0.6692283153533936,0.016858307644724846,-0.0797242671251297,,
21,neuron_activation,Impossible_vs_Factual,9377,0.6516473889350891,0.006728527136147022,-0.0582425631582737,,
21,neuron_activation,Impossible_vs_Factual,13189,0.6507106423377991,0.07071448862552643,-0.4402644634246826,,
21,neuron_activation,Impossible_vs_Factual,5511,0.6435195803642273,-0.06138976663351059,-0.2832675576210022,,
21,neuron_activation,Impossible_vs_Factual,9600,0.6415547728538513,0.0009467389318160713,-0.09992781281471252,,
21,neuron_activation,Hallucinations_vs_Factual,3009,0.9044296145439148,0.03128930181264877,-0.11315372586250305,,
21,neuron_activation,Hallucinations_vs_Factual,4362,0.8137868642807007,0.022184699773788452,-0.09346621483564377,,
21,neuron_activation,Hallucinations_vs_Factual,5319,0.745972752571106,-0.02093665860593319,-0.10684535652399063,,
21,neuron_activation,Hallucinations_vs_Factual,13929,0.7185964584350586,-0.012896702624857426,-0.11356734484434128,,
21,neuron_activation,Hallucinations_vs_Factual,4244,0.7045243382453918,0.06429391354322433,-0.071619413793087,,
21,neuron_activation,Hallucinations_vs_Factual,4770,0.6940290927886963,-0.014747346751391888,-0.10719352215528488,,
21,neuron_activation,Hallucinations_vs_Factual,19195,0.6899603009223938,-0.04228385165333748,-0.12135610729455948,,
21,neuron_activation,Hallucinations_vs_Factual,3035,0.6858309507369995,-0.08269282430410385,-0.17038843035697937,,
21,neuron_activation,Hallucinations_vs_Factual,1974,0.6779131889343262,-0.08630724251270294,-0.24447865784168243,,
21,neuron_activation,Hallucinations_vs_Factual,5511,0.6769914627075195,-0.037365611642599106,-0.2832675576210022,,
22,neuron_activation,Impossible_vs_Factual,14115,0.853515625,-0.0662606880068779,-0.676576554775238,,
22,neuron_activation,Impossible_vs_Factual,3321,0.7986528277397156,-0.032534390687942505,-0.12598013877868652,,
22,neuron_activation,Impossible_vs_Factual,2208,0.7685996890068054,-0.04877084121108055,-0.17997275292873383,,
22,neuron_activation,Impossible_vs_Factual,10583,0.7337819337844849,-0.008730893954634666,-0.10457743704319,,
22,neuron_activation,Impossible_vs_Factual,3619,0.7248589992523193,-0.01795189455151558,-0.12251968681812286,,
22,neuron_activation,Impossible_vs_Factual,13237,0.7220500707626343,0.04676606506109238,-0.03562215715646744,,
22,neuron_activation,Impossible_vs_Factual,12592,0.7096630930900574,-0.0023975654039531946,-0.1285528987646103,,
22,neuron_activation,Impossible_vs_Factual,8265,0.6920329332351685,-0.0028899111784994602,-0.11139579862356186,,
22,neuron_activation,Impossible_vs_Factual,55,0.6919552683830261,0.024345476180315018,-0.052448570728302,,
22,neuron_activation,Impossible_vs_Factual,23117,0.6873323917388916,-0.12253085523843765,-0.3060246407985687,,
22,neuron_activation,Hallucinations_vs_Factual,14115,0.8817641139030457,-0.06342808902263641,-0.676576554775238,,
22,neuron_activation,Hallucinations_vs_Factual,15731,0.8267983794212341,-0.009533221833407879,-0.11743810027837753,,
22,neuron_activation,Hallucinations_vs_Factual,9364,0.7357219457626343,-0.03538421913981438,-0.12046066671609879,,
22,neuron_activation,Hallucinations_vs_Factual,14806,0.6813068389892578,-0.04471362382173538,-0.1386575996875763,,
22,neuron_activation,Hallucinations_vs_Factual,2208,0.6743925213813782,-0.060861147940158844,-0.17997275292873383,,
22,neuron_activation,Hallucinations_vs_Factual,20106,0.6724837422370911,-0.012469145469367504,-0.09984910488128662,,
22,neuron_activation,Hallucinations_vs_Factual,2128,0.6707141995429993,-0.06756903976202011,-0.18162764608860016,,
22,neuron_activation,Hallucinations_vs_Factual,8265,0.6685968637466431,-0.017611650750041008,-0.11139579862356186,,
22,neuron_activation,Hallucinations_vs_Factual,17012,0.6627764105796814,-0.020342005416750908,-0.11733687669038773,,
22,neuron_activation,Hallucinations_vs_Factual,3619,0.6556545495986938,-0.03276339918375015,-0.12251968681812286,,
23,neuron_activation,Impossible_vs_Factual,12497,0.9663221836090088,0.1690426468849182,-0.018215371295809746,,
23,neuron_activation,Impossible_vs_Factual,8720,0.8472121953964233,0.0039074537344276905,-0.1373559832572937,,
23,neuron_activation,Impossible_vs_Factual,7232,0.7632754445075989,-0.06412442028522491,-0.3631298542022705,,
23,neuron_activation,Impossible_vs_Factual,2177,0.7617948055267334,-0.027891911566257477,-0.13325798511505127,,
23,neuron_activation,Impossible_vs_Factual,5281,0.7124133706092834,-0.0766969844698906,-0.17639973759651184,,
23,neuron_activation,Impossible_vs_Factual,21698,0.7002909779548645,-0.026620684191584587,-0.22533418238162994,,
23,neuron_activation,Impossible_vs_Factual,3694,0.6633475422859192,0.11115129292011261,0.02584124729037285,,
23,neuron_activation,Impossible_vs_Factual,1434,0.6623838543891907,-0.008291251957416534,-0.07366625964641571,,
23,neuron_activation,Impossible_vs_Factual,3951,0.6357929110527039,-0.006454210262745619,-0.05839986726641655,,
23,neuron_activation,Impossible_vs_Factual,13116,0.6345931887626648,-0.03496859595179558,-0.1113659217953682,,
23,neuron_activation,Hallucinations_vs_Factual,8720,0.8452942967414856,0.013560148887336254,-0.1373559832572937,,
23,neuron_activation,Hallucinations_vs_Factual,6373,0.7503226399421692,0.0015218029730021954,-0.09070757776498795,,
23,neuron_activation,Hallucinations_vs_Factual,2177,0.7314919233322144,-0.031616032123565674,-0.13325798511505127,,
23,neuron_activation,Hallucinations_vs_Factual,15042,0.7298398613929749,0.014838913455605507,-0.07313333451747894,,
23,neuron_activation,Hallucinations_vs_Factual,16147,0.6991860270500183,-0.11776317656040192,-0.21226975321769714,,
23,neuron_activation,Hallucinations_vs_Factual,5093,0.6837552189826965,-0.0605291984975338,-0.14597396552562714,,
23,neuron_activation,Hallucinations_vs_Factual,14255,0.6667184233665466,-0.05745261535048485,-0.17561975121498108,,
23,neuron_activation,Hallucinations_vs_Factual,5281,0.661578357219696,-0.0844879224896431,-0.17639973759651184,,
23,neuron_activation,Hallucinations_vs_Factual,12982,0.6604829430580139,-0.07256269454956055,-0.2481294572353363,,
23,neuron_activation,Hallucinations_vs_Factual,7232,0.6549032330513,-0.10128840804100037,-0.3631298542022705,,
24,neuron_activation,Impossible_vs_Factual,4276,0.7236897945404053,-0.04668007418513298,-0.41291195154190063,,
24,neuron_activation,Impossible_vs_Factual,17148,0.7233397364616394,0.041556015610694885,-0.06704648584127426,,
24,neuron_activation,Impossible_vs_Factual,19607,0.7195051312446594,-0.0025076083838939667,-0.08008956909179688,,
24,neuron_activation,Impossible_vs_Factual,2444,0.7162439823150635,0.04958974942564964,-0.12595871090888977,,
24,neuron_activation,Impossible_vs_Factual,20422,0.7059034705162048,0.1313709169626236,-0.06274699419736862,,
24,neuron_activation,Impossible_vs_Factual,3051,0.7001402378082275,0.04667128995060921,-0.041223857551813126,,
24,neuron_activation,Impossible_vs_Factual,9543,0.6775797605514526,-0.023125775158405304,-0.15637518465518951,,
24,neuron_activation,Impossible_vs_Factual,20941,0.6759291291236877,-0.027731720358133316,-0.10768512636423111,,
24,neuron_activation,Impossible_vs_Factual,19181,0.6729760766029358,-0.06654272973537445,-0.1710900515317917,,
24,neuron_activation,Impossible_vs_Factual,3306,0.6618371605873108,-0.05390552058815956,-0.13453447818756104,,
24,neuron_activation,Hallucinations_vs_Factual,20941,0.7760382890701294,-0.015191399492323399,-0.10768512636423111,,
24,neuron_activation,Hallucinations_vs_Factual,19139,0.7026079297065735,-0.10128846019506454,-0.19308927655220032,,
24,neuron_activation,Hallucinations_vs_Factual,2829,0.6859434843063354,-0.029050815850496292,-0.14895838499069214,,
24,neuron_activation,Hallucinations_vs_Factual,2444,0.6720321178436279,0.04017911106348038,-0.12595871090888977,,
24,neuron_activation,Hallucinations_vs_Factual,14620,0.660774827003479,-0.06725472211837769,-0.1545310616493225,,
24,neuron_activation,Hallucinations_vs_Factual,20528,0.6591058373451233,-0.15123914182186127,-0.4315761923789978,,
24,neuron_activation,Hallucinations_vs_Factual,15924,0.6436812281608582,0.06199238821864128,-0.030733546242117882,,
24,neuron_activation,Hallucinations_vs_Factual,19809,0.6416836380958557,-0.040536265820264816,-0.12826739251613617,,
24,neuron_activation,Hallucinations_vs_Factual,23539,0.6410647630691528,0.004235434345901012,-0.07250413298606873,,
24,neuron_activation,Hallucinations_vs_Factual,17148,0.6361042857170105,0.04072720929980278,-0.06704648584127426,,
25,neuron_activation,Impossible_vs_Factual,20682,0.7872739434242249,-0.048142209649086,-0.1476157009601593,,
25,neuron_activation,Impossible_vs_Factual,3075,0.7600023150444031,0.13441604375839233,0.01994382031261921,,
25,neuron_activation,Impossible_vs_Factual,13568,0.7385578751564026,-0.2313055396080017,-0.6723034381866455,,
25,neuron_activation,Impossible_vs_Factual,21273,0.7120214104652405,-0.01589508168399334,-0.11712177842855453,,
25,neuron_activation,Impossible_vs_Factual,4684,0.7067645192146301,-0.019059201702475548,-0.23896944522857666,,
25,neuron_activation,Impossible_vs_Factual,2818,0.689534604549408,0.0002684843202587217,-0.08500131964683533,,
25,neuron_activation,Impossible_vs_Factual,15344,0.6794083118438721,0.0009136481094174087,-0.09595014899969101,,
25,neuron_activation,Impossible_vs_Factual,25527,0.6714240908622742,-0.03192077949643135,-0.11517933756113052,,
25,neuron_activation,Impossible_vs_Factual,9544,0.6605297327041626,0.03245040029287338,-0.046903468668460846,,
25,neuron_activation,Impossible_vs_Factual,24388,0.6568273305892944,-0.03642312064766884,-0.09847065061330795,,
25,neuron_activation,Hallucinations_vs_Factual,6906,0.6962392926216125,-0.04340977594256401,-0.15891911089420319,,
25,neuron_activation,Hallucinations_vs_Factual,9101,0.6528550386428833,-0.04690421000123024,-0.1284487396478653,,
25,neuron_activation,Hallucinations_vs_Factual,18156,0.6482482552528381,-0.04910765960812569,-0.1596093326807022,,
25,neuron_activation,Hallucinations_vs_Factual,12233,0.6366729736328125,-0.07398878782987595,-0.20097790658473969,,
25,neuron_activation,Hallucinations_vs_Factual,24048,0.6321055889129639,-0.005387277342379093,-0.09616607427597046,,
25,neuron_activation,Hallucinations_vs_Factual,22492,0.6291441917419434,0.016307849436998367,-0.19343268871307373,,
25,neuron_activation,Hallucinations_vs_Factual,15468,0.62092125415802,-0.0942167341709137,-0.24803277850151062,,
25,neuron_activation,Hallucinations_vs_Factual,16616,0.6170935034751892,0.04188438877463341,-0.031155459582805634,,
25,neuron_activation,Hallucinations_vs_Factual,23309,0.6136647462844849,-0.1065443754196167,-0.32624566555023193,,
25,neuron_activation,Hallucinations_vs_Factual,22336,0.6110712289810181,-0.052667368203401566,-0.2544889450073242,,
26,neuron_activation,Impossible_vs_Factual,19765,0.7326662540435791,-0.04262104257941246,-0.13991913199424744,,
26,neuron_activation,Impossible_vs_Factual,24830,0.7033138871192932,-0.04094776511192322,-0.12274225056171417,,
26,neuron_activation,Impossible_vs_Factual,3523,0.6873655319213867,-0.01622254028916359,-0.2050633281469345,,
26,neuron_activation,Impossible_vs_Factual,10113,0.6399643421173096,-0.02236001566052437,-0.1193462610244751,,
26,neuron_activation,Impossible_vs_Factual,20209,0.6379499435424805,-0.021013149991631508,-0.1955653429031372,,
26,neuron_activation,Impossible_vs_Factual,14552,0.6367402672767639,0.01613311655819416,-0.13109566271305084,,
26,neuron_activation,Impossible_vs_Factual,3115,0.6209076642990112,0.01389774214476347,-0.09611961990594864,,
26,neuron_activation,Impossible_vs_Factual,4270,0.6178784966468811,-0.08021941035985947,-0.24832165241241455,,
26,neuron_activation,Impossible_vs_Factual,2993,0.6161237955093384,-0.01247985940426588,-0.09977149963378906,,
26,neuron_activation,Impossible_vs_Factual,6513,0.613038182258606,-0.018136311322450638,-0.12859220802783966,,
26,neuron_activation,Hallucinations_vs_Factual,10392,0.7255434393882751,-0.054236073046922684,-0.38677191734313965,,
26,neuron_activation,Hallucinations_vs_Factual,18428,0.6548513174057007,-0.08324738591909409,-0.4790465533733368,,
26,neuron_activation,Hallucinations_vs_Factual,8530,0.6501477956771851,-0.030413277447223663,-0.12003785371780396,,
26,neuron_activation,Hallucinations_vs_Factual,19765,0.633246898651123,-0.058521825820207596,-0.13991913199424744,,
26,neuron_activation,Hallucinations_vs_Factual,12096,0.6249500513076782,-0.0880148783326149,-0.34930893778800964,,
26,neuron_activation,Hallucinations_vs_Factual,20209,0.6196250319480896,-0.02464817278087139,-0.1955653429031372,,
26,neuron_activation,Hallucinations_vs_Factual,1578,0.6184671521186829,-0.06854241341352463,-0.17076240479946136,,
26,neuron_activation,Hallucinations_vs_Factual,19121,0.616620659828186,0.011659684590995312,-0.07923015207052231,,
26,neuron_activation,Hallucinations_vs_Factual,24375,0.6127306818962097,-0.012884280644357204,-0.09799183905124664,,
26,neuron_activation,Hallucinations_vs_Factual,19240,0.6100270748138428,-0.009881899692118168,-0.09158802032470703,,
27,neuron_activation,Impossible_vs_Factual,10564,0.7652864456176758,-0.07442831993103027,-0.5967531204223633,,
27,neuron_activation,Impossible_vs_Factual,23305,0.7387464642524719,-0.10306456685066223,-0.36064964532852173,,
27,neuron_activation,Impossible_vs_Factual,19271,0.7285670638084412,0.06672540307044983,-0.042128946632146835,,
27,neuron_activation,Impossible_vs_Factual,4196,0.7104281783103943,-0.017559602856636047,-0.1737910360097885,,
27,neuron_activation,Impossible_vs_Factual,9984,0.7020753622055054,0.05568531155586243,-0.21160736680030823,,
27,neuron_activation,Impossible_vs_Factual,6465,0.6786957383155823,-0.08873923122882843,-0.21582962572574615,,
27,neuron_activation,Impossible_vs_Factual,13329,0.6450483798980713,-0.24809607863426208,-0.603945791721344,,
27,neuron_activation,Impossible_vs_Factual,20900,0.6392117738723755,-0.07095328718423843,-0.16382452845573425,,
27,neuron_activation,Impossible_vs_Factual,6028,0.639086902141571,-0.01021596323698759,-0.12483608722686768,,
27,neuron_activation,Impossible_vs_Factual,7017,0.6355323791503906,0.04749894142150879,-0.36183542013168335,,
27,neuron_activation,Hallucinations_vs_Factual,10564,0.7191861867904663,-0.10662022233009338,-0.5967531204223633,,
27,neuron_activation,Hallucinations_vs_Factual,14072,0.6670004725456238,-0.07260645925998688,-0.32701507210731506,,
27,neuron_activation,Hallucinations_vs_Factual,9872,0.6391117572784424,-0.08460555970668793,-0.24555101990699768,,
27,neuron_activation,Hallucinations_vs_Factual,12128,0.6352275013923645,-0.04568192735314369,-0.29679960012435913,,
27,neuron_activation,Hallucinations_vs_Factual,17386,0.6327897906303406,-0.021815769374370575,-0.1300012320280075,,
27,neuron_activation,Hallucinations_vs_Factual,17949,0.628304123878479,-0.02958528697490692,-0.18656274676322937,,
27,neuron_activation,Hallucinations_vs_Factual,25424,0.6247937679290771,-0.01781427673995495,-0.16883759200572968,,
27,neuron_activation,Hallucinations_vs_Factual,13329,0.6242704391479492,-0.24997179210186005,-0.603945791721344,,
27,neuron_activation,Hallucinations_vs_Factual,276,0.6186262965202332,-0.16967082023620605,-0.44432973861694336,,
27,neuron_activation,Hallucinations_vs_Factual,17191,0.6138131022453308,-0.01847623474895954,-0.1107511892914772,,
28,neuron_activation,Impossible_vs_Factual,23215,0.6760383248329163,0.055250395089387894,-0.13555538654327393,,
28,neuron_activation,Impossible_vs_Factual,3133,0.6619153022766113,-0.08881539106369019,-0.2122473269701004,,
28,neuron_activation,Impossible_vs_Factual,3334,0.6353506445884705,-0.2556072175502777,-0.47449904680252075,,
28,neuron_activation,Impossible_vs_Factual,22119,0.6344347596168518,-0.020852284505963326,-0.13484089076519012,,
28,neuron_activation,Impossible_vs_Factual,11925,0.628232479095459,0.01755957491695881,-0.10074061155319214,,
28,neuron_activation,Impossible_vs_Factual,18290,0.6239465475082397,-0.01740141026675701,-0.15442070364952087,,
28,neuron_activation,Impossible_vs_Factual,14642,0.6114861369132996,0.00013919785851612687,-0.11753261089324951,,
28,neuron_activation,Impossible_vs_Factual,18713,0.6106825470924377,0.010605165734887123,-0.10357116907835007,,
28,neuron_activation,Impossible_vs_Factual,3756,0.605910062789917,-0.03425317630171776,-0.1675107330083847,,
28,neuron_activation,Impossible_vs_Factual,14413,0.5995859503746033,0.0021834662184119225,-0.1057998389005661,,
28,neuron_activation,Hallucinations_vs_Factual,12798,0.6141749024391174,-0.05827194079756737,-0.1829613596200943,,
28,neuron_activation,Hallucinations_vs_Factual,3133,0.5946428179740906,-0.09617534279823303,-0.2122473269701004,,
28,neuron_activation,Hallucinations_vs_Factual,25017,0.5845704674720764,-0.08204173296689987,-0.22657650709152222,,
28,neuron_activation,Hallucinations_vs_Factual,20766,0.5821416974067688,-0.024510961025953293,-0.12351048737764359,,
28,neuron_activation,Hallucinations_vs_Factual,3206,0.5782681107521057,-0.0728217363357544,-0.17655925452709198,,
28,neuron_activation,Hallucinations_vs_Factual,22936,0.5712249875068665,-0.04151158779859543,-0.1523670107126236,,
28,neuron_activation,Hallucinations_vs_Factual,20564,0.5708637237548828,-0.17120012640953064,-0.4702230393886566,,
28,neuron_activation,Hallucinations_vs_Factual,17634,0.5674142837524414,-0.013783551752567291,-0.13152438402175903,,
28,neuron_activation,Hallucinations_vs_Factual,3334,0.5661115050315857,-0.26062455773353577,-0.47449904680252075,,
28,neuron_activation,Hallucinations_vs_Factual,6699,0.5623809099197388,-0.08542629331350327,-0.24928489327430725,,
29,neuron_activation,Impossible_vs_Factual,12509,0.647440493106842,-0.05254771560430527,-0.4440247416496277,,
29,neuron_activation,Impossible_vs_Factual,12331,0.647089958190918,0.012647513300180435,-0.20790132880210876,,
29,neuron_activation,Impossible_vs_Factual,23613,0.6327545642852783,0.0403183251619339,-0.03482332453131676,,
29,neuron_activation,Impossible_vs_Factual,2625,0.6314042210578918,-0.22903020679950714,-0.6501857042312622,,
29,neuron_activation,Impossible_vs_Factual,22989,0.6158790588378906,0.00879657082259655,-0.0788365826010704,,
29,neuron_activation,Impossible_vs_Factual,15670,0.6073299646377563,-0.03594201058149338,-0.29719600081443787,,
29,neuron_activation,Impossible_vs_Factual,1790,0.6064807772636414,0.011412481777369976,-0.14599686861038208,,
29,neuron_activation,Impossible_vs_Factual,17185,0.6048243045806885,0.04544290155172348,-0.14707930386066437,,
29,neuron_activation,Impossible_vs_Factual,2066,0.6001809239387512,-0.1211296021938324,-0.2732711434364319,,
29,neuron_activation,Impossible_vs_Factual,1920,0.5981088280677795,-0.1768532693386078,-0.5598481297492981,,
29,neuron_activation,Hallucinations_vs_Factual,5838,0.7354865670204163,-0.03541805222630501,-0.156728595495224,,
29,neuron_activation,Hallucinations_vs_Factual,2625,0.7051991820335388,-0.1884717345237732,-0.6501857042312622,,
29,neuron_activation,Hallucinations_vs_Factual,2066,0.6391951441764832,-0.1092018187046051,-0.2732711434364319,,
29,neuron_activation,Hallucinations_vs_Factual,15440,0.6252240538597107,0.011812291108071804,-0.09695903956890106,,
29,neuron_activation,Hallucinations_vs_Factual,3813,0.5988912582397461,-0.005588234402239323,-0.16362112760543823,,
29,neuron_activation,Hallucinations_vs_Factual,1790,0.5706506371498108,-0.001050439546816051,-0.14599686861038208,,
29,neuron_activation,Hallucinations_vs_Factual,7124,0.5653125643730164,-0.12224660068750381,-0.4064556062221527,,
29,neuron_activation,Hallucinations_vs_Factual,16644,0.5635817050933838,-0.053664617240428925,-0.7659870386123657,,
29,neuron_activation,Hallucinations_vs_Factual,3970,0.5617014169692993,-0.05020846799015999,-0.28138604760169983,,
29,neuron_activation,Hallucinations_vs_Factual,301,0.5582411885261536,0.1314668357372284,-0.0406685471534729,,
30,neuron_activation,Impossible_vs_Factual,6209,0.7185539603233337,-0.013729424215853214,-0.17378543317317963,,
30,neuron_activation,Impossible_vs_Factual,11859,0.6841778755187988,0.027025140821933746,-0.08634140342473984,,
30,neuron_activation,Impossible_vs_Factual,22067,0.6498551964759827,0.021139804273843765,-0.05210835486650467,,
30,neuron_activation,Impossible_vs_Factual,10989,0.6455961465835571,-0.5923081040382385,-1.7452385425567627,,
30,neuron_activation,Impossible_vs_Factual,11108,0.6440721154212952,0.08909963816404343,-0.050542257726192474,,
30,neuron_activation,Impossible_vs_Factual,25168,0.6266928315162659,0.011826655827462673,-0.06380889564752579,,
30,neuron_activation,Impossible_vs_Factual,5427,0.6148093938827515,0.060734160244464874,-0.08166615664958954,,
30,neuron_activation,Impossible_vs_Factual,19181,0.6030810475349426,0.10743052512407303,0.007942118681967258,,
30,neuron_activation,Impossible_vs_Factual,21157,0.5959203839302063,-0.08666768670082092,-0.2641754746437073,,
30,neuron_activation,Impossible_vs_Factual,14290,0.5908129811286926,0.07957078516483307,-0.12695759534835815,,
30,neuron_activation,Hallucinations_vs_Factual,10989,0.7101448774337769,-0.508512556552887,-1.7452385425567627,,
30,neuron_activation,Hallucinations_vs_Factual,10611,0.6567585468292236,-0.004641848150640726,-0.0836532935500145,,
30,neuron_activation,Hallucinations_vs_Factual,10459,0.6119313836097717,-0.011100877076387405,-0.08940301090478897,,
30,neuron_activation,Hallucinations_vs_Factual,21555,0.5776923298835754,-0.010023342445492744,-0.05899948254227638,,
30,neuron_activation,Hallucinations_vs_Factual,14290,0.5740556716918945,0.06528247147798538,-0.12695759534835815,,
30,neuron_activation,Hallucinations_vs_Factual,3016,0.568628191947937,0.013898897916078568,-0.06449592858552933,,
30,neuron_activation,Hallucinations_vs_Factual,15332,0.5661401152610779,-0.016465529799461365,-0.13813157379627228,,
30,neuron_activation,Hallucinations_vs_Factual,19519,0.5562534332275391,-0.012584367766976357,-0.09280999004840851,,
30,neuron_activation,Hallucinations_vs_Factual,2237,0.5541244149208069,-0.12458159029483795,-0.27967798709869385,,
30,neuron_activation,Hallucinations_vs_Factual,21985,0.5524381399154663,-0.04013196751475334,-0.08933690935373306,,
31,neuron_activation,Impossible_vs_Factual,18907,0.7054427266120911,0.04521487280726433,-0.0033352295868098736,,
31,neuron_activation,Impossible_vs_Factual,23064,0.6756296753883362,-0.057037755846977234,-0.20434260368347168,,
31,neuron_activation,Impossible_vs_Factual,18853,0.6638280153274536,0.026455773040652275,-0.010806065984070301,,
31,neuron_activation,Impossible_vs_Factual,11471,0.6504229307174683,-0.013422706164419651,-0.06436696648597717,,
31,neuron_activation,Impossible_vs_Factual,17032,0.6232407093048096,-0.019884970039129257,-0.1229211837053299,,
31,neuron_activation,Impossible_vs_Factual,20755,0.5762699246406555,-0.02489018626511097,-0.08081713318824768,,
31,neuron_activation,Impossible_vs_Factual,14370,0.571079432964325,-0.037096064537763596,-0.1756792813539505,,
31,neuron_activation,Impossible_vs_Factual,564,0.5704867839813232,-0.000394161295844242,-0.053473085165023804,,
31,neuron_activation,Impossible_vs_Factual,1281,0.5681610703468323,-0.0033586318604648113,-0.0940386950969696,,
31,neuron_activation,Impossible_vs_Factual,15399,0.5656009912490845,0.012292591854929924,-0.02484690025448799,,
31,neuron_activation,Hallucinations_vs_Factual,14370,0.6275560855865479,-0.025715095922350883,-0.1756792813539505,,
31,neuron_activation,Hallucinations_vs_Factual,7853,0.6020740270614624,-0.0965176373720169,-0.2623538672924042,,
31,neuron_activation,Hallucinations_vs_Factual,2890,0.5986977815628052,-0.04474236071109772,-0.17306232452392578,,
31,neuron_activation,Hallucinations_vs_Factual,19770,0.5909976363182068,-0.007930808700621128,-0.05064769834280014,,
31,neuron_activation,Hallucinations_vs_Factual,9999,0.5889382362365723,0.050053276121616364,-0.0163743793964386,,
31,neuron_activation,Hallucinations_vs_Factual,17919,0.5878713130950928,-0.049605026841163635,-0.1201549544930458,,
31,neuron_activation,Hallucinations_vs_Factual,23064,0.5823182463645935,-0.06827206909656525,-0.20434260368347168,,
31,neuron_activation,Hallucinations_vs_Factual,16538,0.56447833776474,-0.05453645810484886,-0.2056465744972229,,
31,neuron_activation,Hallucinations_vs_Factual,404,0.5599473118782043,-0.04271482303738594,-0.1427793651819229,,
31,neuron_activation,Hallucinations_vs_Factual,579,0.5572564005851746,-1.0233068466186523,-3.794031858444214,,
32,neuron_activation,Impossible_vs_Factual,23026,0.6246019005775452,-0.11518867313861847,-0.2593667805194855,,
32,neuron_activation,Impossible_vs_Factual,9934,0.6034590601921082,-0.07643410563468933,-0.19467851519584656,,
32,neuron_activation,Impossible_vs_Factual,1030,0.5950794816017151,-0.05141279473900795,-0.20483244955539703,,
32,neuron_activation,Impossible_vs_Factual,6503,0.5924987196922302,0.08415332436561584,-0.03912323713302612,,
32,neuron_activation,Impossible_vs_Factual,14495,0.5787796378135681,0.03756987676024437,-0.08823413401842117,,
32,neuron_activation,Impossible_vs_Factual,5426,0.5768740773200989,0.0296622421592474,-0.09394711256027222,,
32,neuron_activation,Impossible_vs_Factual,1436,0.562724232673645,-0.04950851947069168,-0.17160959541797638,,
32,neuron_activation,Impossible_vs_Factual,8030,0.5562461018562317,-0.05954296886920929,-0.16955038905143738,,
32,neuron_activation,Impossible_vs_Factual,10549,0.5544435977935791,-0.019484784454107285,-0.1284339427947998,,
32,neuron_activation,Impossible_vs_Factual,24165,0.5526175498962402,-0.10790517926216125,-0.4737430810928345,,
32,neuron_activation,Hallucinations_vs_Factual,14354,0.6476429104804993,0.010015839710831642,-0.1299276351928711,,
32,neuron_activation,Hallucinations_vs_Factual,14122,0.5838152766227722,-0.12817096710205078,-0.23290283977985382,,
32,neuron_activation,Hallucinations_vs_Factual,24165,0.5831342935562134,-0.10261641442775726,-0.4737430810928345,,
32,neuron_activation,Hallucinations_vs_Factual,20645,0.5587327480316162,-0.010543308220803738,-0.16313982009887695,,
32,neuron_activation,Hallucinations_vs_Factual,7707,0.5567505359649658,-0.09843955188989639,-0.23587726056575775,,
32,neuron_activation,Hallucinations_vs_Factual,9934,0.5551626682281494,-0.08283399045467377,-0.19467851519584656,,
32,neuron_activation,Hallucinations_vs_Factual,8030,0.5452131032943726,-0.06212968751788139,-0.16955038905143738,,
32,neuron_activation,Hallucinations_vs_Factual,9905,0.5401672124862671,-0.06735672056674957,-0.18277059495449066,,
32,neuron_activation,Hallucinations_vs_Factual,13645,0.5392552018165588,-0.15674977004528046,-0.26263248920440674,,
32,neuron_activation,Hallucinations_vs_Factual,11416,0.5390291213989258,-0.14341771602630615,-0.27566850185394287,,
33,neuron_activation,Impossible_vs_Factual,17859,0.627937912940979,0.032709963619709015,-0.2608194649219513,,
33,neuron_activation,Impossible_vs_Factual,13606,0.6198976635932922,-0.036685023456811905,-0.252772718667984,,
33,neuron_activation,Impossible_vs_Factual,13546,0.5906624794006348,-0.057496123015880585,-0.17860840260982513,,
33,neuron_activation,Impossible_vs_Factual,11510,0.5754876136779785,-0.01498890295624733,-0.11244223266839981,,
33,neuron_activation,Impossible_vs_Factual,24117,0.5723735094070435,0.08363576233386993,-0.016558721661567688,,
33,neuron_activation,Impossible_vs_Factual,25114,0.5691902041435242,-0.054328903555870056,-0.31033891439437866,,
33,neuron_activation,Impossible_vs_Factual,21475,0.5614898800849915,0.028881067410111427,-0.0820196196436882,,
33,neuron_activation,Impossible_vs_Factual,15982,0.5580154657363892,-0.16309846937656403,-0.2823452055454254,,
33,neuron_activation,Impossible_vs_Factual,12371,0.5499242544174194,0.0032620674464851618,-0.12671495974063873,,
33,neuron_activation,Impossible_vs_Factual,14567,0.5477098226547241,-0.09120562672615051,-0.194827139377594,,
33,neuron_activation,Hallucinations_vs_Factual,13606,0.6052438616752625,-0.05340851843357086,-0.252772718667984,,
33,neuron_activation,Hallucinations_vs_Factual,25114,0.5562145113945007,-0.053883522748947144,-0.31033891439437866,,
33,neuron_activation,Hallucinations_vs_Factual,5650,0.5492093563079834,-0.03045186586678028,-0.13032077252864838,,
33,neuron_activation,Hallucinations_vs_Factual,17859,0.5438534021377563,-0.0049402168951928616,-0.2608194649219513,,
33,neuron_activation,Hallucinations_vs_Factual,11510,0.5419343113899231,-0.023061173036694527,-0.11244223266839981,,
33,neuron_activation,Hallucinations_vs_Factual,16727,0.5344176888465881,0.012255758047103882,-0.08657029271125793,,
33,neuron_activation,Hallucinations_vs_Factual,13427,0.5285546183586121,-0.07122369855642319,-0.2774585783481598,,
33,neuron_activation,Hallucinations_vs_Factual,15392,0.5256154537200928,0.02167542092502117,-0.1102510318160057,,
33,neuron_activation,Hallucinations_vs_Factual,4357,0.5231449007987976,-0.061309702694416046,-0.16009452939033508,,
33,neuron_activation,Hallucinations_vs_Factual,884,0.5218580961227417,-0.0650440901517868,-0.18660575151443481,,
34,neuron_activation,Impossible_vs_Factual,7171,0.6689401268959045,-0.0607929453253746,-0.4658318758010864,,
34,neuron_activation,Impossible_vs_Factual,15305,0.6314194202423096,-0.11460217833518982,-0.2472323626279831,,
34,neuron_activation,Impossible_vs_Factual,3028,0.6249344944953918,-0.11753164976835251,-0.23971745371818542,,
34,neuron_activation,Impossible_vs_Factual,8796,0.6220465302467346,-0.016675852239131927,-0.21103304624557495,,
34,neuron_activation,Impossible_vs_Factual,16853,0.5703518390655518,-0.12908649444580078,-1.1627402305603027,,
34,neuron_activation,Impossible_vs_Factual,7506,0.5605574250221252,-0.0004134951741434634,-0.07894724607467651,,
34,neuron_activation,Impossible_vs_Factual,10276,0.5558522939682007,-0.05346075817942619,-0.20788806676864624,,
34,neuron_activation,Impossible_vs_Factual,6023,0.5548303127288818,-0.06455985456705093,-0.48668113350868225,,
34,neuron_activation,Impossible_vs_Factual,22813,0.5510745048522949,0.028277479112148285,-0.061326541006565094,,
34,neuron_activation,Impossible_vs_Factual,24372,0.5432791113853455,-0.06172158196568489,-0.1685558557510376,,
34,neuron_activation,Hallucinations_vs_Factual,15305,0.632561981678009,-0.11206398159265518,-0.2472323626279831,,
34,neuron_activation,Hallucinations_vs_Factual,3028,0.6219104528427124,-0.10247699171304703,-0.23971745371818542,,
34,neuron_activation,Hallucinations_vs_Factual,24372,0.6184576749801636,-0.04884257912635803,-0.1685558557510376,,
34,neuron_activation,Hallucinations_vs_Factual,7171,0.6105428338050842,-0.08487091958522797,-0.4658318758010864,,
34,neuron_activation,Hallucinations_vs_Factual,5390,0.6091642379760742,0.015329425223171711,-0.12670166790485382,,
34,neuron_activation,Hallucinations_vs_Factual,6023,0.5951553583145142,-0.04183013364672661,-0.48668113350868225,,
34,neuron_activation,Hallucinations_vs_Factual,5313,0.5793843269348145,-0.20088475942611694,-0.38486284017562866,,
34,neuron_activation,Hallucinations_vs_Factual,13494,0.575689971446991,-0.03386359289288521,-0.23148490488529205,,
34,neuron_activation,Hallucinations_vs_Factual,3575,0.5661631226539612,-0.10713595896959305,-0.21339470148086548,,
34,neuron_activation,Hallucinations_vs_Factual,13809,0.5461800694465637,-0.21441011130809784,-0.6384643316268921,,
35,neuron_activation,Impossible_vs_Factual,688,0.6635439395904541,-0.0411730520427227,-0.5732918977737427,,
35,neuron_activation,Impossible_vs_Factual,9940,0.6099924445152283,-0.009367575868964195,-0.12623773515224457,,
35,neuron_activation,Impossible_vs_Factual,20159,0.6007404327392578,0.016342632472515106,-0.19325879216194153,,
35,neuron_activation,Impossible_vs_Factual,14386,0.5981351733207703,0.030520223081111908,-0.07273463904857635,,
35,neuron_activation,Impossible_vs_Factual,1738,0.5622133016586304,-0.03373212367296219,-0.16189411282539368,,
35,neuron_activation,Impossible_vs_Factual,13836,0.5576615929603577,-0.016209736466407776,-0.11859920620918274,,
35,neuron_activation,Impossible_vs_Factual,17826,0.5569638609886169,-0.154059499502182,-0.5504873991012573,,
35,neuron_activation,Impossible_vs_Factual,21696,0.5546317100524902,0.11075045168399811,-0.012293601408600807,,
35,neuron_activation,Impossible_vs_Factual,13137,0.5540319681167603,-0.06641101092100143,-0.1903836876153946,,
35,neuron_activation,Impossible_vs_Factual,17595,0.5463711023330688,0.06816955655813217,-0.11149092018604279,,
35,neuron_activation,Hallucinations_vs_Factual,10260,0.6941189765930176,-0.2560979723930359,-0.7651369571685791,,
35,neuron_activation,Hallucinations_vs_Factual,21459,0.6036766171455383,0.2034854292869568,-0.24420659244060516,,
35,neuron_activation,Hallucinations_vs_Factual,9361,0.5981831550598145,-0.06037984415888786,-0.18546056747436523,,
35,neuron_activation,Hallucinations_vs_Factual,23342,0.5896354913711548,-0.05242682993412018,-0.4134041666984558,,
35,neuron_activation,Hallucinations_vs_Factual,23088,0.5750707387924194,-0.14058244228363037,-0.5479365587234497,,
35,neuron_activation,Hallucinations_vs_Factual,9574,0.5607357025146484,-0.06427378207445145,-0.33307400345802307,,
35,neuron_activation,Hallucinations_vs_Factual,3031,0.5556960105895996,0.040736015886068344,-0.1351567953824997,,
35,neuron_activation,Hallucinations_vs_Factual,15920,0.5447669625282288,-0.3435230851173401,-1.0902268886566162,,
35,neuron_activation,Hallucinations_vs_Factual,6453,0.5332160592079163,-0.07839928567409515,-0.1959473341703415,,
35,neuron_activation,Hallucinations_vs_Factual,10919,0.5312932133674622,-0.10498420149087906,-0.720823347568512,,
36,neuron_activation,Impossible_vs_Factual,25461,0.6951351165771484,-0.024693306535482407,-0.1895700991153717,,
36,neuron_activation,Impossible_vs_Factual,17678,0.6465679407119751,-0.09339110553264618,-0.4268091320991516,,
36,neuron_activation,Impossible_vs_Factual,21026,0.6261940598487854,0.028308115899562836,-0.08502933382987976,,
36,neuron_activation,Impossible_vs_Factual,1901,0.6199464201927185,-0.1405649483203888,-0.2894509434700012,,
36,neuron_activation,Impossible_vs_Factual,10349,0.6122413277626038,0.0665154904127121,-0.05680496618151665,,
36,neuron_activation,Impossible_vs_Factual,11077,0.581818163394928,0.05368473008275032,-0.08977315574884415,,
36,neuron_activation,Impossible_vs_Factual,1058,0.5794772505760193,0.19403766095638275,0.056810375303030014,,
36,neuron_activation,Impossible_vs_Factual,19186,0.5693827271461487,0.06792617589235306,-0.1002807691693306,,
36,neuron_activation,Impossible_vs_Factual,25065,0.5673807859420776,0.028489835560321808,-0.0922713354229927,,
36,neuron_activation,Impossible_vs_Factual,20761,0.5594075918197632,-0.061439648270606995,-0.4348967373371124,,
36,neuron_activation,Hallucinations_vs_Factual,10594,0.6899232268333435,-0.028834722936153412,-0.2337431013584137,,
36,neuron_activation,Hallucinations_vs_Factual,21026,0.6741683483123779,0.0281707514077425,-0.08502933382987976,,
36,neuron_activation,Hallucinations_vs_Factual,20761,0.6265081167221069,-0.05657147988677025,-0.4348967373371124,,
36,neuron_activation,Hallucinations_vs_Factual,17678,0.6092681288719177,-0.11568966507911682,-0.4268091320991516,,
36,neuron_activation,Hallucinations_vs_Factual,5574,0.5946161150932312,-0.015353649854660034,-0.14204725623130798,,
36,neuron_activation,Hallucinations_vs_Factual,10792,0.5901369452476501,-0.03985435888171196,-0.16733576357364655,,
36,neuron_activation,Hallucinations_vs_Factual,614,0.5898539423942566,-0.007505686022341251,-0.10361262410879135,,
36,neuron_activation,Hallucinations_vs_Factual,818,0.5892250537872314,-0.013425882905721664,-0.1698220819234848,,
36,neuron_activation,Hallucinations_vs_Factual,19186,0.588724672794342,0.07161712646484375,-0.1002807691693306,,
36,neuron_activation,Hallucinations_vs_Factual,24124,0.57942134141922,-0.03936653584241867,-0.17603366076946259,,
37,neuron_activation,Impossible_vs_Factual,17400,0.664306104183197,0.010990164242684841,-0.1587100774049759,,
37,neuron_activation,Impossible_vs_Factual,3236,0.6290988326072693,-0.20797981321811676,-0.35941994190216064,,
37,neuron_activation,Impossible_vs_Factual,852,0.6287041902542114,0.0715131089091301,-0.05676741525530815,,
37,neuron_activation,Impossible_vs_Factual,15460,0.6015965342521667,-0.10436161607503891,-0.2634815573692322,,
37,neuron_activation,Impossible_vs_Factual,13491,0.592204213142395,0.014924603514373302,-0.14702108502388,,
37,neuron_activation,Impossible_vs_Factual,14667,0.584750771522522,-0.032298583537340164,-0.197551891207695,,
37,neuron_activation,Impossible_vs_Factual,23486,0.5797776579856873,-0.23177754878997803,-0.8503506779670715,,
37,neuron_activation,Impossible_vs_Factual,8061,0.5782877206802368,-0.03393736109137535,-0.1509047895669937,,
37,neuron_activation,Impossible_vs_Factual,23510,0.5534807443618774,0.19956934452056885,0.0477389320731163,,
37,neuron_activation,Impossible_vs_Factual,11237,0.5505058169364929,-0.07147403061389923,-0.21696791052818298,,
37,neuron_activation,Hallucinations_vs_Factual,3236,0.6697171926498413,-0.18891823291778564,-0.35941994190216064,,
37,neuron_activation,Hallucinations_vs_Factual,2783,0.6098742485046387,0.036042485386133194,-0.09817807376384735,,
37,neuron_activation,Hallucinations_vs_Factual,22512,0.6018040776252747,-0.014177003875374794,-0.17138932645320892,,
37,neuron_activation,Hallucinations_vs_Factual,13491,0.5650712251663208,0.00934281200170517,-0.14702108502388,,
37,neuron_activation,Hallucinations_vs_Factual,4302,0.5624029636383057,-0.08872754871845245,-0.21437719464302063,,
37,neuron_activation,Hallucinations_vs_Factual,23236,0.5615183711051941,-0.10249535739421844,-0.23862658441066742,,
37,neuron_activation,Hallucinations_vs_Factual,282,0.5545409321784973,-0.00661504827439785,-0.09796446561813354,,
37,neuron_activation,Hallucinations_vs_Factual,21334,0.5525535345077515,0.03642653673887253,-0.14941930770874023,,
37,neuron_activation,Hallucinations_vs_Factual,11237,0.5507351756095886,-0.07889416813850403,-0.21696791052818298,,
37,neuron_activation,Hallucinations_vs_Factual,14700,0.5494655966758728,-0.05084923654794693,-0.18989065289497375,,
38,neuron_activation,Impossible_vs_Factual,23391,0.6058145761489868,0.06937728822231293,-0.060981519520282745,,
38,neuron_activation,Impossible_vs_Factual,14878,0.6015219688415527,-0.33175262808799744,-1.0475132465362549,,
38,neuron_activation,Impossible_vs_Factual,24131,0.5951931476593018,-0.05904293432831764,-0.27970245480537415,,
38,neuron_activation,Impossible_vs_Factual,17199,0.5871426463127136,-0.0038953316397964954,-0.1936647891998291,,
38,neuron_activation,Impossible_vs_Factual,24051,0.5814900994300842,-0.019185610115528107,-0.34755226969718933,,
38,neuron_activation,Impossible_vs_Factual,17356,0.5780235528945923,0.14174099266529083,0.01877540722489357,,
38,neuron_activation,Impossible_vs_Factual,19427,0.5683066844940186,-0.1613723486661911,-0.3468456268310547,,
38,neuron_activation,Impossible_vs_Factual,10396,0.559275209903717,0.10489827394485474,-0.04617832228541374,,
38,neuron_activation,Impossible_vs_Factual,20187,0.552726149559021,0.018756495788693428,-0.06835534423589706,,
38,neuron_activation,Impossible_vs_Factual,12051,0.5520481467247009,-0.01596970111131668,-0.1480935961008072,,
38,neuron_activation,Hallucinations_vs_Factual,17356,0.6392098069190979,0.15286391973495483,0.01877540722489357,,
38,neuron_activation,Hallucinations_vs_Factual,633,0.6260305047035217,-0.03487405553460121,-0.17361022531986237,,
38,neuron_activation,Hallucinations_vs_Factual,19427,0.6183425188064575,-0.13580183684825897,-0.3468456268310547,,
38,neuron_activation,Hallucinations_vs_Factual,20596,0.6159079074859619,-0.03393198549747467,-0.18758715689182281,,
38,neuron_activation,Hallucinations_vs_Factual,2394,0.6052822470664978,-0.12498277425765991,-0.27970191836357117,,
38,neuron_activation,Hallucinations_vs_Factual,10396,0.5875746607780457,0.10544709116220474,-0.04617832228541374,,
38,neuron_activation,Hallucinations_vs_Factual,14673,0.5819384455680847,0.14947740733623505,0.006434597074985504,,
38,neuron_activation,Hallucinations_vs_Factual,9470,0.5763548016548157,-0.052533216774463654,-0.2058994024991989,,
38,neuron_activation,Hallucinations_vs_Factual,11215,0.5575587749481201,0.0427272766828537,-0.08187425136566162,,
38,neuron_activation,Hallucinations_vs_Factual,6528,0.556847333908081,0.06334643065929413,-0.06490332633256912,,
39,neuron_activation,Impossible_vs_Factual,3136,0.7378095388412476,-0.062220826745033264,-0.21881797909736633,,
39,neuron_activation,Impossible_vs_Factual,22017,0.6727356314659119,0.015487621538341045,-0.19073255360126495,,
39,neuron_activation,Impossible_vs_Factual,6917,0.6561521291732788,-0.01836380921304226,-0.6506787538528442,,
39,neuron_activation,Impossible_vs_Factual,2312,0.6534585952758789,-0.33961251378059387,-1.4959280490875244,,
39,neuron_activation,Impossible_vs_Factual,10360,0.6383076906204224,-0.10637553036212921,-0.24147479236125946,,
39,neuron_activation,Impossible_vs_Factual,18169,0.6374419927597046,-0.115418940782547,-0.5568254590034485,,
39,neuron_activation,Impossible_vs_Factual,20208,0.6177641749382019,0.005388939753174782,-0.16311907768249512,,
39,neuron_activation,Impossible_vs_Factual,19416,0.5863634943962097,0.00860183872282505,-0.15046308934688568,,
39,neuron_activation,Impossible_vs_Factual,5087,0.5773022174835205,-0.08030794560909271,-0.22340594232082367,,
39,neuron_activation,Impossible_vs_Factual,9466,0.5758373737335205,-0.0354645736515522,-0.19418597221374512,,
39,neuron_activation,Hallucinations_vs_Factual,10360,0.6360964179039001,-0.10077038407325745,-0.24147479236125946,,
39,neuron_activation,Hallucinations_vs_Factual,20106,0.6173213124275208,-0.020550595596432686,-0.19331297278404236,,
39,neuron_activation,Hallucinations_vs_Factual,14215,0.5810387134552002,-0.14648236334323883,-0.29068511724472046,,
39,neuron_activation,Hallucinations_vs_Factual,5589,0.5733045339584351,0.0403890535235405,-0.05434958636760712,,
39,neuron_activation,Hallucinations_vs_Factual,2312,0.553444504737854,-0.4484960436820984,-1.4959280490875244,,
39,neuron_activation,Hallucinations_vs_Factual,6917,0.5479211211204529,-0.09174048900604248,-0.6506787538528442,,
39,neuron_activation,Hallucinations_vs_Factual,25510,0.5467512011528015,0.026777030900120735,-0.1264759749174118,,
39,neuron_activation,Hallucinations_vs_Factual,19115,0.5449872612953186,-0.06341932713985443,-0.19031210243701935,,
39,neuron_activation,Hallucinations_vs_Factual,24813,0.5443079471588135,-0.018955545499920845,-0.1282559037208557,,
39,neuron_activation,Hallucinations_vs_Factual,2951,0.5422080755233765,-0.03615925833582878,-0.16435480117797852,,
40,neuron_activation,Impossible_vs_Factual,22281,0.7394124865531921,0.14554814994335175,-0.04710961505770683,,
40,neuron_activation,Impossible_vs_Factual,22620,0.6681385040283203,-0.03393271565437317,-0.17933450639247894,,
40,neuron_activation,Impossible_vs_Factual,11855,0.6501891016960144,0.10887523740530014,-0.04669500142335892,,
40,neuron_activation,Impossible_vs_Factual,15728,0.6500128507614136,0.01861470378935337,-0.22434735298156738,,
40,neuron_activation,Impossible_vs_Factual,15406,0.6468519568443298,-0.18119460344314575,-0.8584777116775513,,
40,neuron_activation,Impossible_vs_Factual,24733,0.6424478888511658,0.2203921526670456,0.04129460081458092,,
40,neuron_activation,Impossible_vs_Factual,7166,0.6345975399017334,-0.1930665522813797,-0.35666704177856445,,
40,neuron_activation,Impossible_vs_Factual,6013,0.6075519323348999,0.054303910583257675,-0.04567740485072136,,
40,neuron_activation,Impossible_vs_Factual,3645,0.5940540432929993,-0.1057501956820488,-0.657123327255249,,
40,neuron_activation,Impossible_vs_Factual,19023,0.5935055613517761,0.16636201739311218,0.03400146961212158,,
40,neuron_activation,Hallucinations_vs_Factual,22620,0.733301043510437,-0.005951097700744867,-0.17933450639247894,,
40,neuron_activation,Hallucinations_vs_Factual,22281,0.6870362162590027,0.1295025646686554,-0.04710961505770683,,
40,neuron_activation,Hallucinations_vs_Factual,15728,0.6066738367080688,-0.005670040380209684,-0.22434735298156738,,
40,neuron_activation,Hallucinations_vs_Factual,5981,0.606566309928894,-0.2865721881389618,-0.9634091258049011,,
40,neuron_activation,Hallucinations_vs_Factual,4287,0.601593017578125,0.026310482993721962,-0.11863288283348083,,
40,neuron_activation,Hallucinations_vs_Factual,14175,0.6006462574005127,-0.08017343282699585,-0.36280518770217896,,
40,neuron_activation,Hallucinations_vs_Factual,5024,0.5826699733734131,-0.05874287709593773,-0.17268024384975433,,
40,neuron_activation,Hallucinations_vs_Factual,11417,0.5800901055335999,-0.11542679369449615,-0.2544194161891937,,
40,neuron_activation,Hallucinations_vs_Factual,12627,0.5762531161308289,-0.061439383774995804,-0.26451346278190613,,
40,neuron_activation,Hallucinations_vs_Factual,22934,0.5748780965805054,-0.029320472851395607,-0.34303921461105347,,
41,neuron_activation,Impossible_vs_Factual,24612,0.8019947409629822,-0.01152926404029131,-0.18048997223377228,,
41,neuron_activation,Impossible_vs_Factual,17842,0.7671500444412231,0.03539503738284111,-0.15530382096767426,,
41,neuron_activation,Impossible_vs_Factual,6074,0.7210096120834351,0.05271643400192261,-0.22955022752285004,,
41,neuron_activation,Impossible_vs_Factual,17905,0.6713688969612122,0.09069308638572693,-0.10909011960029602,,
41,neuron_activation,Impossible_vs_Factual,1043,0.6355546712875366,0.02358056977391243,-0.10083431750535965,,
41,neuron_activation,Impossible_vs_Factual,6704,0.6339812874794006,0.06111905351281166,-0.08930166810750961,,
41,neuron_activation,Impossible_vs_Factual,21540,0.6245970129966736,0.02458842098712921,-0.12593120336532593,,
41,neuron_activation,Impossible_vs_Factual,20323,0.616464376449585,-0.030225949361920357,-0.245142862200737,,
41,neuron_activation,Impossible_vs_Factual,434,0.6065221428871155,-0.018522193655371666,-0.17528222501277924,,
41,neuron_activation,Impossible_vs_Factual,7436,0.5955389738082886,-0.04961931332945824,-0.20669898390769958,,
41,neuron_activation,Hallucinations_vs_Factual,17842,0.6615699529647827,0.024177318438887596,-0.15530382096767426,,
41,neuron_activation,Hallucinations_vs_Factual,6074,0.6511046290397644,-0.022990593686699867,-0.22955022752285004,,
41,neuron_activation,Hallucinations_vs_Factual,9038,0.641221821308136,-0.07259590923786163,-0.7374179363250732,,
41,neuron_activation,Hallucinations_vs_Factual,24019,0.6232626438140869,-0.014534763060510159,-0.1515168994665146,,
41,neuron_activation,Hallucinations_vs_Factual,24112,0.6208549737930298,0.11521539092063904,-0.04637712985277176,,
41,neuron_activation,Hallucinations_vs_Factual,13817,0.6058492660522461,0.01171403843909502,-0.13143889605998993,,
41,neuron_activation,Hallucinations_vs_Factual,17905,0.5919778347015381,0.06235850229859352,-0.10909011960029602,,
41,neuron_activation,Hallucinations_vs_Factual,11160,0.5912043452262878,-0.048652492463588715,-0.3513357937335968,,
41,neuron_activation,Hallucinations_vs_Factual,8901,0.5882577896118164,-0.08928268402814865,-0.24344153702259064,,
41,neuron_activation,Hallucinations_vs_Factual,15566,0.5862760543823242,-0.008102449588477612,-0.18691639602184296,,
42,neuron_activation,Impossible_vs_Factual,24829,0.9152186512947083,-0.06101914867758751,-0.2528057098388672,,
42,neuron_activation,Impossible_vs_Factual,13535,0.815224826335907,-0.006222185678780079,-0.4660288691520691,,
42,neuron_activation,Impossible_vs_Factual,23118,0.7723584175109863,-0.07957030087709427,-0.6801125407218933,,
42,neuron_activation,Impossible_vs_Factual,7969,0.7574692964553833,-0.05850820988416672,-0.27905240654945374,,
42,neuron_activation,Impossible_vs_Factual,15032,0.658592939376831,-0.014272461645305157,-0.209849014878273,,
42,neuron_activation,Impossible_vs_Factual,21361,0.6391535997390747,-0.06475803256034851,-0.19785867631435394,,
42,neuron_activation,Impossible_vs_Factual,11341,0.6352604031562805,0.03590959683060646,-0.11016462743282318,,
42,neuron_activation,Impossible_vs_Factual,16926,0.6343057155609131,0.025156529620289803,-0.14940214157104492,,
42,neuron_activation,Impossible_vs_Factual,2265,0.6268075704574585,0.0678727850317955,-0.09713127464056015,,
42,neuron_activation,Impossible_vs_Factual,6608,0.6122320890426636,-0.04407329112291336,-0.19575774669647217,,
42,neuron_activation,Hallucinations_vs_Factual,24829,0.8134089708328247,-0.08607508987188339,-0.2528057098388672,,
42,neuron_activation,Hallucinations_vs_Factual,21301,0.7141215205192566,0.0004247291653882712,-0.17236627638339996,,
42,neuron_activation,Hallucinations_vs_Factual,7969,0.6597737073898315,0.05606278032064438,-0.27905240654945374,,
42,neuron_activation,Hallucinations_vs_Factual,9757,0.6536223292350769,-0.060856059193611145,-0.2530769407749176,,
42,neuron_activation,Hallucinations_vs_Factual,23118,0.6501012444496155,-0.13485759496688843,-0.6801125407218933,,
42,neuron_activation,Hallucinations_vs_Factual,15032,0.6487957239151001,-0.004777225200086832,-0.209849014878273,,
42,neuron_activation,Hallucinations_vs_Factual,5336,0.6371952295303345,0.3304383456707001,-0.06299123913049698,,
42,neuron_activation,Hallucinations_vs_Factual,10331,0.6336473822593689,0.07516786456108093,-0.08427214622497559,,
42,neuron_activation,Hallucinations_vs_Factual,2265,0.6268084645271301,0.08960143476724625,-0.09713127464056015,,
42,neuron_activation,Hallucinations_vs_Factual,13387,0.6185005903244019,0.01171215157955885,-0.12802918255329132,,
43,neuron_activation,Impossible_vs_Factual,22935,0.8082102537155151,0.05158780887722969,-0.10512498021125793,,
43,neuron_activation,Impossible_vs_Factual,2961,0.6881146430969238,0.012628190219402313,-0.18208464980125427,,
43,neuron_activation,Impossible_vs_Factual,18328,0.6849594116210938,-0.022903479635715485,-0.23633964359760284,,
43,neuron_activation,Impossible_vs_Factual,14629,0.6835323572158813,0.003496067598462105,-0.141966313123703,,
43,neuron_activation,Impossible_vs_Factual,20149,0.6792603135108948,0.024853236973285675,-0.12855033576488495,,
43,neuron_activation,Impossible_vs_Factual,23546,0.6775549650192261,-0.012973492965102196,-0.20077382028102875,,
43,neuron_activation,Impossible_vs_Factual,12314,0.6446805000305176,-0.04482732340693474,-0.20229096710681915,,
43,neuron_activation,Impossible_vs_Factual,19473,0.64167320728302,-0.07722071558237076,-0.24363958835601807,,
43,neuron_activation,Impossible_vs_Factual,736,0.6268587112426758,0.012104911729693413,-0.11458216607570648,,
43,neuron_activation,Impossible_vs_Factual,2407,0.6156989932060242,0.15632890164852142,0.012120386585593224,,
43,neuron_activation,Hallucinations_vs_Factual,6262,0.6585344672203064,0.0640270784497261,-0.1444993019104004,,
43,neuron_activation,Hallucinations_vs_Factual,22935,0.6470038890838623,0.022448983043432236,-0.10512498021125793,,
43,neuron_activation,Hallucinations_vs_Factual,19767,0.6408278942108154,0.12166748940944672,-0.08065472543239594,,
43,neuron_activation,Hallucinations_vs_Factual,9296,0.6296566128730774,-0.13850843906402588,-0.36769139766693115,,
43,neuron_activation,Hallucinations_vs_Factual,15434,0.6095945239067078,-0.17308856546878815,-0.3482744097709656,,
43,neuron_activation,Hallucinations_vs_Factual,2961,0.6006587743759155,-0.025434907525777817,-0.18208464980125427,,
43,neuron_activation,Hallucinations_vs_Factual,1844,0.5961859822273254,0.28710734844207764,-0.17933562397956848,,
43,neuron_activation,Hallucinations_vs_Factual,17306,0.5769936442375183,-0.025468962267041206,-0.15546521544456482,,
43,neuron_activation,Hallucinations_vs_Factual,2689,0.5729560256004333,-0.04976245388388634,-0.20154409110546112,,
43,neuron_activation,Hallucinations_vs_Factual,2696,0.5703088641166687,-0.0443141832947731,-0.15128840506076813,,
44,neuron_activation,Impossible_vs_Factual,19333,0.7211689949035645,-0.11485768854618073,-0.279823362827301,,
44,neuron_activation,Impossible_vs_Factual,24782,0.6875285506248474,-0.013783300295472145,-0.20202520489692688,,
44,neuron_activation,Impossible_vs_Factual,15076,0.6856462955474854,0.09660853445529938,-0.04045150429010391,,
44,neuron_activation,Impossible_vs_Factual,16634,0.657859742641449,0.0013252266217023134,-0.3489878177642822,,
44,neuron_activation,Impossible_vs_Factual,19151,0.6425389051437378,0.1442258208990097,-0.03339286148548126,,
44,neuron_activation,Impossible_vs_Factual,6971,0.6355206966400146,0.014674270525574684,-0.17332258820533752,,
44,neuron_activation,Impossible_vs_Factual,8930,0.634521484375,0.07125113904476166,-0.09905125945806503,,
44,neuron_activation,Impossible_vs_Factual,15323,0.6320170760154724,-0.722958505153656,-1.6930490732192993,,
44,neuron_activation,Impossible_vs_Factual,17509,0.6313027739524841,-0.14623168110847473,-0.33790719509124756,,
44,neuron_activation,Impossible_vs_Factual,15403,0.611124575138092,-0.0006790617480874062,-0.27062681317329407,,
44,neuron_activation,Hallucinations_vs_Factual,11412,0.704227864742279,-0.04603991657495499,-0.26065748929977417,,
44,neuron_activation,Hallucinations_vs_Factual,24782,0.6688687205314636,-0.008682111278176308,-0.20202520489692688,,
44,neuron_activation,Hallucinations_vs_Factual,17425,0.6171831488609314,0.033526889979839325,-0.18086595833301544,,
44,neuron_activation,Hallucinations_vs_Factual,7184,0.5904673933982849,-0.13087409734725952,-0.36778485774993896,,
44,neuron_activation,Hallucinations_vs_Factual,22770,0.5898634195327759,0.05476149916648865,-0.11928242444992065,,
44,neuron_activation,Hallucinations_vs_Factual,18315,0.5834353566169739,0.017603561282157898,-0.10958588868379593,,
44,neuron_activation,Hallucinations_vs_Factual,20501,0.5820204615592957,0.015126044861972332,-0.15856435894966125,,
44,neuron_activation,Hallucinations_vs_Factual,20404,0.5785219073295593,-0.02021285519003868,-0.2586512267589569,,
44,neuron_activation,Hallucinations_vs_Factual,1477,0.5779908299446106,-0.07502821832895279,-0.6092777252197266,,
44,neuron_activation,Hallucinations_vs_Factual,3110,0.575824499130249,0.044177498668432236,-0.09250184148550034,,
45,neuron_activation,Impossible_vs_Factual,4244,0.708832859992981,-0.005756058730185032,-0.23005223274230957,,
45,neuron_activation,Impossible_vs_Factual,6802,0.7020243406295776,-0.027240635827183723,-0.22029486298561096,,
45,neuron_activation,Impossible_vs_Factual,8292,0.6868546605110168,-0.06314218044281006,-0.3681555986404419,,
45,neuron_activation,Impossible_vs_Factual,19825,0.6705218553543091,0.0029424072708934546,-0.3106063902378082,,
45,neuron_activation,Impossible_vs_Factual,13267,0.6554040312767029,0.02380690723657608,-0.1443183720111847,,
45,neuron_activation,Impossible_vs_Factual,1582,0.6319262981414795,-0.09834510833024979,-0.2589844763278961,,
45,neuron_activation,Impossible_vs_Factual,16814,0.6118906140327454,0.018355054780840874,-0.10941091179847717,,
45,neuron_activation,Impossible_vs_Factual,308,0.5993255972862244,0.0007420152542181313,-0.16615858674049377,,
45,neuron_activation,Impossible_vs_Factual,1707,0.5989779829978943,-0.054753292351961136,-0.2089415192604065,,
45,neuron_activation,Impossible_vs_Factual,15786,0.595675528049469,-0.022378597408533096,-0.18128035962581635,,
45,neuron_activation,Hallucinations_vs_Factual,1582,0.710036039352417,-0.05516748130321503,-0.2589844763278961,,
45,neuron_activation,Hallucinations_vs_Factual,22624,0.6383100152015686,-0.09078047424554825,-0.2856318950653076,,
45,neuron_activation,Hallucinations_vs_Factual,4581,0.6214259266853333,-0.01455711293965578,-0.6236324310302734,,
45,neuron_activation,Hallucinations_vs_Factual,10694,0.6065449118614197,-0.03621014952659607,-0.2417493611574173,,
45,neuron_activation,Hallucinations_vs_Factual,1707,0.6009886264801025,-0.03376173600554466,-0.2089415192604065,,
45,neuron_activation,Hallucinations_vs_Factual,16814,0.5976430773735046,0.02034657634794712,-0.10941091179847717,,
45,neuron_activation,Hallucinations_vs_Factual,2076,0.592353105545044,-0.0329146683216095,-0.2084842175245285,,
45,neuron_activation,Hallucinations_vs_Factual,2292,0.5811136960983276,-0.1447092443704605,-0.5262754559516907,,
45,neuron_activation,Hallucinations_vs_Factual,22587,0.5709435939788818,0.04390512779355049,-0.13089583814144135,,
45,neuron_activation,Hallucinations_vs_Factual,13554,0.5701037049293518,-0.044967249035835266,-0.22842709720134735,,
46,neuron_activation,Impossible_vs_Factual,7136,0.7046794295310974,-0.1627631038427353,-2.2046093940734863,,
46,neuron_activation,Impossible_vs_Factual,16945,0.6506872773170471,-0.009249801747500896,-0.20033374428749084,,
46,neuron_activation,Impossible_vs_Factual,23832,0.6444185972213745,-0.08330962806940079,-0.28710034489631653,,
46,neuron_activation,Impossible_vs_Factual,12415,0.6421845555305481,-0.05195404216647148,-0.2103355973958969,,
46,neuron_activation,Impossible_vs_Factual,10291,0.6302539110183716,0.025491608306765556,-0.12419478595256805,,
46,neuron_activation,Impossible_vs_Factual,12994,0.6242327690124512,-0.1607377827167511,-0.3480757176876068,,
46,neuron_activation,Impossible_vs_Factual,16795,0.6189163327217102,0.04147307574748993,-0.11773373186588287,,
46,neuron_activation,Impossible_vs_Factual,8040,0.6136762499809265,0.03734054043889046,-0.14859837293624878,,
46,neuron_activation,Impossible_vs_Factual,11975,0.60723876953125,0.16191366314888,-0.03721338510513306,,
46,neuron_activation,Impossible_vs_Factual,24544,0.606580913066864,0.012877831235527992,-0.7885282039642334,,
46,neuron_activation,Hallucinations_vs_Factual,19663,0.5781241655349731,-0.0375836081802845,-0.45635151863098145,,
46,neuron_activation,Hallucinations_vs_Factual,24393,0.566829264163971,-0.05414336547255516,-0.46492764353752136,,
46,neuron_activation,Hallucinations_vs_Factual,12994,0.5661150813102722,-0.16427716612815857,-0.3480757176876068,,
46,neuron_activation,Hallucinations_vs_Factual,3962,0.5643160939216614,-0.1028556302189827,-0.29839739203453064,,
46,neuron_activation,Hallucinations_vs_Factual,12048,0.5642400979995728,0.028469933196902275,-0.15033584833145142,,
46,neuron_activation,Hallucinations_vs_Factual,11908,0.5600683093070984,-0.06232382729649544,-0.18523317575454712,,
46,neuron_activation,Hallucinations_vs_Factual,15102,0.5564773082733154,-0.1281414031982422,-0.2922983169555664,,
46,neuron_activation,Hallucinations_vs_Factual,17195,0.5563706755638123,0.17129135131835938,-0.09676694124937057,,
46,neuron_activation,Hallucinations_vs_Factual,25225,0.5550830960273743,-0.05098515376448631,-0.24775031208992004,,
46,neuron_activation,Hallucinations_vs_Factual,23557,0.5521296858787537,0.03976846858859062,-0.11545009911060333,,
47,neuron_activation,Impossible_vs_Factual,3654,0.7595909833908081,-0.10860482603311539,-0.31470295786857605,,
47,neuron_activation,Impossible_vs_Factual,3474,0.7281638979911804,-0.08368396013975143,-0.2821420133113861,,
47,neuron_activation,Impossible_vs_Factual,17182,0.6831071972846985,-0.2044193148612976,-0.8894200921058655,,
47,neuron_activation,Impossible_vs_Factual,16366,0.6753008961677551,0.06028738617897034,-0.08318429440259933,,
47,neuron_activation,Impossible_vs_Factual,9608,0.6669313907623291,-0.017227699980139732,-0.2116086781024933,,
47,neuron_activation,Impossible_vs_Factual,4120,0.6645446419715881,-0.13623826205730438,-0.8574877977371216,,
47,neuron_activation,Impossible_vs_Factual,23857,0.6555574536323547,-0.008833300322294235,-0.3556598126888275,,
47,neuron_activation,Impossible_vs_Factual,8831,0.6421656608581543,-0.08032506704330444,-0.25469768047332764,,
47,neuron_activation,Impossible_vs_Factual,22802,0.6355494856834412,-0.18828505277633667,-0.7809590697288513,,
47,neuron_activation,Impossible_vs_Factual,18946,0.6349335312843323,0.04528238996863365,-0.12457354366779327,,
47,neuron_activation,Hallucinations_vs_Factual,11600,0.6405894756317139,0.029632877558469772,-0.12249761074781418,,
47,neuron_activation,Hallucinations_vs_Factual,10825,0.6380583643913269,-0.014503837563097477,-0.41837236285209656,,
47,neuron_activation,Hallucinations_vs_Factual,22802,0.6209111213684082,-0.20316895842552185,-0.7809590697288513,,
47,neuron_activation,Hallucinations_vs_Factual,17809,0.5924728512763977,-0.11594678461551666,-0.28451430797576904,,
47,neuron_activation,Hallucinations_vs_Factual,23857,0.5806084275245667,-0.03185955062508583,-0.3556598126888275,,
47,neuron_activation,Hallucinations_vs_Factual,23687,0.5767603516578674,-0.07582640647888184,-0.2478579878807068,,
47,neuron_activation,Hallucinations_vs_Factual,4124,0.5761712789535522,-0.05290837585926056,-0.21037055552005768,,
47,neuron_activation,Hallucinations_vs_Factual,23346,0.5753620266914368,0.001675578416325152,-0.1412602812051773,,
47,neuron_activation,Hallucinations_vs_Factual,11156,0.5641874670982361,-0.038790587335824966,-0.20071333646774292,,
47,neuron_activation,Hallucinations_vs_Factual,11870,0.5575502514839172,0.03706466779112816,-0.08500884473323822,,
48,neuron_activation,Impossible_vs_Factual,20528,0.6811933517456055,-0.24939776957035065,-0.9799187183380127,,
48,neuron_activation,Impossible_vs_Factual,21267,0.6688231229782104,0.08883706480264664,-0.07530432939529419,,
48,neuron_activation,Impossible_vs_Factual,2377,0.6607632637023926,-0.06418084353208542,-0.23791316151618958,,
48,neuron_activation,Impossible_vs_Factual,24035,0.6412378549575806,-0.03916431963443756,-0.22207015752792358,,
48,neuron_activation,Impossible_vs_Factual,12069,0.6346330046653748,-0.01694699190557003,-0.19244042038917542,,
48,neuron_activation,Impossible_vs_Factual,12806,0.6182593703269958,0.25265055894851685,0.06442202627658844,,
48,neuron_activation,Impossible_vs_Factual,17070,0.6154435276985168,0.05642475187778473,-0.17987841367721558,,
48,neuron_activation,Impossible_vs_Factual,2912,0.609157383441925,-0.10546258836984634,-0.27866917848587036,,
48,neuron_activation,Impossible_vs_Factual,1658,0.6087449193000793,0.08329468965530396,-0.08376426249742508,,
48,neuron_activation,Impossible_vs_Factual,17952,0.5970394015312195,0.07155852019786835,-0.3387405574321747,,
48,neuron_activation,Hallucinations_vs_Factual,2377,0.7112419605255127,-0.053255997598171234,-0.23791316151618958,,
48,neuron_activation,Hallucinations_vs_Factual,2071,0.6921341419219971,-0.1693255454301834,-1.3285020589828491,,
48,neuron_activation,Hallucinations_vs_Factual,11026,0.6757491230964661,0.10708913952112198,-0.051072701811790466,,
48,neuron_activation,Hallucinations_vs_Factual,3251,0.6286511421203613,-0.02638878859579563,-0.19903413951396942,,
48,neuron_activation,Hallucinations_vs_Factual,3752,0.6267919540405273,-0.06623781472444534,-0.42011916637420654,,
48,neuron_activation,Hallucinations_vs_Factual,20528,0.5892857313156128,-0.3253677487373352,-0.9799187183380127,,
48,neuron_activation,Hallucinations_vs_Factual,14979,0.5887330770492554,0.0168894175440073,-0.16574464738368988,,
48,neuron_activation,Hallucinations_vs_Factual,651,0.5738522410392761,0.032615069299936295,-0.1238747239112854,,
48,neuron_activation,Hallucinations_vs_Factual,18583,0.5737300515174866,-0.03514808043837547,-0.2290266454219818,,
48,neuron_activation,Hallucinations_vs_Factual,18918,0.5662477016448975,0.08658329397439957,-0.07065427303314209,,
49,neuron_activation,Impossible_vs_Factual,7778,0.693117618560791,-0.21501986682415009,-1.3268332481384277,,
49,neuron_activation,Impossible_vs_Factual,3300,0.6490874886512756,0.0657418966293335,-0.6225424408912659,,
49,neuron_activation,Impossible_vs_Factual,10071,0.6098925471305847,0.07866386324167252,-0.07939790189266205,,
49,neuron_activation,Impossible_vs_Factual,23,0.6056976914405823,0.061772119253873825,-0.10633045434951782,,
49,neuron_activation,Impossible_vs_Factual,12973,0.6019490957260132,-0.07978420704603195,-0.5524771809577942,,
49,neuron_activation,Impossible_vs_Factual,14743,0.5902643203735352,0.13828828930854797,-0.05666424706578255,,
49,neuron_activation,Impossible_vs_Factual,3604,0.5851778388023376,-0.0037179109640419483,-0.3019605875015259,,
49,neuron_activation,Impossible_vs_Factual,610,0.584056556224823,-0.010916736908257008,-0.17868851125240326,,
49,neuron_activation,Impossible_vs_Factual,1996,0.583121120929718,-0.022207582369446754,-0.17148448526859283,,
49,neuron_activation,Impossible_vs_Factual,7112,0.5764409303665161,-0.017850225791335106,-0.19274109601974487,,
49,neuron_activation,Hallucinations_vs_Factual,18567,0.6997323036193848,-0.03496004641056061,-0.23648162186145782,,
49,neuron_activation,Hallucinations_vs_Factual,10889,0.6058324575424194,0.0237871240824461,-0.21125547587871552,,
49,neuron_activation,Hallucinations_vs_Factual,25036,0.5896657109260559,-0.15752087533473969,-0.4297201931476593,,
49,neuron_activation,Hallucinations_vs_Factual,3604,0.5738686919212341,0.00343915238045156,-0.3019605875015259,,
49,neuron_activation,Hallucinations_vs_Factual,11174,0.5605570077896118,-0.03752696141600609,-0.22138184309005737,,
49,neuron_activation,Hallucinations_vs_Factual,14342,0.5564967393875122,-0.23338544368743896,-0.5486043691635132,,
49,neuron_activation,Hallucinations_vs_Factual,3416,0.5532262921333313,-0.06417753547430038,-0.25137007236480713,,
49,neuron_activation,Hallucinations_vs_Factual,18313,0.5508220195770264,-0.03812205046415329,-1.172987461090088,,
49,neuron_activation,Hallucinations_vs_Factual,10662,0.5473595261573792,-0.10226611793041229,-0.333257794380188,,
49,neuron_activation,Hallucinations_vs_Factual,10702,0.5454756617546082,-0.07272154837846756,-0.2492079883813858,,
50,neuron_activation,Impossible_vs_Factual,9368,0.649345338344574,0.22957168519496918,-0.5302927494049072,,
50,neuron_activation,Impossible_vs_Factual,20272,0.6435111165046692,-0.1408986896276474,-1.3015999794006348,,
50,neuron_activation,Impossible_vs_Factual,22374,0.6253615021705627,-0.09807709604501724,-0.2956472933292389,,
50,neuron_activation,Impossible_vs_Factual,9319,0.612281322479248,0.01269563753157854,-0.16669167578220367,,
50,neuron_activation,Impossible_vs_Factual,12269,0.6118533611297607,-0.06723763048648834,-0.2914418876171112,,
50,neuron_activation,Impossible_vs_Factual,13815,0.6111258268356323,-0.0006605455419048667,-0.2428552806377411,,
50,neuron_activation,Impossible_vs_Factual,6153,0.602907121181488,0.014137554913759232,-0.3545752167701721,,
50,neuron_activation,Impossible_vs_Factual,23997,0.600560188293457,-0.15056811273097992,-1.3685314655303955,,
50,neuron_activation,Impossible_vs_Factual,18420,0.6001796722412109,-0.014039845205843449,-0.19418662786483765,,
50,neuron_activation,Impossible_vs_Factual,17374,0.5803454518318176,-0.003933084663003683,-0.14843504130840302,,
50,neuron_activation,Hallucinations_vs_Factual,2351,0.5874239802360535,0.008440099656581879,-0.18933770060539246,,
50,neuron_activation,Hallucinations_vs_Factual,10326,0.5498345494270325,0.15963590145111084,-0.001834273338317871,,
50,neuron_activation,Hallucinations_vs_Factual,18213,0.5483392477035522,-0.09399336576461792,-0.24929113686084747,,
50,neuron_activation,Hallucinations_vs_Factual,10162,0.5369003415107727,-0.10456664115190506,-0.2857264578342438,,
50,neuron_activation,Hallucinations_vs_Factual,941,0.5344820618629456,-0.08246593177318573,-0.24800974130630493,,
50,neuron_activation,Hallucinations_vs_Factual,25545,0.530168354511261,-0.07700291275978088,-0.24831059575080872,,
50,neuron_activation,Hallucinations_vs_Factual,12269,0.5236459374427795,-0.08045728504657745,-0.2914418876171112,,
50,neuron_activation,Hallucinations_vs_Factual,22374,0.5192826986312866,-0.10994021594524384,-0.2956472933292389,,
50,neuron_activation,Hallucinations_vs_Factual,25083,0.5149030685424805,0.04827975481748581,-0.16618415713310242,,
50,neuron_activation,Hallucinations_vs_Factual,11555,0.513982892036438,-0.10941285640001297,-0.28020453453063965,,
51,neuron_activation,Impossible_vs_Factual,2303,0.6730557084083557,-0.17569537460803986,-0.49139782786369324,,
51,neuron_activation,Impossible_vs_Factual,867,0.6131718158721924,0.07284826040267944,-0.14035330712795258,,
51,neuron_activation,Impossible_vs_Factual,23346,0.5818637609481812,-0.16158504784107208,-0.3842463195323944,,
51,neuron_activation,Impossible_vs_Factual,10768,0.5817428231239319,-0.0012054024264216423,-0.999370276927948,,
51,neuron_activation,Impossible_vs_Factual,889,0.5698908567428589,-2.0529258251190186,-4.727079391479492,,
51,neuron_activation,Impossible_vs_Factual,20081,0.5673297047615051,0.008906425908207893,-0.15305501222610474,,
51,neuron_activation,Impossible_vs_Factual,17588,0.5648528933525085,0.03281886875629425,-0.13037538528442383,,
51,neuron_activation,Impossible_vs_Factual,22022,0.5610719919204712,-0.0416756235063076,-0.22037722170352936,,
51,neuron_activation,Impossible_vs_Factual,17250,0.5472886562347412,0.02123178169131279,-0.17586001753807068,,
51,neuron_activation,Impossible_vs_Factual,15504,0.5435963869094849,-0.1640043556690216,-1.1105538606643677,,
51,neuron_activation,Hallucinations_vs_Factual,22022,0.5912723541259766,-0.03552351891994476,-0.22037722170352936,,
51,neuron_activation,Hallucinations_vs_Factual,889,0.5785382390022278,-2.003077507019043,-4.727079391479492,,
51,neuron_activation,Hallucinations_vs_Factual,10768,0.5647638440132141,0.09458182007074356,-0.999370276927948,,
51,neuron_activation,Hallucinations_vs_Factual,7660,0.5211274027824402,0.12280932813882828,-0.04563124477863312,,
51,neuron_activation,Hallucinations_vs_Factual,25146,0.5012232661247253,-0.01965794526040554,-0.1692821979522705,,
51,neuron_activation,Hallucinations_vs_Factual,19977,0.5005648732185364,-0.09047722816467285,-0.8747013211250305,,
51,neuron_activation,Hallucinations_vs_Factual,4010,0.4996934235095978,0.07514546811580658,-0.09191135317087173,,
51,neuron_activation,Hallucinations_vs_Factual,9107,0.4989040493965149,-0.37358400225639343,-2.0824952125549316,,
51,neuron_activation,Hallucinations_vs_Factual,21304,0.4982846677303314,-0.01027061976492405,-0.23169869184494019,,
51,neuron_activation,Hallucinations_vs_Factual,15872,0.4959949851036072,0.05099593102931976,-0.13468553125858307,,
52,neuron_activation,Impossible_vs_Factual,11116,0.6616259217262268,0.1582455337047577,-0.07563434541225433,,
52,neuron_activation,Impossible_vs_Factual,11618,0.587155818939209,0.17109578847885132,-0.05445363000035286,,
52,neuron_activation,Impossible_vs_Factual,14153,0.5839581489562988,-0.10131175071001053,-0.37330952286720276,,
52,neuron_activation,Impossible_vs_Factual,10831,0.5756686329841614,-0.0962577685713768,-1.0883667469024658,,
52,neuron_activation,Impossible_vs_Factual,7742,0.5711906552314758,0.004099204204976559,-0.18305042386054993,,
52,neuron_activation,Impossible_vs_Factual,9172,0.5657206773757935,0.01590205729007721,-0.17138828337192535,,
52,neuron_activation,Impossible_vs_Factual,6529,0.554390549659729,6.631749629974365,2.3093373775482178,,
52,neuron_activation,Impossible_vs_Factual,7371,0.5434956550598145,-0.03708693012595177,-0.6311569213867188,,
52,neuron_activation,Impossible_vs_Factual,19018,0.5390224456787109,0.1746329814195633,-0.03642359375953674,,
52,neuron_activation,Impossible_vs_Factual,1547,0.5340947508811951,-0.027068208903074265,-0.2488580346107483,,
52,neuron_activation,Hallucinations_vs_Factual,631,0.5504078269004822,1.0106053352355957,0.03378007188439369,,
52,neuron_activation,Hallucinations_vs_Factual,1676,0.5353627800941467,-0.2681509256362915,-2.093461751937866,,
52,neuron_activation,Hallucinations_vs_Factual,23204,0.5266412496566772,-0.04257417842745781,-0.2676019072532654,,
52,neuron_activation,Hallucinations_vs_Factual,19880,0.5192852020263672,-0.030647864565253258,-0.21081264317035675,,
52,neuron_activation,Hallucinations_vs_Factual,9444,0.5170494914054871,-0.07536161690950394,-0.2799191176891327,,
52,neuron_activation,Hallucinations_vs_Factual,8459,0.515549898147583,0.04204551875591278,-0.14260052144527435,,
52,neuron_activation,Hallucinations_vs_Factual,5050,0.5102848410606384,-0.03611806407570839,-0.27724623680114746,,
52,neuron_activation,Hallucinations_vs_Factual,11392,0.5095105171203613,-0.07278139144182205,-1.1353148221969604,,
52,neuron_activation,Hallucinations_vs_Factual,18010,0.5091426372528076,0.06375529617071152,-0.11261538416147232,,
52,neuron_activation,Hallucinations_vs_Factual,19375,0.5091025233268738,-0.07733511924743652,-0.3317134976387024,,
53,neuron_activation,Impossible_vs_Factual,10012,0.5803124904632568,0.17784929275512695,-0.06956557184457779,,
53,neuron_activation,Impossible_vs_Factual,17219,0.566163957118988,0.12294831871986389,-0.7512915134429932,,
53,neuron_activation,Impossible_vs_Factual,20920,0.5545119643211365,0.23970550298690796,0.04237459599971771,,
53,neuron_activation,Impossible_vs_Factual,18726,0.5457187294960022,-0.08776755630970001,-0.2895759642124176,,
53,neuron_activation,Impossible_vs_Factual,18587,0.5395426750183105,0.04005403444170952,-0.16346809267997742,,
53,neuron_activation,Impossible_vs_Factual,24580,0.5264140963554382,0.04432858154177666,-0.19549798965454102,,
53,neuron_activation,Impossible_vs_Factual,18891,0.52167147397995,0.008970897644758224,-0.18594886362552643,,
53,neuron_activation,Impossible_vs_Factual,1271,0.5143965482711792,0.22044366598129272,0.016138417646288872,,
53,neuron_activation,Impossible_vs_Factual,11471,0.5129359364509583,-0.13660581409931183,-0.3223649263381958,,
53,neuron_activation,Impossible_vs_Factual,22962,0.508540153503418,0.20414644479751587,0.04858797788619995,,
53,neuron_activation,Hallucinations_vs_Factual,8355,0.576438307762146,-0.18183018267154694,-1.7174654006958008,,
53,neuron_activation,Hallucinations_vs_Factual,10012,0.5096238255500793,0.15605394542217255,-0.06956557184457779,,
53,neuron_activation,Hallucinations_vs_Factual,6909,0.49359023571014404,0.36263489723205566,0.1633566915988922,,
53,neuron_activation,Hallucinations_vs_Factual,19064,0.4876634478569031,0.1343003809452057,-0.03770219534635544,,
53,neuron_activation,Hallucinations_vs_Factual,1123,0.4705631732940674,-0.0002200497838202864,-1.0709682703018188,,
53,neuron_activation,Hallucinations_vs_Factual,19792,0.4682367146015167,-0.07177655398845673,-0.2775859832763672,,
53,neuron_activation,Hallucinations_vs_Factual,12778,0.4644184112548828,-0.04012126848101616,-0.7868517637252808,,
53,neuron_activation,Hallucinations_vs_Factual,13832,0.46300551295280457,0.323113352060318,0.10663163661956787,,
53,neuron_activation,Hallucinations_vs_Factual,19048,0.4614894390106201,-0.055311281234025955,-0.2125532329082489,,
53,neuron_activation,Hallucinations_vs_Factual,9065,0.45946845412254333,-0.10891623049974442,-0.3014766275882721,,
54,neuron_activation,Impossible_vs_Factual,1754,0.5484578609466553,-0.019409868866205215,-1.533905029296875,,
54,neuron_activation,Impossible_vs_Factual,20659,0.5406395792961121,0.0856180489063263,-1.236331582069397,,
54,neuron_activation,Impossible_vs_Factual,6683,0.5378848910331726,0.49677160382270813,0.28549742698669434,,
54,neuron_activation,Impossible_vs_Factual,10096,0.5338526964187622,0.25257450342178345,0.047154054045677185,,
54,neuron_activation,Impossible_vs_Factual,20914,0.5134548544883728,-0.043664004653692245,-0.32575905323028564,,
54,neuron_activation,Impossible_vs_Factual,10659,0.5078297853469849,-0.3583436608314514,-3.270444393157959,,
54,neuron_activation,Impossible_vs_Factual,20461,0.5059750080108643,0.05407020449638367,-0.1437102109193802,,
54,neuron_activation,Impossible_vs_Factual,25521,0.5029112100601196,0.022698145359754562,-0.1982572078704834,,
54,neuron_activation,Impossible_vs_Factual,6075,0.49938300251960754,0.2545056939125061,0.07145870476961136,,
54,neuron_activation,Impossible_vs_Factual,14053,0.4703826308250427,0.17809949815273285,-0.5609695315361023,,
54,neuron_activation,Hallucinations_vs_Factual,1754,0.5254029631614685,-0.0237241480499506,-1.533905029296875,,
54,neuron_activation,Hallucinations_vs_Factual,17098,0.5008760690689087,-1.7099379301071167,-5.221828937530518,,
54,neuron_activation,Hallucinations_vs_Factual,13140,0.4988173842430115,-0.049512241035699844,-0.270784854888916,,
54,neuron_activation,Hallucinations_vs_Factual,19152,0.47917109727859497,0.008004328235983849,-0.17644736170768738,,
54,neuron_activation,Hallucinations_vs_Factual,13982,0.4585036337375641,1.0013478994369507,-0.013831503689289093,,
54,neuron_activation,Hallucinations_vs_Factual,1744,0.4511815905570984,0.05722308158874512,-0.17461815476417542,,
54,neuron_activation,Hallucinations_vs_Factual,23710,0.4496847987174988,-0.010370704345405102,-0.2453155666589737,,
54,neuron_activation,Hallucinations_vs_Factual,11197,0.4459587633609772,-0.2099630981683731,-1.1813910007476807,,
54,neuron_activation,Hallucinations_vs_Factual,1968,0.44532912969589233,-0.08225341141223907,-1.2381422519683838,,
54,neuron_activation,Hallucinations_vs_Factual,3589,0.4395759403705597,0.009340028278529644,-0.20876049995422363,,
55,neuron_activation,Impossible_vs_Factual,22774,0.531515896320343,0.02528066188097,-0.1799943447113037,,
55,neuron_activation,Impossible_vs_Factual,3106,0.5276880860328674,0.09900468587875366,-0.14079762995243073,,
55,neuron_activation,Impossible_vs_Factual,2940,0.4845746159553528,0.10554654151201248,-0.0883554071187973,,
55,neuron_activation,Impossible_vs_Factual,15398,0.48156312108039856,-0.1220233291387558,-0.2755334973335266,,
55,neuron_activation,Impossible_vs_Factual,19996,0.4731329381465912,0.08927374333143234,-0.15281371772289276,,
55,neuron_activation,Impossible_vs_Factual,5828,0.4730008542537689,0.22627119719982147,-0.015043867751955986,,
55,neuron_activation,Impossible_vs_Factual,12410,0.4655343294143677,0.15209676325321198,-0.08794232457876205,,
55,neuron_activation,Impossible_vs_Factual,6516,0.4610130786895752,-0.11040908843278885,-0.9847593903541565,,
55,neuron_activation,Impossible_vs_Factual,16952,0.45536544919013977,0.04970119893550873,-0.21576432883739471,,
55,neuron_activation,Impossible_vs_Factual,10471,0.45132654905319214,-0.2144329845905304,-0.5104616284370422,,
55,neuron_activation,Hallucinations_vs_Factual,18754,0.5291423201560974,0.05576464161276817,-0.17156848311424255,,
55,neuron_activation,Hallucinations_vs_Factual,3867,0.49769043922424316,-0.9540058374404907,-2.98138689994812,,
55,neuron_activation,Hallucinations_vs_Factual,206,0.49287086725234985,-1.5846281051635742,-3.684283494949341,,
55,neuron_activation,Hallucinations_vs_Factual,1310,0.49172452092170715,0.06217367574572563,-0.18464666604995728,,
55,neuron_activation,Hallucinations_vs_Factual,2878,0.4881947338581085,0.0975121557712555,-0.13900041580200195,,
55,neuron_activation,Hallucinations_vs_Factual,16322,0.4760967493057251,-0.5082365274429321,-0.8204643130302429,,
55,neuron_activation,Hallucinations_vs_Factual,12556,0.47396567463874817,-0.015852276235818863,-0.22510772943496704,,
55,neuron_activation,Hallucinations_vs_Factual,9415,0.46084168553352356,0.0014554293593391776,-0.19243353605270386,,
55,neuron_activation,Hallucinations_vs_Factual,23237,0.4445500075817108,0.1433483064174652,-0.06513106822967529,,
55,neuron_activation,Hallucinations_vs_Factual,21841,0.419847697019577,-0.2011323869228363,-0.46277686953544617,,
56,neuron_activation,Impossible_vs_Factual,601,0.5271446704864502,0.053927287459373474,-0.14618578553199768,,
56,neuron_activation,Impossible_vs_Factual,15199,0.525248110294342,-0.08186540007591248,-0.32535648345947266,,
56,neuron_activation,Impossible_vs_Factual,19573,0.4827447235584259,0.1817638874053955,-0.049142077565193176,,
56,neuron_activation,Impossible_vs_Factual,13468,0.4727027714252472,-0.4782096743583679,-1.968419075012207,,
56,neuron_activation,Impossible_vs_Factual,3702,0.47067198157310486,0.07329019904136658,-0.9018253684043884,,
56,neuron_activation,Impossible_vs_Factual,17839,0.46549421548843384,-0.0819464921951294,-0.32922741770744324,,
56,neuron_activation,Impossible_vs_Factual,1330,0.46022647619247437,-0.10009504854679108,-0.2927795648574829,,
56,neuron_activation,Impossible_vs_Factual,8453,0.4587632119655609,1.8335785865783691,-0.3975631892681122,,
56,neuron_activation,Impossible_vs_Factual,8030,0.4451409876346588,0.20281516015529633,-2.159169912338257,,
56,neuron_activation,Impossible_vs_Factual,8151,0.44332075119018555,0.4432251453399658,-0.497456818819046,,
56,neuron_activation,Hallucinations_vs_Factual,3702,0.4831642508506775,0.10851997882127762,-0.9018253684043884,,
56,neuron_activation,Hallucinations_vs_Factual,13468,0.4715583920478821,-0.500478208065033,-1.968419075012207,,
56,neuron_activation,Hallucinations_vs_Factual,3558,0.4553285539150238,-0.05884121358394623,-0.7182821035385132,,
56,neuron_activation,Hallucinations_vs_Factual,19573,0.4490925669670105,0.1588420867919922,-0.049142077565193176,,
56,neuron_activation,Hallucinations_vs_Factual,23638,0.4386558532714844,-0.2035062462091446,-1.5418330430984497,,
56,neuron_activation,Hallucinations_vs_Factual,22136,0.42937391996383667,-0.02162007987499237,-0.2059321105480194,,
56,neuron_activation,Hallucinations_vs_Factual,2145,0.4122074246406555,-0.32600897550582886,-0.5532002449035645,,
56,neuron_activation,Hallucinations_vs_Factual,25359,0.3912564516067505,0.014847973361611366,-0.1550755798816681,,
56,neuron_activation,Hallucinations_vs_Factual,16511,0.38949450850486755,-0.6341198682785034,-1.538935661315918,,
56,neuron_activation,Hallucinations_vs_Factual,15199,0.38800927996635437,-0.09451349824666977,-0.32535648345947266,,
57,neuron_activation,Impossible_vs_Factual,5050,0.5568756461143494,0.10478910058736801,-2.2735373973846436,,
57,neuron_activation,Impossible_vs_Factual,24144,0.46951374411582947,0.0905747264623642,-0.06622886657714844,,
57,neuron_activation,Impossible_vs_Factual,14685,0.46902114152908325,0.007849181070923805,-0.18431831896305084,,
57,neuron_activation,Impossible_vs_Factual,1284,0.4591989517211914,-0.09064924716949463,-2.2592952251434326,,
57,neuron_activation,Impossible_vs_Factual,6985,0.4277589023113251,-0.6496365070343018,-2.402254343032837,,
57,neuron_activation,Impossible_vs_Factual,11090,0.4096335768699646,0.05589557811617851,-0.12982018291950226,,
57,neuron_activation,Impossible_vs_Factual,20862,0.40595120191574097,-0.8374401926994324,-2.0571095943450928,,
57,neuron_activation,Impossible_vs_Factual,23742,0.3941826820373535,0.048302777111530304,-0.1688498705625534,,
57,neuron_activation,Impossible_vs_Factual,13664,0.39351004362106323,-0.1792374849319458,-0.37709465622901917,,
57,neuron_activation,Impossible_vs_Factual,22975,0.39221033453941345,-0.04687613993883133,-0.20954938232898712,,
57,neuron_activation,Hallucinations_vs_Factual,520,0.4876100420951843,-0.3860982656478882,-2.090454578399658,,
57,neuron_activation,Hallucinations_vs_Factual,5050,0.4266327917575836,-0.24424636363983154,-2.2735373973846436,,
57,neuron_activation,Hallucinations_vs_Factual,19525,0.38678470253944397,-0.07256576418876648,-0.23514121770858765,,
57,neuron_activation,Hallucinations_vs_Factual,7743,0.38627946376800537,-0.09269213676452637,-1.1074663400650024,,
57,neuron_activation,Hallucinations_vs_Factual,2357,0.3854916989803314,0.08130937814712524,-0.1037168875336647,,
57,neuron_activation,Hallucinations_vs_Factual,17793,0.3844870626926422,-0.09843585640192032,-0.2600797414779663,,
57,neuron_activation,Hallucinations_vs_Factual,24224,0.37514451146125793,-6.757622718811035,-13.31839370727539,,
57,neuron_activation,Hallucinations_vs_Factual,17721,0.3744523227214813,-0.01989229954779148,-0.24872170388698578,,
57,neuron_activation,Hallucinations_vs_Factual,4810,0.37215861678123474,-0.15290716290473938,-0.6774270534515381,,
57,neuron_activation,Hallucinations_vs_Factual,25073,0.36890003085136414,-0.04242066666483879,-0.22865231335163116,,
58,neuron_activation,Impossible_vs_Factual,841,0.7010068297386169,3.101815700531006,0.7241830229759216,,
58,neuron_activation,Impossible_vs_Factual,6381,0.44271305203437805,0.032150208950042725,-1.7438347339630127,,
58,neuron_activation,Impossible_vs_Factual,1048,0.44063737988471985,-0.6343088150024414,-2.778705596923828,,
58,neuron_activation,Impossible_vs_Factual,19961,0.4374980330467224,0.12032180279493332,-0.10037815570831299,,
58,neuron_activation,Impossible_vs_Factual,9359,0.4374440908432007,0.17299562692642212,-0.07054224610328674,,
58,neuron_activation,Impossible_vs_Factual,24472,0.38017845153808594,0.15512880682945251,-0.047273825854063034,,
58,neuron_activation,Impossible_vs_Factual,19104,0.377422571182251,0.11362595856189728,-0.09557784348726273,,
58,neuron_activation,Impossible_vs_Factual,2642,0.37673595547676086,0.066658616065979,-0.08436963707208633,,
58,neuron_activation,Impossible_vs_Factual,19574,0.37590834498405457,-0.01862611062824726,-0.19238168001174927,,
58,neuron_activation,Impossible_vs_Factual,14433,0.3751825988292694,0.32104727625846863,0.10154854506254196,,
58,neuron_activation,Hallucinations_vs_Factual,841,0.4434690773487091,2.232495069503784,0.7241830229759216,,
58,neuron_activation,Hallucinations_vs_Factual,17612,0.42839697003364563,-0.015201037749648094,-0.20670343935489655,,
58,neuron_activation,Hallucinations_vs_Factual,4150,0.4278896450996399,-0.04417438432574272,-0.2500295341014862,,
58,neuron_activation,Hallucinations_vs_Factual,1725,0.3890257775783539,-1.3486307859420776,-3.2912027835845947,,
58,neuron_activation,Hallucinations_vs_Factual,24499,0.3801889717578888,-0.0595422238111496,-0.23378613591194153,,
58,neuron_activation,Hallucinations_vs_Factual,23837,0.3627641499042511,-0.21812941133975983,-1.8782298564910889,,
58,neuron_activation,Hallucinations_vs_Factual,14433,0.3549743890762329,0.30867499113082886,0.10154854506254196,,
58,neuron_activation,Hallucinations_vs_Factual,14230,0.3518039882183075,0.1025204211473465,-0.04501478746533394,,
58,neuron_activation,Hallucinations_vs_Factual,18075,0.34615805745124817,-0.02236398681998253,-0.16944855451583862,,
58,neuron_activation,Hallucinations_vs_Factual,21390,0.3396227955818176,0.09137547016143799,-0.07667502760887146,,
59,neuron_activation,Impossible_vs_Factual,5810,0.45105284452438354,-1.2076303958892822,-5.143838882446289,,
59,neuron_activation,Impossible_vs_Factual,14521,0.4429062604904175,0.08452029526233673,-1.7354062795639038,,
59,neuron_activation,Impossible_vs_Factual,7478,0.42673301696777344,0.17280855774879456,-0.054985519498586655,,
59,neuron_activation,Impossible_vs_Factual,12604,0.4076579511165619,-0.3557438552379608,-2.1335535049438477,,
59,neuron_activation,Impossible_vs_Factual,2073,0.4064071774482727,0.12263388931751251,-0.08163374662399292,,
59,neuron_activation,Impossible_vs_Factual,17202,0.39076176285743713,-0.02281852625310421,-0.2667502462863922,,
59,neuron_activation,Impossible_vs_Factual,6892,0.38837406039237976,-0.2176113873720169,-1.5490093231201172,,
59,neuron_activation,Impossible_vs_Factual,11633,0.38756734132766724,1.057110071182251,0.12136421352624893,,
59,neuron_activation,Impossible_vs_Factual,8776,0.3852776885032654,0.635958194732666,0.36893320083618164,,
59,neuron_activation,Impossible_vs_Factual,7974,0.3838583528995514,0.55686354637146,0.32423001527786255,,
59,neuron_activation,Hallucinations_vs_Factual,21021,0.367330938577652,-0.8136392831802368,-2.785210371017456,,
59,neuron_activation,Hallucinations_vs_Factual,5810,0.35062310099601746,-1.8792407512664795,-5.143838882446289,,
59,neuron_activation,Hallucinations_vs_Factual,518,0.34974977374076843,-0.19820575416088104,-0.48845988512039185,,
59,neuron_activation,Hallucinations_vs_Factual,9950,0.34438249468803406,-0.03198537975549698,-0.25358152389526367,,
59,neuron_activation,Hallucinations_vs_Factual,22248,0.3414399027824402,4.780339241027832,1.3979911804199219,,
59,neuron_activation,Hallucinations_vs_Factual,62,0.33830758929252625,-0.012926892377436161,-0.19086569547653198,,
59,neuron_activation,Hallucinations_vs_Factual,5715,0.33710652589797974,-1.7085400819778442,-3.639331579208374,,
59,neuron_activation,Hallucinations_vs_Factual,14521,0.33701616525650024,-0.1612669825553894,-1.7354062795639038,,
59,neuron_activation,Hallucinations_vs_Factual,18607,0.3284681439399719,0.12601369619369507,0.0005274203140288591,,
59,neuron_activation,Hallucinations_vs_Factual,3715,0.3274862766265869,-0.9714774489402771,-3.2005982398986816,,
60,neuron_activation,Impossible_vs_Factual,25418,0.4799734055995941,0.05894913896918297,-2.3805227279663086,,
60,neuron_activation,Impossible_vs_Factual,11576,0.4337451159954071,-10.693154335021973,-20.43111228942871,,
60,neuron_activation,Impossible_vs_Factual,15958,0.42870858311653137,-0.14814411103725433,-1.2245067358016968,,
60,neuron_activation,Impossible_vs_Factual,855,0.42277058959007263,-2.8649585247039795,-8.005901336669922,,
60,neuron_activation,Impossible_vs_Factual,3811,0.4189414978027344,-0.16551527380943298,-1.2840396165847778,,
60,neuron_activation,Impossible_vs_Factual,12303,0.4186643660068512,-0.22233475744724274,-3.8005001544952393,,
60,neuron_activation,Impossible_vs_Factual,10215,0.41741666197776794,-3.5446481704711914,-9.078598022460938,,
60,neuron_activation,Impossible_vs_Factual,15549,0.4164043664932251,0.43131551146507263,-0.2656070590019226,,
60,neuron_activation,Impossible_vs_Factual,12881,0.4111710488796234,-0.12929223477840424,-2.5664265155792236,,
60,neuron_activation,Impossible_vs_Factual,8001,0.41078394651412964,0.8382601141929626,-2.1271872520446777,,
60,neuron_activation,Hallucinations_vs_Factual,10215,0.46369466185569763,-2.9864919185638428,-9.078598022460938,,
60,neuron_activation,Hallucinations_vs_Factual,3821,0.42179471254348755,0.10554299503564835,-2.562006950378418,,
60,neuron_activation,Hallucinations_vs_Factual,8500,0.41056737303733826,-0.1450585126876831,-2.606304883956909,,
60,neuron_activation,Hallucinations_vs_Factual,17496,0.37484002113342285,32.02861404418945,14.368310928344727,,
60,neuron_activation,Hallucinations_vs_Factual,25418,0.37446242570877075,-0.11610583961009979,-2.3805227279663086,,
60,neuron_activation,Hallucinations_vs_Factual,2019,0.374166339635849,-0.08818763494491577,-0.2298828661441803,,
60,neuron_activation,Hallucinations_vs_Factual,5046,0.37345564365386963,-3.7100577354431152,-9.260412216186523,,
60,neuron_activation,Hallucinations_vs_Factual,11576,0.36322593688964844,-11.844062805175781,-20.43111228942871,,
60,neuron_activation,Hallucinations_vs_Factual,8414,0.354251503944397,-0.11966396123170853,-2.615529775619507,,
60,neuron_activation,Hallucinations_vs_Factual,24363,0.3532163202762604,-0.047711603343486786,-0.2949505150318146,,
61,neuron_activation,Impossible_vs_Factual,12094,0.5684941411018372,-0.09107362478971481,-0.46401289105415344,,
61,neuron_activation,Impossible_vs_Factual,18997,0.5595563650131226,0.2607358992099762,0.06680447608232498,,
61,neuron_activation,Impossible_vs_Factual,7864,0.4995148777961731,0.3214929401874542,-4.260738372802734,,
61,neuron_activation,Impossible_vs_Factual,8014,0.49387866258621216,-0.4959782361984253,-2.7643845081329346,,
61,neuron_activation,Impossible_vs_Factual,12439,0.4852943420410156,-4.02573299407959,-7.959179878234863,,
61,neuron_activation,Impossible_vs_Factual,17639,0.4748666286468506,0.28660985827445984,0.09645576775074005,,
61,neuron_activation,Impossible_vs_Factual,10171,0.4698311984539032,0.15950161218643188,-1.203136920928955,,
61,neuron_activation,Impossible_vs_Factual,15367,0.4692310690879822,0.9478679895401001,-0.532253623008728,,
61,neuron_activation,Impossible_vs_Factual,13459,0.46437036991119385,-0.3153047263622284,-2.6618616580963135,,
61,neuron_activation,Impossible_vs_Factual,6505,0.4587913453578949,-1.6546825170516968,-5.75498104095459,,
61,neuron_activation,Hallucinations_vs_Factual,18997,0.5257658958435059,0.24283955991268158,0.06680447608232498,,
61,neuron_activation,Hallucinations_vs_Factual,12439,0.5157195329666138,-3.7721145153045654,-7.959179878234863,,
61,neuron_activation,Hallucinations_vs_Factual,10892,0.4518232047557831,-1.4453397989273071,-4.429391384124756,,
61,neuron_activation,Hallucinations_vs_Factual,13488,0.44207116961479187,0.44719576835632324,0.13909463584423065,,
61,neuron_activation,Hallucinations_vs_Factual,8014,0.43775874376296997,-0.5778940916061401,-2.7643845081329346,,
61,neuron_activation,Hallucinations_vs_Factual,1198,0.4198305606842041,-1.3370126485824585,-4.998865127563477,,
61,neuron_activation,Hallucinations_vs_Factual,1928,0.41031232476234436,-0.1408047378063202,-1.749833106994629,,
61,neuron_activation,Hallucinations_vs_Factual,7864,0.40440598130226135,-0.10009791702032089,-4.260738372802734,,
61,neuron_activation,Hallucinations_vs_Factual,11862,0.3948536217212677,-0.8890718817710876,-4.570948123931885,,
61,neuron_activation,Hallucinations_vs_Factual,9740,0.39423868060112,-0.27091386914253235,-1.7127175331115723,,
62,neuron_activation,Impossible_vs_Factual,12600,0.5983049869537354,-1.3491407632827759,-6.499444484710693,,
62,neuron_activation,Impossible_vs_Factual,3373,0.5573380589485168,-0.4096868336200714,-5.4273481369018555,,
62,neuron_activation,Impossible_vs_Factual,22495,0.5306112766265869,6.872438430786133,0.6180199384689331,,
62,neuron_activation,Impossible_vs_Factual,20960,0.517745852470398,-1.2258155345916748,-4.801137447357178,,
62,neuron_activation,Impossible_vs_Factual,7524,0.5144794583320618,0.28274068236351013,-1.172062873840332,,
62,neuron_activation,Impossible_vs_Factual,1264,0.5038344264030457,-4.917418003082275,-33.160892486572266,,
62,neuron_activation,Impossible_vs_Factual,3003,0.4984242916107178,-10.358796119689941,-22.361936569213867,,
62,neuron_activation,Impossible_vs_Factual,7203,0.4908551871776581,-0.7904196381568909,-4.218327045440674,,
62,neuron_activation,Impossible_vs_Factual,5926,0.4901837706565857,12.912259101867676,0.6532973051071167,,
62,neuron_activation,Impossible_vs_Factual,10424,0.48378613591194153,-1.5677484273910522,-8.517695426940918,,
62,neuron_activation,Hallucinations_vs_Factual,21732,0.5192204713821411,-0.5771052241325378,-3.5226247310638428,,
62,neuron_activation,Hallucinations_vs_Factual,12600,0.48887625336647034,-1.9947432279586792,-6.499444484710693,,
62,neuron_activation,Hallucinations_vs_Factual,13727,0.4871025085449219,-2.259603977203369,-8.956975936889648,,
62,neuron_activation,Hallucinations_vs_Factual,2948,0.48553264141082764,1.7655644416809082,-0.23386263847351074,,
62,neuron_activation,Hallucinations_vs_Factual,13053,0.4721677303314209,-1.131221055984497,-5.869174480438232,,
62,neuron_activation,Hallucinations_vs_Factual,14733,0.4592060446739197,-2.194027900695801,-8.572324752807617,,
62,neuron_activation,Hallucinations_vs_Factual,20960,0.45593398809432983,-1.4263839721679688,-4.801137447357178,,
62,neuron_activation,Hallucinations_vs_Factual,1293,0.4419441819190979,-0.5789328217506409,-2.934722423553467,,
62,neuron_activation,Hallucinations_vs_Factual,10373,0.4416252374649048,-1.7230910062789917,-6.222291469573975,,
62,neuron_activation,Hallucinations_vs_Factual,20262,0.4411449730396271,-2.9567222595214844,-7.067259788513184,,
63,neuron_activation,Impossible_vs_Factual,9109,0.5569071173667908,11.019513130187988,-4.544435024261475,,
63,neuron_activation,Impossible_vs_Factual,11470,0.550177812576294,10.208436965942383,3.386131525039673,,
63,neuron_activation,Impossible_vs_Factual,18295,0.5196477174758911,2.2392148971557617,-3.282362937927246,,
63,neuron_activation,Impossible_vs_Factual,10022,0.51712965965271,13.541037559509277,-11.065008163452148,,
63,neuron_activation,Impossible_vs_Factual,2369,0.5129418969154358,-8.518689155578613,-50.60954666137695,,
63,neuron_activation,Impossible_vs_Factual,18722,0.5112320184707642,0.26876550912857056,0.04854431748390198,,
63,neuron_activation,Impossible_vs_Factual,7582,0.5059947371482849,-0.08752011507749557,-0.28526532649993896,,
63,neuron_activation,Impossible_vs_Factual,1312,0.5048574209213257,6.925170421600342,-4.9524126052856445,,
63,neuron_activation,Impossible_vs_Factual,898,0.4956227242946625,-0.03457639738917351,-0.20933207869529724,,
63,neuron_activation,Impossible_vs_Factual,8816,0.49314308166503906,-1.472931981086731,-4.625582695007324,,
63,neuron_activation,Hallucinations_vs_Factual,15623,0.5604904890060425,5.2121686935424805,-2.054409980773926,,
63,neuron_activation,Hallucinations_vs_Factual,1368,0.5389372110366821,-4.3613505363464355,-18.294208526611328,,
63,neuron_activation,Hallucinations_vs_Factual,9109,0.5317099690437317,10.827184677124023,-4.544435024261475,,
63,neuron_activation,Hallucinations_vs_Factual,23876,0.5132601857185364,-2.770350933074951,-11.962207794189453,,
63,neuron_activation,Hallucinations_vs_Factual,20027,0.4819636642932892,-0.47769707441329956,-2.593369722366333,,
63,neuron_activation,Hallucinations_vs_Factual,1021,0.4735425114631653,-0.3744470775127411,-7.164634704589844,,
63,neuron_activation,Hallucinations_vs_Factual,10532,0.4552544951438904,3.844111442565918,-1.334721326828003,,
63,neuron_activation,Hallucinations_vs_Factual,12968,0.44522273540496826,-6.760211944580078,-17.37166404724121,,
63,neuron_activation,Hallucinations_vs_Factual,3714,0.4408408999443054,0.09741728752851486,0.03940773755311966,,
63,neuron_activation,Hallucinations_vs_Factual,8816,0.4398646354675293,-1.486657738685608,-4.625582695007324,,
0,head_entropy,Impossible_vs_Factual,31,0.43114781379699707,,,1.5755857229232788,1.1444379091262817
0,head_entropy,Impossible_vs_Factual,59,0.4196169376373291,,,1.3427966833114624,0.9231797456741333
0,head_entropy,Impossible_vs_Factual,53,0.3867342472076416,,,1.4485914707183838,1.0618572235107422
0,head_entropy,Impossible_vs_Factual,26,0.3854557275772095,,,1.5650097131729126,1.1795539855957031
0,head_entropy,Impossible_vs_Factual,46,-0.3406752347946167,,,0.5299279093742371,0.8706031441688538
0,head_entropy,Impossible_vs_Factual,55,0.33994555473327637,,,1.3828125,1.0428669452667236
0,head_entropy,Impossible_vs_Factual,57,0.32760167121887207,,,1.328027606010437,1.000425934791565
0,head_entropy,Impossible_vs_Factual,39,-0.3251190185546875,,,0.8836914300918579,1.2088104486465454
0,head_entropy,Impossible_vs_Factual,38,-0.30976879596710205,,,0.580876886844635,0.8906456828117371
0,head_entropy,Impossible_vs_Factual,52,0.30905818939208984,,,1.2796714305877686,0.9706132411956787
0,head_entropy,Hallucinations_vs_Factual,31,0.5252028703689575,,,1.6696407794952393,1.1444379091262817
0,head_entropy,Hallucinations_vs_Factual,26,0.5196081399917603,,,1.6991621255874634,1.1795539855957031
0,head_entropy,Hallucinations_vs_Factual,59,0.5050965547561646,,,1.4282763004302979,0.9231797456741333
0,head_entropy,Hallucinations_vs_Factual,52,0.502461314201355,,,1.4730745553970337,0.9706132411956787
0,head_entropy,Hallucinations_vs_Factual,53,0.487410306930542,,,1.5492675304412842,1.0618572235107422
0,head_entropy,Hallucinations_vs_Factual,57,0.4735952615737915,,,1.4740211963653564,1.000425934791565
0,head_entropy,Hallucinations_vs_Factual,29,0.44082069396972656,,,1.8044613599777222,1.3636406660079956
0,head_entropy,Hallucinations_vs_Factual,5,0.440250039100647,,,1.7649765014648438,1.3247264623641968
0,head_entropy,Hallucinations_vs_Factual,62,0.4398592710494995,,,1.659242033958435,1.2193827629089355
0,head_entropy,Hallucinations_vs_Factual,15,0.43589305877685547,,,1.5993107557296753,1.1634176969528198
1,head_entropy,Impossible_vs_Factual,0,0.4447862505912781,,,0.9202080368995667,0.4754217863082886
1,head_entropy,Impossible_vs_Factual,23,0.3891172409057617,,,1.724265694618225,1.3351484537124634
1,head_entropy,Impossible_vs_Factual,47,0.36949968338012695,,,1.5974998474121094,1.2280001640319824
1,head_entropy,Impossible_vs_Factual,54,0.3184722661972046,,,1.4972419738769531,1.1787697076797485
1,head_entropy,Impossible_vs_Factual,36,0.29846781492233276,,,1.0077850818634033,0.7093172669410706
1,head_entropy,Impossible_vs_Factual,16,0.28086721897125244,,,1.9741483926773071,1.6932811737060547
1,head_entropy,Impossible_vs_Factual,19,0.27748405933380127,,,1.9632536172866821,1.6857695579528809
1,head_entropy,Impossible_vs_Factual,17,-0.24930870532989502,,,1.4970275163650513,1.7463362216949463
1,head_entropy,Impossible_vs_Factual,22,0.2492731809616089,,,1.4886443614959717,1.2393711805343628
1,head_entropy,Impossible_vs_Factual,20,0.24505460262298584,,,1.5978904962539673,1.3528358936309814
1,head_entropy,Hallucinations_vs_Factual,23,0.6224532127380371,,,1.9576016664505005,1.3351484537124634
1,head_entropy,Hallucinations_vs_Factual,24,0.5390468835830688,,,1.6270153522491455,1.0879684686660767
1,head_entropy,Hallucinations_vs_Factual,47,0.4827069044113159,,,1.7107070684432983,1.2280001640319824
1,head_entropy,Hallucinations_vs_Factual,16,0.4662654399871826,,,2.1595466136932373,1.6932811737060547
1,head_entropy,Hallucinations_vs_Factual,30,0.4493907690048218,,,1.917531132698059,1.4681403636932373
1,head_entropy,Hallucinations_vs_Factual,19,0.4438161849975586,,,2.1295857429504395,1.6857695579528809
1,head_entropy,Hallucinations_vs_Factual,0,0.4181748032569885,,,0.8935965895652771,0.4754217863082886
1,head_entropy,Hallucinations_vs_Factual,20,0.37571072578430176,,,1.7285466194152832,1.3528358936309814
1,head_entropy,Hallucinations_vs_Factual,36,0.3713642954826355,,,1.080681562423706,0.7093172669410706
1,head_entropy,Hallucinations_vs_Factual,35,0.36224526166915894,,,1.2482990026474,0.886053740978241
2,head_entropy,Impossible_vs_Factual,30,0.3738044500350952,,,1.0185661315917969,0.6447616815567017
2,head_entropy,Impossible_vs_Factual,50,0.2726876139640808,,,1.166660189628601,0.8939725756645203
2,head_entropy,Impossible_vs_Factual,51,0.2620137929916382,,,0.9747695326805115,0.7127557396888733
2,head_entropy,Impossible_vs_Factual,25,0.2075188159942627,,,1.2798080444335938,1.072289228439331
2,head_entropy,Impossible_vs_Factual,49,0.19510197639465332,,,1.368937611579895,1.1738356351852417
2,head_entropy,Impossible_vs_Factual,42,0.17103946208953857,,,1.2137112617492676,1.042671799659729
2,head_entropy,Impossible_vs_Factual,45,0.16625374555587769,,,1.152691125869751,0.9864373803138733
2,head_entropy,Impossible_vs_Factual,48,-0.15304654836654663,,,0.9251084923744202,1.0781550407409668
2,head_entropy,Impossible_vs_Factual,17,0.14918583631515503,,,0.9279609322547913,0.7787750959396362
2,head_entropy,Impossible_vs_Factual,6,0.14305073022842407,,,1.102089762687683,0.959039032459259
2,head_entropy,Hallucinations_vs_Factual,30,0.4690861701965332,,,1.1138478517532349,0.6447616815567017
2,head_entropy,Hallucinations_vs_Factual,54,0.4182264804840088,,,1.8957536220550537,1.477527141571045
2,head_entropy,Hallucinations_vs_Factual,51,0.3747674822807312,,,1.0875232219696045,0.7127557396888733
2,head_entropy,Hallucinations_vs_Factual,5,0.36742186546325684,,,2.2530934810638428,1.885671615600586
2,head_entropy,Hallucinations_vs_Factual,50,0.36030083894729614,,,1.2542734146118164,0.8939725756645203
2,head_entropy,Hallucinations_vs_Factual,3,0.32868778705596924,,,2.109375238418579,1.7806874513626099
2,head_entropy,Hallucinations_vs_Factual,22,0.3059804439544678,,,1.5206795930862427,1.214699149131775
2,head_entropy,Hallucinations_vs_Factual,6,0.29732006788253784,,,1.2563591003417969,0.959039032459259
2,head_entropy,Hallucinations_vs_Factual,53,0.2902935743331909,,,1.5766918659210205,1.2863982915878296
2,head_entropy,Hallucinations_vs_Factual,2,0.2788592576980591,,,2.0232107639312744,1.7443515062332153
3,head_entropy,Impossible_vs_Factual,45,0.34640204906463623,,,1.0532810688018799,0.7068790197372437
3,head_entropy,Impossible_vs_Factual,29,0.3426022529602051,,,1.108216404914856,0.7656141519546509
3,head_entropy,Impossible_vs_Factual,26,0.3040388226509094,,,1.0248475074768066,0.7208086848258972
3,head_entropy,Impossible_vs_Factual,37,0.2784801721572876,,,1.0453553199768066,0.766875147819519
3,head_entropy,Impossible_vs_Factual,40,-0.22565823793411255,,,0.9362344145774841,1.1618926525115967
3,head_entropy,Impossible_vs_Factual,14,0.18976950645446777,,,1.0859121084213257,0.8961426019668579
3,head_entropy,Impossible_vs_Factual,43,-0.18641597032546997,,,0.905572235584259,1.091988205909729
3,head_entropy,Impossible_vs_Factual,46,0.18521511554718018,,,1.1919883489608765,1.0067732334136963
3,head_entropy,Impossible_vs_Factual,13,0.17553937435150146,,,1.468078374862671,1.2925390005111694
3,head_entropy,Impossible_vs_Factual,34,0.16796886920928955,,,1.4347891807556152,1.2668203115463257
3,head_entropy,Hallucinations_vs_Factual,29,0.4542195796966553,,,1.2198337316513062,0.7656141519546509
3,head_entropy,Hallucinations_vs_Factual,26,0.4441836476325989,,,1.164992332458496,0.7208086848258972
3,head_entropy,Hallucinations_vs_Factual,33,0.4433106780052185,,,1.3443281650543213,0.9010174870491028
3,head_entropy,Hallucinations_vs_Factual,45,0.35750436782836914,,,1.0643833875656128,0.7068790197372437
3,head_entropy,Hallucinations_vs_Factual,55,0.355671763420105,,,1.8677966594696045,1.5121248960494995
3,head_entropy,Hallucinations_vs_Factual,13,0.315812349319458,,,1.6083513498306274,1.2925390005111694
3,head_entropy,Hallucinations_vs_Factual,37,0.3022572994232178,,,1.0691324472427368,0.766875147819519
3,head_entropy,Hallucinations_vs_Factual,25,0.2850935459136963,,,1.8950155973434448,1.6099220514297485
3,head_entropy,Hallucinations_vs_Factual,50,0.25557827949523926,,,1.5338791608810425,1.2783008813858032
3,head_entropy,Hallucinations_vs_Factual,36,0.24395310878753662,,,1.4887930154800415,1.2448399066925049
4,head_entropy,Impossible_vs_Factual,52,0.5750146508216858,,,1.1059678792953491,0.5309532284736633
4,head_entropy,Impossible_vs_Factual,49,0.49401581287384033,,,1.0702189207077026,0.5762031078338623
4,head_entropy,Impossible_vs_Factual,61,0.33142173290252686,,,0.9713040590286255,0.6398823261260986
4,head_entropy,Impossible_vs_Factual,63,0.29596948623657227,,,1.437454104423523,1.1414846181869507
4,head_entropy,Impossible_vs_Factual,43,-0.2534061670303345,,,0.8781014680862427,1.1315076351165771
4,head_entropy,Impossible_vs_Factual,12,-0.2105640172958374,,,0.9270626306533813,1.1376266479492188
4,head_entropy,Impossible_vs_Factual,2,0.2087651491165161,,,1.4985309839248657,1.2897658348083496
4,head_entropy,Impossible_vs_Factual,8,-0.17801940441131592,,,1.1187382936477661,1.296757698059082
4,head_entropy,Impossible_vs_Factual,25,-0.15327703952789307,,,1.4472812414169312,1.6005582809448242
4,head_entropy,Impossible_vs_Factual,56,0.1503983736038208,,,1.368593692779541,1.2181953191757202
4,head_entropy,Hallucinations_vs_Factual,52,0.5552360415458679,,,1.0861892700195312,0.5309532284736633
4,head_entropy,Hallucinations_vs_Factual,49,0.46285927295684814,,,1.0390623807907104,0.5762031078338623
4,head_entropy,Hallucinations_vs_Factual,2,0.362937331199646,,,1.6527031660079956,1.2897658348083496
4,head_entropy,Hallucinations_vs_Factual,1,0.34669506549835205,,,1.7957262992858887,1.4490312337875366
4,head_entropy,Hallucinations_vs_Factual,63,0.3211402893066406,,,1.4626249074935913,1.1414846181869507
4,head_entropy,Hallucinations_vs_Factual,61,0.31172317266464233,,,0.951605498790741,0.6398823261260986
4,head_entropy,Hallucinations_vs_Factual,37,0.28519535064697266,,,2.1665077209472656,1.881312370300293
4,head_entropy,Hallucinations_vs_Factual,39,0.2363673448562622,,,1.6477384567260742,1.411371111869812
4,head_entropy,Hallucinations_vs_Factual,43,-0.22775959968566895,,,0.9037480354309082,1.1315076351165771
4,head_entropy,Hallucinations_vs_Factual,13,0.21824979782104492,,,1.5513904094696045,1.3331406116485596
5,head_entropy,Impossible_vs_Factual,55,0.3959996700286865,,,1.2727769613265991,0.8767772912979126
5,head_entropy,Impossible_vs_Factual,4,-0.3023192882537842,,,0.7618141174316406,1.0641334056854248
5,head_entropy,Impossible_vs_Factual,13,-0.27969610691070557,,,0.7988690137863159,1.0785651206970215
5,head_entropy,Impossible_vs_Factual,54,0.27114105224609375,,,1.5822504758834839,1.3111094236373901
5,head_entropy,Impossible_vs_Factual,47,0.26235273480415344,,,0.7467647790908813,0.4844120442867279
5,head_entropy,Impossible_vs_Factual,41,-0.25396108627319336,,,1.4678359031677246,1.721796989440918
5,head_entropy,Impossible_vs_Factual,23,0.24041402339935303,,,0.9505351185798645,0.7101210951805115
5,head_entropy,Impossible_vs_Factual,10,-0.23487842082977295,,,1.3410097360610962,1.5758881568908691
5,head_entropy,Impossible_vs_Factual,48,-0.22215282917022705,,,1.568077564239502,1.790230393409729
5,head_entropy,Impossible_vs_Factual,38,-0.21936827898025513,,,0.8620186448097229,1.081386923789978
5,head_entropy,Hallucinations_vs_Factual,55,0.6586174964904785,,,1.5353947877883911,0.8767772912979126
5,head_entropy,Hallucinations_vs_Factual,47,0.3655204474925995,,,0.8499324917793274,0.4844120442867279
5,head_entropy,Hallucinations_vs_Factual,10,-0.34504520893096924,,,1.2308429479599,1.5758881568908691
5,head_entropy,Hallucinations_vs_Factual,54,0.3233048915863037,,,1.6344143152236938,1.3111094236373901
5,head_entropy,Hallucinations_vs_Factual,13,-0.29871171712875366,,,0.7798534035682678,1.0785651206970215
5,head_entropy,Hallucinations_vs_Factual,4,-0.285084068775177,,,0.7790493369102478,1.0641334056854248
5,head_entropy,Hallucinations_vs_Factual,57,0.2846095561981201,,,1.8871876001358032,1.602578043937683
5,head_entropy,Hallucinations_vs_Factual,23,0.280479371547699,,,0.9906004667282104,0.7101210951805115
5,head_entropy,Hallucinations_vs_Factual,38,-0.2624782919883728,,,0.8189086318016052,1.081386923789978
5,head_entropy,Hallucinations_vs_Factual,60,0.24659383296966553,,,1.7209064960479736,1.474312663078308
6,head_entropy,Impossible_vs_Factual,14,-0.3337870240211487,,,0.5514837503433228,0.8852707743644714
6,head_entropy,Impossible_vs_Factual,16,0.23380494117736816,,,1.63253915309906,1.398734211921692
6,head_entropy,Impossible_vs_Factual,10,-0.21706652641296387,,,0.5435750484466553,0.7606415748596191
6,head_entropy,Impossible_vs_Factual,27,-0.21398848295211792,,,0.7934473156929016,1.0074357986450195
6,head_entropy,Impossible_vs_Factual,12,0.21099019050598145,,,0.7784411907196045,0.567451000213623
6,head_entropy,Impossible_vs_Factual,30,0.2061835527420044,,,1.391210913658142,1.1850273609161377
6,head_entropy,Impossible_vs_Factual,54,-0.19401657581329346,,,1.058595895767212,1.2526124715805054
6,head_entropy,Impossible_vs_Factual,51,-0.185709148645401,,,0.4571332037448883,0.6428423523902893
6,head_entropy,Impossible_vs_Factual,22,-0.16687226295471191,,,0.8089951276779175,0.9758673906326294
6,head_entropy,Impossible_vs_Factual,33,0.16035151481628418,,,0.9694609642028809,0.8091094493865967
6,head_entropy,Hallucinations_vs_Factual,14,-0.44031718373298645,,,0.444953590631485,0.8852707743644714
6,head_entropy,Hallucinations_vs_Factual,15,0.3832715153694153,,,0.8518965244293213,0.468625009059906
6,head_entropy,Hallucinations_vs_Factual,35,0.3761563301086426,,,2.2702579498291016,1.894101619720459
6,head_entropy,Hallucinations_vs_Factual,6,0.35701537132263184,,,1.929125189781189,1.5721098184585571
6,head_entropy,Hallucinations_vs_Factual,12,0.3479045629501343,,,0.9153555631637573,0.567451000213623
6,head_entropy,Hallucinations_vs_Factual,46,0.3209221363067627,,,1.9741486310958862,1.6532264947891235
6,head_entropy,Hallucinations_vs_Factual,40,0.2957031726837158,,,2.2026407718658447,1.906937599182129
6,head_entropy,Hallucinations_vs_Factual,16,0.29501593112945557,,,1.6937501430511475,1.398734211921692
6,head_entropy,Hallucinations_vs_Factual,9,0.2888222336769104,,,0.7907362580299377,0.5019140243530273
6,head_entropy,Hallucinations_vs_Factual,30,0.2887461185455322,,,1.47377347946167,1.1850273609161377
7,head_entropy,Impossible_vs_Factual,12,0.19298085570335388,,,0.6514379382133484,0.4584570825099945
7,head_entropy,Impossible_vs_Factual,28,0.16699747741222382,,,0.3386780023574829,0.1716805249452591
7,head_entropy,Impossible_vs_Factual,9,0.16297122836112976,,,0.4242821931838989,0.26131096482276917
7,head_entropy,Impossible_vs_Factual,49,-0.15564164519309998,,,0.2657748758792877,0.4214165210723877
7,head_entropy,Impossible_vs_Factual,60,-0.15532606840133667,,,0.5532305240631104,0.708556592464447
7,head_entropy,Impossible_vs_Factual,3,-0.12517720460891724,,,0.16536417603492737,0.2905413806438446
7,head_entropy,Impossible_vs_Factual,0,-0.11319120228290558,,,0.1933136135339737,0.3065048158168793
7,head_entropy,Impossible_vs_Factual,47,-0.10873109102249146,,,0.5597919821739197,0.6685230731964111
7,head_entropy,Impossible_vs_Factual,31,0.10306191444396973,,,0.42541074752807617,0.32234883308410645
7,head_entropy,Impossible_vs_Factual,53,-0.10099849104881287,,,0.27677202224731445,0.3777705132961273
7,head_entropy,Hallucinations_vs_Factual,12,0.27026882767677307,,,0.7287259101867676,0.4584570825099945
7,head_entropy,Hallucinations_vs_Factual,9,0.1687222719192505,,,0.43003323674201965,0.26131096482276917
7,head_entropy,Hallucinations_vs_Factual,60,-0.16733580827713013,,,0.5412207841873169,0.708556592464447
7,head_entropy,Hallucinations_vs_Factual,47,-0.15790879726409912,,,0.510614275932312,0.6685230731964111
7,head_entropy,Hallucinations_vs_Factual,53,0.13405326008796692,,,0.5118237733840942,0.3777705132961273
7,head_entropy,Hallucinations_vs_Factual,3,-0.12696723639965057,,,0.16357414424419403,0.2905413806438446
7,head_entropy,Hallucinations_vs_Factual,56,0.11967943608760834,,,0.33830469846725464,0.2186252623796463
7,head_entropy,Hallucinations_vs_Factual,38,-0.11785177886486053,,,0.15720756351947784,0.2750593423843384
7,head_entropy,Hallucinations_vs_Factual,15,0.11333012580871582,,,0.2796074450016022,0.16627731919288635
7,head_entropy,Hallucinations_vs_Factual,55,0.10765776038169861,,,0.2986367344856262,0.1909789741039276
8,head_entropy,Impossible_vs_Factual,8,-0.29100164771080017,,,0.47895094752311707,0.7699525952339172
8,head_entropy,Impossible_vs_Factual,34,-0.2663409113883972,,,0.668097198009491,0.9344381093978882
8,head_entropy,Impossible_vs_Factual,13,-0.23528248071670532,,,0.40554678440093994,0.6408292651176453
8,head_entropy,Impossible_vs_Factual,28,-0.22472238540649414,,,0.9047540426254272,1.1294764280319214
8,head_entropy,Impossible_vs_Factual,54,-0.21921133995056152,,,0.6524933576583862,0.8717046976089478
8,head_entropy,Impossible_vs_Factual,48,-0.21507588028907776,,,0.36075565218925476,0.5758315324783325
8,head_entropy,Impossible_vs_Factual,6,-0.19968485832214355,,,0.343749463558197,0.5434343218803406
8,head_entropy,Impossible_vs_Factual,15,-0.14488917589187622,,,0.5278081297874451,0.6726973056793213
8,head_entropy,Impossible_vs_Factual,31,-0.13613450527191162,,,1.1216213703155518,1.2577558755874634
8,head_entropy,Impossible_vs_Factual,25,-0.13490699231624603,,,0.12670113146305084,0.2616081237792969
8,head_entropy,Hallucinations_vs_Factual,54,-0.2830727696418762,,,0.5886319279670715,0.8717046976089478
8,head_entropy,Hallucinations_vs_Factual,8,-0.27627691626548767,,,0.49367567896842957,0.7699525952339172
8,head_entropy,Hallucinations_vs_Factual,48,-0.27621835470199585,,,0.29961317777633667,0.5758315324783325
8,head_entropy,Hallucinations_vs_Factual,13,-0.22268256545066833,,,0.41814669966697693,0.6408292651176453
8,head_entropy,Hallucinations_vs_Factual,19,-0.1786729097366333,,,0.5384414792060852,0.7171143889427185
8,head_entropy,Hallucinations_vs_Factual,6,-0.17632031440734863,,,0.36711400747299194,0.5434343218803406
8,head_entropy,Hallucinations_vs_Factual,30,-0.16336917877197266,,,0.164730042219162,0.32809922099113464
8,head_entropy,Hallucinations_vs_Factual,50,-0.1615605652332306,,,0.23045727610588074,0.39201784133911133
8,head_entropy,Hallucinations_vs_Factual,15,-0.15978074073791504,,,0.5129165649414062,0.6726973056793213
8,head_entropy,Hallucinations_vs_Factual,33,-0.1490539312362671,,,0.17271709442138672,0.3217710256576538
9,head_entropy,Impossible_vs_Factual,46,-0.3356925845146179,,,0.7542175650596619,1.0899101495742798
9,head_entropy,Impossible_vs_Factual,43,-0.24509048461914062,,,0.6325613856315613,0.8776518702507019
9,head_entropy,Impossible_vs_Factual,51,-0.22334986925125122,,,0.5867792963981628,0.8101291656494141
9,head_entropy,Impossible_vs_Factual,41,-0.21822589635849,,,0.39758604764938354,0.6158119440078735
9,head_entropy,Impossible_vs_Factual,25,-0.21334347128868103,,,0.2983214557170868,0.5116649270057678
9,head_entropy,Impossible_vs_Factual,47,-0.20010438561439514,,,0.29283109307289124,0.4929354786872864
9,head_entropy,Impossible_vs_Factual,40,-0.195827454328537,,,0.4122518002986908,0.6080792546272278
9,head_entropy,Impossible_vs_Factual,17,-0.19137024879455566,,,0.2896917760372162,0.48106202483177185
9,head_entropy,Impossible_vs_Factual,35,-0.18865430355072021,,,0.6054701805114746,0.7941244840621948
9,head_entropy,Impossible_vs_Factual,27,-0.1864282488822937,,,0.5451663732528687,0.7315946221351624
9,head_entropy,Hallucinations_vs_Factual,46,-0.3386514186859131,,,0.7512587308883667,1.0899101495742798
9,head_entropy,Hallucinations_vs_Factual,35,-0.2836991548538208,,,0.510425329208374,0.7941244840621948
9,head_entropy,Hallucinations_vs_Factual,40,-0.24119004607200623,,,0.36688920855522156,0.6080792546272278
9,head_entropy,Hallucinations_vs_Factual,41,-0.24015134572982788,,,0.37566059827804565,0.6158119440078735
9,head_entropy,Hallucinations_vs_Factual,43,-0.23889493942260742,,,0.6387569308280945,0.8776518702507019
9,head_entropy,Hallucinations_vs_Factual,44,-0.230368971824646,,,1.1894044876098633,1.4197734594345093
9,head_entropy,Hallucinations_vs_Factual,47,-0.2215029001235962,,,0.2714325785636902,0.4929354786872864
9,head_entropy,Hallucinations_vs_Factual,51,-0.2037706971168518,,,0.6063584685325623,0.8101291656494141
9,head_entropy,Hallucinations_vs_Factual,27,-0.18808066844940186,,,0.5435139536857605,0.7315946221351624
9,head_entropy,Hallucinations_vs_Factual,17,-0.1761457920074463,,,0.30491623282432556,0.48106202483177185
10,head_entropy,Impossible_vs_Factual,62,-0.3477634787559509,,,0.9253163933753967,1.2730798721313477
10,head_entropy,Impossible_vs_Factual,54,0.3113560676574707,,,1.4669650793075562,1.1556090116500854
10,head_entropy,Impossible_vs_Factual,56,-0.3076213598251343,,,0.9297226667404175,1.2373440265655518
10,head_entropy,Impossible_vs_Factual,5,-0.27570515871047974,,,0.534346878528595,0.8100520372390747
10,head_entropy,Impossible_vs_Factual,61,-0.2583005428314209,,,0.7825568914413452,1.0408574342727661
10,head_entropy,Impossible_vs_Factual,47,-0.24036449193954468,,,0.6972616314888,0.9376261234283447
10,head_entropy,Impossible_vs_Factual,0,-0.23270830512046814,,,0.36272290349006653,0.5954312086105347
10,head_entropy,Impossible_vs_Factual,7,-0.20889794826507568,,,0.47882509231567383,0.6877230405807495
10,head_entropy,Impossible_vs_Factual,4,-0.1995786428451538,,,0.3418707251548767,0.5414493680000305
10,head_entropy,Impossible_vs_Factual,31,-0.19650399684906006,,,1.3736989498138428,1.5702029466629028
10,head_entropy,Hallucinations_vs_Factual,54,0.4336094856262207,,,1.5892184972763062,1.1556090116500854
10,head_entropy,Hallucinations_vs_Factual,56,-0.3290676474571228,,,0.908276379108429,1.2373440265655518
10,head_entropy,Hallucinations_vs_Factual,5,-0.30923670530319214,,,0.5008153319358826,0.8100520372390747
10,head_entropy,Hallucinations_vs_Factual,47,-0.2971697449684143,,,0.6404563784599304,0.9376261234283447
10,head_entropy,Hallucinations_vs_Factual,7,-0.25134047865867615,,,0.43638256192207336,0.6877230405807495
10,head_entropy,Hallucinations_vs_Factual,4,-0.2412293553352356,,,0.3002200126647949,0.5414493680000305
10,head_entropy,Hallucinations_vs_Factual,0,-0.22802844643592834,,,0.3674027621746063,0.5954312086105347
10,head_entropy,Hallucinations_vs_Factual,61,-0.2188417911529541,,,0.822015643119812,1.0408574342727661
10,head_entropy,Hallucinations_vs_Factual,59,-0.20266306400299072,,,0.8388326168060303,1.041495680809021
10,head_entropy,Hallucinations_vs_Factual,62,-0.19540464878082275,,,1.077675223350525,1.2730798721313477
11,head_entropy,Impossible_vs_Factual,14,-0.36319321393966675,,,0.8077235817909241,1.1709167957305908
11,head_entropy,Impossible_vs_Factual,33,-0.3367545008659363,,,0.5571221709251404,0.8938766717910767
11,head_entropy,Impossible_vs_Factual,9,-0.3306252956390381,,,0.7730251550674438,1.103650450706482
11,head_entropy,Impossible_vs_Factual,35,-0.30801069736480713,,,0.5518826842308044,0.8598933815956116
11,head_entropy,Impossible_vs_Factual,22,0.2833828926086426,,,1.3819141387939453,1.0985312461853027
11,head_entropy,Impossible_vs_Factual,47,-0.2595456838607788,,,0.5195503234863281,0.7790960073471069
11,head_entropy,Impossible_vs_Factual,42,-0.23865294456481934,,,0.8868740797042847,1.125527024269104
11,head_entropy,Impossible_vs_Factual,23,-0.23216384649276733,,,0.6085841059684753,0.8407479524612427
11,head_entropy,Impossible_vs_Factual,1,-0.2305271029472351,,,0.6525638103485107,0.8830909132957458
11,head_entropy,Impossible_vs_Factual,51,-0.17602139711380005,,,0.4631884694099426,0.6392098665237427
11,head_entropy,Hallucinations_vs_Factual,22,0.402199387550354,,,1.5007306337356567,1.0985312461853027
11,head_entropy,Hallucinations_vs_Factual,15,0.3819631338119507,,,0.9510762095451355,0.5691130757331848
11,head_entropy,Hallucinations_vs_Factual,33,-0.36442410945892334,,,0.5294525623321533,0.8938766717910767
11,head_entropy,Hallucinations_vs_Factual,9,-0.300331711769104,,,0.8033187389373779,1.103650450706482
11,head_entropy,Hallucinations_vs_Factual,42,-0.2871206998825073,,,0.8384063243865967,1.125527024269104
11,head_entropy,Hallucinations_vs_Factual,1,-0.28251367807388306,,,0.6005772352218628,0.8830909132957458
11,head_entropy,Hallucinations_vs_Factual,47,-0.26249998807907104,,,0.5165960192680359,0.7790960073471069
11,head_entropy,Hallucinations_vs_Factual,51,-0.24993890523910522,,,0.38927096128463745,0.6392098665237427
11,head_entropy,Hallucinations_vs_Factual,35,-0.24058812856674194,,,0.6193052530288696,0.8598933815956116
11,head_entropy,Hallucinations_vs_Factual,14,-0.2359510064125061,,,0.9349657893180847,1.1709167957305908
12,head_entropy,Impossible_vs_Factual,55,-0.3807979226112366,,,0.5553455948829651,0.9361435174942017
12,head_entropy,Impossible_vs_Factual,54,-0.3573589324951172,,,0.9519840478897095,1.3093429803848267
12,head_entropy,Impossible_vs_Factual,63,0.309098482131958,,,0.948193371295929,0.639094889163971
12,head_entropy,Impossible_vs_Factual,7,-0.30047959089279175,,,0.7412293553352356,1.0417089462280273
12,head_entropy,Impossible_vs_Factual,39,-0.28440001606941223,,,0.42827585339546204,0.7126758694648743
12,head_entropy,Impossible_vs_Factual,6,-0.2725965976715088,,,0.9763398170471191,1.248936414718628
12,head_entropy,Impossible_vs_Factual,57,-0.2606903314590454,,,0.4095780849456787,0.6702684164047241
12,head_entropy,Impossible_vs_Factual,33,-0.25277721881866455,,,0.41217780113220215,0.6649550199508667
12,head_entropy,Impossible_vs_Factual,2,-0.24730636179447174,,,0.2065678983926773,0.45387426018714905
12,head_entropy,Impossible_vs_Factual,48,0.24635165929794312,,,1.188110113143921,0.9417584538459778
12,head_entropy,Hallucinations_vs_Factual,54,-0.4001893401145935,,,0.9091536402702332,1.3093429803848267
12,head_entropy,Hallucinations_vs_Factual,63,0.351643443107605,,,0.9907383322715759,0.639094889163971
12,head_entropy,Hallucinations_vs_Factual,6,-0.3342655301094055,,,0.9146708846092224,1.248936414718628
12,head_entropy,Hallucinations_vs_Factual,55,-0.2991870641708374,,,0.6369564533233643,0.9361435174942017
12,head_entropy,Hallucinations_vs_Factual,7,-0.2919269800186157,,,0.7497819662094116,1.0417089462280273
12,head_entropy,Hallucinations_vs_Factual,5,-0.28162050247192383,,,0.3214544653892517,0.6030749678611755
12,head_entropy,Hallucinations_vs_Factual,33,-0.2661174237728119,,,0.3988375961780548,0.6649550199508667
12,head_entropy,Hallucinations_vs_Factual,27,0.2558288276195526,,,0.685378909111023,0.42955008149147034
12,head_entropy,Hallucinations_vs_Factual,2,-0.23604752123355865,,,0.2178267389535904,0.45387426018714905
12,head_entropy,Hallucinations_vs_Factual,1,-0.22587347030639648,,,0.42912107706069946,0.654994547367096
13,head_entropy,Impossible_vs_Factual,38,-0.2942148447036743,,,1.0042001008987427,1.298414945602417
13,head_entropy,Impossible_vs_Factual,35,-0.27681195735931396,,,0.9689972400665283,1.2458091974258423
13,head_entropy,Impossible_vs_Factual,13,0.2648531496524811,,,0.5483198761940002,0.28346672654151917
13,head_entropy,Impossible_vs_Factual,58,0.2631266713142395,,,0.5852159857749939,0.3220893144607544
13,head_entropy,Impossible_vs_Factual,22,-0.26136934757232666,,,0.8417145013809204,1.103083848953247
13,head_entropy,Impossible_vs_Factual,24,-0.24880748987197876,,,0.8941493630409241,1.1429568529129028
13,head_entropy,Impossible_vs_Factual,20,-0.24284350872039795,,,1.5804731845855713,1.8233166933059692
13,head_entropy,Impossible_vs_Factual,36,-0.21841341257095337,,,0.8447479605674744,1.0631613731384277
13,head_entropy,Impossible_vs_Factual,31,-0.21453827619552612,,,0.7265027761459351,0.9410410523414612
13,head_entropy,Impossible_vs_Factual,34,-0.2024267315864563,,,0.47739356756210327,0.6798202991485596
13,head_entropy,Hallucinations_vs_Factual,13,0.2843252718448639,,,0.5677919983863831,0.28346672654151917
13,head_entropy,Hallucinations_vs_Factual,38,-0.26353394985198975,,,1.0348809957504272,1.298414945602417
13,head_entropy,Hallucinations_vs_Factual,58,0.25416678190231323,,,0.5762560963630676,0.3220893144607544
13,head_entropy,Hallucinations_vs_Factual,34,-0.2510751485824585,,,0.4287451505661011,0.6798202991485596
13,head_entropy,Hallucinations_vs_Factual,55,-0.21198812127113342,,,0.28696325421333313,0.49895137548446655
13,head_entropy,Hallucinations_vs_Factual,24,-0.19229823350906372,,,0.9506586194038391,1.1429568529129028
13,head_entropy,Hallucinations_vs_Factual,31,-0.18860751390457153,,,0.7524335384368896,0.9410410523414612
13,head_entropy,Hallucinations_vs_Factual,51,-0.18095684051513672,,,0.29170122742652893,0.47265806794166565
13,head_entropy,Hallucinations_vs_Factual,36,-0.1784464716911316,,,0.8847149014472961,1.0631613731384277
13,head_entropy,Hallucinations_vs_Factual,21,-0.1715065836906433,,,0.6094537377357483,0.7809603214263916
14,head_entropy,Impossible_vs_Factual,28,-0.5418004989624023,,,1.3615942001342773,1.9033946990966797
14,head_entropy,Impossible_vs_Factual,47,0.445494145154953,,,0.9326829314231873,0.48718878626823425
14,head_entropy,Impossible_vs_Factual,45,-0.4134759306907654,,,0.7263168692588806,1.139792799949646
14,head_entropy,Impossible_vs_Factual,48,-0.34200865030288696,,,0.6202585697174072,0.9622672200202942
14,head_entropy,Impossible_vs_Factual,10,-0.2655171751976013,,,0.536045253276825,0.8015624284744263
14,head_entropy,Impossible_vs_Factual,54,0.22912821173667908,,,0.6154657006263733,0.3863374888896942
14,head_entropy,Impossible_vs_Factual,57,-0.2254844605922699,,,0.35900619626045227,0.5844906568527222
14,head_entropy,Impossible_vs_Factual,60,-0.21458891034126282,,,0.4473843276500702,0.661973237991333
14,head_entropy,Impossible_vs_Factual,50,0.19689661264419556,,,0.9862813353538513,0.7893847227096558
14,head_entropy,Impossible_vs_Factual,44,-0.1953486204147339,,,0.5391443967819214,0.7344930171966553
14,head_entropy,Hallucinations_vs_Factual,47,0.5049054622650146,,,0.9920942783355713,0.48718878626823425
14,head_entropy,Hallucinations_vs_Factual,45,-0.4304908514022827,,,0.7093019485473633,1.139792799949646
14,head_entropy,Hallucinations_vs_Factual,28,-0.4303032159805298,,,1.47309148311615,1.9033946990966797
14,head_entropy,Hallucinations_vs_Factual,48,-0.2920262813568115,,,0.6702409386634827,0.9622672200202942
14,head_entropy,Hallucinations_vs_Factual,10,-0.2690308094024658,,,0.5325316190719604,0.8015624284744263
14,head_entropy,Hallucinations_vs_Factual,60,-0.2465437352657318,,,0.4154295027256012,0.661973237991333
14,head_entropy,Hallucinations_vs_Factual,57,-0.24368420243263245,,,0.3408064544200897,0.5844906568527222
14,head_entropy,Hallucinations_vs_Factual,22,-0.1603722870349884,,,0.43329569697380066,0.5936679840087891
14,head_entropy,Hallucinations_vs_Factual,44,-0.15064167976379395,,,0.5838513374328613,0.7344930171966553
14,head_entropy,Hallucinations_vs_Factual,30,0.14527633786201477,,,0.3641147315502167,0.2188383936882019
15,head_entropy,Impossible_vs_Factual,16,-0.5043635368347168,,,0.4838830232620239,0.9882465600967407
15,head_entropy,Impossible_vs_Factual,7,-0.40320438146591187,,,0.5486167073249817,0.9518210887908936
15,head_entropy,Impossible_vs_Factual,30,-0.37830406427383423,,,0.8153116106987,1.1936156749725342
15,head_entropy,Impossible_vs_Factual,51,-0.3183027505874634,,,1.0501306056976318,1.3684333562850952
15,head_entropy,Impossible_vs_Factual,55,-0.3147878646850586,,,0.4418466091156006,0.7566344738006592
15,head_entropy,Impossible_vs_Factual,46,-0.2951217293739319,,,0.6521309018135071,0.947252631187439
15,head_entropy,Impossible_vs_Factual,60,-0.29351377487182617,,,0.48803120851516724,0.7815449833869934
15,head_entropy,Impossible_vs_Factual,20,0.2769257426261902,,,0.723934531211853,0.44700878858566284
15,head_entropy,Impossible_vs_Factual,45,0.2452324628829956,,,1.4405429363250732,1.1953104734420776
15,head_entropy,Impossible_vs_Factual,49,-0.24127653241157532,,,0.3361835181713104,0.5774600505828857
15,head_entropy,Hallucinations_vs_Factual,16,-0.5251482129096985,,,0.46309834718704224,0.9882465600967407
15,head_entropy,Hallucinations_vs_Factual,45,0.4275665283203125,,,1.6228770017623901,1.1953104734420776
15,head_entropy,Hallucinations_vs_Factual,30,-0.3602827191352844,,,0.8333329558372498,1.1936156749725342
15,head_entropy,Hallucinations_vs_Factual,55,-0.35166871547698975,,,0.40496575832366943,0.7566344738006592
15,head_entropy,Hallucinations_vs_Factual,60,-0.3418115973472595,,,0.4397333860397339,0.7815449833869934
15,head_entropy,Hallucinations_vs_Factual,11,0.3367449939250946,,,0.5918179750442505,0.2550729811191559
15,head_entropy,Hallucinations_vs_Factual,57,0.3260938227176666,,,0.7319570183753967,0.4058631956577301
15,head_entropy,Hallucinations_vs_Factual,46,-0.31068849563598633,,,0.6365641355514526,0.947252631187439
15,head_entropy,Hallucinations_vs_Factual,51,-0.2999594211578369,,,1.0684739351272583,1.3684333562850952
15,head_entropy,Hallucinations_vs_Factual,49,-0.24804472923278809,,,0.32941532135009766,0.5774600505828857
16,head_entropy,Impossible_vs_Factual,41,-0.3271332383155823,,,0.7646827101707458,1.0918159484863281
16,head_entropy,Impossible_vs_Factual,27,0.3111928701400757,,,0.6575942635536194,0.3464013934135437
16,head_entropy,Impossible_vs_Factual,45,-0.2797688841819763,,,0.3744233250617981,0.6541922092437744
16,head_entropy,Impossible_vs_Factual,10,0.2730107307434082,,,0.8917385935783386,0.6187278628349304
16,head_entropy,Impossible_vs_Factual,37,-0.21596962213516235,,,0.7241924405097961,0.9401620626449585
16,head_entropy,Impossible_vs_Factual,7,-0.19015845656394958,,,0.2615117132663727,0.45167016983032227
16,head_entropy,Impossible_vs_Factual,33,0.18897750973701477,,,0.6075820326805115,0.4186045229434967
16,head_entropy,Impossible_vs_Factual,22,-0.18734657764434814,,,0.6633702516555786,0.8507168292999268
16,head_entropy,Impossible_vs_Factual,47,-0.16812294721603394,,,0.24321043491363525,0.4113333821296692
16,head_entropy,Impossible_vs_Factual,19,-0.16619253158569336,,,0.8719559907913208,1.0381485223770142
16,head_entropy,Hallucinations_vs_Factual,10,0.4013599753379822,,,1.0200878381729126,0.6187278628349304
16,head_entropy,Hallucinations_vs_Factual,30,0.3233832120895386,,,1.721585988998413,1.3982027769088745
16,head_entropy,Hallucinations_vs_Factual,41,-0.31623679399490356,,,0.7755791544914246,1.0918159484863281
16,head_entropy,Hallucinations_vs_Factual,39,0.30748045444488525,,,1.014992117881775,0.7075116634368896
16,head_entropy,Hallucinations_vs_Factual,27,0.27591997385025024,,,0.622321367263794,0.3464013934135437
16,head_entropy,Hallucinations_vs_Factual,45,-0.24742373824119568,,,0.40676847100257874,0.6541922092437744
16,head_entropy,Hallucinations_vs_Factual,0,0.23266491293907166,,,0.5808104276657104,0.3481455147266388
16,head_entropy,Hallucinations_vs_Factual,43,-0.21364200115203857,,,1.4314042329788208,1.6450462341308594
16,head_entropy,Hallucinations_vs_Factual,7,-0.21043625473976135,,,0.2412339150905609,0.45167016983032227
16,head_entropy,Hallucinations_vs_Factual,37,-0.20829671621322632,,,0.7318653464317322,0.9401620626449585
17,head_entropy,Impossible_vs_Factual,61,0.4589281678199768,,,0.9595030546188354,0.5005748867988586
17,head_entropy,Impossible_vs_Factual,32,-0.388344407081604,,,0.800735354423523,1.189079761505127
17,head_entropy,Impossible_vs_Factual,37,-0.38812536001205444,,,0.5241777896881104,0.9123031497001648
17,head_entropy,Impossible_vs_Factual,62,-0.3758496046066284,,,1.1788575649261475,1.5547071695327759
17,head_entropy,Impossible_vs_Factual,19,-0.35317444801330566,,,1.1058120727539062,1.458986520767212
17,head_entropy,Impossible_vs_Factual,38,-0.2936248183250427,,,0.4403650164604187,0.7339898347854614
17,head_entropy,Impossible_vs_Factual,3,0.28087127208709717,,,1.3610390424728394,1.0801677703857422
17,head_entropy,Impossible_vs_Factual,36,-0.2768171429634094,,,0.7659340500831604,1.0427511930465698
17,head_entropy,Impossible_vs_Factual,53,-0.2529871463775635,,,0.943737268447876,1.1967244148254395
17,head_entropy,Impossible_vs_Factual,63,-0.23164820671081543,,,0.9539551734924316,1.185603380203247
17,head_entropy,Hallucinations_vs_Factual,61,0.5314417481422424,,,1.032016634941101,0.5005748867988586
17,head_entropy,Hallucinations_vs_Factual,32,-0.4732460379600525,,,0.7158337235450745,1.189079761505127
17,head_entropy,Hallucinations_vs_Factual,55,0.40063250064849854,,,1.6916872262954712,1.2910547256469727
17,head_entropy,Hallucinations_vs_Factual,3,0.3854027986526489,,,1.4655705690383911,1.0801677703857422
17,head_entropy,Hallucinations_vs_Factual,19,-0.3711169958114624,,,1.0878695249557495,1.458986520767212
17,head_entropy,Hallucinations_vs_Factual,53,-0.3705289959907532,,,0.8261954188346863,1.1967244148254395
17,head_entropy,Hallucinations_vs_Factual,38,-0.35179299116134644,,,0.382196843624115,0.7339898347854614
17,head_entropy,Hallucinations_vs_Factual,35,-0.3513806462287903,,,0.9490044713020325,1.3003851175308228
17,head_entropy,Hallucinations_vs_Factual,37,-0.3321147561073303,,,0.5801883935928345,0.9123031497001648
17,head_entropy,Hallucinations_vs_Factual,63,-0.3105211853981018,,,0.8750821948051453,1.185603380203247
18,head_entropy,Impossible_vs_Factual,60,-0.4524039030075073,,,0.6998904943466187,1.152294397354126
18,head_entropy,Impossible_vs_Factual,53,-0.3479117751121521,,,0.3477463126182556,0.6956580877304077
18,head_entropy,Impossible_vs_Factual,52,-0.3461352288722992,,,0.33384600281715393,0.6799812316894531
18,head_entropy,Impossible_vs_Factual,8,-0.34220898151397705,,,1.3579200506210327,1.7001290321350098
18,head_entropy,Impossible_vs_Factual,63,0.31801116466522217,,,0.575154721736908,0.2571435570716858
18,head_entropy,Impossible_vs_Factual,18,-0.31214311718940735,,,0.38069382309913635,0.6928369402885437
18,head_entropy,Impossible_vs_Factual,20,-0.29550737142562866,,,0.5610442161560059,0.8565515875816345
18,head_entropy,Impossible_vs_Factual,44,-0.2929511070251465,,,1.2938885688781738,1.5868396759033203
18,head_entropy,Impossible_vs_Factual,27,0.28006500005722046,,,0.6246625781059265,0.34459757804870605
18,head_entropy,Impossible_vs_Factual,28,0.24704046547412872,,,0.42175865173339844,0.17471818625926971
18,head_entropy,Hallucinations_vs_Factual,60,-0.5187137722969055,,,0.6335806250572205,1.152294397354126
18,head_entropy,Hallucinations_vs_Factual,52,-0.36580803990364075,,,0.3141731917858124,0.6799812316894531
18,head_entropy,Hallucinations_vs_Factual,20,-0.347112774848938,,,0.5094388127326965,0.8565515875816345
18,head_entropy,Hallucinations_vs_Factual,27,0.32910025119781494,,,0.673697829246521,0.34459757804870605
18,head_entropy,Hallucinations_vs_Factual,63,0.31186312437057495,,,0.5690066814422607,0.2571435570716858
18,head_entropy,Hallucinations_vs_Factual,18,-0.30651700496673584,,,0.38631993532180786,0.6928369402885437
18,head_entropy,Hallucinations_vs_Factual,53,-0.2979622483253479,,,0.3976958394050598,0.6956580877304077
18,head_entropy,Hallucinations_vs_Factual,15,0.2927849292755127,,,1.552128791809082,1.2593438625335693
18,head_entropy,Hallucinations_vs_Factual,19,0.2669217586517334,,,1.424022912979126,1.1571011543273926
18,head_entropy,Hallucinations_vs_Factual,28,0.24728502333164215,,,0.42200320959091187,0.17471818625926971
19,head_entropy,Impossible_vs_Factual,12,-0.4566466808319092,,,0.6061676740646362,1.0628143548965454
19,head_entropy,Impossible_vs_Factual,4,-0.41257810592651367,,,1.3092224597930908,1.7218005657196045
19,head_entropy,Impossible_vs_Factual,1,-0.37223106622695923,,,0.8647553324699402,1.2369863986968994
19,head_entropy,Impossible_vs_Factual,39,-0.3508948087692261,,,0.9683988094329834,1.3192936182022095
19,head_entropy,Impossible_vs_Factual,56,-0.34236979484558105,,,0.9250729084014893,1.2674427032470703
19,head_entropy,Impossible_vs_Factual,36,-0.33010703325271606,,,0.4112383723258972,0.7413454055786133
19,head_entropy,Impossible_vs_Factual,3,-0.31065720319747925,,,0.9026991724967957,1.213356375694275
19,head_entropy,Impossible_vs_Factual,23,-0.2816241383552551,,,0.29855602979660034,0.5801801681518555
19,head_entropy,Impossible_vs_Factual,2,-0.2558199167251587,,,0.7885257005691528,1.0443456172943115
19,head_entropy,Impossible_vs_Factual,59,-0.2498588263988495,,,0.48139896988868713,0.7312577962875366
19,head_entropy,Hallucinations_vs_Factual,12,-0.5033501982688904,,,0.559464156627655,1.0628143548965454
19,head_entropy,Hallucinations_vs_Factual,3,-0.44964444637298584,,,0.7637119293212891,1.213356375694275
19,head_entropy,Hallucinations_vs_Factual,1,-0.4129633903503418,,,0.8240230083465576,1.2369863986968994
19,head_entropy,Hallucinations_vs_Factual,4,-0.40658998489379883,,,1.3152105808258057,1.7218005657196045
19,head_entropy,Hallucinations_vs_Factual,2,-0.30662232637405396,,,0.7377232909202576,1.0443456172943115
19,head_entropy,Hallucinations_vs_Factual,36,-0.29897433519363403,,,0.44237107038497925,0.7413454055786133
19,head_entropy,Hallucinations_vs_Factual,56,-0.2625540494918823,,,1.004888653755188,1.2674427032470703
19,head_entropy,Hallucinations_vs_Factual,6,-0.23918390274047852,,,0.4376026391983032,0.6767865419387817
19,head_entropy,Hallucinations_vs_Factual,62,0.23555660247802734,,,0.9171942472457886,0.6816376447677612
19,head_entropy,Hallucinations_vs_Factual,27,0.2295188307762146,,,0.3691525161266327,0.1396336853504181
20,head_entropy,Impossible_vs_Factual,19,-0.2596646547317505,,,1.15632963180542,1.4159942865371704
20,head_entropy,Impossible_vs_Factual,46,0.2534283995628357,,,0.30787697434425354,0.05444855988025665
20,head_entropy,Impossible_vs_Factual,3,-0.23997658491134644,,,0.5909257531166077,0.8309023380279541
20,head_entropy,Impossible_vs_Factual,25,-0.23850570619106293,,,0.22857393324375153,0.46707963943481445
20,head_entropy,Impossible_vs_Factual,40,0.23538538813591003,,,0.33935701847076416,0.10397163033485413
20,head_entropy,Impossible_vs_Factual,0,-0.22308576107025146,,,0.653423011302948,0.8765087723731995
20,head_entropy,Impossible_vs_Factual,36,0.22133126854896545,,,0.3168075978755951,0.09547632187604904
20,head_entropy,Impossible_vs_Factual,63,-0.20916545391082764,,,0.4694643020629883,0.6786297559738159
20,head_entropy,Impossible_vs_Factual,37,0.2020060420036316,,,0.8071618676185608,0.6051558256149292
20,head_entropy,Impossible_vs_Factual,54,-0.19145870208740234,,,0.4985264539718628,0.6899851560592651
20,head_entropy,Hallucinations_vs_Factual,37,0.4372762441635132,,,1.0424320697784424,0.6051558256149292
20,head_entropy,Hallucinations_vs_Factual,46,0.3417872190475464,,,0.39623579382896423,0.05444855988025665
20,head_entropy,Hallucinations_vs_Factual,1,0.3168778419494629,,,1.6821202039718628,1.3652423620224
20,head_entropy,Hallucinations_vs_Factual,59,0.2987499237060547,,,1.4295663833618164,1.1308164596557617
20,head_entropy,Hallucinations_vs_Factual,40,0.28623166680336,,,0.3902032971382141,0.10397163033485413
20,head_entropy,Hallucinations_vs_Factual,50,0.28417274355888367,,,0.5357553958892822,0.25158265233039856
20,head_entropy,Hallucinations_vs_Factual,19,-0.27705085277557373,,,1.1389434337615967,1.4159942865371704
20,head_entropy,Hallucinations_vs_Factual,3,-0.27609461545944214,,,0.554807722568512,0.8309023380279541
20,head_entropy,Hallucinations_vs_Factual,33,0.2750702202320099,,,0.4418947100639343,0.16682448983192444
20,head_entropy,Hallucinations_vs_Factual,31,0.26638293266296387,,,1.5419063568115234,1.2755234241485596
21,head_entropy,Impossible_vs_Factual,47,0.35879504680633545,,,0.6867794990539551,0.32798445224761963
21,head_entropy,Impossible_vs_Factual,4,-0.3460354208946228,,,0.9934907555580139,1.3395261764526367
21,head_entropy,Impossible_vs_Factual,50,-0.3141997456550598,,,0.5626497268676758,0.8768494725227356
21,head_entropy,Impossible_vs_Factual,59,-0.310793399810791,,,0.33851414918899536,0.6493075489997864
21,head_entropy,Impossible_vs_Factual,34,0.3040963411331177,,,0.3655860126018524,0.061489664018154144
21,head_entropy,Impossible_vs_Factual,21,0.24283409118652344,,,1.0123947858810425,0.769560694694519
21,head_entropy,Impossible_vs_Factual,43,0.23744773864746094,,,1.407906413078308,1.1704586744308472
21,head_entropy,Impossible_vs_Factual,25,-0.2286713719367981,,,0.5744845271110535,0.8031558990478516
21,head_entropy,Impossible_vs_Factual,20,0.21369686722755432,,,0.31478825211524963,0.10109137743711472
21,head_entropy,Impossible_vs_Factual,51,0.20372651517391205,,,0.24917416274547577,0.04544765129685402
21,head_entropy,Hallucinations_vs_Factual,47,0.42295408248901367,,,0.7509385347366333,0.32798445224761963
21,head_entropy,Hallucinations_vs_Factual,21,0.39370715618133545,,,1.1632678508758545,0.769560694694519
21,head_entropy,Hallucinations_vs_Factual,51,0.37734270095825195,,,0.4227903485298157,0.04544765129685402
21,head_entropy,Hallucinations_vs_Factual,43,0.35477781295776367,,,1.5252364873886108,1.1704586744308472
21,head_entropy,Hallucinations_vs_Factual,23,0.3470969796180725,,,0.8212043642997742,0.47410738468170166
21,head_entropy,Hallucinations_vs_Factual,20,0.31015869975090027,,,0.4112500846385956,0.10109137743711472
21,head_entropy,Hallucinations_vs_Factual,5,0.29978662729263306,,,0.4103664457798004,0.11057981848716736
21,head_entropy,Hallucinations_vs_Factual,50,-0.290458619594574,,,0.5863908529281616,0.8768494725227356
21,head_entropy,Hallucinations_vs_Factual,34,0.28735554218292236,,,0.3488452136516571,0.061489664018154144
21,head_entropy,Hallucinations_vs_Factual,59,-0.272381991147995,,,0.3769255578517914,0.6493075489997864
22,head_entropy,Impossible_vs_Factual,54,-0.36787962913513184,,,0.7150713205337524,1.0829509496688843
22,head_entropy,Impossible_vs_Factual,20,-0.32059454917907715,,,1.1210129261016846,1.4416074752807617
22,head_entropy,Impossible_vs_Factual,15,0.31523752212524414,,,1.2538635730743408,0.9386260509490967
22,head_entropy,Impossible_vs_Factual,28,-0.3121052384376526,,,0.7254706025123596,1.0375758409500122
22,head_entropy,Impossible_vs_Factual,51,-0.30083000659942627,,,0.9956270456314087,1.296457052230835
22,head_entropy,Impossible_vs_Factual,18,-0.2950158715248108,,,0.4146767258644104,0.7096925973892212
22,head_entropy,Impossible_vs_Factual,53,0.28855475783348083,,,0.5588529706001282,0.27029821276664734
22,head_entropy,Impossible_vs_Factual,16,-0.28669559955596924,,,0.596756100654602,0.8834517002105713
22,head_entropy,Impossible_vs_Factual,52,-0.23478537797927856,,,0.5843884348869324,0.8191738128662109
22,head_entropy,Impossible_vs_Factual,55,-0.22743737697601318,,,1.1061681509017944,1.3336055278778076
22,head_entropy,Hallucinations_vs_Factual,31,0.4177706241607666,,,0.7851669788360596,0.36739635467529297
22,head_entropy,Hallucinations_vs_Factual,18,-0.3962867856025696,,,0.3134058117866516,0.7096925973892212
22,head_entropy,Hallucinations_vs_Factual,53,0.3713969886302948,,,0.6416952013969421,0.27029821276664734
22,head_entropy,Hallucinations_vs_Factual,30,0.35993969440460205,,,0.5996992588043213,0.23975954949855804
22,head_entropy,Hallucinations_vs_Factual,20,-0.3518834114074707,,,1.089724063873291,1.4416074752807617
22,head_entropy,Hallucinations_vs_Factual,62,0.32646191120147705,,,0.8078187704086304,0.4813568592071533
22,head_entropy,Hallucinations_vs_Factual,59,0.31215572357177734,,,0.5765972137451172,0.26444149017333984
22,head_entropy,Hallucinations_vs_Factual,16,-0.30409950017929077,,,0.5793522000312805,0.8834517002105713
22,head_entropy,Hallucinations_vs_Factual,15,0.27739059925079346,,,1.2160166501998901,0.9386260509490967
22,head_entropy,Hallucinations_vs_Factual,35,0.2683808505535126,,,0.6122226119041443,0.3438417613506317
23,head_entropy,Impossible_vs_Factual,46,-0.5220745801925659,,,0.8353502750396729,1.3574248552322388
23,head_entropy,Impossible_vs_Factual,34,-0.3655904531478882,,,0.4808890223503113,0.8464794754981995
23,head_entropy,Impossible_vs_Factual,1,-0.3528008460998535,,,0.8497745990753174,1.202575445175171
23,head_entropy,Impossible_vs_Factual,40,-0.34033119678497314,,,0.8244476318359375,1.1647788286209106
23,head_entropy,Impossible_vs_Factual,31,-0.31070125102996826,,,0.974517822265625,1.2852190732955933
23,head_entropy,Impossible_vs_Factual,25,-0.29903674125671387,,,1.168726921081543,1.4677636623382568
23,head_entropy,Impossible_vs_Factual,14,-0.28585678339004517,,,0.646577775478363,0.9324345588684082
23,head_entropy,Impossible_vs_Factual,24,0.24943900108337402,,,0.5035456418991089,0.25410664081573486
23,head_entropy,Impossible_vs_Factual,2,-0.23842865228652954,,,0.8548268675804138,1.0932555198669434
23,head_entropy,Impossible_vs_Factual,5,0.22444504499435425,,,0.7814725041389465,0.5570274591445923
23,head_entropy,Hallucinations_vs_Factual,46,-0.601959228515625,,,0.7554656267166138,1.3574248552322388
23,head_entropy,Hallucinations_vs_Factual,5,0.4275720715522766,,,0.9845995306968689,0.5570274591445923
23,head_entropy,Hallucinations_vs_Factual,34,-0.39234086871147156,,,0.4541386067867279,0.8464794754981995
23,head_entropy,Hallucinations_vs_Factual,40,-0.34284508228302,,,0.8219337463378906,1.1647788286209106
23,head_entropy,Hallucinations_vs_Factual,63,0.30063366889953613,,,1.0693328380584717,0.7686991691589355
23,head_entropy,Hallucinations_vs_Factual,61,0.22558313608169556,,,0.3385469615459442,0.11296383291482925
23,head_entropy,Hallucinations_vs_Factual,53,0.22166308760643005,,,0.3594270348548889,0.13776394724845886
23,head_entropy,Hallucinations_vs_Factual,14,-0.21059930324554443,,,0.7218352556228638,0.9324345588684082
23,head_entropy,Hallucinations_vs_Factual,24,0.20577746629714966,,,0.4598841071128845,0.25410664081573486
23,head_entropy,Hallucinations_vs_Factual,31,-0.20289671421051025,,,1.082322359085083,1.2852190732955933
24,head_entropy,Impossible_vs_Factual,6,-0.33452707529067993,,,0.8950373530387878,1.2295644283294678
24,head_entropy,Impossible_vs_Factual,40,-0.25956040620803833,,,0.8925564885139465,1.1521168947219849
24,head_entropy,Impossible_vs_Factual,7,-0.2522314488887787,,,0.3560279905796051,0.6082594394683838
24,head_entropy,Impossible_vs_Factual,55,-0.24932217597961426,,,0.3281380534172058,0.5774602293968201
24,head_entropy,Impossible_vs_Factual,62,-0.23989254236221313,,,0.7610858082771301,1.0009783506393433
24,head_entropy,Impossible_vs_Factual,37,0.22618955373764038,,,0.6284629106521606,0.40227335691452026
24,head_entropy,Impossible_vs_Factual,39,0.22418361902236938,,,0.9700350761413574,0.745851457118988
24,head_entropy,Impossible_vs_Factual,35,0.2074887752532959,,,1.3550394773483276,1.1475507020950317
24,head_entropy,Impossible_vs_Factual,44,0.16902980208396912,,,0.4270985424518585,0.2580687403678894
24,head_entropy,Impossible_vs_Factual,15,-0.16297638416290283,,,1.1941267251968384,1.3571031093597412
24,head_entropy,Hallucinations_vs_Factual,37,0.451246976852417,,,0.8535203337669373,0.40227335691452026
24,head_entropy,Hallucinations_vs_Factual,59,0.3808615803718567,,,0.77982497215271,0.39896339178085327
24,head_entropy,Hallucinations_vs_Factual,6,-0.2973441481590271,,,0.9322202801704407,1.2295644283294678
24,head_entropy,Hallucinations_vs_Factual,40,-0.27493709325790405,,,0.8771798014640808,1.1521168947219849
24,head_entropy,Hallucinations_vs_Factual,38,0.26973485946655273,,,0.4186193645000458,0.14888449013233185
24,head_entropy,Hallucinations_vs_Factual,35,0.26134824752807617,,,1.408898949623108,1.1475507020950317
24,head_entropy,Hallucinations_vs_Factual,44,0.240646094083786,,,0.4987148344516754,0.2580687403678894
24,head_entropy,Hallucinations_vs_Factual,9,0.23182445764541626,,,1.2221057415008545,0.9902812838554382
24,head_entropy,Hallucinations_vs_Factual,34,0.22663715481758118,,,0.5963276028633118,0.3696904480457306
24,head_entropy,Hallucinations_vs_Factual,14,0.19077476859092712,,,0.4336639642715454,0.2428891956806183
25,head_entropy,Impossible_vs_Factual,36,0.2856026887893677,,,1.0943087339401245,0.8087060451507568
25,head_entropy,Impossible_vs_Factual,10,0.25960683822631836,,,0.892380952835083,0.6327741146087646
25,head_entropy,Impossible_vs_Factual,62,0.22590994834899902,,,0.781744122505188,0.555834174156189
25,head_entropy,Impossible_vs_Factual,23,-0.2236107587814331,,,0.8886638879776001,1.1122746467590332
25,head_entropy,Impossible_vs_Factual,42,0.21195006370544434,,,0.7355273365974426,0.5235772728919983
25,head_entropy,Impossible_vs_Factual,5,0.20975029468536377,,,1.383121371269226,1.1733710765838623
25,head_entropy,Impossible_vs_Factual,58,-0.19976136088371277,,,0.4468235671520233,0.6465849280357361
25,head_entropy,Impossible_vs_Factual,14,-0.1997007131576538,,,1.2524869441986084,1.4521876573562622
25,head_entropy,Impossible_vs_Factual,63,0.17893990874290466,,,0.4738442301750183,0.29490432143211365
25,head_entropy,Impossible_vs_Factual,3,0.17461860179901123,,,1.3594645261764526,1.1848459243774414
25,head_entropy,Hallucinations_vs_Factual,36,0.3726165294647217,,,1.1813225746154785,0.8087060451507568
25,head_entropy,Hallucinations_vs_Factual,3,0.3309450149536133,,,1.5157909393310547,1.1848459243774414
25,head_entropy,Hallucinations_vs_Factual,15,0.32114291191101074,,,0.6336351633071899,0.3124922513961792
25,head_entropy,Hallucinations_vs_Factual,10,0.2996135950088501,,,0.9323877096176147,0.6327741146087646
25,head_entropy,Hallucinations_vs_Factual,23,-0.27820682525634766,,,0.8340678215026855,1.1122746467590332
25,head_entropy,Hallucinations_vs_Factual,59,0.23653817176818848,,,0.8565343022346497,0.6199961304664612
25,head_entropy,Hallucinations_vs_Factual,5,0.23652148246765137,,,1.4098925590515137,1.1733710765838623
25,head_entropy,Hallucinations_vs_Factual,43,0.22593066096305847,,,0.43008744716644287,0.2041567862033844
25,head_entropy,Hallucinations_vs_Factual,63,0.22059014439582825,,,0.5154944658279419,0.29490432143211365
25,head_entropy,Hallucinations_vs_Factual,42,0.20869523286819458,,,0.7322725057601929,0.5235772728919983
26,head_entropy,Impossible_vs_Factual,6,0.4451444745063782,,,1.0347540378570557,0.5896095633506775
26,head_entropy,Impossible_vs_Factual,45,0.23009446263313293,,,0.5878975987434387,0.3578031361103058
26,head_entropy,Impossible_vs_Factual,53,0.20022368431091309,,,0.4795421063899994,0.2793184220790863
26,head_entropy,Impossible_vs_Factual,44,0.18498390913009644,,,0.49825403094291687,0.31327012181282043
26,head_entropy,Impossible_vs_Factual,28,-0.18114644289016724,,,0.5293600559234619,0.7105064988136292
26,head_entropy,Impossible_vs_Factual,55,-0.17941772937774658,,,0.9225976467132568,1.1020153760910034
26,head_entropy,Impossible_vs_Factual,5,-0.17132776975631714,,,0.7954124808311462,0.9667402505874634
26,head_entropy,Impossible_vs_Factual,12,-0.15819215774536133,,,0.4140739440917969,0.5722661018371582
26,head_entropy,Impossible_vs_Factual,1,-0.1513141393661499,,,0.6022612452507019,0.7535753846168518
26,head_entropy,Impossible_vs_Factual,3,-0.14873149991035461,,,0.426204115152359,0.5749356150627136
26,head_entropy,Hallucinations_vs_Factual,6,0.5327185988426208,,,1.1223281621932983,0.5896095633506775
26,head_entropy,Hallucinations_vs_Factual,44,0.322375625371933,,,0.6356457471847534,0.31327012181282043
26,head_entropy,Hallucinations_vs_Factual,47,0.3126536011695862,,,0.5118911266326904,0.19923752546310425
26,head_entropy,Hallucinations_vs_Factual,31,0.2864251136779785,,,0.5477659702301025,0.261340856552124
26,head_entropy,Hallucinations_vs_Factual,53,0.24937596917152405,,,0.5286943912506104,0.2793184220790863
26,head_entropy,Hallucinations_vs_Factual,45,0.22668322920799255,,,0.5844863653182983,0.3578031361103058
26,head_entropy,Hallucinations_vs_Factual,1,-0.20098823308944702,,,0.5525871515274048,0.7535753846168518
26,head_entropy,Hallucinations_vs_Factual,63,0.20042750239372253,,,0.2881832420825958,0.08775573968887329
26,head_entropy,Hallucinations_vs_Factual,2,-0.1781718134880066,,,0.8846984505653381,1.0628702640533447
26,head_entropy,Hallucinations_vs_Factual,14,0.17682315409183502,,,0.3313305675983429,0.15450741350650787
27,head_entropy,Impossible_vs_Factual,21,-0.28533509373664856,,,0.34142205119132996,0.6267571449279785
27,head_entropy,Impossible_vs_Factual,15,-0.2685854136943817,,,0.46724608540534973,0.7358314990997314
27,head_entropy,Impossible_vs_Factual,57,-0.26180499792099,,,0.2968100309371948,0.5586150288581848
27,head_entropy,Impossible_vs_Factual,37,0.2542838752269745,,,0.6184825897216797,0.3641987144947052
27,head_entropy,Impossible_vs_Factual,47,0.23718851804733276,,,0.5203443169593811,0.28315579891204834
27,head_entropy,Impossible_vs_Factual,1,-0.21426552534103394,,,0.09142304211854935,0.3056885600090027
27,head_entropy,Impossible_vs_Factual,58,-0.19250386953353882,,,0.6608457565307617,0.8533496260643005
27,head_entropy,Impossible_vs_Factual,40,-0.19123303890228271,,,0.5592552423477173,0.75048828125
27,head_entropy,Impossible_vs_Factual,60,-0.18657457828521729,,,0.3513849377632141,0.5379595160484314
27,head_entropy,Impossible_vs_Factual,43,-0.1785663366317749,,,0.9061144590377808,1.0846807956695557
27,head_entropy,Hallucinations_vs_Factual,37,0.33309754729270935,,,0.6972962617874146,0.3641987144947052
27,head_entropy,Hallucinations_vs_Factual,47,0.3078562617301941,,,0.5910120606422424,0.28315579891204834
27,head_entropy,Hallucinations_vs_Factual,44,0.2601172924041748,,,0.8700695633888245,0.6099522709846497
27,head_entropy,Hallucinations_vs_Factual,57,-0.2509163022041321,,,0.30769872665405273,0.5586150288581848
27,head_entropy,Hallucinations_vs_Factual,42,0.21424084901809692,,,0.8898457288742065,0.6756048798561096
27,head_entropy,Hallucinations_vs_Factual,31,-0.20836186408996582,,,0.6177079081535339,0.8260697722434998
27,head_entropy,Hallucinations_vs_Factual,36,0.18385106325149536,,,0.8351500034332275,0.6512989401817322
27,head_entropy,Hallucinations_vs_Factual,15,-0.1788731813430786,,,0.5569583177566528,0.7358314990997314
27,head_entropy,Hallucinations_vs_Factual,2,0.1752762347459793,,,0.22849787771701813,0.05322164297103882
27,head_entropy,Hallucinations_vs_Factual,45,0.16486504673957825,,,0.4334637224674225,0.26859867572784424
28,head_entropy,Impossible_vs_Factual,37,-0.41526833176612854,,,0.31880679726600647,0.734075129032135
28,head_entropy,Impossible_vs_Factual,30,-0.2776341438293457,,,0.8584001064300537,1.1360342502593994
28,head_entropy,Impossible_vs_Factual,24,-0.26212987303733826,,,0.3664865791797638,0.628616452217102
28,head_entropy,Impossible_vs_Factual,60,0.24275580048561096,,,0.5011345148086548,0.2583787143230438
28,head_entropy,Impossible_vs_Factual,33,0.20392002165317535,,,0.3694612681865692,0.16554124653339386
28,head_entropy,Impossible_vs_Factual,61,0.20027241110801697,,,0.4839731454849243,0.28370073437690735
28,head_entropy,Impossible_vs_Factual,40,0.19478505849838257,,,0.5558687448501587,0.3610836863517761
28,head_entropy,Impossible_vs_Factual,39,-0.18965834379196167,,,0.8141337037086487,1.0037920475006104
28,head_entropy,Impossible_vs_Factual,25,-0.18729358911514282,,,0.5606874227523804,0.7479810118675232
28,head_entropy,Impossible_vs_Factual,22,-0.18151713907718658,,,0.13435126841068268,0.31586840748786926
28,head_entropy,Hallucinations_vs_Factual,30,-0.3456268310546875,,,0.7904074192047119,1.1360342502593994
28,head_entropy,Hallucinations_vs_Factual,40,0.26530706882476807,,,0.6263907551765442,0.3610836863517761
28,head_entropy,Hallucinations_vs_Factual,61,0.23208573460578918,,,0.5157864689826965,0.28370073437690735
28,head_entropy,Hallucinations_vs_Factual,47,0.23203128576278687,,,1.0409278869628906,0.8088966012001038
28,head_entropy,Hallucinations_vs_Factual,59,0.22329360246658325,,,0.5094767808914185,0.2861831784248352
28,head_entropy,Hallucinations_vs_Factual,33,0.22301410138607025,,,0.3885553479194641,0.16554124653339386
28,head_entropy,Hallucinations_vs_Factual,13,0.18915653228759766,,,0.591336727142334,0.40218019485473633
28,head_entropy,Hallucinations_vs_Factual,63,0.1815325915813446,,,0.4488508999347687,0.2673183083534241
28,head_entropy,Hallucinations_vs_Factual,60,0.1813041865825653,,,0.43968290090560913,0.2583787143230438
28,head_entropy,Hallucinations_vs_Factual,24,-0.17348819971084595,,,0.4551282525062561,0.628616452217102
29,head_entropy,Impossible_vs_Factual,36,-0.2963992655277252,,,0.476089745759964,0.7724890112876892
29,head_entropy,Impossible_vs_Factual,30,0.2518564760684967,,,0.6283560991287231,0.37649962306022644
29,head_entropy,Impossible_vs_Factual,33,-0.2504309415817261,,,0.7722783088684082,1.0227092504501343
29,head_entropy,Impossible_vs_Factual,57,-0.2464490532875061,,,0.5948547124862671,0.8413037657737732
29,head_entropy,Impossible_vs_Factual,43,-0.23023544251918793,,,0.1267743855714798,0.3570098280906677
29,head_entropy,Impossible_vs_Factual,1,-0.2258211374282837,,,1.0453349351882935,1.2711560726165771
29,head_entropy,Impossible_vs_Factual,24,0.19375339150428772,,,0.6629617810249329,0.46920838952064514
29,head_entropy,Impossible_vs_Factual,19,0.180155947804451,,,0.4003519117832184,0.2201959639787674
29,head_entropy,Impossible_vs_Factual,23,0.17917728424072266,,,0.257251501083374,0.07807421684265137
29,head_entropy,Impossible_vs_Factual,6,-0.1754053235054016,,,0.5202134847640991,0.6956188082695007
29,head_entropy,Hallucinations_vs_Factual,24,0.4195658266544342,,,0.8887742161750793,0.46920838952064514
29,head_entropy,Hallucinations_vs_Factual,7,0.28778690099716187,,,0.9819449186325073,0.6941580176353455
29,head_entropy,Hallucinations_vs_Factual,36,-0.28374379873275757,,,0.48874521255493164,0.7724890112876892
29,head_entropy,Hallucinations_vs_Factual,30,0.2729143798351288,,,0.6494140028953552,0.37649962306022644
29,head_entropy,Hallucinations_vs_Factual,57,-0.25424301624298096,,,0.5870607495307922,0.8413037657737732
29,head_entropy,Hallucinations_vs_Factual,23,0.2349194586277008,,,0.3129936754703522,0.07807421684265137
29,head_entropy,Hallucinations_vs_Factual,26,0.22632727026939392,,,0.45909640192985535,0.23276913166046143
29,head_entropy,Hallucinations_vs_Factual,33,-0.21550947427749634,,,0.8071997761726379,1.0227092504501343
29,head_entropy,Hallucinations_vs_Factual,19,0.21095041930675507,,,0.43114638328552246,0.2201959639787674
29,head_entropy,Hallucinations_vs_Factual,43,-0.1763572096824646,,,0.18065261840820312,0.3570098280906677
30,head_entropy,Impossible_vs_Factual,58,-0.23242762684822083,,,0.37091317772865295,0.6033408045768738
30,head_entropy,Impossible_vs_Factual,14,0.21515415608882904,,,0.4001980423927307,0.18504388630390167
30,head_entropy,Impossible_vs_Factual,7,0.208729088306427,,,0.9326236248016357,0.7238945364952087
30,head_entropy,Impossible_vs_Factual,1,-0.17990389466285706,,,0.2531570792198181,0.43306097388267517
30,head_entropy,Impossible_vs_Factual,31,0.14362673461437225,,,0.33503615856170654,0.1914094239473343
30,head_entropy,Impossible_vs_Factual,44,0.1295456886291504,,,0.8579559326171875,0.7284102439880371
30,head_entropy,Impossible_vs_Factual,13,0.10987710952758789,,,0.24389110505580902,0.13401399552822113
30,head_entropy,Impossible_vs_Factual,22,-0.10616721212863922,,,0.04277791082859039,0.14894512295722961
30,head_entropy,Impossible_vs_Factual,21,-0.10457199811935425,,,0.3780956566333771,0.4826676547527313
30,head_entropy,Impossible_vs_Factual,45,0.10439546406269073,,,0.23003798723220825,0.12564252316951752
30,head_entropy,Hallucinations_vs_Factual,14,0.32699811458587646,,,0.5120419859886169,0.18504388630390167
30,head_entropy,Hallucinations_vs_Factual,7,0.2933247685432434,,,1.0172193050384521,0.7238945364952087
30,head_entropy,Hallucinations_vs_Factual,46,0.20610976219177246,,,0.9572084546089172,0.7510986924171448
30,head_entropy,Hallucinations_vs_Factual,58,-0.18709295988082886,,,0.4162478446960449,0.6033408045768738
30,head_entropy,Hallucinations_vs_Factual,1,-0.1797221302986145,,,0.25333884358406067,0.43306097388267517
30,head_entropy,Hallucinations_vs_Factual,45,0.17820821702480316,,,0.3038507401943207,0.12564252316951752
30,head_entropy,Hallucinations_vs_Factual,13,0.14888183772563934,,,0.2828958332538605,0.13401399552822113
30,head_entropy,Hallucinations_vs_Factual,15,0.14764171838760376,,,0.1941443532705307,0.046502627432346344
30,head_entropy,Hallucinations_vs_Factual,31,0.14677907526493073,,,0.338188499212265,0.1914094239473343
30,head_entropy,Hallucinations_vs_Factual,24,0.10120266675949097,,,0.4877729117870331,0.3865702450275421
31,head_entropy,Impossible_vs_Factual,0,-0.315402090549469,,,0.17836005985736847,0.49376216530799866
31,head_entropy,Impossible_vs_Factual,58,-0.3062397241592407,,,0.5130225419998169,0.8192622661590576
31,head_entropy,Impossible_vs_Factual,51,-0.25246793031692505,,,0.37600404024124146,0.6284719705581665
31,head_entropy,Impossible_vs_Factual,52,-0.24394738674163818,,,0.27259546518325806,0.5165428519248962
31,head_entropy,Impossible_vs_Factual,55,-0.17666321992874146,,,0.906576931476593,1.0832401514053345
31,head_entropy,Impossible_vs_Factual,50,0.1719616949558258,,,0.5637692213058472,0.39180752635002136
31,head_entropy,Impossible_vs_Factual,3,-0.16887226700782776,,,0.358433336019516,0.5273056030273438
31,head_entropy,Impossible_vs_Factual,8,-0.16764581203460693,,,0.32585519552230835,0.4935010075569153
31,head_entropy,Impossible_vs_Factual,26,0.1604539453983307,,,0.5285286903381348,0.3680747449398041
31,head_entropy,Impossible_vs_Factual,61,-0.15996885299682617,,,0.4057610034942627,0.5657298564910889
31,head_entropy,Hallucinations_vs_Factual,26,0.5112799406051636,,,0.87935471534729,0.3680747449398041
31,head_entropy,Hallucinations_vs_Factual,36,0.32660216093063354,,,0.4958203434944153,0.16921818256378174
31,head_entropy,Hallucinations_vs_Factual,50,0.2595382630825043,,,0.6513457894325256,0.39180752635002136
31,head_entropy,Hallucinations_vs_Factual,51,-0.25046297907829285,,,0.37800899147987366,0.6284719705581665
31,head_entropy,Hallucinations_vs_Factual,52,-0.24905019998550415,,,0.2674926519393921,0.5165428519248962
31,head_entropy,Hallucinations_vs_Factual,58,-0.23454606533050537,,,0.5847162008285522,0.8192622661590576
31,head_entropy,Hallucinations_vs_Factual,27,0.2344059944152832,,,0.5544623732566833,0.32005637884140015
31,head_entropy,Hallucinations_vs_Factual,0,-0.22100558876991272,,,0.27275657653808594,0.49376216530799866
31,head_entropy,Hallucinations_vs_Factual,53,0.21897467970848083,,,0.5924628376960754,0.3734881579875946
31,head_entropy,Hallucinations_vs_Factual,59,0.1957045942544937,,,0.3802839517593384,0.18457935750484467
32,head_entropy,Impossible_vs_Factual,32,0.3638291358947754,,,0.7343994379043579,0.3705703020095825
32,head_entropy,Impossible_vs_Factual,12,0.33251309394836426,,,0.8578871488571167,0.5253740549087524
32,head_entropy,Impossible_vs_Factual,62,0.30796006321907043,,,0.5832656025886536,0.27530553936958313
32,head_entropy,Impossible_vs_Factual,33,0.2706483006477356,,,0.661941409111023,0.39129310846328735
32,head_entropy,Impossible_vs_Factual,51,-0.2666119337081909,,,0.23890447616577148,0.5055164098739624
32,head_entropy,Impossible_vs_Factual,25,0.2401423454284668,,,0.6781250834465027,0.4379827380180359
32,head_entropy,Impossible_vs_Factual,26,0.20521046221256256,,,0.257312536239624,0.05210207775235176
32,head_entropy,Impossible_vs_Factual,56,-0.20388925075531006,,,0.6166136860847473,0.8205029368400574
32,head_entropy,Impossible_vs_Factual,10,-0.19499921798706055,,,0.4330878257751465,0.628087043762207
32,head_entropy,Impossible_vs_Factual,34,-0.19268321990966797,,,1.2355448007583618,1.4282280206680298
32,head_entropy,Hallucinations_vs_Factual,12,0.4869736433029175,,,1.01234769821167,0.5253740549087524
32,head_entropy,Hallucinations_vs_Factual,32,0.4790860414505005,,,0.849656343460083,0.3705703020095825
32,head_entropy,Hallucinations_vs_Factual,62,0.40827909111976624,,,0.6835846304893494,0.27530553936958313
32,head_entropy,Hallucinations_vs_Factual,59,0.2982233166694641,,,1.011691927909851,0.713468611240387
32,head_entropy,Hallucinations_vs_Factual,33,0.29145437479019165,,,0.682747483253479,0.39129310846328735
32,head_entropy,Hallucinations_vs_Factual,21,0.29091599583625793,,,0.3983985185623169,0.10748251527547836
32,head_entropy,Hallucinations_vs_Factual,26,0.2490532249212265,,,0.30115529894828796,0.05210207775235176
32,head_entropy,Hallucinations_vs_Factual,29,0.2404998540878296,,,1.685273289680481,1.4447734355926514
32,head_entropy,Hallucinations_vs_Factual,51,-0.2401527762413025,,,0.2653636336326599,0.5055164098739624
32,head_entropy,Hallucinations_vs_Factual,38,0.20606058835983276,,,1.0849589109420776,0.8788983225822449
33,head_entropy,Impossible_vs_Factual,10,0.3195674419403076,,,0.788647472858429,0.46908003091812134
33,head_entropy,Impossible_vs_Factual,43,-0.2600843906402588,,,0.5972243547439575,0.8573087453842163
33,head_entropy,Impossible_vs_Factual,44,-0.25567567348480225,,,1.1379024982452393,1.3935781717300415
33,head_entropy,Impossible_vs_Factual,30,0.22044450044631958,,,0.7426064014434814,0.5221619009971619
33,head_entropy,Impossible_vs_Factual,31,0.17350229620933533,,,0.6335489153862,0.4600466191768646
33,head_entropy,Impossible_vs_Factual,11,-0.16028180718421936,,,0.2518046200275421,0.4120864272117615
33,head_entropy,Impossible_vs_Factual,7,0.1558932065963745,,,0.963191032409668,0.8072978258132935
33,head_entropy,Impossible_vs_Factual,6,0.1542770266532898,,,0.8781735897064209,0.7238965630531311
33,head_entropy,Impossible_vs_Factual,51,-0.15394532680511475,,,0.5224278569221497,0.6763731837272644
33,head_entropy,Impossible_vs_Factual,47,-0.15369361639022827,,,0.68081134557724,0.8345049619674683
33,head_entropy,Hallucinations_vs_Factual,10,0.37534695863723755,,,0.8444269895553589,0.46908003091812134
33,head_entropy,Hallucinations_vs_Factual,30,0.34640932083129883,,,0.8685712218284607,0.5221619009971619
33,head_entropy,Hallucinations_vs_Factual,6,0.28146976232528687,,,1.005366325378418,0.7238965630531311
33,head_entropy,Hallucinations_vs_Factual,7,0.2356196641921997,,,1.0429174900054932,0.8072978258132935
33,head_entropy,Hallucinations_vs_Factual,21,-0.21574705839157104,,,0.9639152884483337,1.1796623468399048
33,head_entropy,Hallucinations_vs_Factual,44,-0.20832788944244385,,,1.1852502822875977,1.3935781717300415
33,head_entropy,Hallucinations_vs_Factual,3,0.20445525646209717,,,1.3501427173614502,1.145687460899353
33,head_entropy,Hallucinations_vs_Factual,36,0.20256763696670532,,,1.0188438892364502,0.8162762522697449
33,head_entropy,Hallucinations_vs_Factual,42,-0.19348537921905518,,,0.9540318250656128,1.147517204284668
33,head_entropy,Hallucinations_vs_Factual,40,0.18594306707382202,,,0.40228214859962463,0.2163390815258026
34,head_entropy,Impossible_vs_Factual,31,-0.32558977603912354,,,1.2115429639816284,1.537132740020752
34,head_entropy,Impossible_vs_Factual,49,0.3080741763114929,,,1.0694787502288818,0.7614045739173889
34,head_entropy,Impossible_vs_Factual,39,-0.3014758229255676,,,0.41040754318237305,0.7118833661079407
34,head_entropy,Impossible_vs_Factual,7,-0.296001672744751,,,0.3895239233970642,0.6855255961418152
34,head_entropy,Impossible_vs_Factual,14,-0.2870641350746155,,,0.8221974968910217,1.1092616319656372
34,head_entropy,Impossible_vs_Factual,5,-0.28582125902175903,,,0.2785571813583374,0.5643784403800964
34,head_entropy,Impossible_vs_Factual,13,-0.2692635655403137,,,0.6592822670936584,0.9285458326339722
34,head_entropy,Impossible_vs_Factual,46,-0.2549467086791992,,,0.7010942697525024,0.9560409784317017
34,head_entropy,Impossible_vs_Factual,54,0.24019527435302734,,,1.1126961708068848,0.8725008964538574
34,head_entropy,Impossible_vs_Factual,59,-0.2358301281929016,,,0.5805360674858093,0.8163661956787109
34,head_entropy,Hallucinations_vs_Factual,49,0.3571355938911438,,,1.1185401678085327,0.7614045739173889
34,head_entropy,Hallucinations_vs_Factual,63,0.3216630220413208,,,0.9676073789596558,0.645944356918335
34,head_entropy,Hallucinations_vs_Factual,54,0.3004528284072876,,,1.172953724861145,0.8725008964538574
34,head_entropy,Hallucinations_vs_Factual,7,-0.2671040892601013,,,0.41842150688171387,0.6855255961418152
34,head_entropy,Hallucinations_vs_Factual,31,-0.24676740169525146,,,1.2903653383255005,1.537132740020752
34,head_entropy,Hallucinations_vs_Factual,59,-0.2388836145401001,,,0.5774825811386108,0.8163661956787109
34,head_entropy,Hallucinations_vs_Factual,5,-0.22743895649909973,,,0.3369394838809967,0.5643784403800964
34,head_entropy,Hallucinations_vs_Factual,46,-0.22315019369125366,,,0.732890784740448,0.9560409784317017
34,head_entropy,Hallucinations_vs_Factual,62,0.2223677635192871,,,1.0895397663116455,0.8671720027923584
34,head_entropy,Hallucinations_vs_Factual,14,-0.21886032819747925,,,0.890401303768158,1.1092616319656372
35,head_entropy,Impossible_vs_Factual,21,0.5058344602584839,,,0.7978075742721558,0.2919730842113495
35,head_entropy,Impossible_vs_Factual,30,0.4199274778366089,,,0.7119540572166443,0.2920265793800354
35,head_entropy,Impossible_vs_Factual,35,-0.3486950397491455,,,0.870901346206665,1.2195963859558105
35,head_entropy,Impossible_vs_Factual,20,0.34157174825668335,,,1.064956784248352,0.7233850359916687
35,head_entropy,Impossible_vs_Factual,14,-0.3187171220779419,,,1.0740487575531006,1.3927658796310425
35,head_entropy,Impossible_vs_Factual,24,0.31858569383621216,,,0.934123694896698,0.6155380010604858
35,head_entropy,Impossible_vs_Factual,19,0.3178806006908417,,,0.7655165791511536,0.4476359784603119
35,head_entropy,Impossible_vs_Factual,16,0.31202036142349243,,,0.9554218649864197,0.6434015035629272
35,head_entropy,Impossible_vs_Factual,3,0.27889835834503174,,,1.2957462072372437,1.016847848892212
35,head_entropy,Impossible_vs_Factual,2,0.2580392360687256,,,0.7976269721984863,0.5395877361297607
35,head_entropy,Hallucinations_vs_Factual,21,0.5732007026672363,,,0.8651737570762634,0.2919730842113495
35,head_entropy,Hallucinations_vs_Factual,20,0.4300083518028259,,,1.1533933877944946,0.7233850359916687
35,head_entropy,Hallucinations_vs_Factual,35,-0.4045828580856323,,,0.8150135278701782,1.2195963859558105
35,head_entropy,Hallucinations_vs_Factual,30,0.4025077223777771,,,0.6945343017578125,0.2920265793800354
35,head_entropy,Hallucinations_vs_Factual,19,0.3932966887950897,,,0.8409326672554016,0.4476359784603119
35,head_entropy,Hallucinations_vs_Factual,3,0.37227725982666016,,,1.389125108718872,1.016847848892212
35,head_entropy,Hallucinations_vs_Factual,24,0.3671470284461975,,,0.9826850295066833,0.6155380010604858
35,head_entropy,Hallucinations_vs_Factual,16,0.36084723472595215,,,1.0042487382888794,0.6434015035629272
35,head_entropy,Hallucinations_vs_Factual,23,0.33515429496765137,,,1.2569962739944458,0.9218419790267944
35,head_entropy,Hallucinations_vs_Factual,51,0.3147234320640564,,,1.1570515632629395,0.8423281311988831
36,head_entropy,Impossible_vs_Factual,27,0.45858579874038696,,,1.4008495807647705,0.9422637820243835
36,head_entropy,Impossible_vs_Factual,62,0.41701143980026245,,,0.6604041457176208,0.2433927208185196
36,head_entropy,Impossible_vs_Factual,15,-0.36584967374801636,,,0.6653885245323181,1.0312381982803345
36,head_entropy,Impossible_vs_Factual,58,0.354362428188324,,,0.5614744424819946,0.20711202919483185
36,head_entropy,Impossible_vs_Factual,24,0.3511146008968353,,,0.7726871371269226,0.4215725362300873
36,head_entropy,Impossible_vs_Factual,57,-0.3492749333381653,,,0.7239256501197815,1.0732005834579468
36,head_entropy,Impossible_vs_Factual,61,0.3449706733226776,,,0.5488539934158325,0.2038833200931549
36,head_entropy,Impossible_vs_Factual,35,0.330607533454895,,,0.6459828615188599,0.31537532806396484
36,head_entropy,Impossible_vs_Factual,44,0.31141892075538635,,,0.619662344455719,0.30824342370033264
36,head_entropy,Impossible_vs_Factual,6,-0.27762937545776367,,,0.9655202627182007,1.2431496381759644
36,head_entropy,Hallucinations_vs_Factual,27,0.567310631275177,,,1.5095744132995605,0.9422637820243835
36,head_entropy,Hallucinations_vs_Factual,24,0.5161067247390747,,,0.9376792907714844,0.4215725362300873
36,head_entropy,Hallucinations_vs_Factual,58,0.5059247612953186,,,0.7130367755889893,0.20711202919483185
36,head_entropy,Hallucinations_vs_Factual,35,0.4731702208518982,,,0.788545548915863,0.31537532806396484
36,head_entropy,Hallucinations_vs_Factual,62,0.47200995683670044,,,0.7154026627540588,0.2433927208185196
36,head_entropy,Hallucinations_vs_Factual,32,0.35958099365234375,,,0.8810420036315918,0.521461009979248
36,head_entropy,Hallucinations_vs_Factual,23,0.35944464802742004,,,0.8564092516899109,0.49696460366249084
36,head_entropy,Hallucinations_vs_Factual,31,0.35679808259010315,,,0.7655001282691956,0.4087020456790924
36,head_entropy,Hallucinations_vs_Factual,13,0.3527523875236511,,,0.6905449628829956,0.3377925753593445
36,head_entropy,Hallucinations_vs_Factual,61,0.350165992975235,,,0.5540493130683899,0.2038833200931549
37,head_entropy,Impossible_vs_Factual,46,0.3718971014022827,,,0.9322178363800049,0.5603207349777222
37,head_entropy,Impossible_vs_Factual,17,0.35326632857322693,,,0.8446583151817322,0.49139198660850525
37,head_entropy,Impossible_vs_Factual,59,-0.3467438817024231,,,0.4607025980949402,0.8074464797973633
37,head_entropy,Impossible_vs_Factual,63,0.32827064394950867,,,0.6086212396621704,0.28035059571266174
37,head_entropy,Impossible_vs_Factual,34,-0.3163621425628662,,,0.7014716863632202,1.0178338289260864
37,head_entropy,Impossible_vs_Factual,19,0.31162142753601074,,,1.2742698192596436,0.9626483917236328
37,head_entropy,Impossible_vs_Factual,26,0.30787065625190735,,,0.5215280652046204,0.213657408952713
37,head_entropy,Impossible_vs_Factual,29,0.299935519695282,,,0.8474038243293762,0.5474683046340942
37,head_entropy,Impossible_vs_Factual,18,-0.2972753047943115,,,1.0284863710403442,1.3257616758346558
37,head_entropy,Impossible_vs_Factual,8,0.2956811785697937,,,0.6654337048530579,0.36975252628326416
37,head_entropy,Hallucinations_vs_Factual,41,0.4775192141532898,,,1.029597282409668,0.5520780682563782
37,head_entropy,Hallucinations_vs_Factual,46,0.4386434555053711,,,0.9989641904830933,0.5603207349777222
37,head_entropy,Hallucinations_vs_Factual,54,0.40639251470565796,,,0.9463240504264832,0.5399315357208252
37,head_entropy,Hallucinations_vs_Factual,23,0.3861258029937744,,,1.2808810472488403,0.8947552442550659
37,head_entropy,Hallucinations_vs_Factual,26,0.38097986578941345,,,0.5946372747421265,0.213657408952713
37,head_entropy,Hallucinations_vs_Factual,8,0.36827635765075684,,,0.738028883934021,0.36975252628326416
37,head_entropy,Hallucinations_vs_Factual,15,0.3635392189025879,,,0.9805077910423279,0.61696857213974
37,head_entropy,Hallucinations_vs_Factual,17,0.35478779673576355,,,0.8461797833442688,0.49139198660850525
37,head_entropy,Hallucinations_vs_Factual,29,0.33635783195495605,,,0.8838261365890503,0.5474683046340942
37,head_entropy,Hallucinations_vs_Factual,50,0.330026775598526,,,0.7042738795280457,0.37424710392951965
38,head_entropy,Impossible_vs_Factual,29,0.3862592875957489,,,0.8562831282615662,0.47002384066581726
38,head_entropy,Impossible_vs_Factual,40,0.3500681519508362,,,0.8185232877731323,0.46845513582229614
38,head_entropy,Impossible_vs_Factual,8,0.3495486378669739,,,0.7857896089553833,0.4362409710884094
38,head_entropy,Impossible_vs_Factual,62,-0.3221416473388672,,,1.0248017311096191,1.3469433784484863
38,head_entropy,Impossible_vs_Factual,15,0.29507291316986084,,,0.966185986995697,0.6711130738258362
38,head_entropy,Impossible_vs_Factual,45,-0.2777653932571411,,,0.7300410270690918,1.007806420326233
38,head_entropy,Impossible_vs_Factual,9,0.2537604570388794,,,0.5867052674293518,0.3329448103904724
38,head_entropy,Impossible_vs_Factual,44,-0.24119317531585693,,,1.2383452653884888,1.4795384407043457
38,head_entropy,Impossible_vs_Factual,49,0.2106797695159912,,,0.5869710445404053,0.37629127502441406
38,head_entropy,Impossible_vs_Factual,31,0.2025669515132904,,,0.6613150835037231,0.45874813199043274
38,head_entropy,Hallucinations_vs_Factual,29,0.6917208433151245,,,1.1617447137832642,0.47002384066581726
38,head_entropy,Hallucinations_vs_Factual,31,0.5188406705856323,,,0.9775888323783875,0.45874813199043274
38,head_entropy,Hallucinations_vs_Factual,8,0.38869136571884155,,,0.824932336807251,0.4362409710884094
38,head_entropy,Hallucinations_vs_Factual,40,0.3850730061531067,,,0.8535281419754028,0.46845513582229614
38,head_entropy,Hallucinations_vs_Factual,62,-0.3620198965072632,,,0.9849234819412231,1.3469433784484863
38,head_entropy,Hallucinations_vs_Factual,3,0.3035121560096741,,,1.288111686706543,0.9845995306968689
38,head_entropy,Hallucinations_vs_Factual,30,0.30039095878601074,,,2.0769457817077637,1.776554822921753
38,head_entropy,Hallucinations_vs_Factual,45,-0.29977238178253174,,,0.7080340385437012,1.007806420326233
38,head_entropy,Hallucinations_vs_Factual,12,0.2885324954986572,,,1.2958290576934814,1.0072965621948242
38,head_entropy,Hallucinations_vs_Factual,9,0.2779325842857361,,,0.6108773946762085,0.3329448103904724
39,head_entropy,Impossible_vs_Factual,22,-0.4335765838623047,,,0.7773740291595459,1.2109506130218506
39,head_entropy,Impossible_vs_Factual,4,0.29517602920532227,,,1.4254456758499146,1.1302696466445923
39,head_entropy,Impossible_vs_Factual,52,-0.2720145881175995,,,0.47770312428474426,0.7497177124023438
39,head_entropy,Impossible_vs_Factual,39,0.26019275188446045,,,1.1550387144088745,0.8948459625244141
39,head_entropy,Impossible_vs_Factual,8,0.2554059624671936,,,0.9748064875602722,0.7194005250930786
39,head_entropy,Impossible_vs_Factual,1,0.2524864673614502,,,1.2858772277832031,1.033390760421753
39,head_entropy,Impossible_vs_Factual,0,0.2508777976036072,,,1.1596919298171997,0.9088141322135925
39,head_entropy,Impossible_vs_Factual,31,0.2387647032737732,,,1.1376006603240967,0.8988359570503235
39,head_entropy,Impossible_vs_Factual,7,-0.22430956363677979,,,1.3696922063827515,1.5940017700195312
39,head_entropy,Impossible_vs_Factual,12,-0.22016942501068115,,,0.8086428642272949,1.028812289237976
39,head_entropy,Hallucinations_vs_Factual,4,0.5620503425598145,,,1.6923199892044067,1.1302696466445923
39,head_entropy,Hallucinations_vs_Factual,0,0.496509850025177,,,1.4053239822387695,0.9088141322135925
39,head_entropy,Hallucinations_vs_Factual,39,0.41176342964172363,,,1.3066093921661377,0.8948459625244141
39,head_entropy,Hallucinations_vs_Factual,1,0.4059154987335205,,,1.4393062591552734,1.033390760421753
39,head_entropy,Hallucinations_vs_Factual,8,0.3975623846054077,,,1.1169629096984863,0.7194005250930786
39,head_entropy,Hallucinations_vs_Factual,31,0.38655906915664673,,,1.2853950262069702,0.8988359570503235
39,head_entropy,Hallucinations_vs_Factual,22,-0.3771016597747803,,,0.8338489532470703,1.2109506130218506
39,head_entropy,Hallucinations_vs_Factual,56,0.3398870825767517,,,1.2076075077056885,0.8677204251289368
39,head_entropy,Hallucinations_vs_Factual,29,0.32993167638778687,,,1.031238317489624,0.7013066411018372
39,head_entropy,Hallucinations_vs_Factual,63,0.3260425925254822,,,1.1451852321624756,0.8191426396369934
40,head_entropy,Impossible_vs_Factual,15,0.5345352292060852,,,1.0047287940979004,0.4701935648918152
40,head_entropy,Impossible_vs_Factual,38,0.3909725546836853,,,1.231456995010376,0.8404844403266907
40,head_entropy,Impossible_vs_Factual,57,0.3906133770942688,,,1.1555839776992798,0.764970600605011
40,head_entropy,Impossible_vs_Factual,53,0.36067935824394226,,,0.632749617099762,0.2720702588558197
40,head_entropy,Impossible_vs_Factual,6,-0.36027830839157104,,,0.8489609360694885,1.2092392444610596
40,head_entropy,Impossible_vs_Factual,60,0.356187641620636,,,1.3560001850128174,0.9998125433921814
40,head_entropy,Impossible_vs_Factual,55,0.31156736612319946,,,1.1009160280227661,0.7893486618995667
40,head_entropy,Impossible_vs_Factual,52,0.29442262649536133,,,0.6514496803283691,0.3570270538330078
40,head_entropy,Impossible_vs_Factual,50,0.26746633648872375,,,0.5524666905403137,0.28500035405158997
40,head_entropy,Impossible_vs_Factual,20,0.25584763288497925,,,0.8597392439842224,0.6038916110992432
40,head_entropy,Hallucinations_vs_Factual,15,0.5965808033943176,,,1.0667743682861328,0.4701935648918152
40,head_entropy,Hallucinations_vs_Factual,57,0.5713074803352356,,,1.3362780809402466,0.764970600605011
40,head_entropy,Hallucinations_vs_Factual,52,0.5242551565170288,,,0.8812822103500366,0.3570270538330078
40,head_entropy,Hallucinations_vs_Factual,38,0.5001524090766907,,,1.3406368494033813,0.8404844403266907
40,head_entropy,Hallucinations_vs_Factual,50,0.4766729176044464,,,0.7616732716560364,0.28500035405158997
40,head_entropy,Hallucinations_vs_Factual,60,0.4633108973503113,,,1.4631234407424927,0.9998125433921814
40,head_entropy,Hallucinations_vs_Factual,53,0.44737371802330017,,,0.7194439768791199,0.2720702588558197
40,head_entropy,Hallucinations_vs_Factual,6,-0.41913050413131714,,,0.7901087403297424,1.2092392444610596
40,head_entropy,Hallucinations_vs_Factual,54,0.41901904344558716,,,1.0855425596237183,0.6665235161781311
40,head_entropy,Hallucinations_vs_Factual,20,0.3969060182571411,,,1.0007976293563843,0.6038916110992432
41,head_entropy,Impossible_vs_Factual,24,0.3685997724533081,,,1.033429741859436,0.6648299694061279
41,head_entropy,Impossible_vs_Factual,58,0.34812048077583313,,,0.7500833868980408,0.40196290612220764
41,head_entropy,Impossible_vs_Factual,32,-0.31709909439086914,,,0.9028438329696655,1.2199429273605347
41,head_entropy,Impossible_vs_Factual,18,0.2909676432609558,,,0.9366686940193176,0.6457010507583618
41,head_entropy,Impossible_vs_Factual,56,0.26299136877059937,,,0.7988027930259705,0.5358114242553711
41,head_entropy,Impossible_vs_Factual,8,-0.2604862451553345,,,0.6794882416725159,0.9399744868278503
41,head_entropy,Impossible_vs_Factual,7,0.2592496871948242,,,1.331937551498413,1.0726878643035889
41,head_entropy,Impossible_vs_Factual,37,-0.2502822279930115,,,0.9505185484886169,1.2008007764816284
41,head_entropy,Impossible_vs_Factual,49,-0.2486436367034912,,,0.774116039276123,1.0227596759796143
41,head_entropy,Impossible_vs_Factual,61,0.24845314025878906,,,1.1822577714920044,0.9338046312332153
41,head_entropy,Hallucinations_vs_Factual,56,0.6382297277450562,,,1.1740411520004272,0.5358114242553711
41,head_entropy,Hallucinations_vs_Factual,24,0.5109865665435791,,,1.175816535949707,0.6648299694061279
41,head_entropy,Hallucinations_vs_Factual,58,0.4784403145313263,,,0.8804032206535339,0.40196290612220764
41,head_entropy,Hallucinations_vs_Factual,50,0.45431971549987793,,,1.2038968801498413,0.7495771646499634
41,head_entropy,Hallucinations_vs_Factual,7,0.45249998569488525,,,1.5251878499984741,1.0726878643035889
41,head_entropy,Hallucinations_vs_Factual,59,0.44440609216690063,,,1.430202841758728,0.9857967495918274
41,head_entropy,Hallucinations_vs_Factual,5,0.39214539527893066,,,1.4685009717941284,1.0763555765151978
41,head_entropy,Hallucinations_vs_Factual,61,0.36077332496643066,,,1.294577956199646,0.9338046312332153
41,head_entropy,Hallucinations_vs_Factual,12,0.3525812327861786,,,0.5610619187355042,0.20848068594932556
41,head_entropy,Hallucinations_vs_Factual,60,0.3447876572608948,,,0.8724786043167114,0.5276909470558167
42,head_entropy,Impossible_vs_Factual,25,0.4677808880805969,,,1.0863902568817139,0.6186093688011169
42,head_entropy,Impossible_vs_Factual,26,0.33984190225601196,,,1.0887304544448853,0.7488885521888733
42,head_entropy,Impossible_vs_Factual,39,-0.3329358696937561,,,0.6278367638587952,0.9607726335525513
42,head_entropy,Impossible_vs_Factual,28,0.3295038938522339,,,1.7148864269256592,1.3853825330734253
42,head_entropy,Impossible_vs_Factual,5,0.32118749618530273,,,1.6424455642700195,1.3212580680847168
42,head_entropy,Impossible_vs_Factual,34,0.28985828161239624,,,0.8956465125083923,0.6057882308959961
42,head_entropy,Impossible_vs_Factual,38,-0.2519984841346741,,,0.3326048254966736,0.5846033096313477
42,head_entropy,Impossible_vs_Factual,6,0.24770569801330566,,,0.9095105528831482,0.6618048548698425
42,head_entropy,Impossible_vs_Factual,17,-0.2210957407951355,,,0.9307928681373596,1.1518886089324951
42,head_entropy,Impossible_vs_Factual,13,0.21558654308319092,,,1.407103419303894,1.1915168762207031
42,head_entropy,Hallucinations_vs_Factual,25,0.6854825615882874,,,1.3040919303894043,0.6186093688011169
42,head_entropy,Hallucinations_vs_Factual,5,0.4778280258178711,,,1.799086093902588,1.3212580680847168
42,head_entropy,Hallucinations_vs_Factual,27,0.47654688358306885,,,1.745664119720459,1.2691172361373901
42,head_entropy,Hallucinations_vs_Factual,26,0.470084011554718,,,1.2189725637435913,0.7488885521888733
42,head_entropy,Hallucinations_vs_Factual,6,0.44676584005355835,,,1.1085706949234009,0.6618048548698425
42,head_entropy,Hallucinations_vs_Factual,28,0.4317227602005005,,,1.8171052932739258,1.3853825330734253
42,head_entropy,Hallucinations_vs_Factual,24,0.42814064025878906,,,1.726968765258789,1.298828125
42,head_entropy,Hallucinations_vs_Factual,30,0.41274237632751465,,,1.887500286102295,1.4747579097747803
42,head_entropy,Hallucinations_vs_Factual,2,0.4036793112754822,,,0.6945398449897766,0.29086053371429443
42,head_entropy,Hallucinations_vs_Factual,43,0.3933064937591553,,,0.9702147841453552,0.5769082903862
43,head_entropy,Impossible_vs_Factual,25,0.4798075556755066,,,1.046393632888794,0.5665860772132874
43,head_entropy,Impossible_vs_Factual,27,0.4561583995819092,,,1.2465041875839233,0.7903457880020142
43,head_entropy,Impossible_vs_Factual,57,0.3372303247451782,,,1.480172038078308,1.1429417133331299
43,head_entropy,Impossible_vs_Factual,26,0.3308383822441101,,,0.6691133379936218,0.3382749557495117
43,head_entropy,Impossible_vs_Factual,40,0.3278377652168274,,,1.1663731336593628,0.8385353684425354
43,head_entropy,Impossible_vs_Factual,30,0.32269906997680664,,,1.1047070026397705,0.7820079326629639
43,head_entropy,Impossible_vs_Factual,61,0.30355292558670044,,,1.1517384052276611,0.8481854796409607
43,head_entropy,Impossible_vs_Factual,49,0.2810143232345581,,,1.282155990600586,1.0011416673660278
43,head_entropy,Impossible_vs_Factual,37,0.27835148572921753,,,0.8990936875343323,0.6207422018051147
43,head_entropy,Impossible_vs_Factual,54,0.265652060508728,,,1.2815662622451782,1.0159142017364502
43,head_entropy,Hallucinations_vs_Factual,25,0.5190927386283875,,,1.0856788158416748,0.5665860772132874
43,head_entropy,Hallucinations_vs_Factual,27,0.5145409107208252,,,1.3048866987228394,0.7903457880020142
43,head_entropy,Hallucinations_vs_Factual,40,0.46165984869003296,,,1.3001952171325684,0.8385353684425354
43,head_entropy,Hallucinations_vs_Factual,49,0.46060073375701904,,,1.4617424011230469,1.0011416673660278
43,head_entropy,Hallucinations_vs_Factual,32,0.4480595588684082,,,1.2373387813568115,0.7892792224884033
43,head_entropy,Hallucinations_vs_Factual,50,0.43993353843688965,,,1.1609368324279785,0.7210032939910889
43,head_entropy,Hallucinations_vs_Factual,54,0.4390268325805664,,,1.4549410343170166,1.0159142017364502
43,head_entropy,Hallucinations_vs_Factual,53,0.4382072687149048,,,1.2929688692092896,0.8547616004943848
43,head_entropy,Hallucinations_vs_Factual,57,0.42344868183135986,,,1.5663903951644897,1.1429417133331299
43,head_entropy,Hallucinations_vs_Factual,28,0.39027631282806396,,,1.3834755420684814,0.9931992292404175
44,head_entropy,Impossible_vs_Factual,27,0.4211171865463257,,,1.530371069908142,1.1092538833618164
44,head_entropy,Impossible_vs_Factual,22,0.4005906581878662,,,1.3078124523162842,0.907221794128418
44,head_entropy,Impossible_vs_Factual,42,0.3731998801231384,,,1.1278181076049805,0.754618227481842
44,head_entropy,Impossible_vs_Factual,41,0.3632631003856659,,,0.8432059288024902,0.47994282841682434
44,head_entropy,Impossible_vs_Factual,21,0.32413268089294434,,,1.6916483640670776,1.3675156831741333
44,head_entropy,Impossible_vs_Factual,28,0.3032264709472656,,,1.5690702199935913,1.2658437490463257
44,head_entropy,Impossible_vs_Factual,58,0.30186033248901367,,,1.1460040807724,0.8441437482833862
44,head_entropy,Impossible_vs_Factual,60,0.2722461223602295,,,1.111148476600647,0.8389023542404175
44,head_entropy,Impossible_vs_Factual,26,0.2518191933631897,,,1.123871922492981,0.8720527291297913
44,head_entropy,Impossible_vs_Factual,59,-0.2467195987701416,,,1.2332683801651,1.4799879789352417
44,head_entropy,Hallucinations_vs_Factual,26,0.5824670195579529,,,1.4545197486877441,0.8720527291297913
44,head_entropy,Hallucinations_vs_Factual,27,0.5474808216094971,,,1.6567347049713135,1.1092538833618164
44,head_entropy,Hallucinations_vs_Factual,42,0.5188621878623962,,,1.2734804153442383,0.754618227481842
44,head_entropy,Hallucinations_vs_Factual,22,0.4708017110824585,,,1.3780235052108765,0.907221794128418
44,head_entropy,Hallucinations_vs_Factual,41,0.46228286623954773,,,0.9422256946563721,0.47994282841682434
44,head_entropy,Hallucinations_vs_Factual,28,0.4462190866470337,,,1.7120628356933594,1.2658437490463257
44,head_entropy,Hallucinations_vs_Factual,21,0.4158511161804199,,,1.7833667993545532,1.3675156831741333
44,head_entropy,Hallucinations_vs_Factual,60,0.3982222080230713,,,1.2371245622634888,0.8389023542404175
44,head_entropy,Hallucinations_vs_Factual,23,0.36456215381622314,,,1.6407109498977661,1.276148796081543
44,head_entropy,Hallucinations_vs_Factual,58,0.3567706346511841,,,1.2009143829345703,0.8441437482833862
45,head_entropy,Impossible_vs_Factual,49,0.28024980425834656,,,0.594692587852478,0.31444278359413147
45,head_entropy,Impossible_vs_Factual,4,-0.27387845516204834,,,1.1976978778839111,1.4715763330459595
45,head_entropy,Impossible_vs_Factual,54,0.26745128631591797,,,1.4790819883346558,1.2116307020187378
45,head_entropy,Impossible_vs_Factual,30,-0.24616307020187378,,,0.9360689520835876,1.1822320222854614
45,head_entropy,Impossible_vs_Factual,59,-0.24260783195495605,,,0.9069606065750122,1.1495684385299683
45,head_entropy,Impossible_vs_Factual,2,0.22649994492530823,,,0.7165889143943787,0.49008896946907043
45,head_entropy,Impossible_vs_Factual,53,0.2084726095199585,,,1.4283006191253662,1.2198280096054077
45,head_entropy,Impossible_vs_Factual,41,0.2043592929840088,,,0.7995527386665344,0.5951934456825256
45,head_entropy,Impossible_vs_Factual,52,0.2020939588546753,,,1.4453204870224,1.2432265281677246
45,head_entropy,Impossible_vs_Factual,25,-0.19843459129333496,,,0.8923028707504272,1.0907374620437622
45,head_entropy,Hallucinations_vs_Factual,54,0.4522770643234253,,,1.663907766342163,1.2116307020187378
45,head_entropy,Hallucinations_vs_Factual,2,0.38813725113868713,,,0.8782262206077576,0.49008896946907043
45,head_entropy,Hallucinations_vs_Factual,0,0.379733681678772,,,1.778015375137329,1.3982816934585571
45,head_entropy,Hallucinations_vs_Factual,48,0.3740506172180176,,,1.23399817943573,0.8599475622177124
45,head_entropy,Hallucinations_vs_Factual,18,0.3669949769973755,,,1.3643091917037964,0.9973142147064209
45,head_entropy,Hallucinations_vs_Factual,49,0.35225996375083923,,,0.6667027473449707,0.31444278359413147
45,head_entropy,Hallucinations_vs_Factual,21,0.3512009382247925,,,1.7338787317276,1.3826777935028076
45,head_entropy,Hallucinations_vs_Factual,27,0.3296378254890442,,,0.9487822651863098,0.6191444396972656
45,head_entropy,Hallucinations_vs_Factual,23,0.3145502805709839,,,1.7351207733154297,1.4205704927444458
45,head_entropy,Hallucinations_vs_Factual,29,0.30292946100234985,,,0.8699479699134827,0.5670185089111328
46,head_entropy,Impossible_vs_Factual,38,0.37636250257492065,,,1.26628839969635,0.8899258971214294
46,head_entropy,Impossible_vs_Factual,34,0.3091367483139038,,,1.036888599395752,0.7277518510818481
46,head_entropy,Impossible_vs_Factual,20,-0.25574517250061035,,,0.8513730764389038,1.1071182489395142
46,head_entropy,Impossible_vs_Factual,44,-0.2525280714035034,,,1.002010703086853,1.2545387744903564
46,head_entropy,Impossible_vs_Factual,36,0.2525075674057007,,,1.2191697359085083,0.9666621685028076
46,head_entropy,Impossible_vs_Factual,58,0.24878346920013428,,,1.3235901594161987,1.0748066902160645
46,head_entropy,Impossible_vs_Factual,49,-0.23708224296569824,,,1.0645135641098022,1.3015958070755005
46,head_entropy,Impossible_vs_Factual,9,-0.23581254482269287,,,1.1050547361373901,1.340867280960083
46,head_entropy,Impossible_vs_Factual,10,-0.2306121587753296,,,1.1253231763839722,1.3559353351593018
46,head_entropy,Impossible_vs_Factual,45,-0.22680199146270752,,,0.9425400495529175,1.169342041015625
46,head_entropy,Hallucinations_vs_Factual,38,0.5310602784156799,,,1.4209861755371094,0.8899258971214294
46,head_entropy,Hallucinations_vs_Factual,29,0.49207645654678345,,,1.21500563621521,0.7229291796684265
46,head_entropy,Hallucinations_vs_Factual,10,-0.37806105613708496,,,0.9778742790222168,1.3559353351593018
46,head_entropy,Hallucinations_vs_Factual,36,0.3771951198577881,,,1.3438572883605957,0.9666621685028076
46,head_entropy,Hallucinations_vs_Factual,34,0.35758793354034424,,,1.0853397846221924,0.7277518510818481
46,head_entropy,Hallucinations_vs_Factual,25,0.35599082708358765,,,1.1068933010101318,0.7509024739265442
46,head_entropy,Hallucinations_vs_Factual,20,-0.35170525312423706,,,0.7554129958152771,1.1071182489395142
46,head_entropy,Hallucinations_vs_Factual,31,0.34963083267211914,,,1.481904149055481,1.1322733163833618
46,head_entropy,Hallucinations_vs_Factual,57,0.34136903285980225,,,1.1484979391098022,0.80712890625
46,head_entropy,Hallucinations_vs_Factual,58,0.3261227607727051,,,1.4009294509887695,1.0748066902160645
47,head_entropy,Impossible_vs_Factual,56,0.38157129287719727,,,0.9176681041717529,0.5360968112945557
47,head_entropy,Impossible_vs_Factual,54,-0.32590335607528687,,,0.7539345622062683,1.0798379182815552
47,head_entropy,Impossible_vs_Factual,22,-0.3191004991531372,,,0.9283926486968994,1.2474931478500366
47,head_entropy,Impossible_vs_Factual,34,-0.310544490814209,,,1.0945097208023071,1.4050542116165161
47,head_entropy,Impossible_vs_Factual,0,0.28605592250823975,,,1.0801770687103271,0.7941211462020874
47,head_entropy,Impossible_vs_Factual,6,0.27570652961730957,,,1.2379624843597412,0.9622559547424316
47,head_entropy,Impossible_vs_Factual,12,0.27056556940078735,,,0.9470341801643372,0.6764686107635498
47,head_entropy,Impossible_vs_Factual,41,0.26705706119537354,,,0.9768067002296448,0.7097496390342712
47,head_entropy,Impossible_vs_Factual,62,0.2245519757270813,,,1.0400158166885376,0.8154638409614563
47,head_entropy,Impossible_vs_Factual,25,-0.22447779774665833,,,0.4557269513607025,0.6802047491073608
47,head_entropy,Hallucinations_vs_Factual,56,0.4408290386199951,,,0.9769258499145508,0.5360968112945557
47,head_entropy,Hallucinations_vs_Factual,62,0.36508888006210327,,,1.1805527210235596,0.8154638409614563
47,head_entropy,Hallucinations_vs_Factual,60,0.3416635990142822,,,1.568101406097412,1.2264378070831299
47,head_entropy,Hallucinations_vs_Factual,41,0.33280307054519653,,,1.0425527095794678,0.7097496390342712
47,head_entropy,Hallucinations_vs_Factual,22,-0.32820385694503784,,,0.9192892909049988,1.2474931478500366
47,head_entropy,Hallucinations_vs_Factual,61,0.3176192045211792,,,1.5029394626617432,1.185320258140564
47,head_entropy,Hallucinations_vs_Factual,6,0.30607688426971436,,,1.268332839012146,0.9622559547424316
47,head_entropy,Hallucinations_vs_Factual,0,0.29407799243927,,,1.0881991386413574,0.7941211462020874
47,head_entropy,Hallucinations_vs_Factual,2,0.2924240827560425,,,1.2980217933654785,1.005597710609436
47,head_entropy,Hallucinations_vs_Factual,63,0.2881014347076416,,,2.0230000019073486,1.734898567199707
48,head_entropy,Impossible_vs_Factual,0,-0.3114495873451233,,,0.8345513939857483,1.1460009813308716
48,head_entropy,Impossible_vs_Factual,42,0.27387535572052,,,1.4697266817092896,1.1958513259887695
48,head_entropy,Impossible_vs_Factual,56,-0.273421049118042,,,1.0557273626327515,1.3291484117507935
48,head_entropy,Impossible_vs_Factual,35,0.2677497863769531,,,1.300207257270813,1.0324574708938599
48,head_entropy,Impossible_vs_Factual,32,0.25620293617248535,,,1.941906213760376,1.6857032775878906
48,head_entropy,Impossible_vs_Factual,3,-0.24255406856536865,,,1.1665939092636108,1.4091479778289795
48,head_entropy,Impossible_vs_Factual,2,-0.22780299186706543,,,1.2433301210403442,1.4711331129074097
48,head_entropy,Impossible_vs_Factual,8,-0.22482627630233765,,,0.6221972107887268,0.8470234870910645
48,head_entropy,Impossible_vs_Factual,39,-0.20068472623825073,,,0.6834341883659363,0.884118914604187
48,head_entropy,Impossible_vs_Factual,33,0.1953471302986145,,,0.5381223559379578,0.34277522563934326
48,head_entropy,Hallucinations_vs_Factual,42,0.6052306890487671,,,1.8010820150375366,1.1958513259887695
48,head_entropy,Hallucinations_vs_Factual,32,0.5069601535797119,,,2.1926634311676025,1.6857032775878906
48,head_entropy,Hallucinations_vs_Factual,35,0.4253864288330078,,,1.4578438997268677,1.0324574708938599
48,head_entropy,Hallucinations_vs_Factual,45,0.3500744104385376,,,1.5443322658538818,1.1942578554153442
48,head_entropy,Hallucinations_vs_Factual,47,0.33930325508117676,,,1.3756723403930664,1.0363690853118896
48,head_entropy,Hallucinations_vs_Factual,55,0.29770326614379883,,,1.3860276937484741,1.0883244276046753
48,head_entropy,Hallucinations_vs_Factual,34,0.29250967502593994,,,0.8047513365745544,0.5122416615486145
48,head_entropy,Hallucinations_vs_Factual,26,0.28482186794281006,,,0.888340413570404,0.603518545627594
48,head_entropy,Hallucinations_vs_Factual,39,-0.2547156810760498,,,0.6294032335281372,0.884118914604187
48,head_entropy,Hallucinations_vs_Factual,36,0.24381625652313232,,,1.2882283926010132,1.0444121360778809
49,head_entropy,Impossible_vs_Factual,22,-0.39979684352874756,,,1.2085081338882446,1.6083049774169922
49,head_entropy,Impossible_vs_Factual,5,0.392577588558197,,,1.2086870670318604,0.8161094784736633
49,head_entropy,Impossible_vs_Factual,14,-0.33552324771881104,,,1.0028142929077148,1.3383375406265259
49,head_entropy,Impossible_vs_Factual,48,0.239332914352417,,,0.761354923248291,0.522022008895874
49,head_entropy,Impossible_vs_Factual,6,-0.23824357986450195,,,1.016790747642517,1.255034327507019
49,head_entropy,Impossible_vs_Factual,4,0.22621941566467285,,,1.3479558229446411,1.1217364072799683
49,head_entropy,Impossible_vs_Factual,52,0.21082818508148193,,,1.2614490985870361,1.0506209135055542
49,head_entropy,Impossible_vs_Factual,59,0.21072304248809814,,,1.3484629392623901,1.137739896774292
49,head_entropy,Impossible_vs_Factual,61,0.1988964080810547,,,1.2526932954788208,1.0537968873977661
49,head_entropy,Impossible_vs_Factual,11,-0.19660484790802002,,,1.1901804208755493,1.3867852687835693
49,head_entropy,Hallucinations_vs_Factual,5,0.48300081491470337,,,1.2991102933883667,0.8161094784736633
49,head_entropy,Hallucinations_vs_Factual,52,0.4390310049057007,,,1.4896519184112549,1.0506209135055542
49,head_entropy,Hallucinations_vs_Factual,22,-0.4014214277267456,,,1.2068835496902466,1.6083049774169922
49,head_entropy,Hallucinations_vs_Factual,61,0.3587772846221924,,,1.4125741720199585,1.0537968873977661
49,head_entropy,Hallucinations_vs_Factual,58,0.34079480171203613,,,1.2235249280929565,0.8827301263809204
49,head_entropy,Hallucinations_vs_Factual,14,-0.32476282119750977,,,1.0135747194290161,1.3383375406265259
49,head_entropy,Hallucinations_vs_Factual,48,0.27358102798461914,,,0.7956030368804932,0.522022008895874
49,head_entropy,Hallucinations_vs_Factual,59,0.2713029384613037,,,1.4090428352355957,1.137739896774292
49,head_entropy,Hallucinations_vs_Factual,36,0.26183831691741943,,,1.1987874507904053,0.9369491338729858
49,head_entropy,Hallucinations_vs_Factual,6,-0.2615022659301758,,,0.9935320615768433,1.255034327507019
50,head_entropy,Impossible_vs_Factual,0,0.33342140913009644,,,0.9417344927787781,0.6083130836486816
50,head_entropy,Impossible_vs_Factual,37,-0.25375598669052124,,,0.7146561145782471,0.9684121012687683
50,head_entropy,Impossible_vs_Factual,17,0.2444618046283722,,,0.5976101160049438,0.35314831137657166
50,head_entropy,Impossible_vs_Factual,22,-0.235359787940979,,,0.9428949356079102,1.1782547235488892
50,head_entropy,Impossible_vs_Factual,62,-0.2009822130203247,,,0.8745088577270508,1.0754910707473755
50,head_entropy,Impossible_vs_Factual,36,0.1896457076072693,,,1.001712679862976,0.8120669722557068
50,head_entropy,Impossible_vs_Factual,38,-0.18703120946884155,,,0.6705465316772461,0.8575777411460876
50,head_entropy,Impossible_vs_Factual,47,-0.1748429536819458,,,0.685145378112793,0.8599883317947388
50,head_entropy,Impossible_vs_Factual,61,-0.1636979579925537,,,1.0378615856170654,1.2015595436096191
50,head_entropy,Impossible_vs_Factual,40,0.15418404340744019,,,0.45915400981903076,0.3049699664115906
50,head_entropy,Hallucinations_vs_Factual,55,0.26238977909088135,,,2.071131944656372,1.8087421655654907
50,head_entropy,Hallucinations_vs_Factual,0,0.2598070502281189,,,0.8681201338768005,0.6083130836486816
50,head_entropy,Hallucinations_vs_Factual,56,0.2448662519454956,,,0.8900631070137024,0.6451968550682068
50,head_entropy,Hallucinations_vs_Factual,17,0.24454304575920105,,,0.5976913571357727,0.35314831137657166
50,head_entropy,Hallucinations_vs_Factual,60,0.23493772745132446,,,1.0732200145721436,0.8382822871208191
50,head_entropy,Hallucinations_vs_Factual,39,0.22336047887802124,,,0.7289873957633972,0.505626916885376
50,head_entropy,Hallucinations_vs_Factual,44,0.22249466180801392,,,0.6684135794639587,0.4459189176559448
50,head_entropy,Hallucinations_vs_Factual,26,0.2016664743423462,,,1.3255397081375122,1.123873233795166
50,head_entropy,Hallucinations_vs_Factual,6,0.18725013732910156,,,1.737507939338684,1.5502578020095825
50,head_entropy,Hallucinations_vs_Factual,22,-0.18323242664337158,,,0.9950222969055176,1.1782547235488892
51,head_entropy,Impossible_vs_Factual,11,0.2518457770347595,,,0.9766584038734436,0.7248126268386841
51,head_entropy,Impossible_vs_Factual,43,-0.24769216775894165,,,0.8380491137504578,1.0857412815093994
51,head_entropy,Impossible_vs_Factual,39,-0.21639245748519897,,,0.7378147840499878,0.9542072415351868
51,head_entropy,Impossible_vs_Factual,22,-0.21326279640197754,,,0.5694414377212524,0.78270423412323
51,head_entropy,Impossible_vs_Factual,50,0.19669920206069946,,,0.98655766248703,0.7898584604263306
51,head_entropy,Impossible_vs_Factual,40,-0.19491350650787354,,,0.9634691476821899,1.1583826541900635
51,head_entropy,Impossible_vs_Factual,37,-0.1925104260444641,,,0.7468140125274658,0.9393244385719299
51,head_entropy,Impossible_vs_Factual,38,-0.19162511825561523,,,1.1599315404891968,1.351556658744812
51,head_entropy,Impossible_vs_Factual,49,0.1847575306892395,,,0.7598236203193665,0.575066089630127
51,head_entropy,Impossible_vs_Factual,10,0.17819227278232574,,,0.27296149730682373,0.09476922452449799
51,head_entropy,Hallucinations_vs_Factual,18,0.46619123220443726,,,1.2502343654632568,0.7840431332588196
51,head_entropy,Hallucinations_vs_Factual,30,0.40895330905914307,,,1.738257884979248,1.329304575920105
51,head_entropy,Hallucinations_vs_Factual,50,0.38521742820739746,,,1.175075888633728,0.7898584604263306
51,head_entropy,Hallucinations_vs_Factual,46,0.29114508628845215,,,1.0989676713943481,0.807822585105896
51,head_entropy,Hallucinations_vs_Factual,12,0.2723769545555115,,,0.4898085296154022,0.21743158996105194
51,head_entropy,Hallucinations_vs_Factual,0,0.26129627227783203,,,1.452898383140564,1.191602110862732
51,head_entropy,Hallucinations_vs_Factual,1,0.25987643003463745,,,0.8440937995910645,0.584217369556427
51,head_entropy,Hallucinations_vs_Factual,11,0.22813475131988525,,,0.9529473781585693,0.7248126268386841
51,head_entropy,Hallucinations_vs_Factual,39,-0.21514678001403809,,,0.7390604615211487,0.9542072415351868
51,head_entropy,Hallucinations_vs_Factual,10,0.21228604018688202,,,0.30705526471138,0.09476922452449799
52,head_entropy,Impossible_vs_Factual,36,0.35399502515792847,,,0.9099290370941162,0.5559340119361877
52,head_entropy,Impossible_vs_Factual,47,0.2818417549133301,,,1.540365219116211,1.2585234642028809
52,head_entropy,Impossible_vs_Factual,23,0.24098896980285645,,,0.7765398025512695,0.5355508327484131
52,head_entropy,Impossible_vs_Factual,32,-0.2308831810951233,,,0.6326924562454224,0.8635756373405457
52,head_entropy,Impossible_vs_Factual,43,-0.21114343404769897,,,0.8772715926170349,1.0884150266647339
52,head_entropy,Impossible_vs_Factual,40,-0.20817306637763977,,,0.4734920561313629,0.6816651225090027
52,head_entropy,Impossible_vs_Factual,37,-0.1825440526008606,,,0.6724004149436951,0.8549444675445557
52,head_entropy,Impossible_vs_Factual,16,0.18245315551757812,,,1.065603494644165,0.8831503391265869
52,head_entropy,Impossible_vs_Factual,6,-0.18119317293167114,,,0.7026175260543823,0.8838106989860535
52,head_entropy,Impossible_vs_Factual,31,0.17932021617889404,,,1.1836949586868286,1.0043747425079346
52,head_entropy,Hallucinations_vs_Factual,36,0.5459029078483582,,,1.101836919784546,0.5559340119361877
52,head_entropy,Hallucinations_vs_Factual,63,0.3967503309249878,,,1.6611058712005615,1.2643555402755737
52,head_entropy,Hallucinations_vs_Factual,47,0.3915766477584839,,,1.6501001119613647,1.2585234642028809
52,head_entropy,Hallucinations_vs_Factual,16,0.37047266960144043,,,1.2536230087280273,0.8831503391265869
52,head_entropy,Hallucinations_vs_Factual,46,0.2900654375553131,,,0.7349818348884583,0.44491639733314514
52,head_entropy,Hallucinations_vs_Factual,31,0.2621757984161377,,,1.2665505409240723,1.0043747425079346
52,head_entropy,Hallucinations_vs_Factual,34,0.26196497678756714,,,1.109603762626648,0.8476387858390808
52,head_entropy,Hallucinations_vs_Factual,54,-0.22957289218902588,,,0.5113087296485901,0.740881621837616
52,head_entropy,Hallucinations_vs_Factual,38,0.2288593053817749,,,1.437257170677185,1.2083978652954102
52,head_entropy,Hallucinations_vs_Factual,39,0.22819900512695312,,,1.1088624000549316,0.8806633949279785
53,head_entropy,Impossible_vs_Factual,55,-0.3477398157119751,,,0.9440940618515015,1.2918338775634766
53,head_entropy,Impossible_vs_Factual,23,-0.2717282474040985,,,0.43861857056617737,0.7103468179702759
53,head_entropy,Impossible_vs_Factual,63,-0.23073410987854004,,,0.5676050186157227,0.7983391284942627
53,head_entropy,Impossible_vs_Factual,21,-0.21847382187843323,,,0.28320983052253723,0.5016836524009705
53,head_entropy,Impossible_vs_Factual,27,-0.21431022882461548,,,0.7061067223548889,0.9204169511795044
53,head_entropy,Impossible_vs_Factual,18,-0.2084648311138153,,,0.35674968361854553,0.5652145147323608
53,head_entropy,Impossible_vs_Factual,61,-0.19364574551582336,,,0.47895821928977966,0.672603964805603
53,head_entropy,Impossible_vs_Factual,49,0.18599772453308105,,,0.7580450177192688,0.5720472931861877
53,head_entropy,Impossible_vs_Factual,51,-0.16684865951538086,,,0.8928866386413574,1.0597352981567383
53,head_entropy,Impossible_vs_Factual,6,-0.1574912667274475,,,0.6512594819068909,0.8087507486343384
53,head_entropy,Hallucinations_vs_Factual,38,0.296018123626709,,,1.4450628757476807,1.1490447521209717
53,head_entropy,Hallucinations_vs_Factual,33,0.279742956161499,,,1.0440349578857422,0.7642920017242432
53,head_entropy,Hallucinations_vs_Factual,63,-0.23311269283294678,,,0.5652264356613159,0.7983391284942627
53,head_entropy,Hallucinations_vs_Factual,55,-0.2313910722732544,,,1.0604428052902222,1.2918338775634766
53,head_entropy,Hallucinations_vs_Factual,49,0.2289721965789795,,,0.8010194897651672,0.5720472931861877
53,head_entropy,Hallucinations_vs_Factual,52,0.2019008994102478,,,1.035180687904358,0.8332797884941101
53,head_entropy,Hallucinations_vs_Factual,34,0.20069891214370728,,,0.7529407143592834,0.5522418022155762
53,head_entropy,Hallucinations_vs_Factual,23,-0.157737135887146,,,0.5526096820831299,0.7103468179702759
53,head_entropy,Hallucinations_vs_Factual,18,-0.1570015251636505,,,0.4082129895687103,0.5652145147323608
53,head_entropy,Hallucinations_vs_Factual,61,-0.1493247151374817,,,0.5232792496681213,0.672603964805603
54,head_entropy,Impossible_vs_Factual,24,0.38532987236976624,,,0.8133261799812317,0.42799630761146545
54,head_entropy,Impossible_vs_Factual,27,0.2753193974494934,,,0.6646016240119934,0.3892822265625
54,head_entropy,Impossible_vs_Factual,43,0.25145453214645386,,,0.7862921357154846,0.5348376035690308
54,head_entropy,Impossible_vs_Factual,25,0.21928203105926514,,,0.9190683364868164,0.6997863054275513
54,head_entropy,Impossible_vs_Factual,12,0.1950017809867859,,,0.9428842067718506,0.7478824257850647
54,head_entropy,Impossible_vs_Factual,56,-0.1916322112083435,,,0.3617144227027893,0.5533466339111328
54,head_entropy,Impossible_vs_Factual,55,0.18602553009986877,,,0.4571322798728943,0.2711067497730255
54,head_entropy,Impossible_vs_Factual,3,-0.184922993183136,,,0.349071204662323,0.533994197845459
54,head_entropy,Impossible_vs_Factual,0,0.1688673496246338,,,0.7232057452201843,0.5543383955955505
54,head_entropy,Impossible_vs_Factual,29,-0.13596338033676147,,,0.5427619814872742,0.6787253618240356
54,head_entropy,Hallucinations_vs_Factual,24,0.30193570256233215,,,0.7299320101737976,0.42799630761146545
54,head_entropy,Hallucinations_vs_Factual,27,0.28886276483535767,,,0.6781449913978577,0.3892822265625
54,head_entropy,Hallucinations_vs_Factual,57,0.23282599449157715,,,1.5550251007080078,1.3221991062164307
54,head_entropy,Hallucinations_vs_Factual,41,0.2193041443824768,,,0.6727235913276672,0.45341944694519043
54,head_entropy,Hallucinations_vs_Factual,25,0.19133543968200684,,,0.8911217451095581,0.6997863054275513
54,head_entropy,Hallucinations_vs_Factual,0,0.1897832155227661,,,0.7441216111183167,0.5543383955955505
54,head_entropy,Hallucinations_vs_Factual,43,0.17790144681930542,,,0.7127390503883362,0.5348376035690308
54,head_entropy,Hallucinations_vs_Factual,46,0.17096850275993347,,,0.5144816637039185,0.343513160943985
54,head_entropy,Hallucinations_vs_Factual,12,0.15194177627563477,,,0.8998242020606995,0.7478824257850647
54,head_entropy,Hallucinations_vs_Factual,22,0.14969289302825928,,,0.9033803939819336,0.7536875009536743
55,head_entropy,Impossible_vs_Factual,31,0.3780440092086792,,,0.7634584903717041,0.3854144811630249
55,head_entropy,Impossible_vs_Factual,7,0.3499995470046997,,,1.031333565711975,0.6813340187072754
55,head_entropy,Impossible_vs_Factual,38,0.29033857583999634,,,1.0962615013122559,0.8059229254722595
55,head_entropy,Impossible_vs_Factual,39,0.2422601580619812,,,1.1648091077804565,0.9225489497184753
55,head_entropy,Impossible_vs_Factual,61,0.22296857833862305,,,1.0411797761917114,0.8182111978530884
55,head_entropy,Impossible_vs_Factual,56,0.2109830379486084,,,0.4456118941307068,0.2346288561820984
55,head_entropy,Impossible_vs_Factual,10,0.2037504017353058,,,0.5171756148338318,0.313425213098526
55,head_entropy,Impossible_vs_Factual,54,-0.19698071479797363,,,0.5062928795814514,0.703273594379425
55,head_entropy,Impossible_vs_Factual,24,-0.19039428234100342,,,0.6129031181335449,0.8032974004745483
55,head_entropy,Impossible_vs_Factual,11,0.18855708837509155,,,0.506758451461792,0.31820136308670044
55,head_entropy,Hallucinations_vs_Factual,10,0.4785941541194916,,,0.7920193672180176,0.313425213098526
55,head_entropy,Hallucinations_vs_Factual,39,0.3247951865196228,,,1.2473441362380981,0.9225489497184753
55,head_entropy,Hallucinations_vs_Factual,38,0.29573553800582886,,,1.1016584634780884,0.8059229254722595
55,head_entropy,Hallucinations_vs_Factual,36,0.2889394760131836,,,0.9449107050895691,0.6559712290763855
55,head_entropy,Hallucinations_vs_Factual,15,0.23882067203521729,,,1.4231328964233398,1.1843122243881226
55,head_entropy,Hallucinations_vs_Factual,37,0.23194587230682373,,,1.338545322418213,1.1065994501113892
55,head_entropy,Hallucinations_vs_Factual,26,0.22661571204662323,,,0.37058770656585693,0.1439719945192337
55,head_entropy,Hallucinations_vs_Factual,31,0.22103571891784668,,,0.6064502000808716,0.3854144811630249
55,head_entropy,Hallucinations_vs_Factual,61,0.2159883975982666,,,1.034199595451355,0.8182111978530884
55,head_entropy,Hallucinations_vs_Factual,35,0.19797861576080322,,,1.3255254030227661,1.127546787261963
56,head_entropy,Impossible_vs_Factual,16,0.2602851986885071,,,0.7926729917526245,0.5323877930641174
56,head_entropy,Impossible_vs_Factual,58,0.20268520712852478,,,0.4923476278781891,0.2896624207496643
56,head_entropy,Impossible_vs_Factual,31,0.2003362774848938,,,0.4306660294532776,0.2303297519683838
56,head_entropy,Impossible_vs_Factual,40,0.19754111766815186,,,0.35356566309928894,0.15602454543113708
56,head_entropy,Impossible_vs_Factual,53,0.18020623922348022,,,0.9655656218528748,0.7853593826293945
56,head_entropy,Impossible_vs_Factual,6,0.17667260766029358,,,0.5149087309837341,0.33823612332344055
56,head_entropy,Impossible_vs_Factual,59,-0.1508028209209442,,,0.4539678394794464,0.6047706604003906
56,head_entropy,Impossible_vs_Factual,22,0.14243361353874207,,,0.6126620769500732,0.4702284634113312
56,head_entropy,Impossible_vs_Factual,52,0.13504981994628906,,,0.40954095125198364,0.2744911313056946
56,head_entropy,Impossible_vs_Factual,39,-0.12761855125427246,,,0.414941668510437,0.5425602197647095
56,head_entropy,Hallucinations_vs_Factual,58,0.3068504333496094,,,0.5965128540992737,0.2896624207496643
56,head_entropy,Hallucinations_vs_Factual,61,0.2852088212966919,,,1.4173144102096558,1.1321055889129639
56,head_entropy,Hallucinations_vs_Factual,16,0.2188582420349121,,,0.7512460350990295,0.5323877930641174
56,head_entropy,Hallucinations_vs_Factual,54,-0.18490874767303467,,,0.3533685803413391,0.5382773280143738
56,head_entropy,Hallucinations_vs_Factual,0,0.18198621273040771,,,0.6932045221328735,0.5112183094024658
56,head_entropy,Hallucinations_vs_Factual,39,-0.16774705052375793,,,0.37481316924095154,0.5425602197647095
56,head_entropy,Hallucinations_vs_Factual,15,-0.16430121660232544,,,0.6825680136680603,0.8468692302703857
56,head_entropy,Hallucinations_vs_Factual,30,0.162745401263237,,,0.3064344525337219,0.14368905127048492
56,head_entropy,Hallucinations_vs_Factual,6,0.14514321088790894,,,0.4833793342113495,0.33823612332344055
56,head_entropy,Hallucinations_vs_Factual,31,0.13751399517059326,,,0.36784374713897705,0.2303297519683838
57,head_entropy,Impossible_vs_Factual,30,0.3383093476295471,,,1.070421814918518,0.732112467288971
57,head_entropy,Impossible_vs_Factual,39,0.3371419906616211,,,0.7967059016227722,0.4595639109611511
57,head_entropy,Impossible_vs_Factual,63,0.3191740810871124,,,0.7470803260803223,0.42790624499320984
57,head_entropy,Impossible_vs_Factual,1,0.2845923900604248,,,0.7903505563735962,0.5057581663131714
57,head_entropy,Impossible_vs_Factual,29,0.26987379789352417,,,1.208483099937439,0.9386093020439148
57,head_entropy,Impossible_vs_Factual,35,0.26266878843307495,,,0.9189873933792114,0.6563186049461365
57,head_entropy,Impossible_vs_Factual,37,0.22770988941192627,,,0.9711865782737732,0.7434766888618469
57,head_entropy,Impossible_vs_Factual,34,0.22686217725276947,,,0.42316749691963196,0.1963053196668625
57,head_entropy,Impossible_vs_Factual,52,0.18818692862987518,,,0.38445615768432617,0.196269229054451
57,head_entropy,Impossible_vs_Factual,23,0.1705978512763977,,,0.3156867027282715,0.14508885145187378
57,head_entropy,Hallucinations_vs_Factual,39,0.40138375759124756,,,0.8609476685523987,0.4595639109611511
57,head_entropy,Hallucinations_vs_Factual,1,0.3806368112564087,,,0.8863949775695801,0.5057581663131714
57,head_entropy,Hallucinations_vs_Factual,30,0.3263428807258606,,,1.0584553480148315,0.732112467288971
57,head_entropy,Hallucinations_vs_Factual,63,0.3200537860393524,,,0.7479600310325623,0.42790624499320984
57,head_entropy,Hallucinations_vs_Factual,35,0.28826451301574707,,,0.9445831179618835,0.6563186049461365
57,head_entropy,Hallucinations_vs_Factual,61,0.26334571838378906,,,0.7135341763496399,0.45018845796585083
57,head_entropy,Hallucinations_vs_Factual,5,-0.25791358947753906,,,0.6416587829589844,0.8995723724365234
57,head_entropy,Hallucinations_vs_Factual,62,0.19006460905075073,,,0.5611737370491028,0.37110912799835205
57,head_entropy,Hallucinations_vs_Factual,34,0.18913187086582184,,,0.3854371905326843,0.1963053196668625
57,head_entropy,Hallucinations_vs_Factual,45,-0.18203943967819214,,,0.5930927395820618,0.7751321792602539
58,head_entropy,Impossible_vs_Factual,47,-0.20026588439941406,,,0.42801493406295776,0.6282808184623718
58,head_entropy,Impossible_vs_Factual,62,-0.17875707149505615,,,0.6026766300201416,0.7814337015151978
58,head_entropy,Impossible_vs_Factual,38,-0.17466166615486145,,,0.48556599020957947,0.6602276563644409
58,head_entropy,Impossible_vs_Factual,54,0.15732991695404053,,,0.41852742433547974,0.2611975073814392
58,head_entropy,Impossible_vs_Factual,5,-0.1470698118209839,,,1.116260290145874,1.263330101966858
58,head_entropy,Impossible_vs_Factual,60,0.14517784118652344,,,0.8117190599441528,0.6665412187576294
58,head_entropy,Impossible_vs_Factual,45,0.14469492435455322,,,1.2126483917236328,1.0679534673690796
58,head_entropy,Impossible_vs_Factual,40,-0.12414199113845825,,,0.500698447227478,0.6248404383659363
58,head_entropy,Impossible_vs_Factual,46,0.119526207447052,,,0.8132503032684326,0.6937240958213806
58,head_entropy,Impossible_vs_Factual,12,-0.11294987797737122,,,0.4681350290775299,0.5810849070549011
58,head_entropy,Hallucinations_vs_Factual,45,0.22500550746917725,,,1.2929589748382568,1.0679534673690796
58,head_entropy,Hallucinations_vs_Factual,5,-0.19816350936889648,,,1.0651665925979614,1.263330101966858
58,head_entropy,Hallucinations_vs_Factual,46,0.19426637887954712,,,0.8879904747009277,0.6937240958213806
58,head_entropy,Hallucinations_vs_Factual,60,0.17958134412765503,,,0.8461225628852844,0.6665412187576294
58,head_entropy,Hallucinations_vs_Factual,62,-0.16539961099624634,,,0.6160340905189514,0.7814337015151978
58,head_entropy,Hallucinations_vs_Factual,41,0.16122907400131226,,,0.5864482522010803,0.42521917819976807
58,head_entropy,Hallucinations_vs_Factual,40,-0.1403399109840393,,,0.484500527381897,0.6248404383659363
58,head_entropy,Hallucinations_vs_Factual,6,-0.1394360065460205,,,0.9227941036224365,1.062230110168457
58,head_entropy,Hallucinations_vs_Factual,38,-0.13241106271743774,,,0.5278165936470032,0.6602276563644409
58,head_entropy,Hallucinations_vs_Factual,42,0.12358969449996948,,,0.6369130611419678,0.5133233666419983
59,head_entropy,Impossible_vs_Factual,20,0.2697599232196808,,,0.7124626040458679,0.44270268082618713
59,head_entropy,Impossible_vs_Factual,63,0.2609940767288208,,,0.7750439643859863,0.5140498876571655
59,head_entropy,Impossible_vs_Factual,60,-0.21272236108779907,,,0.6935802102088928,0.9063025712966919
59,head_entropy,Impossible_vs_Factual,21,0.20475155115127563,,,0.9447119235992432,0.7399603724479675
59,head_entropy,Impossible_vs_Factual,34,0.17033079266548157,,,0.4492672085762024,0.2789364159107208
59,head_entropy,Impossible_vs_Factual,27,0.11888831853866577,,,0.40644872188568115,0.2875604033470154
59,head_entropy,Impossible_vs_Factual,52,0.11497506499290466,,,0.41725829243659973,0.30228322744369507
59,head_entropy,Impossible_vs_Factual,22,0.11127305030822754,,,0.36849504709243774,0.2572219967842102
59,head_entropy,Impossible_vs_Factual,50,0.10226273536682129,,,0.3339964747428894,0.23173373937606812
59,head_entropy,Impossible_vs_Factual,35,-0.10047042369842529,,,0.5124387741088867,0.612909197807312
59,head_entropy,Hallucinations_vs_Factual,60,-0.2475605010986328,,,0.6587420701980591,0.9063025712966919
59,head_entropy,Hallucinations_vs_Factual,63,0.1313531994819641,,,0.6454030871391296,0.5140498876571655
59,head_entropy,Hallucinations_vs_Factual,21,0.12944966554641724,,,0.8694100379943848,0.7399603724479675
59,head_entropy,Hallucinations_vs_Factual,34,0.11214786767959595,,,0.3910842835903168,0.2789364159107208
59,head_entropy,Hallucinations_vs_Factual,61,-0.11160993576049805,,,0.6637046337127686,0.7753145694732666
59,head_entropy,Hallucinations_vs_Factual,23,0.10930511355400085,,,0.4907252788543701,0.38142016530036926
59,head_entropy,Hallucinations_vs_Factual,62,-0.10393273830413818,,,1.1488932371139526,1.2528259754180908
59,head_entropy,Hallucinations_vs_Factual,45,0.0999343991279602,,,0.5229261517524719,0.4229917526245117
59,head_entropy,Hallucinations_vs_Factual,20,0.09618934988975525,,,0.5388920307159424,0.44270268082618713
59,head_entropy,Hallucinations_vs_Factual,14,0.09416857361793518,,,0.5563727617263794,0.4622041881084442
60,head_entropy,Impossible_vs_Factual,5,-0.20957905054092407,,,0.8855053782463074,1.0950844287872314
60,head_entropy,Impossible_vs_Factual,34,0.2028912901878357,,,0.8468270897865295,0.6439357995986938
60,head_entropy,Impossible_vs_Factual,40,-0.20066797733306885,,,0.648433268070221,0.8491012454032898
60,head_entropy,Impossible_vs_Factual,4,0.19711649417877197,,,0.9956345558166504,0.7985180616378784
60,head_entropy,Impossible_vs_Factual,31,0.17725765705108643,,,1.7064374685287476,1.5291798114776611
60,head_entropy,Impossible_vs_Factual,28,0.17420901358127594,,,0.38217300176620483,0.2079639881849289
60,head_entropy,Impossible_vs_Factual,27,0.17140644788742065,,,1.0788918733596802,0.9074854254722595
60,head_entropy,Impossible_vs_Factual,8,-0.16482041776180267,,,0.2136467546224594,0.3784671723842621
60,head_entropy,Impossible_vs_Factual,32,0.15544599294662476,,,0.49451136589050293,0.3390653729438782
60,head_entropy,Impossible_vs_Factual,14,-0.1394035369157791,,,0.19593407213687897,0.3353376090526581
60,head_entropy,Hallucinations_vs_Factual,40,-0.2690802812576294,,,0.5800209641456604,0.8491012454032898
60,head_entropy,Hallucinations_vs_Factual,51,0.2377941608428955,,,0.593386709690094,0.3555925488471985
60,head_entropy,Hallucinations_vs_Factual,27,0.23095518350601196,,,1.1384406089782715,0.9074854254722595
60,head_entropy,Hallucinations_vs_Factual,31,0.21888244152069092,,,1.748062252998352,1.5291798114776611
60,head_entropy,Hallucinations_vs_Factual,32,0.20590931177139282,,,0.544974684715271,0.3390653729438782
60,head_entropy,Hallucinations_vs_Factual,28,0.1615840345621109,,,0.3695480227470398,0.2079639881849289
60,head_entropy,Hallucinations_vs_Factual,2,0.15273621678352356,,,0.4767187535762787,0.3239825367927551
60,head_entropy,Hallucinations_vs_Factual,39,0.1522417664527893,,,0.7921500205993652,0.6399082541465759
60,head_entropy,Hallucinations_vs_Factual,57,-0.15027469396591187,,,0.823790967464447,0.9740656614303589
60,head_entropy,Hallucinations_vs_Factual,61,-0.14374610781669617,,,0.45193788409233093,0.5956839919090271
61,head_entropy,Impossible_vs_Factual,19,-0.3036143183708191,,,0.532516598701477,0.8361309170722961
61,head_entropy,Impossible_vs_Factual,39,-0.28009259700775146,,,0.42528390884399414,0.7053765058517456
61,head_entropy,Impossible_vs_Factual,54,0.23920249938964844,,,0.5375714898109436,0.29836899042129517
61,head_entropy,Impossible_vs_Factual,33,-0.21895593404769897,,,0.7785664796829224,0.9975224137306213
61,head_entropy,Impossible_vs_Factual,52,0.21487867832183838,,,1.0858579874038696,0.8709793090820312
61,head_entropy,Impossible_vs_Factual,20,0.20716357231140137,,,1.2336796522140503,1.026516079902649
61,head_entropy,Impossible_vs_Factual,49,0.20701467990875244,,,0.7924432754516602,0.5854285955429077
61,head_entropy,Impossible_vs_Factual,53,0.17616915702819824,,,0.6565276980400085,0.4803585410118103
61,head_entropy,Impossible_vs_Factual,50,0.16279377043247223,,,0.2836381793022156,0.12084440886974335
61,head_entropy,Impossible_vs_Factual,21,0.15435338020324707,,,1.2438806295394897,1.0895272493362427
61,head_entropy,Hallucinations_vs_Factual,19,-0.2828923463821411,,,0.553238570690155,0.8361309170722961
61,head_entropy,Hallucinations_vs_Factual,33,-0.2586653232574463,,,0.738857090473175,0.9975224137306213
61,head_entropy,Hallucinations_vs_Factual,39,-0.24133038520812988,,,0.4640461206436157,0.7053765058517456
61,head_entropy,Hallucinations_vs_Factual,7,0.22520709037780762,,,1.025826334953308,0.8006192445755005
61,head_entropy,Hallucinations_vs_Factual,52,0.2074795961380005,,,1.0784589052200317,0.8709793090820312
61,head_entropy,Hallucinations_vs_Factual,49,0.20259004831314087,,,0.7880186438560486,0.5854285955429077
61,head_entropy,Hallucinations_vs_Factual,36,-0.19441986083984375,,,1.0159982442855835,1.2104181051254272
61,head_entropy,Hallucinations_vs_Factual,10,0.18840938806533813,,,0.7475954294204712,0.5591860413551331
61,head_entropy,Hallucinations_vs_Factual,15,0.17351001501083374,,,0.8992539644241333,0.7257439494132996
61,head_entropy,Hallucinations_vs_Factual,17,0.16993474960327148,,,0.9844415783882141,0.8145068287849426
62,head_entropy,Impossible_vs_Factual,28,0.4208933711051941,,,1.256551742553711,0.8356583714485168
62,head_entropy,Impossible_vs_Factual,0,0.3953624963760376,,,1.5313732624053955,1.136010766029358
62,head_entropy,Impossible_vs_Factual,10,0.37592756748199463,,,0.9873683452606201,0.6114407777786255
62,head_entropy,Impossible_vs_Factual,26,0.3619012236595154,,,0.6980533599853516,0.3361521363258362
62,head_entropy,Impossible_vs_Factual,25,0.34856116771698,,,1.638245940208435,1.289684772491455
62,head_entropy,Impossible_vs_Factual,34,0.32438337802886963,,,1.4659005403518677,1.141517162322998
62,head_entropy,Impossible_vs_Factual,42,0.3074144124984741,,,1.1274075508117676,0.8199931383132935
62,head_entropy,Impossible_vs_Factual,11,0.29981493949890137,,,0.8086245656013489,0.5088096261024475
62,head_entropy,Impossible_vs_Factual,13,0.2526572644710541,,,0.6504111886024475,0.39775392413139343
62,head_entropy,Impossible_vs_Factual,24,0.24993014335632324,,,0.9528595805168152,0.7029294371604919
62,head_entropy,Hallucinations_vs_Factual,26,0.45021265745162964,,,0.7863647937774658,0.3361521363258362
62,head_entropy,Hallucinations_vs_Factual,28,0.4038413166999817,,,1.2394996881484985,0.8356583714485168
62,head_entropy,Hallucinations_vs_Factual,42,0.37852776050567627,,,1.1985208988189697,0.8199931383132935
62,head_entropy,Hallucinations_vs_Factual,10,0.3540629744529724,,,0.9655037522315979,0.6114407777786255
62,head_entropy,Hallucinations_vs_Factual,34,0.32486188411712646,,,1.4663790464401245,1.141517162322998
62,head_entropy,Hallucinations_vs_Factual,25,0.3244929313659668,,,1.6141777038574219,1.289684772491455
62,head_entropy,Hallucinations_vs_Factual,0,0.3181406259536743,,,1.4541513919830322,1.136010766029358
62,head_entropy,Hallucinations_vs_Factual,11,0.3096923232078552,,,0.8185019493103027,0.5088096261024475
62,head_entropy,Hallucinations_vs_Factual,13,0.2543717324733734,,,0.6521256566047668,0.39775392413139343
62,head_entropy,Hallucinations_vs_Factual,40,0.2526906132698059,,,0.7329711318016052,0.4802805185317993
63,head_entropy,Impossible_vs_Factual,39,0.583543062210083,,,1.2279211282730103,0.6443780660629272
63,head_entropy,Impossible_vs_Factual,15,0.46741747856140137,,,1.1566747426986694,0.6892572641372681
63,head_entropy,Impossible_vs_Factual,11,0.4196491241455078,,,1.29966402053833,0.8800148963928223
63,head_entropy,Impossible_vs_Factual,52,0.41915202140808105,,,1.3135895729064941,0.8944375514984131
63,head_entropy,Impossible_vs_Factual,4,0.39971721172332764,,,1.225589394569397,0.8258721828460693
63,head_entropy,Impossible_vs_Factual,38,0.3885982036590576,,,0.9095860719680786,0.520987868309021
63,head_entropy,Impossible_vs_Factual,49,0.36942386627197266,,,1.3694629669189453,1.0000391006469727
63,head_entropy,Impossible_vs_Factual,60,0.36309558153152466,,,1.2180349826812744,0.8549394011497498
63,head_entropy,Impossible_vs_Factual,37,0.34773874282836914,,,1.0697875022888184,0.7220487594604492
63,head_entropy,Impossible_vs_Factual,34,0.2827887535095215,,,1.5041197538375854,1.221331000328064
63,head_entropy,Hallucinations_vs_Factual,15,0.5623763799667358,,,1.251633644104004,0.6892572641372681
63,head_entropy,Hallucinations_vs_Factual,39,0.5341314077377319,,,1.1785094738006592,0.6443780660629272
63,head_entropy,Hallucinations_vs_Factual,38,0.5273869037628174,,,1.0483747720718384,0.520987868309021
63,head_entropy,Hallucinations_vs_Factual,60,0.4650610089302063,,,1.320000410079956,0.8549394011497498
63,head_entropy,Hallucinations_vs_Factual,11,0.4410451650619507,,,1.321060061454773,0.8800148963928223
63,head_entropy,Hallucinations_vs_Factual,52,0.43118929862976074,,,1.3256268501281738,0.8944375514984131
63,head_entropy,Hallucinations_vs_Factual,4,0.3706226348876953,,,1.1964948177337646,0.8258721828460693
63,head_entropy,Hallucinations_vs_Factual,7,0.3223399221897125,,,0.7048023343086243,0.38246241211891174
63,head_entropy,Hallucinations_vs_Factual,34,0.3064429759979248,,,1.5277739763259888,1.221331000328064
63,head_entropy,Hallucinations_vs_Factual,49,0.2988700866699219,,,1.2989091873168945,1.0000391006469727
