layer,type,comparison_group,index,score,mean_deviant,mean_factual,ent_deviant,ent_factual
0,neuron_activation,Impossible_vs_Factual,5377,0.4870354235172272,-0.005183272995054722,-0.01019210647791624,,
0,neuron_activation,Impossible_vs_Factual,9795,0.4532668888568878,0.00706613389775157,-0.002160669770091772,,
0,neuron_activation,Impossible_vs_Factual,9789,0.4504060745239258,0.008255324326455593,0.003454846329987049,,
0,neuron_activation,Impossible_vs_Factual,7467,0.44943487644195557,0.0014204559847712517,-0.003105772892013192,,
0,neuron_activation,Impossible_vs_Factual,4566,0.4430481493473053,-0.008882679976522923,-0.015196608379483223,,
0,neuron_activation,Impossible_vs_Factual,3849,0.4425615072250366,-0.001248672604560852,-0.004833131097257137,,
0,neuron_activation,Impossible_vs_Factual,3958,0.4411947727203369,0.012413677759468555,0.002842826070263982,,
0,neuron_activation,Impossible_vs_Factual,7386,0.43841925263404846,-0.002075930591672659,-0.010083629749715328,,
0,neuron_activation,Impossible_vs_Factual,5003,0.4345039427280426,0.0058862934820353985,0.0017677457071840763,,
0,neuron_activation,Impossible_vs_Factual,2386,0.4289788007736206,0.011420411057770252,0.006997161544859409,,
0,neuron_activation,Hallucinations_vs_Factual,8837,0.6152981519699097,-0.004671230912208557,-0.008429337292909622,,
0,neuron_activation,Hallucinations_vs_Factual,4566,0.567690908908844,-0.007703306619077921,-0.015196608379483223,,
0,neuron_activation,Hallucinations_vs_Factual,12177,0.5516784191131592,-0.013795421458780766,-0.02132749930024147,,
0,neuron_activation,Hallucinations_vs_Factual,5112,0.5152587890625,0.002661848906427622,-0.00215416238643229,,
0,neuron_activation,Hallucinations_vs_Factual,4737,0.5041837692260742,-0.00014418571663554758,-0.004154609981924295,,
0,neuron_activation,Hallucinations_vs_Factual,10774,0.4989703297615051,-0.032338451594114304,-0.04132373631000519,,
0,neuron_activation,Hallucinations_vs_Factual,7315,0.49811750650405884,-0.0009575961157679558,-0.0028690858744084835,,
0,neuron_activation,Hallucinations_vs_Factual,8415,0.49613526463508606,0.003623444586992264,-0.010952483862638474,,
0,neuron_activation,Hallucinations_vs_Factual,7386,0.4902705252170563,-0.0014448753790929914,-0.010083629749715328,,
0,neuron_activation,Hallucinations_vs_Factual,2936,0.4830831289291382,-0.007447025738656521,-0.011372587643563747,,
1,neuron_activation,Impossible_vs_Factual,142,0.5471641421318054,-0.008012763224542141,-0.01447271928191185,,
1,neuron_activation,Impossible_vs_Factual,6866,0.542634129524231,-0.0017892642645165324,-0.0033240793272852898,,
1,neuron_activation,Impossible_vs_Factual,8559,0.4790010154247284,-0.01104723196476698,-0.017607176676392555,,
1,neuron_activation,Impossible_vs_Factual,7852,0.46923473477363586,-0.0006467168568633497,-0.0008984679006971419,,
1,neuron_activation,Impossible_vs_Factual,10833,0.45512375235557556,-0.004448347259312868,-0.006597617175430059,,
1,neuron_activation,Impossible_vs_Factual,9627,0.4468080997467041,0.00035867810947820544,0.00016729258641134948,,
1,neuron_activation,Impossible_vs_Factual,1188,0.4465429186820984,-0.003951745573431253,-0.0173416156321764,,
1,neuron_activation,Impossible_vs_Factual,11681,0.4446309208869934,-0.0030096962582319975,-0.004260792396962643,,
1,neuron_activation,Impossible_vs_Factual,10480,0.4440319538116455,-0.0012108604423701763,-0.0015594556462019682,,
1,neuron_activation,Impossible_vs_Factual,1059,0.4430619776248932,-0.0002663034829311073,-0.00045831332681700587,,
1,neuron_activation,Hallucinations_vs_Factual,10725,0.7780641317367554,-0.0005460312822833657,-0.0011350527638569474,,
1,neuron_activation,Hallucinations_vs_Factual,8559,0.6574008464813232,-0.008385325782001019,-0.017607176676392555,,
1,neuron_activation,Hallucinations_vs_Factual,10480,0.6567029356956482,-0.001029077684506774,-0.0015594556462019682,,
1,neuron_activation,Hallucinations_vs_Factual,4905,0.6248990297317505,-0.0004199669056106359,-0.0006075837882235646,,
1,neuron_activation,Hallucinations_vs_Factual,11369,0.613977313041687,-0.0009693867177702487,-0.0015937881544232368,,
1,neuron_activation,Hallucinations_vs_Factual,8925,0.5961132645606995,-0.0024298401549458504,-0.003148025833070278,,
1,neuron_activation,Hallucinations_vs_Factual,11029,0.5637984275817871,-0.0019382666796445847,-0.0029784473590552807,,
1,neuron_activation,Hallucinations_vs_Factual,8669,0.562296986579895,0.020626984536647797,-0.020993389189243317,,
1,neuron_activation,Hallucinations_vs_Factual,8063,0.560819685459137,-0.0014990271301940084,-0.0027351640164852142,,
1,neuron_activation,Hallucinations_vs_Factual,142,0.553647518157959,-0.007969966158270836,-0.01447271928191185,,
2,neuron_activation,Impossible_vs_Factual,11799,0.5628615617752075,0.014245637692511082,0.009067567996680737,,
2,neuron_activation,Impossible_vs_Factual,10699,0.5438119173049927,0.015393187291920185,0.01117395143955946,,
2,neuron_activation,Impossible_vs_Factual,11219,0.5322474241256714,0.0013394714333117008,0.00048558006528764963,,
2,neuron_activation,Impossible_vs_Factual,11906,0.5309075117111206,0.0028978486079722643,0.0020504542626440525,,
2,neuron_activation,Impossible_vs_Factual,10930,0.5212273001670837,0.008565785363316536,0.0031812437810003757,,
2,neuron_activation,Impossible_vs_Factual,8808,0.5103884935379028,0.05007569119334221,0.03696434944868088,,
2,neuron_activation,Impossible_vs_Factual,8426,0.5084059238433838,-0.006151968147605658,-0.008254989981651306,,
2,neuron_activation,Impossible_vs_Factual,11483,0.500067949295044,0.011470397934317589,0.008268676698207855,,
2,neuron_activation,Impossible_vs_Factual,10876,0.4891129434108734,0.0010378106962889433,-0.0005187590140849352,,
2,neuron_activation,Impossible_vs_Factual,11756,0.48438790440559387,-0.0018852889770641923,-0.003254657844081521,,
2,neuron_activation,Hallucinations_vs_Factual,5276,0.6431561708450317,-0.0005605115438811481,-0.0009622601792216301,,
2,neuron_activation,Hallucinations_vs_Factual,12104,0.6158499121665955,-0.0026028233114629984,-0.004406280815601349,,
2,neuron_activation,Hallucinations_vs_Factual,3999,0.5841474533081055,-0.002970596309751272,-0.00433129258453846,,
2,neuron_activation,Hallucinations_vs_Factual,1711,0.5823686718940735,0.03737373277544975,0.017436839640140533,,
2,neuron_activation,Hallucinations_vs_Factual,5540,0.5743290781974792,-0.016558587551116943,-0.021767938509583473,,
2,neuron_activation,Hallucinations_vs_Factual,7153,0.574164092540741,2.2393292965716682e-05,-0.0003831857175100595,,
2,neuron_activation,Hallucinations_vs_Factual,722,0.562755823135376,-0.007552110590040684,-0.02169724740087986,,
2,neuron_activation,Hallucinations_vs_Factual,12079,0.5442501902580261,-0.002095550997182727,-0.0027682343497872353,,
2,neuron_activation,Hallucinations_vs_Factual,6578,0.5330955982208252,0.00020185980247333646,-0.0002329707785975188,,
2,neuron_activation,Hallucinations_vs_Factual,4900,0.5268349051475525,-0.019567865878343582,-0.04341767728328705,,
3,neuron_activation,Impossible_vs_Factual,3954,0.753650963306427,0.14996999502182007,0.0775005891919136,,
3,neuron_activation,Impossible_vs_Factual,2374,0.5829101800918579,-0.0056310431100428104,-0.008497222326695919,,
3,neuron_activation,Impossible_vs_Factual,6934,0.581948459148407,0.004549834411591291,-0.006901269778609276,,
3,neuron_activation,Impossible_vs_Factual,11746,0.5471187233924866,0.03375494107604027,0.010071462020277977,,
3,neuron_activation,Impossible_vs_Factual,11693,0.5448400974273682,0.004131918307393789,-0.009174870327115059,,
3,neuron_activation,Impossible_vs_Factual,10740,0.5396594405174255,-0.09726842492818832,-0.13947631418704987,,
3,neuron_activation,Impossible_vs_Factual,12217,0.5389862656593323,0.022782957181334496,0.014724302105605602,,
3,neuron_activation,Impossible_vs_Factual,12165,0.535679817199707,0.005565177649259567,0.0028068122919648886,,
3,neuron_activation,Impossible_vs_Factual,10044,0.5352485775947571,-0.0060959467664361,-0.009238703176379204,,
3,neuron_activation,Impossible_vs_Factual,2774,0.5341390371322632,0.06540263444185257,-0.005248642526566982,,
3,neuron_activation,Hallucinations_vs_Factual,265,0.6956211924552917,-0.005534815136343241,-0.013762226328253746,,
3,neuron_activation,Hallucinations_vs_Factual,1951,0.6734982132911682,0.0008953942451626062,-0.0017608028138056397,,
3,neuron_activation,Hallucinations_vs_Factual,10740,0.667322039604187,-0.08370684832334518,-0.13947631418704987,,
3,neuron_activation,Hallucinations_vs_Factual,7845,0.6322340965270996,-0.03564470633864403,-0.05317443981766701,,
3,neuron_activation,Hallucinations_vs_Factual,6934,0.6231406331062317,0.007418137043714523,-0.006901269778609276,,
3,neuron_activation,Hallucinations_vs_Factual,11746,0.6194677948951721,0.03580540791153908,0.010071462020277977,,
3,neuron_activation,Hallucinations_vs_Factual,8495,0.6180352568626404,0.005967636127024889,0.0025534264277666807,,
3,neuron_activation,Hallucinations_vs_Factual,9136,0.6161288619041443,-0.001396835781633854,-0.003080348949879408,,
3,neuron_activation,Hallucinations_vs_Factual,7972,0.6047036647796631,-0.0016830593813210726,-0.0032686477061361074,,
3,neuron_activation,Hallucinations_vs_Factual,3000,0.6028103828430176,-0.01427026279270649,-0.01963183470070362,,
4,neuron_activation,Impossible_vs_Factual,1347,0.6354672908782959,0.04194417968392372,0.006419193930923939,,
4,neuron_activation,Impossible_vs_Factual,2180,0.6034955978393555,-0.0028208664152771235,-0.00438816100358963,,
4,neuron_activation,Impossible_vs_Factual,6698,0.6011828780174255,0.005927265156060457,0.0022601718083024025,,
4,neuron_activation,Impossible_vs_Factual,1540,0.599629819393158,-0.0010065492242574692,-0.010340037755668163,,
4,neuron_activation,Impossible_vs_Factual,11754,0.5964784026145935,0.03205005079507828,0.02313147857785225,,
4,neuron_activation,Impossible_vs_Factual,9125,0.5674446821212769,0.00633216043934226,0.002188305836170912,,
4,neuron_activation,Impossible_vs_Factual,3991,0.5621664524078369,0.001746207824908197,-3.3863307180581614e-05,,
4,neuron_activation,Impossible_vs_Factual,8922,0.5613988041877747,0.002428825479000807,-3.374162770342082e-05,,
4,neuron_activation,Impossible_vs_Factual,7284,0.5521669387817383,-0.001005202648229897,-0.0030217766761779785,,
4,neuron_activation,Impossible_vs_Factual,4136,0.5257089734077454,0.007295014802366495,0.003676240798085928,,
4,neuron_activation,Hallucinations_vs_Factual,5701,0.6340799927711487,0.0005546994507312775,1.9286719179945067e-05,,
4,neuron_activation,Hallucinations_vs_Factual,11754,0.6179783344268799,0.03283068165183067,0.02313147857785225,,
4,neuron_activation,Hallucinations_vs_Factual,621,0.5968565344810486,0.005712098442018032,0.003403610549867153,,
4,neuron_activation,Hallucinations_vs_Factual,10817,0.5961723923683167,0.014859856106340885,0.0032339568715542555,,
4,neuron_activation,Hallucinations_vs_Factual,2370,0.5913175344467163,0.006237538997083902,-0.006632590666413307,,
4,neuron_activation,Hallucinations_vs_Factual,548,0.5766406655311584,-0.015964142978191376,-0.052117329090833664,,
4,neuron_activation,Hallucinations_vs_Factual,6872,0.573728084564209,0.019089650362730026,0.00815682765096426,,
4,neuron_activation,Hallucinations_vs_Factual,10414,0.5706645846366882,0.005026496481150389,-0.00034679091186262667,,
4,neuron_activation,Hallucinations_vs_Factual,234,0.5554724335670471,0.014500997960567474,-0.006384104490280151,,
4,neuron_activation,Hallucinations_vs_Factual,701,0.5509131550788879,0.0027706369291990995,0.0005503735155798495,,
5,neuron_activation,Impossible_vs_Factual,5592,0.6884322166442871,-0.02342653088271618,-0.05266892910003662,,
5,neuron_activation,Impossible_vs_Factual,5755,0.6273760795593262,-0.007099608890712261,-0.01108487043529749,,
5,neuron_activation,Impossible_vs_Factual,4682,0.606473982334137,-0.004360287915915251,-0.007315872702747583,,
5,neuron_activation,Impossible_vs_Factual,4953,0.5952279567718506,0.012470290064811707,-0.05635710433125496,,
5,neuron_activation,Impossible_vs_Factual,474,0.5769203305244446,0.004247821401804686,-0.0010682690190151334,,
5,neuron_activation,Impossible_vs_Factual,579,0.5737885236740112,0.0631849467754364,0.01869674026966095,,
5,neuron_activation,Impossible_vs_Factual,311,0.569195568561554,0.04733669385313988,0.01635800115764141,,
5,neuron_activation,Impossible_vs_Factual,1179,0.5637917518615723,0.027105797082185745,-0.004579966887831688,,
5,neuron_activation,Impossible_vs_Factual,2240,0.5504155158996582,0.031201638281345367,0.01344440970569849,,
5,neuron_activation,Impossible_vs_Factual,785,0.5447908639907837,-0.0032336972653865814,-0.007752639707177877,,
5,neuron_activation,Hallucinations_vs_Factual,173,0.6548027396202087,0.04084217920899391,0.012639951892197132,,
5,neuron_activation,Hallucinations_vs_Factual,7187,0.6505060195922852,0.005206965375691652,-0.012034029699862003,,
5,neuron_activation,Hallucinations_vs_Factual,1700,0.6499303579330444,0.009355572052299976,-0.030304312705993652,,
5,neuron_activation,Hallucinations_vs_Factual,1930,0.6188252568244934,-0.01353937666863203,-0.05614166706800461,,
5,neuron_activation,Hallucinations_vs_Factual,7771,0.6184826493263245,-0.019360963255167007,-0.058723945170640945,,
5,neuron_activation,Hallucinations_vs_Factual,1303,0.6014162302017212,0.0025941033381968737,-0.014293341897428036,,
5,neuron_activation,Hallucinations_vs_Factual,5755,0.597331702709198,-0.007013482041656971,-0.01108487043529749,,
5,neuron_activation,Hallucinations_vs_Factual,9928,0.5933013558387756,-0.0017990232445299625,-0.006724642589688301,,
5,neuron_activation,Hallucinations_vs_Factual,5592,0.5874086618423462,-0.026624249294400215,-0.05266892910003662,,
5,neuron_activation,Hallucinations_vs_Factual,5387,0.5862933397293091,-0.0004032975994050503,-0.019344408065080643,,
6,neuron_activation,Impossible_vs_Factual,9618,0.5802097916603088,-0.00636993208900094,-0.03733740374445915,,
6,neuron_activation,Impossible_vs_Factual,7730,0.553809404373169,-0.01228127721697092,-0.037077855318784714,,
6,neuron_activation,Impossible_vs_Factual,9441,0.5527492165565491,-0.005886940751224756,-0.024326710030436516,,
6,neuron_activation,Impossible_vs_Factual,11532,0.5498834252357483,0.0027216675225645304,-0.053164172917604446,,
6,neuron_activation,Impossible_vs_Factual,9638,0.5443071126937866,0.05184900760650635,0.022890960797667503,,
6,neuron_activation,Impossible_vs_Factual,12052,0.5417646765708923,0.019952403381466866,-0.007953858934342861,,
6,neuron_activation,Impossible_vs_Factual,10342,0.5395988821983337,-0.017648544162511826,-0.05284469574689865,,
6,neuron_activation,Impossible_vs_Factual,7283,0.5372645854949951,0.061234623193740845,0.008908621035516262,,
6,neuron_activation,Impossible_vs_Factual,11114,0.5342144966125488,0.04858878254890442,0.01088037621229887,,
6,neuron_activation,Impossible_vs_Factual,10068,0.5335019826889038,-0.005480545572936535,-0.01989566534757614,,
6,neuron_activation,Hallucinations_vs_Factual,11377,0.6590042114257812,0.02692212164402008,0.006915508769452572,,
6,neuron_activation,Hallucinations_vs_Factual,5767,0.6416015028953552,0.03678520768880844,0.008383745327591896,,
6,neuron_activation,Hallucinations_vs_Factual,1896,0.6336132884025574,0.0035144451539963484,-0.01865016482770443,,
6,neuron_activation,Hallucinations_vs_Factual,3586,0.6082570552825928,0.01586807146668434,-0.005706416442990303,,
6,neuron_activation,Hallucinations_vs_Factual,6468,0.5982137322425842,-0.01435514260083437,-0.04912354052066803,,
6,neuron_activation,Hallucinations_vs_Factual,6958,0.5976302623748779,-0.011535101570189,-0.04057237133383751,,
6,neuron_activation,Hallucinations_vs_Factual,8449,0.5940152406692505,-0.03835032135248184,-0.07836565375328064,,
6,neuron_activation,Hallucinations_vs_Factual,11114,0.593131959438324,0.053714387118816376,0.01088037621229887,,
6,neuron_activation,Hallucinations_vs_Factual,12222,0.587102472782135,-0.03373217582702637,-0.06355363130569458,,
6,neuron_activation,Hallucinations_vs_Factual,4378,0.5843045711517334,-0.007986982353031635,-0.03218667209148407,,
7,neuron_activation,Impossible_vs_Factual,8726,0.5529540181159973,0.01266762986779213,-0.00834669265896082,,
7,neuron_activation,Impossible_vs_Factual,8345,0.5513453483581543,-0.06143581122159958,-0.12859004735946655,,
7,neuron_activation,Impossible_vs_Factual,5296,0.5413747429847717,-0.045363880693912506,-0.1048959493637085,,
7,neuron_activation,Impossible_vs_Factual,9552,0.5353740453720093,0.0688389465212822,-0.03019324503839016,,
7,neuron_activation,Impossible_vs_Factual,4759,0.5318191647529602,-0.054838813841342926,-0.10851842910051346,,
7,neuron_activation,Impossible_vs_Factual,8550,0.5305567383766174,0.045966167002916336,0.01617489382624626,,
7,neuron_activation,Impossible_vs_Factual,753,0.5291110873222351,-0.039380159229040146,-0.08107290416955948,,
7,neuron_activation,Impossible_vs_Factual,8257,0.5271918177604675,0.01728062331676483,-0.02069527469575405,,
7,neuron_activation,Impossible_vs_Factual,10884,0.5244970321655273,-0.004170349333435297,-0.06507231295108795,,
7,neuron_activation,Impossible_vs_Factual,8467,0.5214391946792603,-0.08600994944572449,-0.1746899038553238,,
7,neuron_activation,Hallucinations_vs_Factual,5675,0.7103067636489868,-0.026995215564966202,-0.10130147635936737,,
7,neuron_activation,Hallucinations_vs_Factual,4759,0.692886233329773,-0.04434601962566376,-0.10851842910051346,,
7,neuron_activation,Hallucinations_vs_Factual,10884,0.6474287509918213,0.004166045226156712,-0.06507231295108795,,
7,neuron_activation,Hallucinations_vs_Factual,3030,0.6326737403869629,-0.02074209414422512,-0.053597163408994675,,
7,neuron_activation,Hallucinations_vs_Factual,753,0.6280477046966553,-0.03268113732337952,-0.08107290416955948,,
7,neuron_activation,Hallucinations_vs_Factual,9165,0.6275584697723389,-0.10329835116863251,-0.16433373093605042,,
7,neuron_activation,Hallucinations_vs_Factual,524,0.6227797269821167,-0.011547970585525036,-0.049842219799757004,,
7,neuron_activation,Hallucinations_vs_Factual,9303,0.6102891564369202,0.07081004977226257,-0.06676390767097473,,
7,neuron_activation,Hallucinations_vs_Factual,1629,0.6014835834503174,-0.003411779412999749,-0.03810394927859306,,
7,neuron_activation,Hallucinations_vs_Factual,8628,0.5992060899734497,-0.016948584467172623,-0.056261491030454636,,
8,neuron_activation,Impossible_vs_Factual,9611,0.6625633239746094,-0.03317081555724144,-0.10187681764364243,,
8,neuron_activation,Impossible_vs_Factual,4057,0.6121111512184143,-0.03476289287209511,-0.1124061644077301,,
8,neuron_activation,Impossible_vs_Factual,908,0.6114190816879272,0.06825979053974152,-0.06669524312019348,,
8,neuron_activation,Impossible_vs_Factual,1258,0.6075478792190552,0.02079763263463974,-0.008200242184102535,,
8,neuron_activation,Impossible_vs_Factual,131,0.596724271774292,-0.022295590490102768,-0.06152302771806717,,
8,neuron_activation,Impossible_vs_Factual,11794,0.572180986404419,-0.03562326356768608,-0.12971988320350647,,
8,neuron_activation,Impossible_vs_Factual,9467,0.5695881247520447,0.041788313537836075,-0.0021050588693469763,,
8,neuron_activation,Impossible_vs_Factual,10739,0.5693562626838684,-0.021777719259262085,-0.0905061736702919,,
8,neuron_activation,Impossible_vs_Factual,9312,0.5601875185966492,-0.0832851380109787,-0.12708649039268494,,
8,neuron_activation,Impossible_vs_Factual,6387,0.5509316921234131,0.030066192150115967,-0.0016880715265870094,,
8,neuron_activation,Hallucinations_vs_Factual,10294,0.7054186463356018,-0.08720150589942932,-0.17672596871852875,,
8,neuron_activation,Hallucinations_vs_Factual,8898,0.6870555281639099,-0.03327091410756111,-0.08623892068862915,,
8,neuron_activation,Hallucinations_vs_Factual,8893,0.6733726859092712,-0.01153406873345375,-0.10157360881567001,,
8,neuron_activation,Hallucinations_vs_Factual,908,0.6531325578689575,0.06433341652154922,-0.06669524312019348,,
8,neuron_activation,Hallucinations_vs_Factual,11794,0.6414545774459839,-0.030995074659585953,-0.12971988320350647,,
8,neuron_activation,Hallucinations_vs_Factual,9312,0.6376549601554871,-0.07681836187839508,-0.12708649039268494,,
8,neuron_activation,Hallucinations_vs_Factual,3323,0.6258555054664612,-0.0787537544965744,-0.13382431864738464,,
8,neuron_activation,Hallucinations_vs_Factual,10739,0.6187617182731628,-0.016570230945944786,-0.0905061736702919,,
8,neuron_activation,Hallucinations_vs_Factual,11179,0.6185629367828369,-0.1392357349395752,-0.22464649379253387,,
8,neuron_activation,Hallucinations_vs_Factual,3714,0.6097151637077332,-0.005513628479093313,-0.09301108121871948,,
9,neuron_activation,Impossible_vs_Factual,791,0.616854727268219,0.1349763572216034,0.05799147114157677,,
9,neuron_activation,Impossible_vs_Factual,7372,0.6049318909645081,-0.07711736112833023,-0.1930277943611145,,
9,neuron_activation,Impossible_vs_Factual,2267,0.5975817441940308,0.07919804751873016,-0.029780464246869087,,
9,neuron_activation,Impossible_vs_Factual,7114,0.5591729879379272,0.07679932564496994,0.022201450541615486,,
9,neuron_activation,Impossible_vs_Factual,11390,0.5483569502830505,0.0409880131483078,-0.01958346925675869,,
9,neuron_activation,Impossible_vs_Factual,9536,0.5470242500305176,0.008131951093673706,-0.05035712569952011,,
9,neuron_activation,Impossible_vs_Factual,6273,0.5463253259658813,-0.012302350252866745,-0.11348551511764526,,
9,neuron_activation,Impossible_vs_Factual,4715,0.5426364541053772,0.11978050321340561,-0.07176093012094498,,
9,neuron_activation,Impossible_vs_Factual,10911,0.5366640090942383,-0.05410071834921837,-0.11563844233751297,,
9,neuron_activation,Impossible_vs_Factual,2598,0.5230140089988708,0.12134900689125061,0.02751772850751877,,
9,neuron_activation,Hallucinations_vs_Factual,7372,0.762981653213501,-0.05353046581149101,-0.1930277943611145,,
9,neuron_activation,Hallucinations_vs_Factual,5782,0.6608123183250427,-0.011560807935893536,-0.09613797813653946,,
9,neuron_activation,Hallucinations_vs_Factual,6427,0.6447605490684509,-0.07801828533411026,-0.17563915252685547,,
9,neuron_activation,Hallucinations_vs_Factual,573,0.6252998113632202,-0.03512502461671829,-0.11278461664915085,,
9,neuron_activation,Hallucinations_vs_Factual,4715,0.6165307760238647,0.13398919999599457,-0.07176093012094498,,
9,neuron_activation,Hallucinations_vs_Factual,2267,0.6071963906288147,0.08119282126426697,-0.029780464246869087,,
9,neuron_activation,Hallucinations_vs_Factual,2077,0.5915005207061768,-0.0070370337925851345,-0.12276557087898254,,
9,neuron_activation,Hallucinations_vs_Factual,29,0.5821396112442017,0.07731828093528748,-0.013467778451740742,,
9,neuron_activation,Hallucinations_vs_Factual,10810,0.5808895826339722,-0.036930687725543976,-0.08748006075620651,,
9,neuron_activation,Hallucinations_vs_Factual,10891,0.5746966600418091,-0.047332264482975006,-0.14200371503829956,,
10,neuron_activation,Impossible_vs_Factual,2792,0.6095753908157349,-0.04865169897675514,-0.11158283054828644,,
10,neuron_activation,Impossible_vs_Factual,4819,0.5991151332855225,0.0956425815820694,0.005095950793474913,,
10,neuron_activation,Impossible_vs_Factual,9884,0.5892347097396851,-0.06947319954633713,-0.1578604280948639,,
10,neuron_activation,Impossible_vs_Factual,1286,0.5802447199821472,-0.05318852514028549,-0.12857069075107574,,
10,neuron_activation,Impossible_vs_Factual,7301,0.5664458870887756,0.01381346769630909,-0.0636763721704483,,
10,neuron_activation,Impossible_vs_Factual,3848,0.5639203786849976,0.04229627922177315,-0.08112441003322601,,
10,neuron_activation,Impossible_vs_Factual,5765,0.5491471290588379,-0.07308623939752579,-0.13073179125785828,,
10,neuron_activation,Impossible_vs_Factual,8178,0.5450549125671387,0.10668215155601501,-0.04782799631357193,,
10,neuron_activation,Impossible_vs_Factual,7457,0.5377210974693298,-0.02835802361369133,-0.10220065712928772,,
10,neuron_activation,Impossible_vs_Factual,8292,0.5349588394165039,-0.06219921633601189,-0.12505988776683807,,
10,neuron_activation,Hallucinations_vs_Factual,1286,0.6835896372795105,-0.04890647903084755,-0.12857069075107574,,
10,neuron_activation,Hallucinations_vs_Factual,9884,0.6172386407852173,-0.06700307130813599,-0.1578604280948639,,
10,neuron_activation,Hallucinations_vs_Factual,4841,0.6127886772155762,-0.06754185259342194,-0.16634982824325562,,
10,neuron_activation,Hallucinations_vs_Factual,3848,0.6102809309959412,0.04420669749379158,-0.08112441003322601,,
10,neuron_activation,Hallucinations_vs_Factual,317,0.6083463430404663,0.001736172242090106,-0.12394288182258606,,
10,neuron_activation,Hallucinations_vs_Factual,2256,0.6028078198432922,-0.02677053026854992,-0.15319715440273285,,
10,neuron_activation,Hallucinations_vs_Factual,12112,0.5916833877563477,0.015372972004115582,-0.05370697006583214,,
10,neuron_activation,Hallucinations_vs_Factual,3011,0.5864847302436829,0.08460088074207306,-0.02062991075217724,,
10,neuron_activation,Hallucinations_vs_Factual,6575,0.5732685923576355,0.008466710336506367,-0.14089006185531616,,
10,neuron_activation,Hallucinations_vs_Factual,1553,0.5644274950027466,-0.32563793659210205,-0.7436010241508484,,
11,neuron_activation,Impossible_vs_Factual,9657,0.6788641810417175,0.13860955834388733,0.035720281302928925,,
11,neuron_activation,Impossible_vs_Factual,9692,0.6621402502059937,0.21235588192939758,0.04548424854874611,,
11,neuron_activation,Impossible_vs_Factual,122,0.6492356061935425,0.34667086601257324,0.08248929679393768,,
11,neuron_activation,Impossible_vs_Factual,6591,0.6303499937057495,0.16725167632102966,0.07899867743253708,,
11,neuron_activation,Impossible_vs_Factual,8446,0.6237331032752991,0.3855149745941162,-0.012234523892402649,,
11,neuron_activation,Impossible_vs_Factual,9111,0.5884568691253662,-0.006617568898946047,-0.1052524670958519,,
11,neuron_activation,Impossible_vs_Factual,3683,0.583541214466095,0.1266430765390396,0.02171270363032818,,
11,neuron_activation,Impossible_vs_Factual,7262,0.5771062970161438,-0.04431203380227089,-0.11959441006183624,,
11,neuron_activation,Impossible_vs_Factual,8204,0.5692070126533508,-0.0899650901556015,-0.15957817435264587,,
11,neuron_activation,Impossible_vs_Factual,8892,0.5676665902137756,0.07458557188510895,0.0044583543203771114,,
11,neuron_activation,Hallucinations_vs_Factual,6591,0.7149286270141602,0.18995462357997894,0.07899867743253708,,
11,neuron_activation,Hallucinations_vs_Factual,9657,0.6735331416130066,0.13488039374351501,0.035720281302928925,,
11,neuron_activation,Hallucinations_vs_Factual,8837,0.6571561694145203,-0.07743764668703079,-0.16596220433712006,,
11,neuron_activation,Hallucinations_vs_Factual,122,0.6239016056060791,0.3206928074359894,0.08248929679393768,,
11,neuron_activation,Hallucinations_vs_Factual,4115,0.6126778721809387,0.05754508078098297,-0.03337010741233826,,
11,neuron_activation,Hallucinations_vs_Factual,8446,0.6056861281394958,0.28815144300460815,-0.012234523892402649,,
11,neuron_activation,Hallucinations_vs_Factual,7391,0.5958237648010254,0.03862002491950989,-0.04783271625638008,,
11,neuron_activation,Hallucinations_vs_Factual,4375,0.5778487920761108,-0.04831840470433235,-0.1306976079940796,,
11,neuron_activation,Hallucinations_vs_Factual,8185,0.5751029253005981,-0.025113217532634735,-0.17250144481658936,,
11,neuron_activation,Hallucinations_vs_Factual,5825,0.5701010823249817,0.0828791931271553,-0.0004166322760283947,,
12,neuron_activation,Impossible_vs_Factual,7483,0.72932368516922,-0.04636221006512642,-0.12652373313903809,,
12,neuron_activation,Impossible_vs_Factual,8216,0.69401615858078,0.1015545204281807,0.007471193093806505,,
12,neuron_activation,Impossible_vs_Factual,5795,0.6603624224662781,0.025149738416075706,-0.07527775317430496,,
12,neuron_activation,Impossible_vs_Factual,1792,0.6222202777862549,0.004702531732618809,-0.05914680287241936,,
12,neuron_activation,Impossible_vs_Factual,7106,0.6219668388366699,0.05486828088760376,-0.004700541961938143,,
12,neuron_activation,Impossible_vs_Factual,8420,0.6122814416885376,-0.00367269036360085,-0.08554650843143463,,
12,neuron_activation,Impossible_vs_Factual,5567,0.6093977689743042,0.12626342475414276,0.058443039655685425,,
12,neuron_activation,Impossible_vs_Factual,3448,0.6074154376983643,-0.004184408579021692,-0.13380497694015503,,
12,neuron_activation,Impossible_vs_Factual,9453,0.593123197555542,0.07997630536556244,-0.0378851592540741,,
12,neuron_activation,Impossible_vs_Factual,837,0.5918647646903992,-0.045719850808382034,-0.15125784277915955,,
12,neuron_activation,Hallucinations_vs_Factual,7483,0.703471839427948,-0.04649566859006882,-0.12652373313903809,,
12,neuron_activation,Hallucinations_vs_Factual,8216,0.6574819684028625,0.08459500223398209,0.007471193093806505,,
12,neuron_activation,Hallucinations_vs_Factual,837,0.6249926686286926,-0.039784207940101624,-0.15125784277915955,,
12,neuron_activation,Hallucinations_vs_Factual,1094,0.6230010390281677,0.14472149312496185,0.060143616050481796,,
12,neuron_activation,Hallucinations_vs_Factual,1792,0.6124064326286316,-0.004529022611677647,-0.05914680287241936,,
12,neuron_activation,Hallucinations_vs_Factual,1925,0.6075859069824219,0.036257054656744,-0.02035965584218502,,
12,neuron_activation,Hallucinations_vs_Factual,5795,0.6035175323486328,0.01693984493613243,-0.07527775317430496,,
12,neuron_activation,Hallucinations_vs_Factual,6554,0.6004362106323242,-0.08209294825792313,-0.17626866698265076,,
12,neuron_activation,Hallucinations_vs_Factual,9453,0.5990887880325317,0.09295748919248581,-0.0378851592540741,,
12,neuron_activation,Hallucinations_vs_Factual,6668,0.5727851986885071,-0.04779152572154999,-0.13690511882305145,,
13,neuron_activation,Impossible_vs_Factual,1890,0.6528178453445435,0.6975024342536926,-0.043956320732831955,,
13,neuron_activation,Impossible_vs_Factual,8605,0.6344738006591797,0.02127094566822052,-0.0571487657725811,,
13,neuron_activation,Impossible_vs_Factual,7034,0.6051709651947021,0.19358064234256744,0.08611836284399033,,
13,neuron_activation,Impossible_vs_Factual,10821,0.6018425226211548,0.06476768851280212,-0.026980293914675713,,
13,neuron_activation,Impossible_vs_Factual,11445,0.5965574383735657,-0.05471093952655792,-0.1426229327917099,,
13,neuron_activation,Impossible_vs_Factual,7188,0.5917116403579712,0.07296806573867798,0.0015261636581271887,,
13,neuron_activation,Impossible_vs_Factual,5898,0.590567409992218,0.07189632207155228,-0.007872022688388824,,
13,neuron_activation,Impossible_vs_Factual,5570,0.5868985056877136,0.18219749629497528,0.08987109363079071,,
13,neuron_activation,Impossible_vs_Factual,11339,0.5695446133613586,0.1439942717552185,0.05414704605937004,,
13,neuron_activation,Impossible_vs_Factual,11899,0.5670665502548218,0.16055269539356232,0.04303348436951637,,
13,neuron_activation,Hallucinations_vs_Factual,3866,0.7224772572517395,0.1428808718919754,-0.0015698731876909733,,
13,neuron_activation,Hallucinations_vs_Factual,7194,0.7043260931968689,0.16587497293949127,0.06411974132061005,,
13,neuron_activation,Hallucinations_vs_Factual,10827,0.6893165707588196,0.015398812480270863,-0.10218296200037003,,
13,neuron_activation,Hallucinations_vs_Factual,908,0.6206212639808655,0.07372094690799713,0.011824405752122402,,
13,neuron_activation,Hallucinations_vs_Factual,362,0.6203266978263855,0.015315509401261806,-0.07207135111093521,,
13,neuron_activation,Hallucinations_vs_Factual,3031,0.6166661977767944,0.016937198117375374,-0.08182977885007858,,
13,neuron_activation,Hallucinations_vs_Factual,991,0.6104604005813599,0.04476604238152504,-0.013599153608083725,,
13,neuron_activation,Hallucinations_vs_Factual,4577,0.608319878578186,-0.0006126296357251704,-0.08842966705560684,,
13,neuron_activation,Hallucinations_vs_Factual,1925,0.5832450985908508,0.12065774947404861,0.039360411465168,,
13,neuron_activation,Hallucinations_vs_Factual,4219,0.5735787153244019,0.09627170860767365,0.036611415445804596,,
14,neuron_activation,Impossible_vs_Factual,7656,0.6819037795066833,-0.02007460407912731,-0.14412225782871246,,
14,neuron_activation,Impossible_vs_Factual,8728,0.6787002086639404,0.03775957599282265,-0.06546980887651443,,
14,neuron_activation,Impossible_vs_Factual,4833,0.6372577548027039,-0.019287971779704094,-0.11305668205022812,,
14,neuron_activation,Impossible_vs_Factual,5857,0.6315219402313232,0.07443393021821976,-0.011410675942897797,,
14,neuron_activation,Impossible_vs_Factual,512,0.630005419254303,-0.0412711463868618,-0.1842149794101715,,
14,neuron_activation,Impossible_vs_Factual,6137,0.6254066228866577,0.07343107461929321,-0.03025580756366253,,
14,neuron_activation,Impossible_vs_Factual,740,0.6163100004196167,0.2081194370985031,0.0809677243232727,,
14,neuron_activation,Impossible_vs_Factual,4080,0.6058593988418579,0.09801558405160904,0.008505802601575851,,
14,neuron_activation,Impossible_vs_Factual,8795,0.605274498462677,0.031311921775341034,-0.06443056464195251,,
14,neuron_activation,Impossible_vs_Factual,2566,0.5993307828903198,0.011932674795389175,-0.09152137488126755,,
14,neuron_activation,Hallucinations_vs_Factual,3982,0.7032893896102905,-0.03332900628447533,-0.1406162679195404,,
14,neuron_activation,Hallucinations_vs_Factual,3255,0.607852041721344,0.25757086277008057,0.1061113253235817,,
14,neuron_activation,Hallucinations_vs_Factual,136,0.6000728011131287,-0.058538712561130524,-0.13643860816955566,,
14,neuron_activation,Hallucinations_vs_Factual,5723,0.5995266437530518,0.14246729016304016,0.03706665337085724,,
14,neuron_activation,Hallucinations_vs_Factual,512,0.5889109969139099,-0.06182224303483963,-0.1842149794101715,,
14,neuron_activation,Hallucinations_vs_Factual,6159,0.5823631882667542,0.042847517877817154,-0.05106973648071289,,
14,neuron_activation,Hallucinations_vs_Factual,4833,0.5820082426071167,-0.03996948152780533,-0.11305668205022812,,
14,neuron_activation,Hallucinations_vs_Factual,2566,0.5797981023788452,0.007706999313086271,-0.09152137488126755,,
14,neuron_activation,Hallucinations_vs_Factual,7656,0.5786217451095581,-0.036682263016700745,-0.14412225782871246,,
14,neuron_activation,Hallucinations_vs_Factual,8795,0.5767546892166138,0.023433173075318336,-0.06443056464195251,,
15,neuron_activation,Impossible_vs_Factual,9100,0.7200790643692017,0.01156698539853096,-0.06798694282770157,,
15,neuron_activation,Impossible_vs_Factual,10861,0.6903875470161438,0.07743878662586212,-0.06978436559438705,,
15,neuron_activation,Impossible_vs_Factual,2154,0.6873179078102112,0.015463704243302345,-0.09005715698003769,,
15,neuron_activation,Impossible_vs_Factual,5281,0.6864975094795227,0.050185661762952805,-0.21348732709884644,,
15,neuron_activation,Impossible_vs_Factual,8245,0.68255615234375,0.016599399968981743,-0.05906200781464577,,
15,neuron_activation,Impossible_vs_Factual,7777,0.6677516102790833,0.040025465190410614,-0.05873490497469902,,
15,neuron_activation,Impossible_vs_Factual,11957,0.6517761945724487,0.08902539312839508,-0.010612095706164837,,
15,neuron_activation,Impossible_vs_Factual,6017,0.6494121551513672,0.05031432583928108,-0.19765697419643402,,
15,neuron_activation,Impossible_vs_Factual,10868,0.647933304309845,0.06570655852556229,-0.013688996434211731,,
15,neuron_activation,Impossible_vs_Factual,7140,0.6427678465843201,0.0019407287472859025,-0.07149799913167953,,
15,neuron_activation,Hallucinations_vs_Factual,9100,0.7315579056739807,0.016839979216456413,-0.06798694282770157,,
15,neuron_activation,Hallucinations_vs_Factual,5281,0.7140783667564392,0.049815911799669266,-0.21348732709884644,,
15,neuron_activation,Hallucinations_vs_Factual,1244,0.6929470896720886,-0.11839916557073593,-0.2690577208995819,,
15,neuron_activation,Hallucinations_vs_Factual,6710,0.6673696637153625,-0.02797868475317955,-0.13583646714687347,,
15,neuron_activation,Hallucinations_vs_Factual,8298,0.6301195621490479,0.11685850471258163,-0.007286493666470051,,
15,neuron_activation,Hallucinations_vs_Factual,2154,0.6266098618507385,0.023733513429760933,-0.09005715698003769,,
15,neuron_activation,Hallucinations_vs_Factual,10510,0.6139411330223083,0.049967676401138306,-0.022696707397699356,,
15,neuron_activation,Hallucinations_vs_Factual,7818,0.609591543674469,-0.018485847860574722,-0.13843290507793427,,
15,neuron_activation,Hallucinations_vs_Factual,6319,0.6034402251243591,0.057522691786289215,-0.046051643788814545,,
15,neuron_activation,Hallucinations_vs_Factual,5306,0.5993664860725403,-0.048763349652290344,-0.1173940896987915,,
16,neuron_activation,Impossible_vs_Factual,2527,0.7820796370506287,0.11095394939184189,0.014967425726354122,,
16,neuron_activation,Impossible_vs_Factual,8413,0.7619277834892273,0.08768630772829056,-0.014098664745688438,,
16,neuron_activation,Impossible_vs_Factual,6363,0.7581167221069336,-0.008249787613749504,-0.12129423767328262,,
16,neuron_activation,Impossible_vs_Factual,10957,0.7376169562339783,0.07172390073537827,-0.042183373123407364,,
16,neuron_activation,Impossible_vs_Factual,9237,0.7368349432945251,0.12166111171245575,-0.02339182421565056,,
16,neuron_activation,Impossible_vs_Factual,247,0.7353415489196777,0.06819692254066467,-0.04279661923646927,,
16,neuron_activation,Impossible_vs_Factual,1297,0.7171566486358643,0.01079022977501154,-0.08370210975408554,,
16,neuron_activation,Impossible_vs_Factual,5745,0.7033478617668152,0.070268914103508,-0.18588615953922272,,
16,neuron_activation,Impossible_vs_Factual,1979,0.7031617164611816,-0.06715176999568939,-0.21313294768333435,,
16,neuron_activation,Impossible_vs_Factual,6634,0.6723312735557556,-0.042280711233615875,-0.1339358240365982,,
16,neuron_activation,Hallucinations_vs_Factual,11333,0.7121551632881165,-0.10716012865304947,-0.5992771983146667,,
16,neuron_activation,Hallucinations_vs_Factual,247,0.7053818702697754,0.06411410868167877,-0.04279661923646927,,
16,neuron_activation,Hallucinations_vs_Factual,10957,0.6985988020896912,0.06901567429304123,-0.042183373123407364,,
16,neuron_activation,Hallucinations_vs_Factual,1979,0.6765205264091492,-0.09484110027551651,-0.21313294768333435,,
16,neuron_activation,Hallucinations_vs_Factual,6363,0.6763861775398254,-0.02073066122829914,-0.12129423767328262,,
16,neuron_activation,Hallucinations_vs_Factual,9237,0.6639097332954407,0.10165109485387802,-0.02339182421565056,,
16,neuron_activation,Hallucinations_vs_Factual,9524,0.6566509008407593,-0.12926682829856873,-0.2698635160923004,,
16,neuron_activation,Hallucinations_vs_Factual,5435,0.642877995967865,-0.01556694321334362,-0.10262127220630646,,
16,neuron_activation,Hallucinations_vs_Factual,12080,0.6422948241233826,-0.08555169403553009,-0.4672861695289612,,
16,neuron_activation,Hallucinations_vs_Factual,1297,0.622226893901825,0.006303765345364809,-0.08370210975408554,,
17,neuron_activation,Impossible_vs_Factual,12202,0.8247891664505005,0.0022070000413805246,-0.08726802468299866,,
17,neuron_activation,Impossible_vs_Factual,7793,0.8181808590888977,-0.18748125433921814,-0.6066555976867676,,
17,neuron_activation,Impossible_vs_Factual,5514,0.8051273226737976,-0.020112989470362663,-0.20358483493328094,,
17,neuron_activation,Impossible_vs_Factual,2329,0.7931578755378723,0.12940502166748047,-0.05062329024076462,,
17,neuron_activation,Impossible_vs_Factual,11287,0.7743597030639648,0.08230092376470566,-0.0417666956782341,,
17,neuron_activation,Impossible_vs_Factual,8933,0.7475939393043518,0.08929784595966339,-0.14656920731067657,,
17,neuron_activation,Impossible_vs_Factual,11347,0.7456231117248535,0.12719836831092834,-0.013285452499985695,,
17,neuron_activation,Impossible_vs_Factual,5138,0.7435339689254761,0.1112707331776619,-0.022076835855841637,,
17,neuron_activation,Impossible_vs_Factual,3168,0.736604630947113,-0.03728409484028816,-0.16351500153541565,,
17,neuron_activation,Impossible_vs_Factual,7313,0.7361697554588318,0.04109799116849899,-0.08008719980716705,,
17,neuron_activation,Hallucinations_vs_Factual,5762,0.6870585680007935,-0.6023591160774231,-1.3875985145568848,,
17,neuron_activation,Hallucinations_vs_Factual,2329,0.6726996302604675,0.0971880629658699,-0.05062329024076462,,
17,neuron_activation,Hallucinations_vs_Factual,8085,0.647218644618988,-0.024429140612483025,-0.1393316239118576,,
17,neuron_activation,Hallucinations_vs_Factual,5514,0.640964686870575,-0.04707256332039833,-0.20358483493328094,,
17,neuron_activation,Hallucinations_vs_Factual,7899,0.6219841241836548,0.08992034196853638,0.003896656446158886,,
17,neuron_activation,Hallucinations_vs_Factual,388,0.6179549098014832,-0.1730317920446396,-0.33825254440307617,,
17,neuron_activation,Hallucinations_vs_Factual,7793,0.6154100894927979,-0.2709108293056488,-0.6066555976867676,,
17,neuron_activation,Hallucinations_vs_Factual,721,0.6145873665809631,-0.12530207633972168,-0.24780024588108063,,
17,neuron_activation,Hallucinations_vs_Factual,1859,0.6144622564315796,-0.017598681151866913,-0.16141901910305023,,
17,neuron_activation,Hallucinations_vs_Factual,9550,0.6101554036140442,0.022030729800462723,-0.09690231829881668,,
18,neuron_activation,Impossible_vs_Factual,2839,0.7750087380409241,0.08144020289182663,-0.0502791665494442,,
18,neuron_activation,Impossible_vs_Factual,5697,0.7489787936210632,-0.02934103086590767,-0.1519104391336441,,
18,neuron_activation,Impossible_vs_Factual,12146,0.7106022238731384,0.08201774954795837,-0.03868590667843819,,
18,neuron_activation,Impossible_vs_Factual,6950,0.6900500655174255,0.01968476176261902,-0.08635631948709488,,
18,neuron_activation,Impossible_vs_Factual,3442,0.6898534893989563,0.03590774163603783,-0.0876040980219841,,
18,neuron_activation,Impossible_vs_Factual,8947,0.6888761520385742,0.12167418748140335,-0.07725507766008377,,
18,neuron_activation,Impossible_vs_Factual,3761,0.67699134349823,-0.07230401784181595,-0.1818895936012268,,
18,neuron_activation,Impossible_vs_Factual,2216,0.6527636647224426,-0.00013387259969022125,-0.11414987593889236,,
18,neuron_activation,Impossible_vs_Factual,6134,0.6418277025222778,-0.06650730967521667,-0.1772458851337433,,
18,neuron_activation,Impossible_vs_Factual,5307,0.6320245265960693,-0.05107920244336128,-0.1638224869966507,,
18,neuron_activation,Hallucinations_vs_Factual,7428,0.8191445469856262,-0.026644721627235413,-0.1824876070022583,,
18,neuron_activation,Hallucinations_vs_Factual,3398,0.6406471729278564,0.7045270800590515,0.36482635140419006,,
18,neuron_activation,Hallucinations_vs_Factual,2971,0.6318578124046326,-0.011810947209596634,-0.270476371049881,,
18,neuron_activation,Hallucinations_vs_Factual,354,0.6215432286262512,0.06920889765024185,-0.059447064995765686,,
18,neuron_activation,Hallucinations_vs_Factual,10730,0.6008574962615967,0.030675332993268967,-0.05894816294312477,,
18,neuron_activation,Hallucinations_vs_Factual,5088,0.5956933498382568,-0.0017901345854625106,-0.07769706845283508,,
18,neuron_activation,Hallucinations_vs_Factual,5697,0.5888975262641907,-0.04849744960665703,-0.1519104391336441,,
18,neuron_activation,Hallucinations_vs_Factual,3761,0.5871214270591736,-0.08501821011304855,-0.1818895936012268,,
18,neuron_activation,Hallucinations_vs_Factual,2886,0.582798182964325,-0.27637380361557007,-1.10923433303833,,
18,neuron_activation,Hallucinations_vs_Factual,2839,0.5772273540496826,0.05891532450914383,-0.0502791665494442,,
19,neuron_activation,Impossible_vs_Factual,145,0.9631340503692627,0.21439723670482635,0.007706791162490845,,
19,neuron_activation,Impossible_vs_Factual,6833,0.8608396649360657,0.135807067155838,-0.025354109704494476,,
19,neuron_activation,Impossible_vs_Factual,2520,0.8217859268188477,-0.020869283005595207,-0.18007950484752655,,
19,neuron_activation,Impossible_vs_Factual,2240,0.7978057265281677,0.009491696022450924,-0.1760442554950714,,
19,neuron_activation,Impossible_vs_Factual,9561,0.7947287559509277,-0.0116914426907897,-0.1348179131746292,,
19,neuron_activation,Impossible_vs_Factual,315,0.7805679440498352,0.0325365774333477,-0.18837088346481323,,
19,neuron_activation,Impossible_vs_Factual,5916,0.7338951826095581,0.017556125298142433,-0.10863880813121796,,
19,neuron_activation,Impossible_vs_Factual,1750,0.7259528636932373,-0.025457432493567467,-0.24958568811416626,,
19,neuron_activation,Impossible_vs_Factual,8179,0.712576150894165,-0.02409016713500023,-0.19210249185562134,,
19,neuron_activation,Impossible_vs_Factual,9469,0.7124807834625244,-0.04355107247829437,-0.17565639317035675,,
19,neuron_activation,Hallucinations_vs_Factual,9561,0.8578436374664307,-0.006626027636229992,-0.1348179131746292,,
19,neuron_activation,Hallucinations_vs_Factual,145,0.7907271385192871,0.17383739352226257,0.007706791162490845,,
19,neuron_activation,Hallucinations_vs_Factual,1750,0.6855679154396057,-0.01756257563829422,-0.24958568811416626,,
19,neuron_activation,Hallucinations_vs_Factual,8410,0.646928071975708,-0.0016622807597741485,-0.11252725124359131,,
19,neuron_activation,Hallucinations_vs_Factual,7386,0.6381203532218933,-0.022971265017986298,-0.2161228209733963,,
19,neuron_activation,Hallucinations_vs_Factual,315,0.6052417755126953,-0.012625216506421566,-0.18837088346481323,,
19,neuron_activation,Hallucinations_vs_Factual,2520,0.6032832264900208,-0.06077040731906891,-0.18007950484752655,,
19,neuron_activation,Hallucinations_vs_Factual,2425,0.5999264121055603,-0.13135764002799988,-0.23394940793514252,,
19,neuron_activation,Hallucinations_vs_Factual,7104,0.5976608991622925,0.0011213836260139942,-0.096626877784729,,
19,neuron_activation,Hallucinations_vs_Factual,9863,0.5974177718162537,0.010814756155014038,-0.10575999319553375,,
20,neuron_activation,Impossible_vs_Factual,9010,0.8694740533828735,0.008890173397958279,-0.08214163035154343,,
20,neuron_activation,Impossible_vs_Factual,995,0.8660129308700562,-0.06195570155978203,-0.25418418645858765,,
20,neuron_activation,Impossible_vs_Factual,6443,0.8523665070533752,-0.14498940110206604,-0.310716837644577,,
20,neuron_activation,Impossible_vs_Factual,532,0.8053342700004578,-0.011954957619309425,-0.16189280152320862,,
20,neuron_activation,Impossible_vs_Factual,4048,0.785393238067627,0.010351254604756832,-0.14970208704471588,,
20,neuron_activation,Impossible_vs_Factual,8810,0.7786999344825745,0.025338083505630493,-0.10666971653699875,,
20,neuron_activation,Impossible_vs_Factual,7648,0.764792263507843,0.020626496523618698,-0.23686981201171875,,
20,neuron_activation,Impossible_vs_Factual,7043,0.7480813264846802,-0.0766226276755333,-0.6025739312171936,,
20,neuron_activation,Impossible_vs_Factual,11792,0.7471901178359985,-0.02724030800163746,-0.17577682435512543,,
20,neuron_activation,Impossible_vs_Factual,10989,0.7429239749908447,-0.001420959597453475,-0.11992087215185165,,
20,neuron_activation,Hallucinations_vs_Factual,532,0.8493821620941162,0.022647984325885773,-0.16189280152320862,,
20,neuron_activation,Hallucinations_vs_Factual,9247,0.6919485330581665,0.09458184987306595,-0.01671997830271721,,
20,neuron_activation,Hallucinations_vs_Factual,9010,0.6725064516067505,-0.006586541421711445,-0.08214163035154343,,
20,neuron_activation,Hallucinations_vs_Factual,7648,0.6532988548278809,-0.016429323703050613,-0.23686981201171875,,
20,neuron_activation,Hallucinations_vs_Factual,11538,0.6360705494880676,-0.06363514810800552,-0.2950497269630432,,
20,neuron_activation,Hallucinations_vs_Factual,6552,0.6313542127609253,0.055285364389419556,-0.1411706656217575,,
20,neuron_activation,Hallucinations_vs_Factual,10466,0.6008404493331909,-0.0014520019758492708,-0.13942477107048035,,
20,neuron_activation,Hallucinations_vs_Factual,10989,0.598225474357605,-0.01806761510670185,-0.11992087215185165,,
20,neuron_activation,Hallucinations_vs_Factual,9429,0.5965380072593689,0.017619140446186066,-0.08778376132249832,,
20,neuron_activation,Hallucinations_vs_Factual,10740,0.5938649773597717,0.07550200074911118,-0.036146536469459534,,
21,neuron_activation,Impossible_vs_Factual,4055,0.8302010893821716,0.19729351997375488,0.03662814944982529,,
21,neuron_activation,Impossible_vs_Factual,10535,0.7912970185279846,0.06160571798682213,-0.08552095293998718,,
21,neuron_activation,Impossible_vs_Factual,7534,0.7781846523284912,0.13850243389606476,-0.012328453361988068,,
21,neuron_activation,Impossible_vs_Factual,628,0.7737396955490112,0.05329600349068642,-0.07042437791824341,,
21,neuron_activation,Impossible_vs_Factual,9868,0.751025915145874,0.03698105737566948,-0.08331398665904999,,
21,neuron_activation,Impossible_vs_Factual,10573,0.7378280758857727,0.07637877017259598,-0.05515153333544731,,
21,neuron_activation,Impossible_vs_Factual,9222,0.7123861908912659,0.008640105836093426,-0.30140432715415955,,
21,neuron_activation,Impossible_vs_Factual,5040,0.7017127275466919,0.009289124049246311,-0.10765914618968964,,
21,neuron_activation,Impossible_vs_Factual,4975,0.6980852484703064,0.06917522847652435,-0.05165643244981766,,
21,neuron_activation,Impossible_vs_Factual,8822,0.6883231401443481,-0.03422991558909416,-0.2052697390317917,,
21,neuron_activation,Hallucinations_vs_Factual,6121,0.6475905179977417,0.013263844884932041,-0.4724981188774109,,
21,neuron_activation,Hallucinations_vs_Factual,9472,0.6214778423309326,0.10648785531520844,-0.09180594980716705,,
21,neuron_activation,Hallucinations_vs_Factual,8064,0.6019467711448669,0.011830015107989311,-0.06913354992866516,,
21,neuron_activation,Hallucinations_vs_Factual,5439,0.5916401147842407,0.026105565950274467,-0.0969664677977562,,
21,neuron_activation,Hallucinations_vs_Factual,9675,0.588567316532135,-0.05970846489071846,-0.17524997889995575,,
21,neuron_activation,Hallucinations_vs_Factual,5419,0.5883400440216064,-0.016688989475369453,-0.12298311293125153,,
21,neuron_activation,Hallucinations_vs_Factual,9603,0.5873274207115173,-0.03235766291618347,-0.6548022627830505,,
21,neuron_activation,Hallucinations_vs_Factual,10909,0.57884281873703,-0.03483119606971741,-0.17222607135772705,,
21,neuron_activation,Hallucinations_vs_Factual,3879,0.5720646381378174,0.09767155349254608,-0.03819335624575615,,
21,neuron_activation,Hallucinations_vs_Factual,9868,0.5678361058235168,0.01830448769032955,-0.08331398665904999,,
22,neuron_activation,Impossible_vs_Factual,10601,0.8675606846809387,0.03277714177966118,-0.2922240197658539,,
22,neuron_activation,Impossible_vs_Factual,10309,0.816687285900116,-0.23159173130989075,-0.7844796180725098,,
22,neuron_activation,Impossible_vs_Factual,3651,0.806493878364563,0.16181202232837677,-0.06459391117095947,,
22,neuron_activation,Impossible_vs_Factual,1436,0.799088180065155,0.13502973318099976,-0.058045644313097,,
22,neuron_activation,Impossible_vs_Factual,2737,0.7827417850494385,0.3196263015270233,0.051012348383665085,,
22,neuron_activation,Impossible_vs_Factual,7136,0.7552893757820129,-0.03327935189008713,-0.5250784754753113,,
22,neuron_activation,Impossible_vs_Factual,9810,0.743955671787262,0.04181539639830589,-0.15078303217887878,,
22,neuron_activation,Impossible_vs_Factual,10633,0.7337175011634827,0.20368902385234833,-0.14016646146774292,,
22,neuron_activation,Impossible_vs_Factual,9677,0.7295547127723694,-0.012920867651700974,-0.1573169082403183,,
22,neuron_activation,Impossible_vs_Factual,11944,0.7111473679542542,0.23179109394550323,-1.7100809812545776,,
22,neuron_activation,Hallucinations_vs_Factual,10601,0.7778794169425964,-0.006698699668049812,-0.2922240197658539,,
22,neuron_activation,Hallucinations_vs_Factual,8715,0.7274362444877625,0.0029106484726071358,-0.1435094028711319,,
22,neuron_activation,Hallucinations_vs_Factual,7281,0.7210749387741089,0.11003424972295761,-0.09456212818622589,,
22,neuron_activation,Hallucinations_vs_Factual,10309,0.7168104648590088,-0.2644043564796448,-0.7844796180725098,,
22,neuron_activation,Hallucinations_vs_Factual,7136,0.6962869167327881,-0.04997783154249191,-0.5250784754753113,,
22,neuron_activation,Hallucinations_vs_Factual,7134,0.6233349442481995,0.004933008458465338,-0.14111270010471344,,
22,neuron_activation,Hallucinations_vs_Factual,5571,0.609164297580719,0.060722462832927704,-0.2212955206632614,,
22,neuron_activation,Hallucinations_vs_Factual,6730,0.5936177372932434,0.09834692627191544,-0.053195737302303314,,
22,neuron_activation,Hallucinations_vs_Factual,10542,0.5809034109115601,0.15107552707195282,-0.21037200093269348,,
22,neuron_activation,Hallucinations_vs_Factual,7631,0.5765144228935242,0.080570288002491,-0.05509025231003761,,
23,neuron_activation,Impossible_vs_Factual,858,0.816601037979126,-0.03490297868847847,-0.7676766514778137,,
23,neuron_activation,Impossible_vs_Factual,975,0.7698103189468384,0.11847690492868423,-0.10754381120204926,,
23,neuron_activation,Impossible_vs_Factual,2399,0.7244094610214233,-0.04850542172789574,-0.20481500029563904,,
23,neuron_activation,Impossible_vs_Factual,1780,0.7124674320220947,0.08322780579328537,-0.1313936412334442,,
23,neuron_activation,Impossible_vs_Factual,3967,0.7021089196205139,0.036097608506679535,-0.28601136803627014,,
23,neuron_activation,Impossible_vs_Factual,2436,0.6970734596252441,0.033226605504751205,-0.1392430067062378,,
23,neuron_activation,Impossible_vs_Factual,3970,0.6953422427177429,-0.05489686131477356,-0.21832074224948883,,
23,neuron_activation,Impossible_vs_Factual,7533,0.6921083331108093,-0.03330843150615692,-0.5850074887275696,,
23,neuron_activation,Impossible_vs_Factual,4153,0.675939679145813,0.12408779561519623,-0.04559924080967903,,
23,neuron_activation,Impossible_vs_Factual,8769,0.6562268733978271,0.035513345152139664,-0.4270888864994049,,
23,neuron_activation,Hallucinations_vs_Factual,6963,0.6785180568695068,-0.05693645402789116,-0.20753633975982666,,
23,neuron_activation,Hallucinations_vs_Factual,858,0.6260997653007507,0.0007906518876552582,-0.7676766514778137,,
23,neuron_activation,Hallucinations_vs_Factual,6938,0.6089448928833008,-0.24838274717330933,-0.8855684399604797,,
23,neuron_activation,Hallucinations_vs_Factual,9017,0.6082659363746643,0.13269373774528503,-0.08536854386329651,,
23,neuron_activation,Hallucinations_vs_Factual,3401,0.5987668037414551,-0.11092346906661987,-0.24811740219593048,,
23,neuron_activation,Hallucinations_vs_Factual,11374,0.5934879779815674,-0.05812316760420799,-0.19249789416790009,,
23,neuron_activation,Hallucinations_vs_Factual,7613,0.5730190873146057,-0.0004537241766229272,-0.20177790522575378,,
23,neuron_activation,Hallucinations_vs_Factual,7842,0.561870813369751,0.008704623207449913,-0.14915402233600616,,
23,neuron_activation,Hallucinations_vs_Factual,7977,0.56113201379776,-0.701104462146759,-1.4667558670043945,,
23,neuron_activation,Hallucinations_vs_Factual,4394,0.5568573474884033,-2.422013282775879,-5.199655532836914,,
24,neuron_activation,Impossible_vs_Factual,12017,0.8145706057548523,0.042816370725631714,-0.20818953216075897,,
24,neuron_activation,Impossible_vs_Factual,12168,0.805307149887085,-0.01838957704603672,-0.24344860017299652,,
24,neuron_activation,Impossible_vs_Factual,7996,0.7873546481132507,0.192257359623909,-0.01685362495481968,,
24,neuron_activation,Impossible_vs_Factual,6758,0.7336641550064087,-0.03182884678244591,-0.22340616583824158,,
24,neuron_activation,Impossible_vs_Factual,462,0.7327902317047119,0.22019022703170776,0.016211679205298424,,
24,neuron_activation,Impossible_vs_Factual,1321,0.7181253433227539,-0.057938333600759506,-1.0400089025497437,,
24,neuron_activation,Impossible_vs_Factual,1558,0.6919764280319214,-0.05140739306807518,-0.31914228200912476,,
24,neuron_activation,Impossible_vs_Factual,10543,0.6880574822425842,-0.0048052906058728695,-0.16935499012470245,,
24,neuron_activation,Impossible_vs_Factual,8855,0.6780589818954468,0.009289545938372612,-0.18069900572299957,,
24,neuron_activation,Impossible_vs_Factual,3013,0.665031373500824,-0.04716561734676361,-0.19880971312522888,,
24,neuron_activation,Hallucinations_vs_Factual,1321,0.6906166076660156,-0.04687615856528282,-1.0400089025497437,,
24,neuron_activation,Hallucinations_vs_Factual,7523,0.5903170704841614,0.08424129337072372,-0.07624313980340958,,
24,neuron_activation,Hallucinations_vs_Factual,8647,0.586863100528717,0.3521176278591156,-0.5825335383415222,,
24,neuron_activation,Hallucinations_vs_Factual,11469,0.5816177129745483,0.5338767170906067,-0.32443171739578247,,
24,neuron_activation,Hallucinations_vs_Factual,7947,0.575344443321228,-0.055484507232904434,-0.20368152856826782,,
24,neuron_activation,Hallucinations_vs_Factual,11866,0.574364960193634,0.21084581315517426,-0.47596853971481323,,
24,neuron_activation,Hallucinations_vs_Factual,7933,0.568902313709259,0.09553956240415573,-0.05155009403824806,,
24,neuron_activation,Hallucinations_vs_Factual,1558,0.5678964853286743,-0.08780872076749802,-0.31914228200912476,,
24,neuron_activation,Hallucinations_vs_Factual,3219,0.5573121905326843,0.0633358359336853,-0.3388010263442993,,
24,neuron_activation,Hallucinations_vs_Factual,12189,0.5544845461845398,-0.021081523969769478,-0.4859427511692047,,
25,neuron_activation,Impossible_vs_Factual,1821,0.7309156656265259,0.03329118713736534,-0.4446732997894287,,
25,neuron_activation,Impossible_vs_Factual,7433,0.6508307456970215,0.1699775904417038,0.017473576590418816,,
25,neuron_activation,Impossible_vs_Factual,2414,0.6489931344985962,0.15242865681648254,-0.036375053226947784,,
25,neuron_activation,Impossible_vs_Factual,326,0.6420139074325562,0.6491953134536743,0.3655188977718353,,
25,neuron_activation,Impossible_vs_Factual,3124,0.6387822031974792,-0.013500770553946495,-0.17481736838817596,,
25,neuron_activation,Impossible_vs_Factual,3611,0.6199377775192261,-0.1703995317220688,-0.9674760699272156,,
25,neuron_activation,Impossible_vs_Factual,7153,0.6083860993385315,0.1781580001115799,0.005513229873031378,,
25,neuron_activation,Impossible_vs_Factual,10411,0.6037406325340271,-0.14969483017921448,-0.2709932029247284,,
25,neuron_activation,Impossible_vs_Factual,134,0.5963131189346313,0.10443717986345291,-0.6256186962127686,,
25,neuron_activation,Impossible_vs_Factual,6206,0.5908676385879517,0.15516135096549988,-0.034255802631378174,,
25,neuron_activation,Hallucinations_vs_Factual,7223,0.5771610140800476,-0.02744002640247345,-0.17659036815166473,,
25,neuron_activation,Hallucinations_vs_Factual,7944,0.5592540502548218,0.09863407164812088,-0.5778388381004333,,
25,neuron_activation,Hallucinations_vs_Factual,1821,0.5564144849777222,-0.1231151670217514,-0.4446732997894287,,
25,neuron_activation,Hallucinations_vs_Factual,4761,0.547426164150238,-0.02848837897181511,-0.16479544341564178,,
25,neuron_activation,Hallucinations_vs_Factual,1732,0.5392950177192688,0.5380783081054688,-0.03284979611635208,,
25,neuron_activation,Hallucinations_vs_Factual,11477,0.5380623936653137,0.25902849435806274,-0.02616129256784916,,
25,neuron_activation,Hallucinations_vs_Factual,6459,0.5335059762001038,-0.0773828774690628,-0.26648619771003723,,
25,neuron_activation,Hallucinations_vs_Factual,5785,0.5210037231445312,-0.010695135220885277,-0.1523316353559494,,
25,neuron_activation,Hallucinations_vs_Factual,8694,0.5209118127822876,0.3655725419521332,-0.49219977855682373,,
25,neuron_activation,Hallucinations_vs_Factual,10440,0.5074886679649353,0.2434789389371872,0.0627799853682518,,
26,neuron_activation,Impossible_vs_Factual,11792,0.6720969080924988,0.14139096438884735,-0.07179345935583115,,
26,neuron_activation,Impossible_vs_Factual,3118,0.6006028652191162,0.5650652050971985,0.30118682980537415,,
26,neuron_activation,Impossible_vs_Factual,129,0.5998572111129761,0.1370191127061844,-0.2537685036659241,,
26,neuron_activation,Impossible_vs_Factual,7329,0.5964615941047668,-0.4759458899497986,-1.188132643699646,,
26,neuron_activation,Impossible_vs_Factual,10285,0.5790039896965027,0.05403340980410576,-0.1596570611000061,,
26,neuron_activation,Impossible_vs_Factual,8775,0.5745740532875061,0.16879752278327942,-0.010702556930482388,,
26,neuron_activation,Impossible_vs_Factual,11639,0.5730534195899963,0.13787177205085754,-0.04477524012327194,,
26,neuron_activation,Impossible_vs_Factual,7702,0.568972647190094,0.17107458412647247,-0.07051079720258713,,
26,neuron_activation,Impossible_vs_Factual,3018,0.5669254660606384,0.0687091201543808,-0.15499760210514069,,
26,neuron_activation,Impossible_vs_Factual,3090,0.5662946701049805,0.270323246717453,0.060836948454380035,,
26,neuron_activation,Hallucinations_vs_Factual,7329,0.5451054573059082,-0.5084738731384277,-1.188132643699646,,
26,neuron_activation,Hallucinations_vs_Factual,129,0.544512927532196,0.09782197326421738,-0.2537685036659241,,
26,neuron_activation,Hallucinations_vs_Factual,3018,0.5272061824798584,0.07584532350301743,-0.15499760210514069,,
26,neuron_activation,Hallucinations_vs_Factual,2370,0.507993221282959,0.2887435555458069,0.05955750122666359,,
26,neuron_activation,Hallucinations_vs_Factual,4910,0.49647727608680725,0.06580841541290283,-0.07053004950284958,,
26,neuron_activation,Hallucinations_vs_Factual,11775,0.4939333200454712,-0.021144554018974304,-0.6813077926635742,,
26,neuron_activation,Hallucinations_vs_Factual,9071,0.48948320746421814,0.16575075685977936,0.014063303358852863,,
26,neuron_activation,Hallucinations_vs_Factual,10870,0.4878747761249542,-0.06282131373882294,-0.25195446610450745,,
26,neuron_activation,Hallucinations_vs_Factual,4010,0.4877590835094452,0.00743138650432229,-0.2669479548931122,,
26,neuron_activation,Hallucinations_vs_Factual,5423,0.48652002215385437,-0.19212554395198822,-0.8437321782112122,,
27,neuron_activation,Impossible_vs_Factual,3793,0.6748216152191162,0.03136162832379341,-0.2840558886528015,,
27,neuron_activation,Impossible_vs_Factual,961,0.6227098703384399,0.05867983028292656,-0.1447073072195053,,
27,neuron_activation,Impossible_vs_Factual,8512,0.5824342370033264,-0.16322706639766693,-0.3212716579437256,,
27,neuron_activation,Impossible_vs_Factual,6709,0.5814785957336426,0.3667958676815033,0.14867106080055237,,
27,neuron_activation,Impossible_vs_Factual,6866,0.5752610564231873,0.05879221856594086,-0.16036522388458252,,
27,neuron_activation,Impossible_vs_Factual,8753,0.5657686591148376,-1.316442847251892,-5.0392842292785645,,
27,neuron_activation,Impossible_vs_Factual,9612,0.557392954826355,0.10862857848405838,-0.10424105077981949,,
27,neuron_activation,Impossible_vs_Factual,2304,0.5545220971107483,0.6505241990089417,-0.11579401046037674,,
27,neuron_activation,Impossible_vs_Factual,2064,0.5491722822189331,0.007810285314917564,-0.1787262111902237,,
27,neuron_activation,Impossible_vs_Factual,11289,0.5421914458274841,0.28515157103538513,0.07852371037006378,,
27,neuron_activation,Hallucinations_vs_Factual,2064,0.5930719971656799,0.02306070365011692,-0.1787262111902237,,
27,neuron_activation,Hallucinations_vs_Factual,6063,0.5890852808952332,-0.1808650940656662,-0.984920084476471,,
27,neuron_activation,Hallucinations_vs_Factual,1479,0.5353965163230896,0.008753822185099125,-0.1617472618818283,,
27,neuron_activation,Hallucinations_vs_Factual,10651,0.5112217664718628,0.13512147963047028,-0.02488061785697937,,
27,neuron_activation,Hallucinations_vs_Factual,8706,0.5045016407966614,0.6110721826553345,0.08616040647029877,,
27,neuron_activation,Hallucinations_vs_Factual,3048,0.5025323033332825,-0.18987028300762177,-2.34035587310791,,
27,neuron_activation,Hallucinations_vs_Factual,8417,0.4979608356952667,-0.010671633295714855,-0.22595162689685822,,
27,neuron_activation,Hallucinations_vs_Factual,6396,0.48647645115852356,1.351353406906128,-0.011018292978405952,,
27,neuron_activation,Hallucinations_vs_Factual,973,0.4851152002811432,-0.1781853437423706,-0.3313530683517456,,
27,neuron_activation,Hallucinations_vs_Factual,6186,0.478116899728775,0.09424492716789246,-0.0637926310300827,,
28,neuron_activation,Impossible_vs_Factual,1625,0.653297483921051,0.4589516222476959,-0.9461398720741272,,
28,neuron_activation,Impossible_vs_Factual,1941,0.5781357288360596,0.016688115894794464,-0.21067792177200317,,
28,neuron_activation,Impossible_vs_Factual,8082,0.5754126310348511,0.48392388224601746,0.02276967465877533,,
28,neuron_activation,Impossible_vs_Factual,12189,0.575303852558136,1.9675607681274414,0.3051570951938629,,
28,neuron_activation,Impossible_vs_Factual,2155,0.5513389110565186,3.0339441299438477,1.0669682025909424,,
28,neuron_activation,Impossible_vs_Factual,8958,0.5500810146331787,-0.06068188324570656,-1.187867283821106,,
28,neuron_activation,Impossible_vs_Factual,7398,0.5423867106437683,0.028361758217215538,-0.17270605266094208,,
28,neuron_activation,Impossible_vs_Factual,3585,0.5296820402145386,0.025541720911860466,-0.14896593987941742,,
28,neuron_activation,Impossible_vs_Factual,8179,0.5262018442153931,0.20926715433597565,-0.06632737815380096,,
28,neuron_activation,Impossible_vs_Factual,8517,0.5255743265151978,-0.11059866845607758,-0.34098416566848755,,
28,neuron_activation,Hallucinations_vs_Factual,8703,0.5080996155738831,-0.069390207529068,-0.24524152278900146,,
28,neuron_activation,Hallucinations_vs_Factual,7571,0.49240994453430176,-0.7750208377838135,-3.4886341094970703,,
28,neuron_activation,Hallucinations_vs_Factual,5374,0.4869281053543091,1.970243215560913,0.9591628909111023,,
28,neuron_activation,Hallucinations_vs_Factual,9095,0.4859997034072876,-0.21124900877475739,-0.8888402581214905,,
28,neuron_activation,Hallucinations_vs_Factual,8958,0.4856715798377991,-0.12636052072048187,-1.187867283821106,,
28,neuron_activation,Hallucinations_vs_Factual,12189,0.47884634137153625,1.9083632230758667,0.3051570951938629,,
28,neuron_activation,Hallucinations_vs_Factual,48,0.47353750467300415,0.08046729117631912,-0.07867172360420227,,
28,neuron_activation,Hallucinations_vs_Factual,6168,0.4669073224067688,0.38065794110298157,0.1664668470621109,,
28,neuron_activation,Hallucinations_vs_Factual,8954,0.4631754755973816,-0.024126704782247543,-0.20457179844379425,,
28,neuron_activation,Hallucinations_vs_Factual,5241,0.45477479696273804,0.24166063964366913,-0.012522243894636631,,
29,neuron_activation,Impossible_vs_Factual,11138,0.681714653968811,1.2971071004867554,0.012469024397432804,,
29,neuron_activation,Impossible_vs_Factual,4944,0.5778238773345947,0.873176634311676,-0.09875889122486115,,
29,neuron_activation,Impossible_vs_Factual,7067,0.5250961184501648,0.011872115544974804,-0.20531690120697021,,
29,neuron_activation,Impossible_vs_Factual,9977,0.5209453701972961,0.26750731468200684,0.055627528578042984,,
29,neuron_activation,Impossible_vs_Factual,3312,0.5126316547393799,1.152693271636963,-0.4707162082195282,,
29,neuron_activation,Impossible_vs_Factual,10230,0.5101640820503235,-0.10402403771877289,-0.30415940284729004,,
29,neuron_activation,Impossible_vs_Factual,1470,0.5059344172477722,0.24791215360164642,0.09591584652662277,,
29,neuron_activation,Impossible_vs_Factual,5985,0.4962228238582611,0.2100771814584732,0.021546373143792152,,
29,neuron_activation,Impossible_vs_Factual,8177,0.4938531816005707,0.8682215809822083,-1.0540217161178589,,
29,neuron_activation,Impossible_vs_Factual,11321,0.4859616756439209,0.23183436691761017,-0.03686857968568802,,
29,neuron_activation,Hallucinations_vs_Factual,3690,0.4841010272502899,1.047277569770813,-0.22743402421474457,,
29,neuron_activation,Hallucinations_vs_Factual,6874,0.48158368468284607,-0.099948950111866,-0.3430688679218292,,
29,neuron_activation,Hallucinations_vs_Factual,8981,0.44885215163230896,-0.18505831062793732,-0.4536076486110687,,
29,neuron_activation,Hallucinations_vs_Factual,496,0.4342004358768463,-0.002298281528055668,-0.24071858823299408,,
29,neuron_activation,Hallucinations_vs_Factual,4660,0.43073877692222595,0.15550458431243896,-0.03324441239237785,,
29,neuron_activation,Hallucinations_vs_Factual,9385,0.4284253716468811,0.10859280824661255,-0.03499196842312813,,
29,neuron_activation,Hallucinations_vs_Factual,10687,0.4214421510696411,1.7269787788391113,0.032313089817762375,,
29,neuron_activation,Hallucinations_vs_Factual,3153,0.4211713373661041,0.07066702842712402,-0.09777563810348511,,
29,neuron_activation,Hallucinations_vs_Factual,11138,0.4185236394405365,0.7969228029251099,0.012469024397432804,,
29,neuron_activation,Hallucinations_vs_Factual,7271,0.41409239172935486,2.1645920276641846,0.9116144180297852,,
30,neuron_activation,Impossible_vs_Factual,199,0.6752416491508484,0.2058998942375183,-1.6375919580459595,,
30,neuron_activation,Impossible_vs_Factual,857,0.5221184492111206,0.1672510951757431,-0.06388399749994278,,
30,neuron_activation,Impossible_vs_Factual,380,0.5112444162368774,1.515590786933899,-3.5339033603668213,,
30,neuron_activation,Impossible_vs_Factual,4388,0.49846479296684265,-0.06890038400888443,-0.24228303134441376,,
30,neuron_activation,Impossible_vs_Factual,2629,0.49102288484573364,0.1546829789876938,-0.10386963933706284,,
30,neuron_activation,Impossible_vs_Factual,3313,0.48713478446006775,0.22067183256149292,0.040562115609645844,,
30,neuron_activation,Impossible_vs_Factual,4828,0.48416492342948914,1.003604769706726,-2.662609815597534,,
30,neuron_activation,Impossible_vs_Factual,11288,0.4790599048137665,0.18772560358047485,0.00558903394266963,,
30,neuron_activation,Impossible_vs_Factual,2070,0.47422221302986145,0.12617388367652893,-0.07024362683296204,,
30,neuron_activation,Impossible_vs_Factual,5886,0.47127264738082886,-0.13833802938461304,-0.4157603979110718,,
30,neuron_activation,Hallucinations_vs_Factual,199,0.5036432147026062,0.03810146823525429,-1.6375919580459595,,
30,neuron_activation,Hallucinations_vs_Factual,8973,0.49667099118232727,0.20076774060726166,0.016719071194529533,,
30,neuron_activation,Hallucinations_vs_Factual,8221,0.4456835687160492,-0.04333125054836273,-0.2574423551559448,,
30,neuron_activation,Hallucinations_vs_Factual,10754,0.4372996687889099,-0.35805973410606384,-0.5469396114349365,,
30,neuron_activation,Hallucinations_vs_Factual,3751,0.41543474793434143,0.30672651529312134,0.12854845821857452,,
30,neuron_activation,Hallucinations_vs_Factual,4659,0.4116462469100952,0.2037898153066635,-2.0820953845977783,,
30,neuron_activation,Hallucinations_vs_Factual,1882,0.40156859159469604,0.32179224491119385,0.10148748755455017,,
30,neuron_activation,Hallucinations_vs_Factual,10833,0.3859812021255493,0.02249595709145069,-0.12657995522022247,,
30,neuron_activation,Hallucinations_vs_Factual,12140,0.38228684663772583,0.059727899730205536,-0.10269122570753098,,
30,neuron_activation,Hallucinations_vs_Factual,10449,0.3813501298427582,-0.1984931230545044,-1.639191746711731,,
31,neuron_activation,Impossible_vs_Factual,8687,0.6712850332260132,0.7373361587524414,-3.3051705360412598,,
31,neuron_activation,Impossible_vs_Factual,1913,0.5583523511886597,1.3779596090316772,-0.03745320811867714,,
31,neuron_activation,Impossible_vs_Factual,1183,0.5226883292198181,1.5941863059997559,0.29681843519210815,,
31,neuron_activation,Impossible_vs_Factual,1394,0.4912131726741791,0.3197121024131775,0.062190841883420944,,
31,neuron_activation,Impossible_vs_Factual,6436,0.48546022176742554,0.5109524130821228,0.2513096034526825,,
31,neuron_activation,Impossible_vs_Factual,6830,0.47567465901374817,0.16213656961917877,-0.009012575261294842,,
31,neuron_activation,Impossible_vs_Factual,6112,0.472802996635437,-0.17133702337741852,-0.4030672311782837,,
31,neuron_activation,Impossible_vs_Factual,10280,0.45808809995651245,0.42226889729499817,0.19205451011657715,,
31,neuron_activation,Impossible_vs_Factual,534,0.4563022553920746,-1.1755566596984863,-2.438807487487793,,
31,neuron_activation,Impossible_vs_Factual,3284,0.4558151364326477,0.8044052720069885,-0.0405607596039772,,
31,neuron_activation,Hallucinations_vs_Factual,8687,0.4685460329055786,-0.23697948455810547,-3.3051705360412598,,
31,neuron_activation,Hallucinations_vs_Factual,852,0.40527310967445374,0.23503237962722778,-0.001771006966009736,,
31,neuron_activation,Hallucinations_vs_Factual,1385,0.4049968421459198,-0.09645579755306244,-0.33916977047920227,,
31,neuron_activation,Hallucinations_vs_Factual,10023,0.39772146940231323,1.4230279922485352,-0.2204490751028061,,
31,neuron_activation,Hallucinations_vs_Factual,10127,0.3647787272930145,1.2049438953399658,0.32749584317207336,,
31,neuron_activation,Hallucinations_vs_Factual,1077,0.35970339179039,0.33309295773506165,-0.4115700423717499,,
31,neuron_activation,Hallucinations_vs_Factual,7267,0.3594728708267212,2.359407424926758,0.7910053730010986,,
31,neuron_activation,Hallucinations_vs_Factual,6883,0.3553408682346344,-0.23724691569805145,-1.038615107536316,,
31,neuron_activation,Hallucinations_vs_Factual,9818,0.3480178415775299,-0.2869873046875,-0.4427594542503357,,
31,neuron_activation,Hallucinations_vs_Factual,2553,0.34657129645347595,-0.15527792274951935,-0.7441439628601074,,
32,neuron_activation,Impossible_vs_Factual,8965,0.6294865608215332,0.6350374221801758,-8.727437973022461,,
32,neuron_activation,Impossible_vs_Factual,2860,0.5653334259986877,0.30319082736968994,0.09747869521379471,,
32,neuron_activation,Impossible_vs_Factual,4145,0.5235955715179443,-0.20342546701431274,-3.246826171875,,
32,neuron_activation,Impossible_vs_Factual,8209,0.5022696852684021,0.014322874136269093,-0.22427678108215332,,
32,neuron_activation,Impossible_vs_Factual,5806,0.4991031587123871,0.15554462373256683,-0.0509934201836586,,
32,neuron_activation,Impossible_vs_Factual,6584,0.4797304570674896,-0.015420287847518921,-0.24296055734157562,,
32,neuron_activation,Impossible_vs_Factual,6332,0.4675767123699188,0.07694201916456223,-2.6966702938079834,,
32,neuron_activation,Impossible_vs_Factual,5351,0.4643090069293976,0.18529047071933746,-0.01739022321999073,,
32,neuron_activation,Impossible_vs_Factual,4280,0.4590040147304535,0.1064206063747406,-0.09232746064662933,,
32,neuron_activation,Impossible_vs_Factual,3341,0.45705750584602356,0.5146791338920593,0.23407693207263947,,
32,neuron_activation,Hallucinations_vs_Factual,8965,0.5068278908729553,0.3397531509399414,-8.727437973022461,,
32,neuron_activation,Hallucinations_vs_Factual,6332,0.45297521352767944,0.24161602556705475,-2.6966702938079834,,
32,neuron_activation,Hallucinations_vs_Factual,11629,0.41734737157821655,-0.9746243357658386,-6.3290114402771,,
32,neuron_activation,Hallucinations_vs_Factual,8224,0.39903560280799866,0.1055724024772644,-0.07104235887527466,,
32,neuron_activation,Hallucinations_vs_Factual,4145,0.38524317741394043,-0.575981080532074,-3.246826171875,,
32,neuron_activation,Hallucinations_vs_Factual,2528,0.3792690932750702,-0.07547076046466827,-1.3603429794311523,,
32,neuron_activation,Hallucinations_vs_Factual,4339,0.37177202105522156,3.5460641384124756,1.7177765369415283,,
32,neuron_activation,Hallucinations_vs_Factual,2172,0.3631154000759125,3.4788310527801514,1.172992467880249,,
32,neuron_activation,Hallucinations_vs_Factual,6584,0.36300191283226013,-0.0631202831864357,-0.24296055734157562,,
32,neuron_activation,Hallucinations_vs_Factual,2902,0.3628823757171631,0.4623400568962097,-0.3129095435142517,,
33,neuron_activation,Impossible_vs_Factual,7357,0.6745815277099609,-0.12472310662269592,-3.8892855644226074,,
33,neuron_activation,Impossible_vs_Factual,189,0.5478765368461609,-0.9846039414405823,-5.694589138031006,,
33,neuron_activation,Impossible_vs_Factual,9514,0.5467358231544495,0.0717812329530716,-0.18349601328372955,,
33,neuron_activation,Impossible_vs_Factual,9653,0.5449403524398804,-0.164449080824852,-2.908524751663208,,
33,neuron_activation,Impossible_vs_Factual,7644,0.5433289408683777,0.9094051122665405,0.4310874044895172,,
33,neuron_activation,Impossible_vs_Factual,7149,0.5398085713386536,-0.41623735427856445,-4.602853298187256,,
33,neuron_activation,Impossible_vs_Factual,12134,0.48976024985313416,-0.257394403219223,-3.8476815223693848,,
33,neuron_activation,Impossible_vs_Factual,2437,0.4843474328517914,2.3719682693481445,0.7391425967216492,,
33,neuron_activation,Impossible_vs_Factual,2136,0.4687518775463104,0.46540817618370056,0.18202078342437744,,
33,neuron_activation,Impossible_vs_Factual,9611,0.455771803855896,1.3713696002960205,-0.014717461541295052,,
33,neuron_activation,Hallucinations_vs_Factual,7357,0.4759441018104553,-0.6144272685050964,-3.8892855644226074,,
33,neuron_activation,Hallucinations_vs_Factual,1435,0.429939329624176,0.39336705207824707,0.10925471782684326,,
33,neuron_activation,Hallucinations_vs_Factual,12134,0.42647889256477356,-0.45541560649871826,-3.8476815223693848,,
33,neuron_activation,Hallucinations_vs_Factual,4300,0.42172205448150635,2.69000506401062,0.7998875975608826,,
33,neuron_activation,Hallucinations_vs_Factual,9514,0.40670672059059143,0.03656724840402603,-0.18349601328372955,,
33,neuron_activation,Hallucinations_vs_Factual,6172,0.4047481417655945,-0.41319578886032104,-0.6435825228691101,,
33,neuron_activation,Hallucinations_vs_Factual,9653,0.4037250578403473,-0.47501638531684875,-2.908524751663208,,
33,neuron_activation,Hallucinations_vs_Factual,1346,0.3950687050819397,-0.1279611587524414,-0.2765546441078186,,
33,neuron_activation,Hallucinations_vs_Factual,7149,0.39216285943984985,-0.9715253710746765,-4.602853298187256,,
33,neuron_activation,Hallucinations_vs_Factual,7440,0.3875286877155304,-0.043587613850831985,-1.4712620973587036,,
34,neuron_activation,Impossible_vs_Factual,10886,0.604914665222168,0.2185722142457962,0.06672698259353638,,
34,neuron_activation,Impossible_vs_Factual,2790,0.554168164730072,-0.08763636648654938,-2.7668039798736572,,
34,neuron_activation,Impossible_vs_Factual,10608,0.5335041880607605,-0.1939290463924408,-2.74208664894104,,
34,neuron_activation,Impossible_vs_Factual,10689,0.5250740647315979,0.656801164150238,-1.2950819730758667,,
34,neuron_activation,Impossible_vs_Factual,5470,0.5219442248344421,0.8101961016654968,0.4978923201560974,,
34,neuron_activation,Impossible_vs_Factual,717,0.5195856094360352,2.092418670654297,0.48132777214050293,,
34,neuron_activation,Impossible_vs_Factual,2317,0.5122174024581909,-0.09478931128978729,-0.41810306906700134,,
34,neuron_activation,Impossible_vs_Factual,10752,0.5038331747055054,-2.6560065746307373,-6.663539409637451,,
34,neuron_activation,Impossible_vs_Factual,5526,0.49571987986564636,2.3358006477355957,1.4235764741897583,,
34,neuron_activation,Impossible_vs_Factual,5176,0.48628950119018555,-0.2896140217781067,-0.5934063792228699,,
34,neuron_activation,Hallucinations_vs_Factual,1313,0.4921085834503174,-0.34121012687683105,-2.9720237255096436,,
34,neuron_activation,Hallucinations_vs_Factual,3571,0.46198156476020813,0.5643627643585205,0.2787635922431946,,
34,neuron_activation,Hallucinations_vs_Factual,11593,0.4362048804759979,-0.2939581274986267,-2.432218313217163,,
34,neuron_activation,Hallucinations_vs_Factual,2398,0.4299996793270111,0.08938314765691757,-0.10253264755010605,,
34,neuron_activation,Hallucinations_vs_Factual,11442,0.39587315917015076,0.6193188428878784,-0.0185037013143301,,
34,neuron_activation,Hallucinations_vs_Factual,6556,0.3907698094844818,0.8847038149833679,-0.006164030637592077,,
34,neuron_activation,Hallucinations_vs_Factual,3378,0.3894183933734894,0.1898399442434311,-0.062142178416252136,,
34,neuron_activation,Hallucinations_vs_Factual,1238,0.3860301673412323,5.073509216308594,1.134061336517334,,
34,neuron_activation,Hallucinations_vs_Factual,10752,0.38424548506736755,-3.346693992614746,-6.663539409637451,,
34,neuron_activation,Hallucinations_vs_Factual,6924,0.3745727241039276,1.0601171255111694,-0.22999714314937592,,
35,neuron_activation,Impossible_vs_Factual,7532,0.6705372333526611,2.368204355239868,-7.181280136108398,,
35,neuron_activation,Impossible_vs_Factual,7382,0.5884687900543213,0.5822159051895142,0.30753645300865173,,
35,neuron_activation,Impossible_vs_Factual,4168,0.5789514780044556,0.49461668729782104,0.1988029032945633,,
35,neuron_activation,Impossible_vs_Factual,9416,0.5744394659996033,0.15131410956382751,0.008835203014314175,,
35,neuron_activation,Impossible_vs_Factual,11028,0.572782039642334,0.42824649810791016,-0.8983482122421265,,
35,neuron_activation,Impossible_vs_Factual,1063,0.5714632868766785,0.9308691024780273,0.40736520290374756,,
35,neuron_activation,Impossible_vs_Factual,8331,0.5618177056312561,0.13478247821331024,0.03696010634303093,,
35,neuron_activation,Impossible_vs_Factual,2754,0.558035671710968,0.1654118299484253,0.035546865314245224,,
35,neuron_activation,Impossible_vs_Factual,4888,0.5545178651809692,0.5755602121353149,-2.161956310272217,,
35,neuron_activation,Impossible_vs_Factual,11755,0.5530590415000916,3.17283296585083,-0.7515918612480164,,
35,neuron_activation,Hallucinations_vs_Factual,1925,0.5508049726486206,-9.222241401672363,-25.041242599487305,,
35,neuron_activation,Hallucinations_vs_Factual,10464,0.4637439548969269,-0.06918971240520477,-0.3787953555583954,,
35,neuron_activation,Hallucinations_vs_Factual,4956,0.4608120918273926,0.3185276389122009,0.13637718558311462,,
35,neuron_activation,Hallucinations_vs_Factual,4378,0.45505374670028687,0.08766865730285645,-4.247175216674805,,
35,neuron_activation,Hallucinations_vs_Factual,9150,0.4313232898712158,-4.991274356842041,-8.35671615600586,,
35,neuron_activation,Hallucinations_vs_Factual,7532,0.43100041151046753,0.17268233001232147,-7.181280136108398,,
35,neuron_activation,Hallucinations_vs_Factual,2234,0.4280087947845459,0.7178623676300049,-1.4094568490982056,,
35,neuron_activation,Hallucinations_vs_Factual,9581,0.42699331045150757,1.6830068826675415,-10.425386428833008,,
35,neuron_activation,Hallucinations_vs_Factual,4404,0.4247027039527893,0.6605199575424194,-0.1932000070810318,,
35,neuron_activation,Hallucinations_vs_Factual,12102,0.422345370054245,-2.989529609680176,-6.4081854820251465,,
0,head_entropy,Impossible_vs_Factual,9,0.42782413959503174,,,1.3306055068969727,0.9027813673019409
0,head_entropy,Impossible_vs_Factual,8,0.3674410581588745,,,1.6708728075027466,1.303431749343872
0,head_entropy,Impossible_vs_Factual,12,0.3389784097671509,,,1.1284252405166626,0.7894468307495117
0,head_entropy,Impossible_vs_Factual,21,0.32665663957595825,,,1.3078558444976807,0.9811992049217224
0,head_entropy,Impossible_vs_Factual,2,0.30316781997680664,,,1.5579062700271606,1.254738450050354
0,head_entropy,Impossible_vs_Factual,20,-0.29726356267929077,,,0.6017285585403442,0.898992121219635
0,head_entropy,Impossible_vs_Factual,1,0.26363319158554077,,,0.763218104839325,0.4995849132537842
0,head_entropy,Impossible_vs_Factual,17,0.2541990280151367,,,1.3649181127548218,1.110719084739685
0,head_entropy,Impossible_vs_Factual,10,0.17500841617584229,,,1.2618988752365112,1.086890459060669
0,head_entropy,Impossible_vs_Factual,11,-0.1581406593322754,,,1.5446170568466187,1.702757716178894
0,head_entropy,Hallucinations_vs_Factual,9,0.5649179220199585,,,1.4676992893218994,0.9027813673019409
0,head_entropy,Hallucinations_vs_Factual,8,0.5263237953186035,,,1.8297555446624756,1.303431749343872
0,head_entropy,Hallucinations_vs_Factual,2,0.44028139114379883,,,1.6950198411941528,1.254738450050354
0,head_entropy,Hallucinations_vs_Factual,12,0.4376291036605835,,,1.2270759344100952,0.7894468307495117
0,head_entropy,Hallucinations_vs_Factual,17,0.3767145872116089,,,1.487433671951294,1.110719084739685
0,head_entropy,Hallucinations_vs_Factual,1,0.36443233489990234,,,0.8640172481536865,0.4995849132537842
0,head_entropy,Hallucinations_vs_Factual,21,0.36179298162460327,,,1.3429921865463257,0.9811992049217224
0,head_entropy,Hallucinations_vs_Factual,24,0.35604727268218994,,,1.7406721115112305,1.3846248388290405
0,head_entropy,Hallucinations_vs_Factual,10,0.3476330041885376,,,1.4345234632492065,1.086890459060669
0,head_entropy,Hallucinations_vs_Factual,25,0.3342968225479126,,,1.868710994720459,1.5344141721725464
1,head_entropy,Impossible_vs_Factual,20,0.31712496280670166,,,1.1809355020523071,0.8638105392456055
1,head_entropy,Impossible_vs_Factual,7,0.26551592350006104,,,1.8205468654632568,1.5550309419631958
1,head_entropy,Impossible_vs_Factual,4,0.2380584478378296,,,1.1410545110702515,0.9029960632324219
1,head_entropy,Impossible_vs_Factual,9,0.16032814979553223,,,1.4054763317108154,1.2451481819152832
1,head_entropy,Impossible_vs_Factual,26,0.15310156345367432,,,1.8815393447875977,1.7284377813339233
1,head_entropy,Impossible_vs_Factual,3,-0.14686286449432373,,,1.3026368618011475,1.4494997262954712
1,head_entropy,Impossible_vs_Factual,1,-0.1448926329612732,,,0.6287225484848022,0.7736151814460754
1,head_entropy,Impossible_vs_Factual,16,-0.1447659730911255,,,1.2166718244552612,1.3614377975463867
1,head_entropy,Impossible_vs_Factual,27,0.1308121681213379,,,1.82156240940094,1.690750241279602
1,head_entropy,Impossible_vs_Factual,2,0.12971901893615723,,,1.1872267723083496,1.0575077533721924
1,head_entropy,Hallucinations_vs_Factual,7,0.4899691343307495,,,2.0450000762939453,1.5550309419631958
1,head_entropy,Hallucinations_vs_Factual,26,0.40133583545684814,,,2.1297736167907715,1.7284377813339233
1,head_entropy,Hallucinations_vs_Factual,4,0.3946835994720459,,,1.2976796627044678,0.9029960632324219
1,head_entropy,Hallucinations_vs_Factual,20,0.38375139236450195,,,1.2475619316101074,0.8638105392456055
1,head_entropy,Hallucinations_vs_Factual,27,0.32499969005584717,,,2.015749931335449,1.690750241279602
1,head_entropy,Hallucinations_vs_Factual,24,0.31806254386901855,,,2.3001246452331543,1.9820621013641357
1,head_entropy,Hallucinations_vs_Factual,21,0.24751532077789307,,,1.8978122472763062,1.650296926498413
1,head_entropy,Hallucinations_vs_Factual,5,0.22889840602874756,,,1.7340620756149292,1.5051636695861816
1,head_entropy,Hallucinations_vs_Factual,25,0.20873546600341797,,,2.5031254291534424,2.2943899631500244
1,head_entropy,Hallucinations_vs_Factual,3,-0.1656562089920044,,,1.2838435173034668,1.4494997262954712
2,head_entropy,Impossible_vs_Factual,7,0.4857468008995056,,,1.0860750675201416,0.600328266620636
2,head_entropy,Impossible_vs_Factual,31,0.23337697982788086,,,0.938854455947876,0.7054774761199951
2,head_entropy,Impossible_vs_Factual,27,0.23290252685546875,,,1.6875547170639038,1.454652190208435
2,head_entropy,Impossible_vs_Factual,3,0.19871842861175537,,,1.9171407222747803,1.718422293663025
2,head_entropy,Impossible_vs_Factual,23,-0.11466395854949951,,,1.0168356895446777,1.1314996480941772
2,head_entropy,Impossible_vs_Factual,10,0.10562479496002197,,,1.778906226158142,1.6732814311981201
2,head_entropy,Impossible_vs_Factual,0,-0.09516358375549316,,,1.6697970628738403,1.7649606466293335
2,head_entropy,Impossible_vs_Factual,19,-0.09134364128112793,,,1.746828317642212,1.8381719589233398
2,head_entropy,Impossible_vs_Factual,5,0.08179700374603271,,,1.1436328887939453,1.0618358850479126
2,head_entropy,Impossible_vs_Factual,1,-0.08042967319488525,,,1.2200701236724854,1.3004997968673706
2,head_entropy,Hallucinations_vs_Factual,7,0.49072855710983276,,,1.0910568237304688,0.600328266620636
2,head_entropy,Hallucinations_vs_Factual,27,0.3050154447555542,,,1.7596676349639893,1.454652190208435
2,head_entropy,Hallucinations_vs_Factual,3,0.29618680477142334,,,2.0146090984344482,1.718422293663025
2,head_entropy,Hallucinations_vs_Factual,10,0.23676550388336182,,,1.910046935081482,1.6732814311981201
2,head_entropy,Hallucinations_vs_Factual,23,-0.22685909271240234,,,0.9046405553817749,1.1314996480941772
2,head_entropy,Hallucinations_vs_Factual,2,0.21055519580841064,,,1.8444690704345703,1.6339138746261597
2,head_entropy,Hallucinations_vs_Factual,20,-0.19391590356826782,,,0.9580411314964294,1.1519570350646973
2,head_entropy,Hallucinations_vs_Factual,15,0.1862499713897705,,,2.0890936851501465,1.902843713760376
2,head_entropy,Hallucinations_vs_Factual,26,0.1338517665863037,,,1.697421908378601,1.5635701417922974
2,head_entropy,Hallucinations_vs_Factual,25,0.1246875524520874,,,1.6990939378738403,1.574406385421753
3,head_entropy,Impossible_vs_Factual,27,0.2062380313873291,,,0.9822440147399902,0.7760059833526611
3,head_entropy,Impossible_vs_Factual,19,0.20525825023651123,,,1.261652946472168,1.0563946962356567
3,head_entropy,Impossible_vs_Factual,8,0.19357037544250488,,,1.555922031402588,1.362351655960083
3,head_entropy,Impossible_vs_Factual,1,0.16401588916778564,,,1.584984540939331,1.4209686517715454
3,head_entropy,Impossible_vs_Factual,30,0.15404385328292847,,,0.7898662090301514,0.6358223557472229
3,head_entropy,Impossible_vs_Factual,3,-0.1341639757156372,,,1.306749939918518,1.4409139156341553
3,head_entropy,Impossible_vs_Factual,4,0.13077527284622192,,,1.011212944984436,0.8804376721382141
3,head_entropy,Impossible_vs_Factual,13,0.12248003482818604,,,1.1526832580566406,1.0302032232284546
3,head_entropy,Impossible_vs_Factual,7,0.11012488603591919,,,0.9606053829193115,0.8504804968833923
3,head_entropy,Impossible_vs_Factual,20,0.10867166519165039,,,2.0405781269073486,1.9319064617156982
3,head_entropy,Hallucinations_vs_Factual,1,0.3694608211517334,,,1.7904294729232788,1.4209686517715454
3,head_entropy,Hallucinations_vs_Factual,11,0.3243134021759033,,,2.3340163230895996,2.0097029209136963
3,head_entropy,Hallucinations_vs_Factual,10,0.25156307220458984,,,2.3307974338531494,2.0792343616485596
3,head_entropy,Hallucinations_vs_Factual,18,0.22035884857177734,,,2.337686777114868,2.117327928543091
3,head_entropy,Hallucinations_vs_Factual,2,-0.21924984455108643,,,1.8642264604568481,2.0834763050079346
3,head_entropy,Hallucinations_vs_Factual,16,0.21448540687561035,,,2.443265676498413,2.2287802696228027
3,head_entropy,Hallucinations_vs_Factual,3,-0.21146905422210693,,,1.2294448614120483,1.4409139156341553
3,head_entropy,Hallucinations_vs_Factual,28,-0.1772107481956482,,,0.8484805226325989,1.025691270828247
3,head_entropy,Hallucinations_vs_Factual,8,0.17241370677947998,,,1.534765362739563,1.362351655960083
3,head_entropy,Hallucinations_vs_Factual,27,0.1639159917831421,,,0.9399219751358032,0.7760059833526611
4,head_entropy,Impossible_vs_Factual,3,0.1918121576309204,,,1.6667968034744263,1.4749846458435059
4,head_entropy,Impossible_vs_Factual,18,0.14715611934661865,,,1.3782579898834229,1.2311018705368042
4,head_entropy,Impossible_vs_Factual,2,0.1294647455215454,,,1.4568753242492676,1.3274105787277222
4,head_entropy,Impossible_vs_Factual,24,-0.12934374809265137,,,1.353624939918518,1.4829686880111694
4,head_entropy,Impossible_vs_Factual,8,0.10912293195724487,,,0.7918651103973389,0.682742178440094
4,head_entropy,Impossible_vs_Factual,4,0.10750782489776611,,,1.252765417098999,1.145257592201233
4,head_entropy,Impossible_vs_Factual,16,-0.10279643535614014,,,1.1012502908706665,1.2040467262268066
4,head_entropy,Impossible_vs_Factual,31,0.09996914863586426,,,1.5106016397476196,1.4106324911117554
4,head_entropy,Impossible_vs_Factual,12,-0.09153902530670166,,,1.3401559591293335,1.4316949844360352
4,head_entropy,Impossible_vs_Factual,19,-0.08191394805908203,,,1.0511211156845093,1.1330350637435913
4,head_entropy,Hallucinations_vs_Factual,16,-0.23249214887619019,,,0.9715545773506165,1.2040467262268066
4,head_entropy,Hallucinations_vs_Factual,30,0.22653138637542725,,,1.7699846029281616,1.5434532165527344
4,head_entropy,Hallucinations_vs_Factual,15,-0.1992793083190918,,,0.835320234298706,1.0345995426177979
4,head_entropy,Hallucinations_vs_Factual,25,0.1838747262954712,,,1.9746406078338623,1.7907658815383911
4,head_entropy,Hallucinations_vs_Factual,13,-0.1750352382659912,,,1.1103320121765137,1.2853672504425049
4,head_entropy,Hallucinations_vs_Factual,19,-0.16157031059265137,,,0.9714647531509399,1.1330350637435913
4,head_entropy,Hallucinations_vs_Factual,12,-0.1610736846923828,,,1.2706212997436523,1.4316949844360352
4,head_entropy,Hallucinations_vs_Factual,14,-0.15909016132354736,,,0.9383593797683716,1.097449541091919
4,head_entropy,Hallucinations_vs_Factual,24,-0.15907764434814453,,,1.323891043663025,1.4829686880111694
4,head_entropy,Hallucinations_vs_Factual,5,0.153952956199646,,,1.829015851020813,1.675062894821167
5,head_entropy,Impossible_vs_Factual,12,0.20798838138580322,,,1.359086036682129,1.1510976552963257
5,head_entropy,Impossible_vs_Factual,21,-0.19421136379241943,,,1.1595075130462646,1.353718876838684
5,head_entropy,Impossible_vs_Factual,27,-0.16478490829467773,,,1.0069844722747803,1.171769380569458
5,head_entropy,Impossible_vs_Factual,5,0.13075172901153564,,,1.7312817573547363,1.6005300283432007
5,head_entropy,Impossible_vs_Factual,2,0.10396862030029297,,,2.2049684524536133,2.1009998321533203
5,head_entropy,Impossible_vs_Factual,17,0.10048460960388184,,,1.7235468626022339,1.623062252998352
5,head_entropy,Impossible_vs_Factual,30,-0.09816336631774902,,,1.479211449623108,1.577374815940857
5,head_entropy,Impossible_vs_Factual,24,-0.09646439552307129,,,1.029043197631836,1.1255075931549072
5,head_entropy,Impossible_vs_Factual,16,-0.08940255641937256,,,0.8449178338050842,0.9343203902244568
5,head_entropy,Impossible_vs_Factual,10,0.08778917789459229,,,1.7147891521453857,1.6269999742507935
5,head_entropy,Hallucinations_vs_Factual,21,-0.35179269313812256,,,1.0019261837005615,1.353718876838684
5,head_entropy,Hallucinations_vs_Factual,27,-0.3065916895866394,,,0.8651776909828186,1.171769380569458
5,head_entropy,Hallucinations_vs_Factual,2,0.28153157234191895,,,2.3825314044952393,2.1009998321533203
5,head_entropy,Hallucinations_vs_Factual,9,0.2696404457092285,,,2.513624906539917,2.2439844608306885
5,head_entropy,Hallucinations_vs_Factual,24,-0.23590195178985596,,,0.8896056413650513,1.1255075931549072
5,head_entropy,Hallucinations_vs_Factual,5,0.2211771011352539,,,1.8217071294784546,1.6005300283432007
5,head_entropy,Hallucinations_vs_Factual,16,-0.21767199039459229,,,0.7166483998298645,0.9343203902244568
5,head_entropy,Hallucinations_vs_Factual,8,0.20176494121551514,,,2.195561647415161,1.993796706199646
5,head_entropy,Hallucinations_vs_Factual,22,-0.20163249969482422,,,1.4060547351837158,1.60768723487854
5,head_entropy,Hallucinations_vs_Factual,6,-0.19118762016296387,,,1.3051797151565552,1.496367335319519
6,head_entropy,Impossible_vs_Factual,27,0.5375235676765442,,,1.4831974506378174,0.9456738829612732
6,head_entropy,Impossible_vs_Factual,31,0.3468872308731079,,,0.7804458141326904,0.4335585832595825
6,head_entropy,Impossible_vs_Factual,9,0.2995002865791321,,,1.2602424621582031,0.960742175579071
6,head_entropy,Impossible_vs_Factual,4,0.21826934814453125,,,1.8733865022659302,1.655117154121399
6,head_entropy,Impossible_vs_Factual,3,0.2155780792236328,,,1.4425389766693115,1.2269608974456787
6,head_entropy,Impossible_vs_Factual,18,0.20934391021728516,,,1.4774765968322754,1.2681326866149902
6,head_entropy,Impossible_vs_Factual,17,0.20720314979553223,,,1.4345704317092896,1.2273672819137573
6,head_entropy,Impossible_vs_Factual,20,0.1660313606262207,,,1.8738749027252197,1.707843542098999
6,head_entropy,Impossible_vs_Factual,24,-0.14869534969329834,,,1.3951953649520874,1.5438907146453857
6,head_entropy,Impossible_vs_Factual,29,0.13403141498565674,,,1.6940155029296875,1.5599840879440308
6,head_entropy,Hallucinations_vs_Factual,27,0.50233393907547,,,1.4480078220367432,0.9456738829612732
6,head_entropy,Hallucinations_vs_Factual,9,0.4882814288139343,,,1.4490236043930054,0.960742175579071
6,head_entropy,Hallucinations_vs_Factual,31,0.2914862632751465,,,0.725044846534729,0.4335585832595825
6,head_entropy,Hallucinations_vs_Factual,4,0.28604650497436523,,,1.9411636590957642,1.655117154121399
6,head_entropy,Hallucinations_vs_Factual,17,0.27434372901916504,,,1.5017110109329224,1.2273672819137573
6,head_entropy,Hallucinations_vs_Factual,3,0.22201180458068848,,,1.4489727020263672,1.2269608974456787
6,head_entropy,Hallucinations_vs_Factual,11,0.20946860313415527,,,2.221937656402588,2.0124690532684326
6,head_entropy,Hallucinations_vs_Factual,24,-0.19519531726837158,,,1.3486953973770142,1.5438907146453857
6,head_entropy,Hallucinations_vs_Factual,16,0.19362545013427734,,,2.415797472000122,2.2221720218658447
6,head_entropy,Hallucinations_vs_Factual,13,-0.18948447704315186,,,1.440484642982483,1.6299691200256348
7,head_entropy,Impossible_vs_Factual,25,-0.25767672061920166,,,0.49186527729034424,0.7495419979095459
7,head_entropy,Impossible_vs_Factual,30,-0.23135998845100403,,,0.2961989939212799,0.5275589823722839
7,head_entropy,Impossible_vs_Factual,12,-0.19884568452835083,,,0.9398905634880066,1.1387362480163574
7,head_entropy,Impossible_vs_Factual,17,-0.18052160739898682,,,0.5911834836006165,0.7717050909996033
7,head_entropy,Impossible_vs_Factual,15,-0.1724846363067627,,,1.3322501182556152,1.504734754562378
7,head_entropy,Impossible_vs_Factual,28,-0.14259515702724457,,,0.1795973926782608,0.32219254970550537
7,head_entropy,Impossible_vs_Factual,27,-0.13536810874938965,,,0.5592901110649109,0.6946582198143005
7,head_entropy,Impossible_vs_Factual,24,-0.13416415452957153,,,0.9454100728034973,1.0795742273330688
7,head_entropy,Impossible_vs_Factual,31,-0.13127264380455017,,,0.42679986357688904,0.5580725073814392
7,head_entropy,Impossible_vs_Factual,29,-0.12892784178256989,,,0.17741413414478302,0.3063419759273529
7,head_entropy,Hallucinations_vs_Factual,25,-0.29572272300720215,,,0.45381927490234375,0.7495419979095459
7,head_entropy,Hallucinations_vs_Factual,30,-0.24760547280311584,,,0.2799535095691681,0.5275589823722839
7,head_entropy,Hallucinations_vs_Factual,15,-0.24575257301330566,,,1.2589821815490723,1.504734754562378
7,head_entropy,Hallucinations_vs_Factual,24,-0.23425179719924927,,,0.8453224301338196,1.0795742273330688
7,head_entropy,Hallucinations_vs_Factual,17,-0.23127251863479614,,,0.5404325723648071,0.7717050909996033
7,head_entropy,Hallucinations_vs_Factual,31,-0.19472503662109375,,,0.36334747076034546,0.5580725073814392
7,head_entropy,Hallucinations_vs_Factual,27,-0.18552541732788086,,,0.5091328024864197,0.6946582198143005
7,head_entropy,Hallucinations_vs_Factual,28,-0.1602407693862915,,,0.16195178031921387,0.32219254970550537
7,head_entropy,Hallucinations_vs_Factual,29,-0.15440042316913605,,,0.15194155275821686,0.3063419759273529
7,head_entropy,Hallucinations_vs_Factual,26,-0.12774235010147095,,,0.738949179649353,0.866691529750824
8,head_entropy,Impossible_vs_Factual,14,0.2692910134792328,,,0.7237246632575989,0.4544336497783661
8,head_entropy,Impossible_vs_Factual,5,0.21741414070129395,,,1.399711012840271,1.182296872138977
8,head_entropy,Impossible_vs_Factual,9,0.21606630086898804,,,0.7653984427452087,0.5493321418762207
8,head_entropy,Impossible_vs_Factual,1,0.16947072744369507,,,0.7027303576469421,0.5332596302032471
8,head_entropy,Impossible_vs_Factual,7,0.15959817171096802,,,1.057336449623108,0.8977382779121399
8,head_entropy,Impossible_vs_Factual,0,0.13366210460662842,,,0.6065605282783508,0.4728984236717224
8,head_entropy,Impossible_vs_Factual,20,-0.13077187538146973,,,0.39662259817123413,0.5273944735527039
8,head_entropy,Impossible_vs_Factual,19,-0.12420618534088135,,,0.4431923031806946,0.5673984885215759
8,head_entropy,Impossible_vs_Factual,15,-0.12234288454055786,,,0.4506250023841858,0.5729678869247437
8,head_entropy,Impossible_vs_Factual,25,0.11270320415496826,,,1.1290391683578491,1.0163359642028809
8,head_entropy,Hallucinations_vs_Factual,7,0.26243335008621216,,,1.160171627998352,0.8977382779121399
8,head_entropy,Hallucinations_vs_Factual,1,0.21946299076080322,,,0.7527226209640503,0.5332596302032471
8,head_entropy,Hallucinations_vs_Factual,9,0.20023232698440552,,,0.7495644688606262,0.5493321418762207
8,head_entropy,Hallucinations_vs_Factual,5,0.18103516101837158,,,1.3633320331573486,1.182296872138977
8,head_entropy,Hallucinations_vs_Factual,14,0.14744338393211365,,,0.6018770337104797,0.4544336497783661
8,head_entropy,Hallucinations_vs_Factual,20,-0.14610517024993896,,,0.3812893033027649,0.5273944735527039
8,head_entropy,Hallucinations_vs_Factual,4,0.1347929835319519,,,0.6060352325439453,0.4712422490119934
8,head_entropy,Hallucinations_vs_Factual,8,0.1288672685623169,,,1.7100156545639038,1.581148386001587
8,head_entropy,Hallucinations_vs_Factual,25,0.12381231784820557,,,1.1401482820510864,1.0163359642028809
8,head_entropy,Hallucinations_vs_Factual,15,-0.12183305621147156,,,0.4511348307132721,0.5729678869247437
9,head_entropy,Impossible_vs_Factual,12,0.2907809019088745,,,1.6509530544281006,1.360172152519226
9,head_entropy,Impossible_vs_Factual,23,-0.2735135555267334,,,0.5879356265068054,0.8614491820335388
9,head_entropy,Impossible_vs_Factual,1,-0.2447807788848877,,,1.163062572479248,1.4078433513641357
9,head_entropy,Impossible_vs_Factual,27,-0.19940638542175293,,,0.9215351343154907,1.1209415197372437
9,head_entropy,Impossible_vs_Factual,20,-0.1792304515838623,,,0.8362969160079956,1.015527367591858
9,head_entropy,Impossible_vs_Factual,24,-0.16322243213653564,,,0.6331026554107666,0.7963250875473022
9,head_entropy,Impossible_vs_Factual,6,0.15674254298210144,,,0.6048899292945862,0.44814738631248474
9,head_entropy,Impossible_vs_Factual,17,0.1467287540435791,,,0.9041191935539246,0.7573904395103455
9,head_entropy,Impossible_vs_Factual,13,-0.13863277435302734,,,0.7003827095031738,0.8390154838562012
9,head_entropy,Impossible_vs_Factual,5,-0.13073837757110596,,,1.2595115900039673,1.3902499675750732
9,head_entropy,Hallucinations_vs_Factual,12,0.33589816093444824,,,1.6960703134536743,1.360172152519226
9,head_entropy,Hallucinations_vs_Factual,17,0.3080511689186096,,,1.065441608428955,0.7573904395103455
9,head_entropy,Hallucinations_vs_Factual,1,-0.22773969173431396,,,1.1801036596298218,1.4078433513641357
9,head_entropy,Hallucinations_vs_Factual,6,0.2128511369228363,,,0.660998523235321,0.44814738631248474
9,head_entropy,Hallucinations_vs_Factual,16,0.2065485715866089,,,1.0556403398513794,0.8490917682647705
9,head_entropy,Hallucinations_vs_Factual,23,-0.18188273906707764,,,0.6795664429664612,0.8614491820335388
9,head_entropy,Hallucinations_vs_Factual,21,0.17846906185150146,,,1.5583752393722534,1.379906177520752
9,head_entropy,Hallucinations_vs_Factual,13,-0.16787123680114746,,,0.6711442470550537,0.8390154838562012
9,head_entropy,Hallucinations_vs_Factual,9,0.1497264802455902,,,0.32231926918029785,0.17259278893470764
9,head_entropy,Hallucinations_vs_Factual,20,-0.14701181650161743,,,0.8685155510902405,1.015527367591858
10,head_entropy,Impossible_vs_Factual,17,-0.29329872131347656,,,0.5495019555091858,0.8428006768226624
10,head_entropy,Impossible_vs_Factual,2,-0.22164148092269897,,,0.4699004292488098,0.6915419101715088
10,head_entropy,Impossible_vs_Factual,8,-0.20071089267730713,,,1.1609766483306885,1.3616875410079956
10,head_entropy,Impossible_vs_Factual,15,0.1612665057182312,,,0.825322151184082,0.6640556454658508
10,head_entropy,Impossible_vs_Factual,10,-0.1537386178970337,,,0.9587732553482056,1.1125118732452393
10,head_entropy,Impossible_vs_Factual,20,-0.13903522491455078,,,0.8489375114440918,0.9879727363586426
10,head_entropy,Impossible_vs_Factual,12,0.13708186149597168,,,0.7433357834815979,0.6062539219856262
10,head_entropy,Impossible_vs_Factual,0,-0.13360008597373962,,,0.2986415922641754,0.43224167823791504
10,head_entropy,Impossible_vs_Factual,22,-0.12100380659103394,,,0.9688437581062317,1.0898475646972656
10,head_entropy,Impossible_vs_Factual,27,-0.10069328546524048,,,0.7476543188095093,0.8483476042747498
10,head_entropy,Hallucinations_vs_Factual,12,0.2828946113586426,,,0.8891485333442688,0.6062539219856262
10,head_entropy,Hallucinations_vs_Factual,2,-0.21552151441574097,,,0.4760203957557678,0.6915419101715088
10,head_entropy,Hallucinations_vs_Factual,8,-0.1943359375,,,1.1673516035079956,1.3616875410079956
10,head_entropy,Hallucinations_vs_Factual,17,-0.17863279581069946,,,0.6641678810119629,0.8428006768226624
10,head_entropy,Hallucinations_vs_Factual,26,0.1470898985862732,,,0.7099629044532776,0.5628730058670044
10,head_entropy,Hallucinations_vs_Factual,0,-0.13907530903816223,,,0.2931663691997528,0.43224167823791504
10,head_entropy,Hallucinations_vs_Factual,18,0.13316810131072998,,,0.9129767417907715,0.7798086404800415
10,head_entropy,Hallucinations_vs_Factual,4,0.12785184383392334,,,0.815828263759613,0.6879764199256897
10,head_entropy,Hallucinations_vs_Factual,24,0.11983445286750793,,,0.4647220969200134,0.3448876440525055
10,head_entropy,Hallucinations_vs_Factual,28,0.100902259349823,,,0.8151347637176514,0.7142325043678284
11,head_entropy,Impossible_vs_Factual,14,-0.2632245421409607,,,0.8695058226585388,1.1327303647994995
11,head_entropy,Impossible_vs_Factual,16,0.2321993112564087,,,1.0907891988754272,0.8585898876190186
11,head_entropy,Impossible_vs_Factual,2,-0.21601974964141846,,,1.15651535987854,1.3725351095199585
11,head_entropy,Impossible_vs_Factual,3,-0.2154843807220459,,,1.3034921884536743,1.5189765691757202
11,head_entropy,Impossible_vs_Factual,15,-0.20083028078079224,,,0.6318123936653137,0.832642674446106
11,head_entropy,Impossible_vs_Factual,20,0.19221678376197815,,,0.660699188709259,0.4684824049472809
11,head_entropy,Impossible_vs_Factual,29,-0.17611372470855713,,,1.12925386428833,1.3053675889968872
11,head_entropy,Impossible_vs_Factual,31,-0.156691312789917,,,1.0233945846557617,1.1800858974456787
11,head_entropy,Impossible_vs_Factual,17,0.1518397331237793,,,1.4350626468658447,1.2832229137420654
11,head_entropy,Impossible_vs_Factual,6,-0.14801660180091858,,,0.47834476828575134,0.6263613700866699
11,head_entropy,Hallucinations_vs_Factual,25,0.38154304027557373,,,1.2703126668930054,0.8887696266174316
11,head_entropy,Hallucinations_vs_Factual,16,0.3550626039505005,,,1.213652491569519,0.8585898876190186
11,head_entropy,Hallucinations_vs_Factual,10,0.24961160123348236,,,0.3902648687362671,0.14065326750278473
11,head_entropy,Hallucinations_vs_Factual,14,-0.21094894409179688,,,0.9217814207077026,1.1327303647994995
11,head_entropy,Hallucinations_vs_Factual,11,0.2047441601753235,,,1.119437575340271,0.9146934151649475
11,head_entropy,Hallucinations_vs_Factual,31,-0.19709163904190063,,,0.9829942584037781,1.1800858974456787
11,head_entropy,Hallucinations_vs_Factual,15,-0.1915263533592224,,,0.6411163210868835,0.832642674446106
11,head_entropy,Hallucinations_vs_Factual,13,0.17653512954711914,,,1.2330899238586426,1.0565547943115234
11,head_entropy,Hallucinations_vs_Factual,2,-0.1671130657196045,,,1.205422043800354,1.3725351095199585
11,head_entropy,Hallucinations_vs_Factual,1,0.16022706031799316,,,1.4381173849105835,1.2778903245925903
12,head_entropy,Impossible_vs_Factual,2,-0.259009450674057,,,0.2938157618045807,0.5528252124786377
12,head_entropy,Impossible_vs_Factual,0,-0.20739340782165527,,,0.6344853043556213,0.8418787121772766
12,head_entropy,Impossible_vs_Factual,30,-0.20647016167640686,,,0.4648378789424896,0.6713080406188965
12,head_entropy,Impossible_vs_Factual,25,0.17565643787384033,,,0.8274160027503967,0.6517595648765564
12,head_entropy,Impossible_vs_Factual,16,-0.1706407070159912,,,1.2838281393051147,1.454468846321106
12,head_entropy,Impossible_vs_Factual,1,0.15210163593292236,,,1.4892891645431519,1.3371875286102295
12,head_entropy,Impossible_vs_Factual,24,-0.14944541454315186,,,0.9629257917404175,1.1123712062835693
12,head_entropy,Impossible_vs_Factual,4,-0.09719538688659668,,,1.5925390720367432,1.6897344589233398
12,head_entropy,Impossible_vs_Factual,18,-0.08590614795684814,,,1.7066563367843628,1.792562484741211
12,head_entropy,Impossible_vs_Factual,29,-0.08506464958190918,,,0.9092721939086914,0.9943368434906006
12,head_entropy,Hallucinations_vs_Factual,1,0.32082462310791016,,,1.6580121517181396,1.3371875286102295
12,head_entropy,Hallucinations_vs_Factual,2,-0.2717200517654419,,,0.2811051607131958,0.5528252124786377
12,head_entropy,Hallucinations_vs_Factual,14,0.2052958905696869,,,0.6066152453422546,0.40131935477256775
12,head_entropy,Hallucinations_vs_Factual,25,0.19832056760787964,,,0.850080132484436,0.6517595648765564
12,head_entropy,Hallucinations_vs_Factual,26,0.18952536582946777,,,0.7836523652076721,0.5941269993782043
12,head_entropy,Hallucinations_vs_Factual,16,-0.16515648365020752,,,1.2893123626708984,1.454468846321106
12,head_entropy,Hallucinations_vs_Factual,8,0.14841461181640625,,,1.4672737121582031,1.3188591003417969
12,head_entropy,Hallucinations_vs_Factual,13,0.1425120234489441,,,0.5372444987297058,0.3947324752807617
12,head_entropy,Hallucinations_vs_Factual,3,0.14242923259735107,,,1.7590937614440918,1.6166645288467407
12,head_entropy,Hallucinations_vs_Factual,15,0.13277631998062134,,,0.5929970145225525,0.46022069454193115
13,head_entropy,Impossible_vs_Factual,14,0.2544792890548706,,,0.7530028223991394,0.4985235333442688
13,head_entropy,Impossible_vs_Factual,6,-0.23612266778945923,,,0.6867443323135376,0.9228670001029968
13,head_entropy,Impossible_vs_Factual,30,0.19926947355270386,,,0.9883047342300415,0.7890352606773376
13,head_entropy,Impossible_vs_Factual,31,-0.17304009199142456,,,0.5491669774055481,0.7222070693969727
13,head_entropy,Impossible_vs_Factual,7,-0.16181612014770508,,,1.2623244524002075,1.4241405725479126
13,head_entropy,Impossible_vs_Factual,18,-0.1576560139656067,,,0.9843788743019104,1.142034888267517
13,head_entropy,Impossible_vs_Factual,0,-0.1541014313697815,,,0.8869727253913879,1.0410741567611694
13,head_entropy,Impossible_vs_Factual,8,0.1255057454109192,,,0.7216191291809082,0.596113383769989
13,head_entropy,Impossible_vs_Factual,21,0.12438458204269409,,,1.0988357067108154,0.9744511246681213
13,head_entropy,Impossible_vs_Factual,23,0.1122366189956665,,,1.1794023513793945,1.067165732383728
13,head_entropy,Hallucinations_vs_Factual,14,0.27107423543930054,,,0.7695977687835693,0.4985235333442688
13,head_entropy,Hallucinations_vs_Factual,3,0.2385467290878296,,,1.487398386001587,1.2488516569137573
13,head_entropy,Hallucinations_vs_Factual,6,-0.23845505714416504,,,0.6844119429588318,0.9228670001029968
13,head_entropy,Hallucinations_vs_Factual,8,0.19067364931106567,,,0.7867870330810547,0.596113383769989
13,head_entropy,Hallucinations_vs_Factual,16,0.18767589330673218,,,1.0666213035583496,0.8789454102516174
13,head_entropy,Hallucinations_vs_Factual,9,0.1865311861038208,,,1.3853905200958252,1.1988593339920044
13,head_entropy,Hallucinations_vs_Factual,25,-0.18136030435562134,,,0.6026571393013,0.7840174436569214
13,head_entropy,Hallucinations_vs_Factual,27,0.1801013946533203,,,1.248703122138977,1.0686017274856567
13,head_entropy,Hallucinations_vs_Factual,7,-0.17587101459503174,,,1.2482695579528809,1.4241405725479126
13,head_entropy,Hallucinations_vs_Factual,17,0.16400378942489624,,,0.9484491348266602,0.7844453454017639
14,head_entropy,Impossible_vs_Factual,23,-0.406144917011261,,,0.9598744511604309,1.366019368171692
14,head_entropy,Impossible_vs_Factual,18,0.3570195436477661,,,1.2264375686645508,0.8694180250167847
14,head_entropy,Impossible_vs_Factual,30,0.31764060258865356,,,1.0342087745666504,0.7165681719779968
14,head_entropy,Impossible_vs_Factual,11,-0.30075395107269287,,,0.999140739440918,1.2998946905136108
14,head_entropy,Impossible_vs_Factual,28,-0.2816425561904907,,,0.6310117244720459,0.9126542806625366
14,head_entropy,Impossible_vs_Factual,19,0.21446168422698975,,,1.2597895860671997,1.04532790184021
14,head_entropy,Impossible_vs_Factual,3,-0.19712519645690918,,,0.937679648399353,1.1348048448562622
14,head_entropy,Impossible_vs_Factual,22,-0.1732696294784546,,,1.155800700187683,1.3290703296661377
14,head_entropy,Impossible_vs_Factual,29,-0.15874987840652466,,,0.6876991987228394,0.846449077129364
14,head_entropy,Impossible_vs_Factual,16,0.14409351348876953,,,1.4644684791564941,1.3203749656677246
14,head_entropy,Hallucinations_vs_Factual,18,0.469433069229126,,,1.3388510942459106,0.8694180250167847
14,head_entropy,Hallucinations_vs_Factual,19,0.398390531539917,,,1.443718433380127,1.04532790184021
14,head_entropy,Hallucinations_vs_Factual,23,-0.35218334197998047,,,1.0138360261917114,1.366019368171692
14,head_entropy,Hallucinations_vs_Factual,30,0.3322463631629944,,,1.0488145351409912,0.7165681719779968
14,head_entropy,Hallucinations_vs_Factual,28,-0.28580373525619507,,,0.6268505454063416,0.9126542806625366
14,head_entropy,Hallucinations_vs_Factual,16,0.28062474727630615,,,1.6009997129440308,1.3203749656677246
14,head_entropy,Hallucinations_vs_Factual,7,0.26483607292175293,,,1.71443772315979,1.449601650238037
14,head_entropy,Hallucinations_vs_Factual,3,-0.24524837732315063,,,0.8895564675331116,1.1348048448562622
14,head_entropy,Hallucinations_vs_Factual,8,0.24450016021728516,,,1.5407501459121704,1.2962499856948853
14,head_entropy,Hallucinations_vs_Factual,22,-0.2346867322921753,,,1.0943835973739624,1.3290703296661377
15,head_entropy,Impossible_vs_Factual,7,-0.2963360548019409,,,1.308343529701233,1.6046795845031738
15,head_entropy,Impossible_vs_Factual,20,0.2681792974472046,,,1.2368746995925903,0.9686954021453857
15,head_entropy,Impossible_vs_Factual,6,-0.2662476897239685,,,0.9813184142112732,1.2475661039352417
15,head_entropy,Impossible_vs_Factual,24,0.2111053466796875,,,1.1164882183074951,0.9053828716278076
15,head_entropy,Impossible_vs_Factual,1,0.20091402530670166,,,1.7176876068115234,1.5167735815048218
15,head_entropy,Impossible_vs_Factual,11,-0.19514945149421692,,,0.37104395031929016,0.5661934018135071
15,head_entropy,Impossible_vs_Factual,23,0.19054675102233887,,,1.4113281965255737,1.2207814455032349
15,head_entropy,Impossible_vs_Factual,29,0.18990033864974976,,,0.713931679725647,0.5240313410758972
15,head_entropy,Impossible_vs_Factual,10,-0.18051952123641968,,,0.594709038734436,0.7752285599708557
15,head_entropy,Impossible_vs_Factual,27,0.16566604375839233,,,1.1650586128234863,0.999392569065094
15,head_entropy,Hallucinations_vs_Factual,0,0.3823673129081726,,,1.0401445627212524,0.6577772498130798
15,head_entropy,Hallucinations_vs_Factual,1,0.34140634536743164,,,1.8581799268722534,1.5167735815048218
15,head_entropy,Hallucinations_vs_Factual,29,0.33418941497802734,,,0.8582207560539246,0.5240313410758972
15,head_entropy,Hallucinations_vs_Factual,2,0.29526734352111816,,,0.8768318891525269,0.5815645456314087
15,head_entropy,Hallucinations_vs_Factual,8,0.28772294521331787,,,1.0004456043243408,0.712722659111023
15,head_entropy,Hallucinations_vs_Factual,20,0.2733203172683716,,,1.2420157194137573,0.9686954021453857
15,head_entropy,Hallucinations_vs_Factual,9,0.26176905632019043,,,1.5013551712036133,1.2395861148834229
15,head_entropy,Hallucinations_vs_Factual,31,0.2546640634536743,,,1.6656014919281006,1.4109374284744263
15,head_entropy,Hallucinations_vs_Factual,27,0.21529525518417358,,,1.2146878242492676,0.999392569065094
15,head_entropy,Hallucinations_vs_Factual,23,0.2006244659423828,,,1.4214059114456177,1.2207814455032349
16,head_entropy,Impossible_vs_Factual,17,0.24489986896514893,,,1.3455153703689575,1.1006155014038086
16,head_entropy,Impossible_vs_Factual,28,0.2199845314025879,,,1.64076566696167,1.420781135559082
16,head_entropy,Impossible_vs_Factual,23,0.20271092653274536,,,0.6574903130531311,0.45477938652038574
16,head_entropy,Impossible_vs_Factual,19,0.19542574882507324,,,1.436155915260315,1.2407301664352417
16,head_entropy,Impossible_vs_Factual,5,0.18745684623718262,,,1.44140625,1.2539494037628174
16,head_entropy,Impossible_vs_Factual,9,0.1702110767364502,,,1.4197889566421509,1.2495778799057007
16,head_entropy,Impossible_vs_Factual,11,-0.16307079792022705,,,0.9261660575866699,1.089236855506897
16,head_entropy,Impossible_vs_Factual,0,0.14448833465576172,,,1.1845388412475586,1.0400505065917969
16,head_entropy,Impossible_vs_Factual,30,0.14108586311340332,,,1.4889686107635498,1.3478827476501465
16,head_entropy,Impossible_vs_Factual,31,0.13330841064453125,,,1.228156328201294,1.0948479175567627
16,head_entropy,Hallucinations_vs_Factual,9,0.4217503070831299,,,1.6713281869888306,1.2495778799057007
16,head_entropy,Hallucinations_vs_Factual,28,0.35416412353515625,,,1.7749452590942383,1.420781135559082
16,head_entropy,Hallucinations_vs_Factual,19,0.3325899839401245,,,1.5733201503753662,1.2407301664352417
16,head_entropy,Hallucinations_vs_Factual,11,-0.31090378761291504,,,0.7783330678939819,1.089236855506897
16,head_entropy,Hallucinations_vs_Factual,17,0.28455448150634766,,,1.3851699829101562,1.1006155014038086
16,head_entropy,Hallucinations_vs_Factual,30,0.2697502374649048,,,1.6176329851150513,1.3478827476501465
16,head_entropy,Hallucinations_vs_Factual,5,0.26852715015411377,,,1.5224765539169312,1.2539494037628174
16,head_entropy,Hallucinations_vs_Factual,23,0.266756534576416,,,0.7215359210968018,0.45477938652038574
16,head_entropy,Hallucinations_vs_Factual,18,0.221335768699646,,,1.742655873298645,1.521320104598999
16,head_entropy,Hallucinations_vs_Factual,20,0.21649999916553497,,,0.40307125449180603,0.18657125532627106
17,head_entropy,Impossible_vs_Factual,23,0.4392845630645752,,,1.0732847452163696,0.6340001821517944
17,head_entropy,Impossible_vs_Factual,22,0.2866150736808777,,,0.8388769030570984,0.5522618293762207
17,head_entropy,Impossible_vs_Factual,21,0.26303011178970337,,,1.1859050989151,0.9228749871253967
17,head_entropy,Impossible_vs_Factual,14,0.23153507709503174,,,1.4775077104568481,1.2459726333618164
17,head_entropy,Impossible_vs_Factual,28,0.20407724380493164,,,1.1231212615966797,0.919044017791748
17,head_entropy,Impossible_vs_Factual,30,0.19885581731796265,,,1.1020938158035278,0.9032379984855652
17,head_entropy,Impossible_vs_Factual,9,0.18760159611701965,,,0.567507803440094,0.37990620732307434
17,head_entropy,Impossible_vs_Factual,1,0.1839039921760559,,,0.9517576098442078,0.7678536176681519
17,head_entropy,Impossible_vs_Factual,15,0.17817163467407227,,,1.7727265357971191,1.5945549011230469
17,head_entropy,Impossible_vs_Factual,2,0.17495906352996826,,,1.0789687633514404,0.9040096998214722
17,head_entropy,Hallucinations_vs_Factual,22,0.490878701210022,,,1.0431405305862427,0.5522618293762207
17,head_entropy,Hallucinations_vs_Factual,1,0.4441499710083008,,,1.2120035886764526,0.7678536176681519
17,head_entropy,Hallucinations_vs_Factual,23,0.42322468757629395,,,1.0572248697280884,0.6340001821517944
17,head_entropy,Hallucinations_vs_Factual,2,0.3800489902496338,,,1.284058690071106,0.9040096998214722
17,head_entropy,Hallucinations_vs_Factual,21,0.368386447429657,,,1.2912614345550537,0.9228749871253967
17,head_entropy,Hallucinations_vs_Factual,14,0.3036597967147827,,,1.5496324300765991,1.2459726333618164
17,head_entropy,Hallucinations_vs_Factual,26,0.2884254455566406,,,1.7310270071029663,1.4426015615463257
17,head_entropy,Hallucinations_vs_Factual,4,0.2666761875152588,,,1.9557931423187256,1.6891169548034668
17,head_entropy,Hallucinations_vs_Factual,24,0.2634294033050537,,,1.8651090860366821,1.6016796827316284
17,head_entropy,Hallucinations_vs_Factual,17,0.2459883689880371,,,1.966906189918518,1.720917820930481
18,head_entropy,Impossible_vs_Factual,12,0.3118091821670532,,,1.351976752281189,1.0401675701141357
18,head_entropy,Impossible_vs_Factual,13,0.2850315570831299,,,1.1773751974105835,0.8923436403274536
18,head_entropy,Impossible_vs_Factual,30,0.19635939598083496,,,1.7212811708450317,1.5249217748641968
18,head_entropy,Impossible_vs_Factual,8,0.19207799434661865,,,1.2515350580215454,1.0594570636749268
18,head_entropy,Impossible_vs_Factual,10,0.18688827753067017,,,1.1689411401748657,0.9820528626441956
18,head_entropy,Impossible_vs_Factual,14,0.17889022827148438,,,1.6157654523849487,1.4368752241134644
18,head_entropy,Impossible_vs_Factual,22,0.14749222993850708,,,1.074882984161377,0.9273907542228699
18,head_entropy,Impossible_vs_Factual,21,-0.13236725330352783,,,1.2614258527755737,1.3937931060791016
18,head_entropy,Impossible_vs_Factual,15,0.12763333320617676,,,1.692000389099121,1.5643670558929443
18,head_entropy,Impossible_vs_Factual,5,0.1188046932220459,,,1.129517674446106,1.01071298122406
18,head_entropy,Hallucinations_vs_Factual,13,0.5717657804489136,,,1.4641094207763672,0.8923436403274536
18,head_entropy,Hallucinations_vs_Factual,12,0.49506688117980957,,,1.5352344512939453,1.0401675701141357
18,head_entropy,Hallucinations_vs_Factual,14,0.43067145347595215,,,1.8675466775894165,1.4368752241134644
18,head_entropy,Hallucinations_vs_Factual,22,0.39536339044570923,,,1.322754144668579,0.9273907542228699
18,head_entropy,Hallucinations_vs_Factual,15,0.2720475196838379,,,1.8364145755767822,1.5643670558929443
18,head_entropy,Hallucinations_vs_Factual,11,0.2206096053123474,,,0.9229122996330261,0.7023026943206787
18,head_entropy,Hallucinations_vs_Factual,10,0.21392768621444702,,,1.1959805488586426,0.9820528626441956
18,head_entropy,Hallucinations_vs_Factual,8,0.20067954063415527,,,1.260136604309082,1.0594570636749268
18,head_entropy,Hallucinations_vs_Factual,21,0.19134759902954102,,,1.5851407051086426,1.3937931060791016
18,head_entropy,Hallucinations_vs_Factual,30,0.19032442569732666,,,1.7152462005615234,1.5249217748641968
19,head_entropy,Impossible_vs_Factual,31,-0.31364649534225464,,,0.9488105177879333,1.262457013130188
19,head_entropy,Impossible_vs_Factual,7,-0.18403124809265137,,,1.3575077056884766,1.541538953781128
19,head_entropy,Impossible_vs_Factual,0,0.1813749074935913,,,1.2706326246261597,1.0892577171325684
19,head_entropy,Impossible_vs_Factual,19,-0.1726093292236328,,,1.200734257698059,1.373343586921692
19,head_entropy,Impossible_vs_Factual,13,0.16065657138824463,,,1.5536487102508545,1.3929921388626099
19,head_entropy,Impossible_vs_Factual,21,0.15736687183380127,,,1.689695119857788,1.5323282480239868
19,head_entropy,Impossible_vs_Factual,16,-0.152479887008667,,,1.3760432004928589,1.5285230875015259
19,head_entropy,Impossible_vs_Factual,4,-0.13771086931228638,,,0.8954920172691345,1.033202886581421
19,head_entropy,Impossible_vs_Factual,20,-0.12019282579421997,,,0.7273715138435364,0.8475643396377563
19,head_entropy,Impossible_vs_Factual,23,0.11900019645690918,,,1.8047032356262207,1.6857030391693115
19,head_entropy,Hallucinations_vs_Factual,21,0.34369516372680664,,,1.8760234117507935,1.5323282480239868
19,head_entropy,Hallucinations_vs_Factual,23,0.2606250047683716,,,1.946328043937683,1.6857030391693115
19,head_entropy,Hallucinations_vs_Factual,31,-0.2319265604019165,,,1.0305304527282715,1.262457013130188
19,head_entropy,Hallucinations_vs_Factual,13,0.21551573276519775,,,1.6085078716278076,1.3929921388626099
19,head_entropy,Hallucinations_vs_Factual,0,0.20135164260864258,,,1.290609359741211,1.0892577171325684
19,head_entropy,Hallucinations_vs_Factual,25,0.17100763320922852,,,1.1085426807403564,0.9375350475311279
19,head_entropy,Hallucinations_vs_Factual,8,0.12896883487701416,,,1.4864217042922974,1.3574528694152832
19,head_entropy,Hallucinations_vs_Factual,12,0.12092959880828857,,,1.3620545864105225,1.2411249876022339
19,head_entropy,Hallucinations_vs_Factual,18,0.11435103416442871,,,1.4492027759552002,1.3348517417907715
19,head_entropy,Hallucinations_vs_Factual,17,0.11102944612503052,,,0.8177949786186218,0.7067655324935913
20,head_entropy,Impossible_vs_Factual,1,0.31883788108825684,,,1.3813514709472656,1.0625135898590088
20,head_entropy,Impossible_vs_Factual,12,-0.23916220664978027,,,1.0461852550506592,1.2853474617004395
20,head_entropy,Impossible_vs_Factual,16,-0.17426586151123047,,,1.6803747415542603,1.8546406030654907
20,head_entropy,Impossible_vs_Factual,15,0.17305660247802734,,,1.3364628553390503,1.163406252861023
20,head_entropy,Impossible_vs_Factual,10,0.17300158739089966,,,1.122208595275879,0.9492070078849792
20,head_entropy,Impossible_vs_Factual,8,0.16960179805755615,,,1.5414142608642578,1.3718124628067017
20,head_entropy,Impossible_vs_Factual,14,-0.16920500993728638,,,0.7972617149353027,0.9664667248725891
20,head_entropy,Impossible_vs_Factual,17,-0.16385531425476074,,,1.4145196676254272,1.578374981880188
20,head_entropy,Impossible_vs_Factual,11,0.16087913513183594,,,1.0534181594848633,0.8925390243530273
20,head_entropy,Impossible_vs_Factual,2,0.1340240240097046,,,1.5332818031311035,1.399257779121399
20,head_entropy,Hallucinations_vs_Factual,5,0.29035937786102295,,,1.639922022819519,1.349562644958496
20,head_entropy,Hallucinations_vs_Factual,15,0.2788125276565552,,,1.4422187805175781,1.163406252861023
20,head_entropy,Hallucinations_vs_Factual,18,0.24885094165802002,,,1.9112496376037598,1.6623986959457397
20,head_entropy,Hallucinations_vs_Factual,10,0.22769898176193237,,,1.1769059896469116,0.9492070078849792
20,head_entropy,Hallucinations_vs_Factual,13,0.22755146026611328,,,1.4999927282333374,1.2724412679672241
20,head_entropy,Hallucinations_vs_Factual,11,0.20974600315093994,,,1.1022850275039673,0.8925390243530273
20,head_entropy,Hallucinations_vs_Factual,8,0.20700383186340332,,,1.578816294670105,1.3718124628067017
20,head_entropy,Hallucinations_vs_Factual,2,0.19752395153045654,,,1.5967817306518555,1.399257779121399
20,head_entropy,Hallucinations_vs_Factual,1,0.19750940799713135,,,1.2600229978561401,1.0625135898590088
20,head_entropy,Hallucinations_vs_Factual,29,0.17966389656066895,,,1.5725387334823608,1.392874836921692
21,head_entropy,Impossible_vs_Factual,19,-0.20688652992248535,,,1.3544962406158447,1.56138277053833
21,head_entropy,Impossible_vs_Factual,21,0.18954473733901978,,,0.7338104844093323,0.5442657470703125
21,head_entropy,Impossible_vs_Factual,1,-0.18832552433013916,,,0.6423748135566711,0.8307003378868103
21,head_entropy,Impossible_vs_Factual,12,0.17196083068847656,,,1.431335687637329,1.2593748569488525
21,head_entropy,Impossible_vs_Factual,31,-0.16214478015899658,,,1.0286518335342407,1.1907966136932373
21,head_entropy,Impossible_vs_Factual,29,0.160308837890625,,,1.0620391368865967,0.9017302989959717
21,head_entropy,Impossible_vs_Factual,9,-0.1549142599105835,,,1.5474917888641357,1.7024060487747192
21,head_entropy,Impossible_vs_Factual,22,0.1524825096130371,,,1.050693392753601,0.898210883140564
21,head_entropy,Impossible_vs_Factual,6,0.15136730670928955,,,1.1700074672698975,1.018640160560608
21,head_entropy,Impossible_vs_Factual,16,0.13808578252792358,,,1.0931755304336548,0.9550897479057312
21,head_entropy,Hallucinations_vs_Factual,3,-0.25682610273361206,,,0.8797089457511902,1.1365350484848022
21,head_entropy,Hallucinations_vs_Factual,1,-0.2508673667907715,,,0.5798329710960388,0.8307003378868103
21,head_entropy,Hallucinations_vs_Factual,11,0.234960675239563,,,1.2694023847579956,1.0344417095184326
21,head_entropy,Hallucinations_vs_Factual,22,0.22516798973083496,,,1.123378872871399,0.898210883140564
21,head_entropy,Hallucinations_vs_Factual,25,0.22304725646972656,,,1.8692656755447388,1.6462184190750122
21,head_entropy,Hallucinations_vs_Factual,27,0.2229018211364746,,,1.6163160800933838,1.3934142589569092
21,head_entropy,Hallucinations_vs_Factual,10,0.2126368284225464,,,1.5445780754089355,1.3319412469863892
21,head_entropy,Hallucinations_vs_Factual,16,0.21063309907913208,,,1.1657228469848633,0.9550897479057312
21,head_entropy,Hallucinations_vs_Factual,21,0.18700575828552246,,,0.731271505355835,0.5442657470703125
21,head_entropy,Hallucinations_vs_Factual,26,0.1634765863418579,,,1.8411953449249268,1.6777187585830688
22,head_entropy,Impossible_vs_Factual,7,-0.35496509075164795,,,1.3931834697723389,1.7481485605239868
22,head_entropy,Impossible_vs_Factual,1,-0.2566492557525635,,,1.1052573919296265,1.36190664768219
22,head_entropy,Impossible_vs_Factual,5,0.2549102306365967,,,1.499988317489624,1.2450780868530273
22,head_entropy,Impossible_vs_Factual,4,-0.24216055870056152,,,1.2063709497451782,1.4485315084457397
22,head_entropy,Impossible_vs_Factual,10,-0.22707831859588623,,,1.0698204040527344,1.2968987226486206
22,head_entropy,Impossible_vs_Factual,24,0.2241518497467041,,,1.2890161275863647,1.0648642778396606
22,head_entropy,Impossible_vs_Factual,28,0.2104472517967224,,,1.0388827323913574,0.828435480594635
22,head_entropy,Impossible_vs_Factual,31,0.19079303741455078,,,0.9655038118362427,0.7747107744216919
22,head_entropy,Impossible_vs_Factual,0,-0.18616044521331787,,,1.3465230464935303,1.5326834917068481
22,head_entropy,Impossible_vs_Factual,29,0.18055075407028198,,,0.8462422490119934,0.6656914949417114
22,head_entropy,Hallucinations_vs_Factual,5,0.36283981800079346,,,1.6079179048538208,1.2450780868530273
22,head_entropy,Hallucinations_vs_Factual,2,0.2848435640335083,,,1.5949686765670776,1.3101251125335693
22,head_entropy,Hallucinations_vs_Factual,8,0.28471827507019043,,,1.8289607763290405,1.54424250125885
22,head_entropy,Hallucinations_vs_Factual,15,0.2750786542892456,,,1.5582659244537354,1.2831872701644897
22,head_entropy,Hallucinations_vs_Factual,3,0.2521677017211914,,,1.427441120147705,1.1752734184265137
22,head_entropy,Hallucinations_vs_Factual,31,0.24315643310546875,,,1.0178672075271606,0.7747107744216919
22,head_entropy,Hallucinations_vs_Factual,6,0.2191251516342163,,,1.99539053440094,1.7762653827667236
22,head_entropy,Hallucinations_vs_Factual,1,-0.2131795883178711,,,1.1487270593643188,1.36190664768219
22,head_entropy,Hallucinations_vs_Factual,30,0.20684951543807983,,,0.981720507144928,0.7748709917068481
22,head_entropy,Hallucinations_vs_Factual,16,0.20165669918060303,,,2.054203510284424,1.8525468111038208
23,head_entropy,Impossible_vs_Factual,12,-0.38927745819091797,,,1.037804365158081,1.427081823348999
23,head_entropy,Impossible_vs_Factual,2,-0.3586563467979431,,,0.9324668049812317,1.2911231517791748
23,head_entropy,Impossible_vs_Factual,15,-0.34761083126068115,,,1.0034013986587524,1.3510122299194336
23,head_entropy,Impossible_vs_Factual,21,-0.341843843460083,,,0.9561954736709595,1.2980393171310425
23,head_entropy,Impossible_vs_Factual,26,-0.29916441440582275,,,1.2923084497451782,1.591472864151001
23,head_entropy,Impossible_vs_Factual,17,-0.22693198919296265,,,0.5439712405204773,0.7709032297134399
23,head_entropy,Impossible_vs_Factual,3,-0.20197618007659912,,,1.0971448421478271,1.2991210222244263
23,head_entropy,Impossible_vs_Factual,27,0.20189422369003296,,,1.0249724388122559,0.8230782151222229
23,head_entropy,Impossible_vs_Factual,30,-0.1690276861190796,,,1.4340858459472656,1.6031135320663452
23,head_entropy,Impossible_vs_Factual,0,-0.1686873435974121,,,1.1557303667068481,1.3244177103042603
23,head_entropy,Hallucinations_vs_Factual,2,-0.351535439491272,,,0.9395877122879028,1.2911231517791748
23,head_entropy,Hallucinations_vs_Factual,15,-0.3399937152862549,,,1.0110185146331787,1.3510122299194336
23,head_entropy,Hallucinations_vs_Factual,27,0.3201987147331238,,,1.1432769298553467,0.8230782151222229
23,head_entropy,Hallucinations_vs_Factual,10,0.31296706199645996,,,1.5848007202148438,1.2718336582183838
23,head_entropy,Hallucinations_vs_Factual,22,-0.27659374475479126,,,0.9875625967979431,1.2641563415527344
23,head_entropy,Hallucinations_vs_Factual,21,-0.22639334201812744,,,1.071645975112915,1.2980393171310425
23,head_entropy,Hallucinations_vs_Factual,8,0.21345317363739014,,,1.2354844808578491,1.022031307220459
23,head_entropy,Hallucinations_vs_Factual,17,-0.21213626861572266,,,0.5587669610977173,0.7709032297134399
23,head_entropy,Hallucinations_vs_Factual,3,-0.20847082138061523,,,1.090650200843811,1.2991210222244263
23,head_entropy,Hallucinations_vs_Factual,9,0.18115675449371338,,,2.0455472469329834,1.86439049243927
24,head_entropy,Impossible_vs_Factual,29,0.31801849603652954,,,0.7309765219688416,0.412958025932312
24,head_entropy,Impossible_vs_Factual,10,-0.295956015586853,,,0.9227724075317383,1.2187284231185913
24,head_entropy,Impossible_vs_Factual,13,-0.29227960109710693,,,1.0524567365646362,1.3447363376617432
24,head_entropy,Impossible_vs_Factual,5,-0.24840480089187622,,,0.6848310232162476,0.9332358241081238
24,head_entropy,Impossible_vs_Factual,17,-0.22629457712173462,,,0.6640576720237732,0.8903522491455078
24,head_entropy,Impossible_vs_Factual,6,-0.21938800811767578,,,0.33825284242630005,0.5576408505439758
24,head_entropy,Impossible_vs_Factual,7,-0.21885144710540771,,,0.6093868613243103,0.828238308429718
24,head_entropy,Impossible_vs_Factual,19,-0.21088933944702148,,,0.5302651524543762,0.7411544919013977
24,head_entropy,Impossible_vs_Factual,0,-0.19497716426849365,,,1.2469332218170166,1.4419103860855103
24,head_entropy,Impossible_vs_Factual,20,-0.1821652203798294,,,0.12539078295230865,0.30755600333213806
24,head_entropy,Hallucinations_vs_Factual,5,-0.32538437843322754,,,0.6078514456748962,0.9332358241081238
24,head_entropy,Hallucinations_vs_Factual,0,-0.30708205699920654,,,1.1348283290863037,1.4419103860855103
24,head_entropy,Hallucinations_vs_Factual,10,-0.2792450785636902,,,0.9394833445549011,1.2187284231185913
24,head_entropy,Hallucinations_vs_Factual,6,-0.2104913890361786,,,0.34714946150779724,0.5576408505439758
24,head_entropy,Hallucinations_vs_Factual,17,-0.20231229066848755,,,0.6880399584770203,0.8903522491455078
24,head_entropy,Hallucinations_vs_Factual,26,0.18831074237823486,,,1.3940041065216064,1.2056933641433716
24,head_entropy,Hallucinations_vs_Factual,13,-0.16898417472839355,,,1.1757521629333496,1.3447363376617432
24,head_entropy,Hallucinations_vs_Factual,27,-0.16086721420288086,,,1.33371102809906,1.494578242301941
24,head_entropy,Hallucinations_vs_Factual,7,-0.14490872621536255,,,0.6833295822143555,0.828238308429718
24,head_entropy,Hallucinations_vs_Factual,29,0.14320963621139526,,,0.5561676621437073,0.412958025932312
25,head_entropy,Impossible_vs_Factual,13,-0.30991992354393005,,,0.48451468348503113,0.7944346070289612
25,head_entropy,Impossible_vs_Factual,5,-0.3056088089942932,,,0.549060046672821,0.8546688556671143
25,head_entropy,Impossible_vs_Factual,16,-0.261308491230011,,,0.46954500675201416,0.7308534979820251
25,head_entropy,Impossible_vs_Factual,6,-0.25850075483322144,,,0.6484619975090027,0.9069627523422241
25,head_entropy,Impossible_vs_Factual,12,-0.2484869360923767,,,0.567172110080719,0.8156590461730957
25,head_entropy,Impossible_vs_Factual,8,0.1643686294555664,,,1.0276285409927368,0.8632599115371704
25,head_entropy,Impossible_vs_Factual,2,0.14769408106803894,,,0.48410671949386597,0.336412638425827
25,head_entropy,Impossible_vs_Factual,26,-0.1424328088760376,,,0.5531482696533203,0.6955810785293579
25,head_entropy,Impossible_vs_Factual,23,-0.1381615400314331,,,0.6358276009559631,0.7739891409873962
25,head_entropy,Impossible_vs_Factual,22,-0.1372690200805664,,,0.6343168020248413,0.7715858221054077
25,head_entropy,Hallucinations_vs_Factual,5,-0.3197792172431946,,,0.5348896384239197,0.8546688556671143
25,head_entropy,Hallucinations_vs_Factual,13,-0.2693992853164673,,,0.5250353217124939,0.7944346070289612
25,head_entropy,Hallucinations_vs_Factual,12,-0.24061179161071777,,,0.5750472545623779,0.8156590461730957
25,head_entropy,Hallucinations_vs_Factual,26,-0.23857322335243225,,,0.45700785517692566,0.6955810785293579
25,head_entropy,Hallucinations_vs_Factual,16,-0.20311051607131958,,,0.5277429819107056,0.7308534979820251
25,head_entropy,Hallucinations_vs_Factual,2,0.15726801753044128,,,0.4936806559562683,0.336412638425827
25,head_entropy,Hallucinations_vs_Factual,30,0.13909006118774414,,,1.473480224609375,1.3343901634216309
25,head_entropy,Hallucinations_vs_Factual,15,-0.1354273557662964,,,1.2012052536010742,1.3366326093673706
25,head_entropy,Hallucinations_vs_Factual,1,0.12799400091171265,,,0.7773886322975159,0.6493946313858032
25,head_entropy,Hallucinations_vs_Factual,22,-0.1234285831451416,,,0.6481572389602661,0.7715858221054077
26,head_entropy,Impossible_vs_Factual,17,-0.41887110471725464,,,0.800685465335846,1.2195565700531006
26,head_entropy,Impossible_vs_Factual,20,-0.3111695647239685,,,0.45340341329574585,0.7645729780197144
26,head_entropy,Impossible_vs_Factual,3,-0.3060641288757324,,,0.7933770418167114,1.0994411706924438
26,head_entropy,Impossible_vs_Factual,4,0.21192193031311035,,,1.0278818607330322,0.8159599304199219
26,head_entropy,Impossible_vs_Factual,22,-0.20873573422431946,,,0.33967146277427673,0.5484071969985962
26,head_entropy,Impossible_vs_Factual,27,-0.2059779167175293,,,0.6395723223686218,0.8455502390861511
26,head_entropy,Impossible_vs_Factual,12,-0.1836717128753662,,,0.7899842858314514,0.9736559987068176
26,head_entropy,Impossible_vs_Factual,21,-0.17450693249702454,,,0.3596610128879547,0.5341679453849792
26,head_entropy,Impossible_vs_Factual,6,-0.15968438982963562,,,0.4272255599498749,0.5869099497795105
26,head_entropy,Impossible_vs_Factual,8,-0.15107041597366333,,,0.28140997886657715,0.4324803948402405
26,head_entropy,Hallucinations_vs_Factual,17,-0.2723162770271301,,,0.9472402930259705,1.2195565700531006
26,head_entropy,Hallucinations_vs_Factual,3,-0.22636204957962036,,,0.8730791211128235,1.0994411706924438
26,head_entropy,Hallucinations_vs_Factual,20,-0.17816001176834106,,,0.5864129662513733,0.7645729780197144
26,head_entropy,Hallucinations_vs_Factual,22,-0.17461636662483215,,,0.37379083037376404,0.5484071969985962
26,head_entropy,Hallucinations_vs_Factual,8,-0.12887179851531982,,,0.30360859632492065,0.4324803948402405
26,head_entropy,Hallucinations_vs_Factual,6,-0.1272571086883545,,,0.459652841091156,0.5869099497795105
26,head_entropy,Hallucinations_vs_Factual,29,-0.12515544891357422,,,0.6430546045303345,0.7682100534439087
26,head_entropy,Hallucinations_vs_Factual,28,-0.12141919136047363,,,0.36274561285972595,0.4841648042201996
26,head_entropy,Hallucinations_vs_Factual,27,-0.11755567789077759,,,0.7279945611953735,0.8455502390861511
26,head_entropy,Hallucinations_vs_Factual,26,0.10839873552322388,,,0.7640548348426819,0.655656099319458
27,head_entropy,Impossible_vs_Factual,12,-0.2628024220466614,,,0.8063223958015442,1.0691248178482056
27,head_entropy,Impossible_vs_Factual,31,0.22054064273834229,,,0.7665247917175293,0.545984148979187
27,head_entropy,Impossible_vs_Factual,24,0.20837795734405518,,,0.6179209351539612,0.409542977809906
27,head_entropy,Impossible_vs_Factual,13,0.20673823356628418,,,0.8522616624832153,0.6455234289169312
27,head_entropy,Impossible_vs_Factual,9,0.18905937671661377,,,0.7505388855934143,0.5614795088768005
27,head_entropy,Impossible_vs_Factual,20,0.18298566341400146,,,0.6234950423240662,0.4405093789100647
27,head_entropy,Impossible_vs_Factual,0,0.17836135625839233,,,0.6904571056365967,0.5120957493782043
27,head_entropy,Impossible_vs_Factual,3,0.17790037393569946,,,0.7320401072502136,0.5541397333145142
27,head_entropy,Impossible_vs_Factual,7,-0.17043536901474,,,0.8372949957847595,1.0077303647994995
27,head_entropy,Impossible_vs_Factual,14,-0.15071243047714233,,,0.9171869158744812,1.0678993463516235
27,head_entropy,Hallucinations_vs_Factual,12,-0.24154287576675415,,,0.8275819420814514,1.0691248178482056
27,head_entropy,Hallucinations_vs_Factual,3,0.21811401844024658,,,0.7722537517547607,0.5541397333145142
27,head_entropy,Hallucinations_vs_Factual,24,0.20222842693328857,,,0.6117714047431946,0.409542977809906
27,head_entropy,Hallucinations_vs_Factual,0,0.19871282577514648,,,0.7108085751533508,0.5120957493782043
27,head_entropy,Hallucinations_vs_Factual,14,-0.19718658924102783,,,0.8707127571105957,1.0678993463516235
27,head_entropy,Hallucinations_vs_Factual,16,0.18827342987060547,,,1.4332579374313354,1.24498450756073
27,head_entropy,Hallucinations_vs_Factual,7,-0.17978203296661377,,,0.8279483318328857,1.0077303647994995
27,head_entropy,Hallucinations_vs_Factual,25,0.1382201611995697,,,0.42036667466163635,0.28214651346206665
27,head_entropy,Hallucinations_vs_Factual,17,0.1369960904121399,,,0.8514823317527771,0.7144862413406372
27,head_entropy,Hallucinations_vs_Factual,10,-0.1298416554927826,,,0.4983789026737213,0.6282205581665039
28,head_entropy,Impossible_vs_Factual,6,-0.3642691373825073,,,0.8161352872848511,1.1804044246673584
28,head_entropy,Impossible_vs_Factual,4,-0.3157879114151001,,,0.5899658799171448,0.9057537913322449
28,head_entropy,Impossible_vs_Factual,12,0.2850191593170166,,,0.7690718770027161,0.48405271768569946
28,head_entropy,Impossible_vs_Factual,1,-0.2699589133262634,,,0.768079936504364,1.0380388498306274
28,head_entropy,Impossible_vs_Factual,22,-0.24317574501037598,,,1.1611052751541138,1.4042810201644897
28,head_entropy,Impossible_vs_Factual,30,-0.20468807220458984,,,0.3340315818786621,0.538719654083252
28,head_entropy,Impossible_vs_Factual,8,0.19376122951507568,,,1.0873452425003052,0.8935840129852295
28,head_entropy,Impossible_vs_Factual,17,-0.1851993203163147,,,0.8070136904716492,0.9922130107879639
28,head_entropy,Impossible_vs_Factual,3,0.16703522205352783,,,1.3163166046142578,1.14928138256073
28,head_entropy,Impossible_vs_Factual,29,-0.16026736795902252,,,0.20326586067676544,0.36353322863578796
28,head_entropy,Hallucinations_vs_Factual,3,0.3384491205215454,,,1.4877305030822754,1.14928138256073
28,head_entropy,Hallucinations_vs_Factual,6,-0.3067989945411682,,,0.8736054301261902,1.1804044246673584
28,head_entropy,Hallucinations_vs_Factual,12,0.2775380611419678,,,0.7615907788276672,0.48405271768569946
28,head_entropy,Hallucinations_vs_Factual,1,-0.2169296145439148,,,0.8211092352867126,1.0380388498306274
28,head_entropy,Hallucinations_vs_Factual,30,-0.21586331725120544,,,0.3228563368320465,0.538719654083252
28,head_entropy,Hallucinations_vs_Factual,4,-0.2020443081855774,,,0.7037094831466675,0.9057537913322449
28,head_entropy,Hallucinations_vs_Factual,21,0.19755470752716064,,,2.0450000762939453,1.8474453687667847
28,head_entropy,Hallucinations_vs_Factual,18,0.17229336500167847,,,1.0505568981170654,0.878263533115387
28,head_entropy,Hallucinations_vs_Factual,22,-0.14451169967651367,,,1.259769320487976,1.4042810201644897
28,head_entropy,Hallucinations_vs_Factual,23,0.1398829221725464,,,1.4842110872268677,1.3443281650543213
29,head_entropy,Impossible_vs_Factual,26,0.2360137701034546,,,0.8587579131126404,0.6227441430091858
29,head_entropy,Impossible_vs_Factual,24,-0.22387799620628357,,,0.4692244827747345,0.6931024789810181
29,head_entropy,Impossible_vs_Factual,11,0.20218968391418457,,,1.2829455137252808,1.0807558298110962
29,head_entropy,Impossible_vs_Factual,8,-0.18849807977676392,,,0.41001462936401367,0.5985127091407776
29,head_entropy,Impossible_vs_Factual,25,0.1834610402584076,,,0.6686431169509888,0.4851820766925812
29,head_entropy,Impossible_vs_Factual,0,0.17181184887886047,,,0.583522379398346,0.4117105305194855
29,head_entropy,Impossible_vs_Factual,2,0.1672484278678894,,,0.6658163666725159,0.49856793880462646
29,head_entropy,Impossible_vs_Factual,13,0.15862417221069336,,,0.7082235813140869,0.5495994091033936
29,head_entropy,Impossible_vs_Factual,17,0.15221166610717773,,,1.020193099975586,0.8679814338684082
29,head_entropy,Impossible_vs_Factual,18,0.15119534730911255,,,1.039465069770813,0.8882697224617004
29,head_entropy,Hallucinations_vs_Factual,5,0.26622241735458374,,,1.240746021270752,0.9745236039161682
29,head_entropy,Hallucinations_vs_Factual,6,0.2655782699584961,,,1.5812150239944458,1.3156367540359497
29,head_entropy,Hallucinations_vs_Factual,0,0.2318982183933258,,,0.6436087489128113,0.4117105305194855
29,head_entropy,Hallucinations_vs_Factual,13,0.22131258249282837,,,0.7709119915962219,0.5495994091033936
29,head_entropy,Hallucinations_vs_Factual,2,0.2148948311805725,,,0.713462769985199,0.49856793880462646
29,head_entropy,Hallucinations_vs_Factual,11,0.19848453998565674,,,1.279240369796753,1.0807558298110962
29,head_entropy,Hallucinations_vs_Factual,7,0.19511902332305908,,,0.9369726181030273,0.7418535947799683
29,head_entropy,Hallucinations_vs_Factual,8,-0.12998822331428528,,,0.4685244858264923,0.5985127091407776
29,head_entropy,Hallucinations_vs_Factual,19,0.1266692876815796,,,0.824097216129303,0.6974279284477234
29,head_entropy,Hallucinations_vs_Factual,17,0.12619835138320923,,,0.9941797852516174,0.8679814338684082
30,head_entropy,Impossible_vs_Factual,0,0.24715441465377808,,,1.1268242597579956,0.8796698451042175
30,head_entropy,Impossible_vs_Factual,17,0.23240232467651367,,,1.2500214576721191,1.0176191329956055
30,head_entropy,Impossible_vs_Factual,16,0.2016153633594513,,,0.4583355188369751,0.2567201554775238
30,head_entropy,Impossible_vs_Factual,5,-0.1833469271659851,,,0.6318632364273071,0.8152101635932922
30,head_entropy,Impossible_vs_Factual,11,0.1657315492630005,,,0.6775254607200623,0.5117939114570618
30,head_entropy,Impossible_vs_Factual,4,-0.15581783652305603,,,0.36313530802726746,0.5189531445503235
30,head_entropy,Impossible_vs_Factual,9,0.15203595161437988,,,0.6329402923583984,0.48090434074401855
30,head_entropy,Impossible_vs_Factual,21,0.13299834728240967,,,0.9027775526046753,0.7697792053222656
30,head_entropy,Impossible_vs_Factual,30,-0.1066751480102539,,,0.1665154993534088,0.2731906473636627
30,head_entropy,Impossible_vs_Factual,26,-0.10345160961151123,,,0.42878085374832153,0.5322324633598328
30,head_entropy,Hallucinations_vs_Factual,7,-0.2101360559463501,,,0.7802271246910095,0.9903631806373596
30,head_entropy,Hallucinations_vs_Factual,5,-0.17163991928100586,,,0.6435702443122864,0.8152101635932922
30,head_entropy,Hallucinations_vs_Factual,11,0.1527550220489502,,,0.664548933506012,0.5117939114570618
30,head_entropy,Hallucinations_vs_Factual,4,-0.14576849341392517,,,0.3731846511363983,0.5189531445503235
30,head_entropy,Hallucinations_vs_Factual,23,-0.14182817935943604,,,0.5266836285591125,0.6685118079185486
30,head_entropy,Hallucinations_vs_Factual,20,-0.1387777328491211,,,0.5100939273834229,0.648871660232544
30,head_entropy,Hallucinations_vs_Factual,6,0.1289880871772766,,,1.104886531829834,0.9758984446525574
30,head_entropy,Hallucinations_vs_Factual,13,-0.12287670373916626,,,0.6793027520179749,0.8021794557571411
30,head_entropy,Hallucinations_vs_Factual,30,-0.12170000374317169,,,0.15149064362049103,0.2731906473636627
30,head_entropy,Hallucinations_vs_Factual,0,0.11561518907546997,,,0.9952850341796875,0.8796698451042175
31,head_entropy,Impossible_vs_Factual,15,0.20925194025039673,,,0.7344942092895508,0.525242269039154
31,head_entropy,Impossible_vs_Factual,8,-0.16582822799682617,,,0.8113299608230591,0.9771581888198853
31,head_entropy,Impossible_vs_Factual,19,-0.15900039672851562,,,1.181261420249939,1.3402618169784546
31,head_entropy,Impossible_vs_Factual,7,0.1441672444343567,,,0.7419493794441223,0.5977821350097656
31,head_entropy,Impossible_vs_Factual,24,-0.14042091369628906,,,0.6279913187026978,0.7684122323989868
31,head_entropy,Impossible_vs_Factual,30,0.12964439392089844,,,1.2344142198562622,1.1047698259353638
31,head_entropy,Impossible_vs_Factual,1,-0.10834470391273499,,,0.30045369267463684,0.4087983965873718
31,head_entropy,Impossible_vs_Factual,20,0.10654836893081665,,,0.4117743968963623,0.30522602796554565
31,head_entropy,Impossible_vs_Factual,29,0.10267221927642822,,,1.4692655801773071,1.366593360900879
31,head_entropy,Impossible_vs_Factual,14,0.10082706809043884,,,0.45327237248420715,0.3524453043937683
31,head_entropy,Hallucinations_vs_Factual,30,0.147117018699646,,,1.2518868446350098,1.1047698259353638
31,head_entropy,Hallucinations_vs_Factual,19,-0.14030492305755615,,,1.1999568939208984,1.3402618169784546
31,head_entropy,Hallucinations_vs_Factual,6,0.13757318258285522,,,0.915843665599823,0.7782704830169678
31,head_entropy,Hallucinations_vs_Factual,8,-0.1253543496131897,,,0.8518038392066956,0.9771581888198853
31,head_entropy,Hallucinations_vs_Factual,17,-0.1157563328742981,,,0.5573835968971252,0.6731399297714233
31,head_entropy,Hallucinations_vs_Factual,25,-0.114630788564682,,,0.258001446723938,0.37263223528862
31,head_entropy,Hallucinations_vs_Factual,29,0.1107032299041748,,,1.4772965908050537,1.366593360900879
31,head_entropy,Hallucinations_vs_Factual,24,-0.09917968511581421,,,0.6692325472831726,0.7684122323989868
31,head_entropy,Hallucinations_vs_Factual,2,0.09804093837738037,,,0.810198187828064,0.7121572494506836
31,head_entropy,Hallucinations_vs_Factual,20,0.08924561738967896,,,0.3944716453552246,0.30522602796554565
32,head_entropy,Impossible_vs_Factual,2,0.22342181205749512,,,0.8114725351333618,0.5880507230758667
32,head_entropy,Impossible_vs_Factual,17,-0.21365058422088623,,,0.3581092953681946,0.5717598795890808
32,head_entropy,Impossible_vs_Factual,23,0.20250758528709412,,,0.3829302191734314,0.18042263388633728
32,head_entropy,Impossible_vs_Factual,3,0.1989980936050415,,,0.9682695865631104,0.7692714929580688
32,head_entropy,Impossible_vs_Factual,0,0.14963304996490479,,,1.0284101963043213,0.8787771463394165
32,head_entropy,Impossible_vs_Factual,16,0.10559356212615967,,,1.6857651472091675,1.5801715850830078
32,head_entropy,Impossible_vs_Factual,8,0.10261839628219604,,,0.6709866523742676,0.5683682560920715
32,head_entropy,Impossible_vs_Factual,26,-0.10231387615203857,,,0.44297051429748535,0.5452843904495239
32,head_entropy,Impossible_vs_Factual,19,-0.10021919012069702,,,0.41206735372543335,0.5122865438461304
32,head_entropy,Impossible_vs_Factual,31,-0.09985265135765076,,,0.2810174524784088,0.38087010383605957
32,head_entropy,Hallucinations_vs_Factual,25,-0.14607369899749756,,,0.4043564200401306,0.5504301190376282
32,head_entropy,Hallucinations_vs_Factual,17,-0.13498544692993164,,,0.43677443265914917,0.5717598795890808
32,head_entropy,Hallucinations_vs_Factual,31,-0.1303245723247528,,,0.25054553151130676,0.38087010383605957
32,head_entropy,Hallucinations_vs_Factual,3,0.12648051977157593,,,0.8957520127296448,0.7692714929580688
32,head_entropy,Hallucinations_vs_Factual,13,-0.12255804240703583,,,0.18613724410533905,0.3086952865123749
32,head_entropy,Hallucinations_vs_Factual,2,0.11621087789535522,,,0.7042616009712219,0.5880507230758667
32,head_entropy,Hallucinations_vs_Factual,26,-0.11228740215301514,,,0.4329969882965088,0.5452843904495239
32,head_entropy,Hallucinations_vs_Factual,23,0.10998335480690002,,,0.2904059886932373,0.18042263388633728
32,head_entropy,Hallucinations_vs_Factual,7,0.09831088781356812,,,0.9648751616477966,0.8665642738342285
32,head_entropy,Hallucinations_vs_Factual,0,0.09580093622207642,,,0.9745780825614929,0.8787771463394165
33,head_entropy,Impossible_vs_Factual,6,0.2393883466720581,,,1.4351521730422974,1.1957638263702393
33,head_entropy,Impossible_vs_Factual,10,0.197800874710083,,,0.8427345156669617,0.6449336409568787
33,head_entropy,Impossible_vs_Factual,15,0.18402016162872314,,,0.8297263979911804,0.6457062363624573
33,head_entropy,Impossible_vs_Factual,21,0.16973447799682617,,,1.5151950120925903,1.3454605340957642
33,head_entropy,Impossible_vs_Factual,11,0.16695910692214966,,,0.7089727520942688,0.5420136451721191
33,head_entropy,Impossible_vs_Factual,7,-0.14968550205230713,,,0.9536699056625366,1.1033554077148438
33,head_entropy,Impossible_vs_Factual,30,0.14346086978912354,,,1.3180391788482666,1.174578309059143
33,head_entropy,Impossible_vs_Factual,14,0.1301651895046234,,,0.6253438591957092,0.4951786696910858
33,head_entropy,Impossible_vs_Factual,22,0.10221099853515625,,,1.0054298639297485,0.9032188653945923
33,head_entropy,Impossible_vs_Factual,17,0.09928512573242188,,,0.6687772274017334,0.5694921016693115
33,head_entropy,Hallucinations_vs_Factual,5,0.1741955280303955,,,0.8589211106300354,0.6847255825996399
33,head_entropy,Hallucinations_vs_Factual,6,0.1676502227783203,,,1.3634140491485596,1.1957638263702393
33,head_entropy,Hallucinations_vs_Factual,15,0.15013158321380615,,,0.7958378195762634,0.6457062363624573
33,head_entropy,Hallucinations_vs_Factual,30,0.14646077156066895,,,1.321039080619812,1.174578309059143
33,head_entropy,Hallucinations_vs_Factual,28,0.14532876014709473,,,1.015647053718567,0.8703182935714722
33,head_entropy,Hallucinations_vs_Factual,10,0.14451348781585693,,,0.7894471287727356,0.6449336409568787
33,head_entropy,Hallucinations_vs_Factual,19,0.14248645305633545,,,0.949640691280365,0.8071542382240295
33,head_entropy,Hallucinations_vs_Factual,17,0.13912713527679443,,,0.708619236946106,0.5694921016693115
33,head_entropy,Hallucinations_vs_Factual,21,0.13735628128051758,,,1.4828168153762817,1.3454605340957642
33,head_entropy,Hallucinations_vs_Factual,22,0.13317573070526123,,,1.0363945960998535,0.9032188653945923
34,head_entropy,Impossible_vs_Factual,28,0.3892655372619629,,,1.4761639833450317,1.0868984460830688
34,head_entropy,Impossible_vs_Factual,19,0.3477192521095276,,,1.290138602256775,0.9424193501472473
34,head_entropy,Impossible_vs_Factual,31,-0.2915284037590027,,,0.531436562538147,0.8229649662971497
34,head_entropy,Impossible_vs_Factual,1,0.22281688451766968,,,1.1656410694122314,0.9428241848945618
34,head_entropy,Impossible_vs_Factual,12,-0.18558558821678162,,,0.341356486082077,0.5269420742988586
34,head_entropy,Impossible_vs_Factual,9,0.16824579238891602,,,1.255812168121338,1.0875663757324219
34,head_entropy,Impossible_vs_Factual,10,0.15781468152999878,,,1.0873321294784546,0.9295174479484558
34,head_entropy,Impossible_vs_Factual,20,-0.15297831594944,,,0.17765481770038605,0.33063313364982605
34,head_entropy,Impossible_vs_Factual,27,-0.15215669572353363,,,0.17929492890834808,0.3314516246318817
34,head_entropy,Impossible_vs_Factual,16,0.15201950073242188,,,1.2989143133163452,1.1468948125839233
34,head_entropy,Hallucinations_vs_Factual,28,0.3293696641921997,,,1.4162681102752686,1.0868984460830688
34,head_entropy,Hallucinations_vs_Factual,31,-0.20546483993530273,,,0.6175001263618469,0.8229649662971497
34,head_entropy,Hallucinations_vs_Factual,11,-0.20489823818206787,,,0.5726868510246277,0.7775850892066956
34,head_entropy,Hallucinations_vs_Factual,7,0.2045237421989441,,,1.174101710319519,0.969577968120575
34,head_entropy,Hallucinations_vs_Factual,29,0.1930391788482666,,,1.5832496881484985,1.390210509300232
34,head_entropy,Hallucinations_vs_Factual,1,0.18752330541610718,,,1.130347490310669,0.9428241848945618
34,head_entropy,Hallucinations_vs_Factual,12,-0.16127490997314453,,,0.3656671643257141,0.5269420742988586
34,head_entropy,Hallucinations_vs_Factual,16,0.14641797542572021,,,1.2933127880096436,1.1468948125839233
34,head_entropy,Hallucinations_vs_Factual,3,0.1427382230758667,,,1.1347460746765137,0.992007851600647
34,head_entropy,Hallucinations_vs_Factual,5,0.13889986276626587,,,1.1142632961273193,0.9753634333610535
35,head_entropy,Impossible_vs_Factual,11,-0.37898439168930054,,,0.7099451422691345,1.088929533958435
35,head_entropy,Impossible_vs_Factual,12,0.22749197483062744,,,1.8803279399871826,1.6528359651565552
35,head_entropy,Impossible_vs_Factual,28,-0.2036241888999939,,,0.10372746735811234,0.30735164880752563
35,head_entropy,Impossible_vs_Factual,23,0.1809372901916504,,,1.4117579460144043,1.230820655822754
35,head_entropy,Impossible_vs_Factual,2,-0.16726553440093994,,,1.124617338180542,1.291882872581482
35,head_entropy,Impossible_vs_Factual,7,-0.16649553179740906,,,0.2880648374557495,0.45456036925315857
35,head_entropy,Impossible_vs_Factual,17,-0.16215384006500244,,,0.45571935176849365,0.6178731918334961
35,head_entropy,Impossible_vs_Factual,13,-0.15989041328430176,,,1.5341135263442993,1.694003939628601
35,head_entropy,Impossible_vs_Factual,20,0.1591130495071411,,,1.2861133813858032,1.127000331878662
35,head_entropy,Impossible_vs_Factual,29,-0.12337297201156616,,,0.742431640625,0.8658046126365662
35,head_entropy,Hallucinations_vs_Factual,20,0.3346831798553467,,,1.4616835117340088,1.127000331878662
35,head_entropy,Hallucinations_vs_Factual,11,-0.28927719593048096,,,0.7996523380279541,1.088929533958435
35,head_entropy,Hallucinations_vs_Factual,12,0.24726557731628418,,,1.9001015424728394,1.6528359651565552
35,head_entropy,Hallucinations_vs_Factual,5,-0.2220948338508606,,,0.8869600892066956,1.1090549230575562
35,head_entropy,Hallucinations_vs_Factual,7,-0.1834484338760376,,,0.27111193537712097,0.45456036925315857
35,head_entropy,Hallucinations_vs_Factual,13,-0.1812344789505005,,,1.5127694606781006,1.694003939628601
35,head_entropy,Hallucinations_vs_Factual,2,-0.17543339729309082,,,1.1164494752883911,1.291882872581482
35,head_entropy,Hallucinations_vs_Factual,14,0.1614687442779541,,,2.2899065017700195,2.1284377574920654
35,head_entropy,Hallucinations_vs_Factual,29,-0.15181249380111694,,,0.7139921188354492,0.8658046126365662
35,head_entropy,Hallucinations_vs_Factual,3,-0.1451106071472168,,,0.37913084030151367,0.5242414474487305
