layer,type,comparison_group,index,score,mean_deviant,mean_factual,ent_deviant,ent_factual
0,neuron_activation,Impossible_vs_Factual,246,0.5158346891403198,0.0005753417499363422,0.0002951284986920655,,
0,neuron_activation,Impossible_vs_Factual,11142,0.5010442733764648,-0.00015372870257124305,-0.00027951024821959436,,
0,neuron_activation,Impossible_vs_Factual,9320,0.4867117404937744,0.0025433578994125128,0.0019713204819709063,,
0,neuron_activation,Impossible_vs_Factual,5402,0.47418707609176636,0.00017935765208676457,2.1201271010795608e-05,,
0,neuron_activation,Impossible_vs_Factual,12601,0.471568763256073,0.0016092532314360142,0.0013835448771715164,,
0,neuron_activation,Impossible_vs_Factual,2544,0.46471935510635376,-0.0014776489697396755,-0.0018803178099915385,,
0,neuron_activation,Impossible_vs_Factual,170,0.4476522207260132,0.0016187361907213926,0.0013771551894024014,,
0,neuron_activation,Impossible_vs_Factual,3931,0.4470599889755249,-0.0008715697913430631,-0.0011182917514815927,,
0,neuron_activation,Impossible_vs_Factual,3090,0.4447348117828369,0.003012449713423848,0.0020787990652024746,,
0,neuron_activation,Impossible_vs_Factual,7617,0.44436725974082947,-0.0016750565264374018,-0.00223641749471426,,
0,neuron_activation,Hallucinations_vs_Factual,2575,0.6280165910720825,-0.000216179687413387,-0.00039620648021809757,,
0,neuron_activation,Hallucinations_vs_Factual,2474,0.5534029006958008,-0.22639453411102295,-0.240298792719841,,
0,neuron_activation,Hallucinations_vs_Factual,9880,0.5379177927970886,-0.0009252705494873226,-0.0012872942024841905,,
0,neuron_activation,Hallucinations_vs_Factual,13519,0.5345125794410706,-0.003431793302297592,-0.003968506120145321,,
0,neuron_activation,Hallucinations_vs_Factual,3561,0.5320237874984741,-0.0004622940323315561,-0.0007777425926178694,,
0,neuron_activation,Hallucinations_vs_Factual,3724,0.5290116667747498,0.0017213363898918033,0.0013886945089325309,,
0,neuron_activation,Hallucinations_vs_Factual,1890,0.5267196297645569,-0.0015595322474837303,-0.0018224641680717468,,
0,neuron_activation,Hallucinations_vs_Factual,780,0.5228558778762817,-0.0017832859884947538,-0.0026373944710940123,,
0,neuron_activation,Hallucinations_vs_Factual,12595,0.5215631127357483,-0.0004665523301810026,-0.0006267013377510011,,
0,neuron_activation,Hallucinations_vs_Factual,8972,0.5174903869628906,0.0015289663570001721,0.0003829866764135659,,
1,neuron_activation,Impossible_vs_Factual,13122,0.5277923345565796,-0.01494293101131916,-0.01626916229724884,,
1,neuron_activation,Impossible_vs_Factual,12310,0.48348474502563477,0.02344641461968422,0.021213620901107788,,
1,neuron_activation,Impossible_vs_Factual,1367,0.4827432334423065,-0.0035873716697096825,-0.004207946825772524,,
1,neuron_activation,Impossible_vs_Factual,11998,0.48022300004959106,0.0024920955765992403,0.002180512063205242,,
1,neuron_activation,Impossible_vs_Factual,10051,0.47768181562423706,0.0017965848091989756,0.0011926597217097878,,
1,neuron_activation,Impossible_vs_Factual,1711,0.4487878084182739,0.007764588575810194,0.00702447397634387,,
1,neuron_activation,Impossible_vs_Factual,8479,0.4459306001663208,0.0021668397821485996,0.0017959557007998228,,
1,neuron_activation,Impossible_vs_Factual,5514,0.4456547796726227,0.0015600016340613365,0.0011234370758756995,,
1,neuron_activation,Impossible_vs_Factual,9859,0.43924856185913086,-0.01001269556581974,-0.011049864813685417,,
1,neuron_activation,Impossible_vs_Factual,4194,0.43841224908828735,0.0029751888941973448,0.002534150378778577,,
1,neuron_activation,Hallucinations_vs_Factual,11299,0.6122522950172424,-0.0030633225105702877,-0.004114957991987467,,
1,neuron_activation,Hallucinations_vs_Factual,10735,0.6063902378082275,0.002038878621533513,0.001472358824685216,,
1,neuron_activation,Hallucinations_vs_Factual,9015,0.602565348148346,-0.002343647414818406,-0.003009276930242777,,
1,neuron_activation,Hallucinations_vs_Factual,2180,0.5997391939163208,0.043127432465553284,0.039430178701877594,,
1,neuron_activation,Hallucinations_vs_Factual,9491,0.5924209356307983,-0.0027723934035748243,-0.003893219865858555,,
1,neuron_activation,Hallucinations_vs_Factual,6173,0.5873411297798157,-0.0027312629390507936,-0.0033168329391628504,,
1,neuron_activation,Hallucinations_vs_Factual,9205,0.5685634016990662,-0.0023936377838253975,-0.0032497260253876448,,
1,neuron_activation,Hallucinations_vs_Factual,8941,0.56498783826828,-0.027723146602511406,-0.030663084238767624,,
1,neuron_activation,Hallucinations_vs_Factual,11136,0.5649571418762207,-0.0007421569316647947,-0.0011875153286382556,,
1,neuron_activation,Hallucinations_vs_Factual,7422,0.5535811185836792,-0.0019593914039433002,-0.0027773594483733177,,
2,neuron_activation,Impossible_vs_Factual,12654,0.616400420665741,-0.0009827458998188376,-0.0017528688767924905,,
2,neuron_activation,Impossible_vs_Factual,13866,0.60817551612854,0.008148440159857273,0.006885741371661425,,
2,neuron_activation,Impossible_vs_Factual,11389,0.5760585069656372,0.01291076559573412,0.011039305478334427,,
2,neuron_activation,Impossible_vs_Factual,7594,0.5711410045623779,-0.0010412967531010509,-0.002096144249662757,,
2,neuron_activation,Impossible_vs_Factual,9673,0.5710510015487671,-0.0023141619749367237,-0.00325037632137537,,
2,neuron_activation,Impossible_vs_Factual,3974,0.5679783225059509,0.019361939281225204,0.01725732535123825,,
2,neuron_activation,Impossible_vs_Factual,4698,0.5553734302520752,0.017195437103509903,0.013436337932944298,,
2,neuron_activation,Impossible_vs_Factual,1770,0.5517051815986633,-0.004852171055972576,-0.007446632254868746,,
2,neuron_activation,Impossible_vs_Factual,7060,0.550346851348877,0.0011317242169752717,0.000348698056768626,,
2,neuron_activation,Impossible_vs_Factual,8169,0.5473721027374268,-0.004523604176938534,-0.006186170503497124,,
2,neuron_activation,Hallucinations_vs_Factual,3386,0.7880039215087891,-0.005947190336883068,-0.008995816111564636,,
2,neuron_activation,Hallucinations_vs_Factual,10103,0.7010567784309387,-0.0008024106500670314,-0.001718994346447289,,
2,neuron_activation,Hallucinations_vs_Factual,7696,0.6960383653640747,-0.0024312033783644438,-0.003596282796934247,,
2,neuron_activation,Hallucinations_vs_Factual,13824,0.6933082938194275,-0.0031175462063401937,-0.004371996503323317,,
2,neuron_activation,Hallucinations_vs_Factual,13854,0.6910410523414612,-0.002165714045986533,-0.0036027906462550163,,
2,neuron_activation,Hallucinations_vs_Factual,4140,0.6886298060417175,-0.006136093754321337,-0.011584188789129257,,
2,neuron_activation,Hallucinations_vs_Factual,7992,0.683225154876709,-0.0010400840546935797,-0.002058180049061775,,
2,neuron_activation,Hallucinations_vs_Factual,10953,0.6816122531890869,-0.001396321807987988,-0.0024534359108656645,,
2,neuron_activation,Hallucinations_vs_Factual,12922,0.678054690361023,-0.00228825188241899,-0.003514877986162901,,
2,neuron_activation,Hallucinations_vs_Factual,3983,0.6770195364952087,-0.0008003672119230032,-0.0015855736564844847,,
3,neuron_activation,Impossible_vs_Factual,8132,0.7697843313217163,-0.030647946521639824,-0.03685740381479263,,
3,neuron_activation,Impossible_vs_Factual,4830,0.682561993598938,-2.1511064915102907e-05,-0.006066705100238323,,
3,neuron_activation,Impossible_vs_Factual,10778,0.6605110168457031,-0.005751939490437508,-0.009011045098304749,,
3,neuron_activation,Impossible_vs_Factual,7369,0.642906665802002,-0.01155236829072237,-0.01406139973551035,,
3,neuron_activation,Impossible_vs_Factual,6196,0.6359490156173706,0.0004818084998987615,-0.00289378990419209,,
3,neuron_activation,Impossible_vs_Factual,1447,0.6329324245452881,0.008830884471535683,0.005228858906775713,,
3,neuron_activation,Impossible_vs_Factual,6624,0.6262266039848328,-0.028928713873028755,-0.03732762485742569,,
3,neuron_activation,Impossible_vs_Factual,9302,0.6207965016365051,0.007499938830733299,0.004793731961399317,,
3,neuron_activation,Impossible_vs_Factual,2918,0.6140870451927185,0.0021331908646970987,0.0006030605873093009,,
3,neuron_activation,Impossible_vs_Factual,13278,0.592384397983551,0.002169399755075574,0.0006775933434255421,,
3,neuron_activation,Hallucinations_vs_Factual,6923,0.7220618724822998,0.005775360390543938,0.0029162163846194744,,
3,neuron_activation,Hallucinations_vs_Factual,12816,0.7014238834381104,0.003831834066659212,-0.0004510016296990216,,
3,neuron_activation,Hallucinations_vs_Factual,12769,0.689967930316925,-0.0014182437444105744,-0.0065772514790296555,,
3,neuron_activation,Hallucinations_vs_Factual,13290,0.6809321641921997,0.004776049870997667,0.00046184597886167467,,
3,neuron_activation,Hallucinations_vs_Factual,434,0.6708309054374695,-0.014905284158885479,-0.02068701758980751,,
3,neuron_activation,Hallucinations_vs_Factual,9131,0.6586925387382507,-0.0031661749817430973,-0.005650016479194164,,
3,neuron_activation,Hallucinations_vs_Factual,5208,0.6569432020187378,-0.0002217004803242162,-0.0015663572121411562,,
3,neuron_activation,Hallucinations_vs_Factual,542,0.65500807762146,-0.06300120800733566,-0.07961327582597733,,
3,neuron_activation,Hallucinations_vs_Factual,14260,0.6502498388290405,0.0047550806775689125,0.002072301460430026,,
3,neuron_activation,Hallucinations_vs_Factual,8069,0.6501747369766235,-0.0028723464347422123,-0.005784311797469854,,
4,neuron_activation,Impossible_vs_Factual,10965,0.8252668976783752,-0.008205917663872242,-0.025139547884464264,,
4,neuron_activation,Impossible_vs_Factual,12134,0.7149770259857178,-0.013768577948212624,-0.02341308631002903,,
4,neuron_activation,Impossible_vs_Factual,11864,0.7098574042320251,0.02206902764737606,0.015082238242030144,,
4,neuron_activation,Impossible_vs_Factual,992,0.7091376185417175,0.0080858264118433,0.0018971962854266167,,
4,neuron_activation,Impossible_vs_Factual,10410,0.6979454159736633,0.000272162928013131,-0.0031505932565778494,,
4,neuron_activation,Impossible_vs_Factual,11133,0.6930559873580933,-0.002553077880293131,-0.013614625670015812,,
4,neuron_activation,Impossible_vs_Factual,8357,0.689882755279541,0.012713320553302765,0.0071831801906228065,,
4,neuron_activation,Impossible_vs_Factual,6,0.6873046159744263,0.014255551621317863,0.008535976521670818,,
4,neuron_activation,Impossible_vs_Factual,12545,0.6869617104530334,0.055007319897413254,0.0456850565969944,,
4,neuron_activation,Impossible_vs_Factual,10052,0.6744126677513123,-0.00787696335464716,-0.01279608253389597,,
4,neuron_activation,Hallucinations_vs_Factual,3832,0.79087233543396,0.02698388695716858,0.018709778785705566,,
4,neuron_activation,Hallucinations_vs_Factual,12855,0.7743568420410156,-0.005563872400671244,-0.0177408829331398,,
4,neuron_activation,Hallucinations_vs_Factual,6352,0.7367515563964844,-0.023354236036539078,-0.03402245044708252,,
4,neuron_activation,Hallucinations_vs_Factual,6923,0.7169336080551147,0.031623225659132004,0.023538080975413322,,
4,neuron_activation,Hallucinations_vs_Factual,523,0.7133190631866455,-0.07604028284549713,-0.10231641680002213,,
4,neuron_activation,Hallucinations_vs_Factual,7566,0.7012383341789246,-0.014428178779780865,-0.024492008611559868,,
4,neuron_activation,Hallucinations_vs_Factual,3787,0.6985368728637695,0.0032853870652616024,-0.0022788746282458305,,
4,neuron_activation,Hallucinations_vs_Factual,5056,0.6874459981918335,0.016395244747400284,0.009247727692127228,,
4,neuron_activation,Hallucinations_vs_Factual,8297,0.6866912245750427,-0.005682292394340038,-0.014746629633009434,,
4,neuron_activation,Hallucinations_vs_Factual,7002,0.6860935091972351,-0.0011046923464164138,-0.004797814413905144,,
5,neuron_activation,Impossible_vs_Factual,1817,0.8935705423355103,0.017526162788271904,0.0030557604040950537,,
5,neuron_activation,Impossible_vs_Factual,5008,0.7347832918167114,-0.018907146528363228,-0.039679523557424545,,
5,neuron_activation,Impossible_vs_Factual,12650,0.7338942885398865,-0.028209831565618515,-0.07700842618942261,,
5,neuron_activation,Impossible_vs_Factual,6890,0.7156273722648621,0.005864374805241823,-0.01869017444550991,,
5,neuron_activation,Impossible_vs_Factual,8479,0.7143452167510986,0.013865669257938862,-0.003195618512108922,,
5,neuron_activation,Impossible_vs_Factual,13821,0.7088242173194885,-0.04978867247700691,-0.1095762550830841,,
5,neuron_activation,Impossible_vs_Factual,13747,0.7069739103317261,-0.023153530433773994,-0.03679186850786209,,
5,neuron_activation,Impossible_vs_Factual,4280,0.7019054293632507,-0.010821383446455002,-0.02955530770123005,,
5,neuron_activation,Impossible_vs_Factual,4491,0.6968398690223694,0.03438510373234749,0.011928986757993698,,
5,neuron_activation,Impossible_vs_Factual,654,0.6957843899726868,-0.006379064172506332,-0.03275434672832489,,
5,neuron_activation,Hallucinations_vs_Factual,5465,0.7296169400215149,-0.1272599995136261,-0.2131621092557907,,
5,neuron_activation,Hallucinations_vs_Factual,9076,0.61878901720047,-0.017774246633052826,-0.03082125633955002,,
5,neuron_activation,Hallucinations_vs_Factual,4311,0.6129285097122192,0.0024705207906663418,-0.012189251370728016,,
5,neuron_activation,Hallucinations_vs_Factual,11296,0.6019049882888794,0.0004456980968825519,-0.008492113091051579,,
5,neuron_activation,Hallucinations_vs_Factual,13090,0.5997636318206787,-0.011460846289992332,-0.026309406384825706,,
5,neuron_activation,Hallucinations_vs_Factual,9489,0.5929827094078064,-0.027605364099144936,-0.04835955798625946,,
5,neuron_activation,Hallucinations_vs_Factual,13320,0.5907207727432251,-0.05600251629948616,-0.08086437731981277,,
5,neuron_activation,Hallucinations_vs_Factual,6679,0.581123411655426,-0.0046444968320429325,-0.013237319886684418,,
5,neuron_activation,Hallucinations_vs_Factual,8356,0.5768162608146667,-0.02884935773909092,-0.05125812068581581,,
5,neuron_activation,Hallucinations_vs_Factual,1616,0.5728287100791931,0.02504950575530529,0.01625066250562668,,
6,neuron_activation,Impossible_vs_Factual,4984,0.8745298981666565,-0.09324676543474197,-0.33213672041893005,,
6,neuron_activation,Impossible_vs_Factual,2750,0.868311882019043,-0.007613321300595999,-0.025996210053563118,,
6,neuron_activation,Impossible_vs_Factual,1810,0.8566024303436279,0.010248862206935883,-0.020818812772631645,,
6,neuron_activation,Impossible_vs_Factual,12349,0.7886501550674438,-0.0033621080219745636,-0.033762264996767044,,
6,neuron_activation,Impossible_vs_Factual,6136,0.7879561185836792,-0.0033575405832380056,-0.04002901166677475,,
6,neuron_activation,Impossible_vs_Factual,7662,0.7639138102531433,0.014595619402825832,-0.0037537815514951944,,
6,neuron_activation,Impossible_vs_Factual,5789,0.7545197010040283,0.00261892331764102,-0.009874745272099972,,
6,neuron_activation,Impossible_vs_Factual,13118,0.7542479634284973,0.029205674305558205,-0.03784078732132912,,
6,neuron_activation,Impossible_vs_Factual,1605,0.7484606504440308,0.07115045189857483,0.021752746775746346,,
6,neuron_activation,Impossible_vs_Factual,11476,0.7478605508804321,-0.03378935158252716,-0.0630413070321083,,
6,neuron_activation,Hallucinations_vs_Factual,12040,0.6691118478775024,0.03338034823536873,0.015342103317379951,,
6,neuron_activation,Hallucinations_vs_Factual,11955,0.6343302726745605,0.005129494238644838,-0.0056738159619271755,,
6,neuron_activation,Hallucinations_vs_Factual,6215,0.6283832788467407,-0.033113740384578705,-0.056481558829545975,,
6,neuron_activation,Hallucinations_vs_Factual,219,0.6250134706497192,-0.037072811275720596,-0.06173961982131004,,
6,neuron_activation,Hallucinations_vs_Factual,2745,0.6212524771690369,0.10279441624879837,0.07242283970117569,,
6,neuron_activation,Hallucinations_vs_Factual,13849,0.6155773997306824,-0.002207838697358966,-0.03413320332765579,,
6,neuron_activation,Hallucinations_vs_Factual,7884,0.6131638288497925,-0.004865648224949837,-0.01657673344016075,,
6,neuron_activation,Hallucinations_vs_Factual,9234,0.5980992317199707,-0.02714398130774498,-0.04828515648841858,,
6,neuron_activation,Hallucinations_vs_Factual,2880,0.5960968732833862,-0.02117781899869442,-0.06186728924512863,,
6,neuron_activation,Hallucinations_vs_Factual,10707,0.5946667790412903,-0.013636872172355652,-0.03659990057349205,,
7,neuron_activation,Impossible_vs_Factual,7987,0.8380841612815857,0.0534030981361866,-0.004581979010254145,,
7,neuron_activation,Impossible_vs_Factual,13523,0.8318325281143188,-0.005615124013274908,-0.03818497061729431,,
7,neuron_activation,Impossible_vs_Factual,1095,0.8291417956352234,0.07408063113689423,0.0001062857118085958,,
7,neuron_activation,Impossible_vs_Factual,6112,0.8159180283546448,0.09033431112766266,0.02687755785882473,,
7,neuron_activation,Impossible_vs_Factual,12869,0.8057749271392822,-0.04954690858721733,-0.08800778537988663,,
7,neuron_activation,Impossible_vs_Factual,9894,0.7877082228660583,-0.00428739283233881,-0.03061775304377079,,
7,neuron_activation,Impossible_vs_Factual,9592,0.7866532802581787,0.07721628248691559,0.02432839758694172,,
7,neuron_activation,Impossible_vs_Factual,7650,0.7809600234031677,-0.0023517764639109373,-0.04647161439061165,,
7,neuron_activation,Impossible_vs_Factual,591,0.7795367240905762,-0.040458135306835175,-0.09538187086582184,,
7,neuron_activation,Impossible_vs_Factual,5533,0.7558298110961914,-0.004701388068497181,-0.12329147756099701,,
7,neuron_activation,Hallucinations_vs_Factual,624,0.8607527017593384,0.019110197201371193,0.0025457332376390696,,
7,neuron_activation,Hallucinations_vs_Factual,5246,0.7458520531654358,0.0302603580057621,-0.00871624518185854,,
7,neuron_activation,Hallucinations_vs_Factual,3443,0.6818602681159973,-0.03404093161225319,-0.0635240375995636,,
7,neuron_activation,Hallucinations_vs_Factual,12799,0.6670491099357605,-0.03007114864885807,-0.08326170593500137,,
7,neuron_activation,Hallucinations_vs_Factual,11516,0.6502271294593811,-0.013684595935046673,-0.037580348551273346,,
7,neuron_activation,Hallucinations_vs_Factual,2134,0.6491330862045288,-0.007132070139050484,-0.026791498064994812,,
7,neuron_activation,Hallucinations_vs_Factual,10157,0.6487433910369873,-0.06354251503944397,-0.10021483153104782,,
7,neuron_activation,Hallucinations_vs_Factual,9592,0.641180157661438,0.06442799419164658,0.02432839758694172,,
7,neuron_activation,Hallucinations_vs_Factual,13424,0.6392598748207092,0.002608348149806261,-0.015521303750574589,,
7,neuron_activation,Hallucinations_vs_Factual,8603,0.6361696720123291,-0.010927336290478706,-0.04256489500403404,,
8,neuron_activation,Impossible_vs_Factual,6386,1.0876165628433228,-0.015226445160806179,-0.08326053619384766,,
8,neuron_activation,Impossible_vs_Factual,3514,0.9002962708473206,-0.022560646757483482,-0.07628193497657776,,
8,neuron_activation,Impossible_vs_Factual,3220,0.8775664567947388,0.043647512793540955,-8.504097058903426e-05,,
8,neuron_activation,Impossible_vs_Factual,11901,0.8742456436157227,0.06968332827091217,-0.05632663145661354,,
8,neuron_activation,Impossible_vs_Factual,2722,0.8009357452392578,-0.04887646064162254,-0.17128631472587585,,
8,neuron_activation,Impossible_vs_Factual,12427,0.7866166830062866,0.003325896104797721,-0.022870711982250214,,
8,neuron_activation,Impossible_vs_Factual,11994,0.7802848219871521,0.03477173671126366,0.0021200976334512234,,
8,neuron_activation,Impossible_vs_Factual,10489,0.7777321934700012,-0.03037816658616066,-0.06984744966030121,,
8,neuron_activation,Impossible_vs_Factual,10421,0.7518548369407654,0.05266363546252251,-0.013016740791499615,,
8,neuron_activation,Impossible_vs_Factual,5062,0.74139004945755,-0.22836564481258392,-0.5470255017280579,,
8,neuron_activation,Hallucinations_vs_Factual,11901,0.9098593592643738,0.07710492610931396,-0.05632663145661354,,
8,neuron_activation,Hallucinations_vs_Factual,11085,0.8315004110336304,0.07191439718008041,0.0270339697599411,,
8,neuron_activation,Hallucinations_vs_Factual,10145,0.7270282506942749,-0.01618908904492855,-0.07346966862678528,,
8,neuron_activation,Hallucinations_vs_Factual,1583,0.7120158672332764,-0.018240559846162796,-0.04209033399820328,,
8,neuron_activation,Hallucinations_vs_Factual,5308,0.7112762331962585,-0.02784501388669014,-0.06457103788852692,,
8,neuron_activation,Hallucinations_vs_Factual,3295,0.6859291791915894,-0.07293432205915451,-0.10852193087339401,,
8,neuron_activation,Hallucinations_vs_Factual,5804,0.6802095770835876,0.08730123937129974,-0.007815089076757431,,
8,neuron_activation,Hallucinations_vs_Factual,6386,0.6500616073608398,-0.04288638010621071,-0.08326053619384766,,
8,neuron_activation,Hallucinations_vs_Factual,9868,0.6333727836608887,-0.006643424276262522,-0.03315930813550949,,
8,neuron_activation,Hallucinations_vs_Factual,7797,0.6309425830841064,-0.02250129170715809,-0.05969798192381859,,
9,neuron_activation,Impossible_vs_Factual,9585,0.9646232724189758,0.02048153430223465,-0.027476372197270393,,
9,neuron_activation,Impossible_vs_Factual,13641,0.9098084568977356,-0.005338284652680159,-0.06265175342559814,,
9,neuron_activation,Impossible_vs_Factual,4229,0.9086623787879944,-0.040067095309495926,-0.1031356155872345,,
9,neuron_activation,Impossible_vs_Factual,5147,0.8806254267692566,0.011313541792333126,-0.03644232451915741,,
9,neuron_activation,Impossible_vs_Factual,7996,0.8564257621765137,-0.009770997799932957,-0.03852870687842369,,
9,neuron_activation,Impossible_vs_Factual,230,0.8132525682449341,-0.02519381418824196,-0.08767154812812805,,
9,neuron_activation,Impossible_vs_Factual,1163,0.8124229907989502,0.010485879145562649,-0.037294454872608185,,
9,neuron_activation,Impossible_vs_Factual,3567,0.7780203223228455,-0.004703895654529333,-0.04071440175175667,,
9,neuron_activation,Impossible_vs_Factual,11445,0.7741775512695312,0.04516342282295227,-0.009152399376034737,,
9,neuron_activation,Impossible_vs_Factual,2855,0.7724180817604065,0.006214039865881205,-0.018318234011530876,,
9,neuron_activation,Hallucinations_vs_Factual,5147,0.8836960792541504,0.01970890536904335,-0.03644232451915741,,
9,neuron_activation,Hallucinations_vs_Factual,7139,0.7858941555023193,0.0290722344070673,-0.009252091869711876,,
9,neuron_activation,Hallucinations_vs_Factual,11616,0.7852497100830078,-0.050169043242931366,-0.1057894229888916,,
9,neuron_activation,Hallucinations_vs_Factual,5852,0.7455028891563416,0.0715794712305069,0.03456798568367958,,
9,neuron_activation,Hallucinations_vs_Factual,2454,0.7439571619033813,0.08705271035432816,0.03972950950264931,,
9,neuron_activation,Hallucinations_vs_Factual,11812,0.7035506963729858,-0.012848659418523312,-0.05283520743250847,,
9,neuron_activation,Hallucinations_vs_Factual,4229,0.6935081481933594,-0.055212873965501785,-0.1031356155872345,,
9,neuron_activation,Hallucinations_vs_Factual,13505,0.6824948191642761,0.006817486137151718,-0.03828641027212143,,
9,neuron_activation,Hallucinations_vs_Factual,12637,0.678291916847229,-0.029280442744493484,-0.06754674762487411,,
9,neuron_activation,Hallucinations_vs_Factual,3240,0.6671142578125,-0.014664050191640854,-0.09913921356201172,,
10,neuron_activation,Impossible_vs_Factual,12157,0.9537232518196106,0.048490192741155624,-0.1216081827878952,,
10,neuron_activation,Impossible_vs_Factual,2348,0.8985078930854797,-0.0023050715681165457,-0.05686583369970322,,
10,neuron_activation,Impossible_vs_Factual,2537,0.884127140045166,-0.07033243030309677,-0.18442408740520477,,
10,neuron_activation,Impossible_vs_Factual,9046,0.8406051397323608,0.0985783189535141,0.04479869082570076,,
10,neuron_activation,Impossible_vs_Factual,13219,0.8370136618614197,-0.03449612483382225,-0.394978404045105,,
10,neuron_activation,Impossible_vs_Factual,14260,0.8231533765792847,0.013486869633197784,-0.05670803412795067,,
10,neuron_activation,Impossible_vs_Factual,9082,0.8098410367965698,0.045407939702272415,0.0012112096883356571,,
10,neuron_activation,Impossible_vs_Factual,1769,0.8002340793609619,-0.014038808643817902,-0.07589790970087051,,
10,neuron_activation,Impossible_vs_Factual,4104,0.783986508846283,0.041738174855709076,-0.03134655952453613,,
10,neuron_activation,Impossible_vs_Factual,7399,0.7836140394210815,0.02734152227640152,-0.010901980102062225,,
10,neuron_activation,Hallucinations_vs_Factual,5781,0.8130518794059753,0.03047895058989525,-0.02155163511633873,,
10,neuron_activation,Hallucinations_vs_Factual,2348,0.7939159870147705,-0.00400324072688818,-0.05686583369970322,,
10,neuron_activation,Hallucinations_vs_Factual,9621,0.7818120718002319,0.030678629875183105,-0.03781598433852196,,
10,neuron_activation,Hallucinations_vs_Factual,13219,0.7549809813499451,-0.10840985924005508,-0.394978404045105,,
10,neuron_activation,Hallucinations_vs_Factual,1769,0.738406240940094,-0.008760306984186172,-0.07589790970087051,,
10,neuron_activation,Hallucinations_vs_Factual,6919,0.7373328804969788,0.026025129482150078,-0.03769152984023094,,
10,neuron_activation,Hallucinations_vs_Factual,1781,0.7371910810470581,0.0939093604683876,0.002963931066915393,,
10,neuron_activation,Hallucinations_vs_Factual,13415,0.7369819283485413,0.06970462948083878,-0.05050882324576378,,
10,neuron_activation,Hallucinations_vs_Factual,10178,0.7237822413444519,-0.014487807638943195,-0.05559723824262619,,
10,neuron_activation,Hallucinations_vs_Factual,493,0.7153728008270264,0.03331201151013374,-0.02194741927087307,,
11,neuron_activation,Impossible_vs_Factual,12253,1.0092527866363525,0.0703277587890625,-0.04678273946046829,,
11,neuron_activation,Impossible_vs_Factual,1863,1.0029700994491577,-0.010368402116000652,-0.10561691969633102,,
11,neuron_activation,Impossible_vs_Factual,14332,0.9914149045944214,0.06310460716485977,-0.04903577268123627,,
11,neuron_activation,Impossible_vs_Factual,4324,0.9490952491760254,-0.04700717702507973,-0.46938374638557434,,
11,neuron_activation,Impossible_vs_Factual,12765,0.8973283767700195,0.004999104421585798,-0.11400207877159119,,
11,neuron_activation,Impossible_vs_Factual,4016,0.892316460609436,0.06618890166282654,-0.015842068940401077,,
11,neuron_activation,Impossible_vs_Factual,11889,0.889377772808075,0.024427004158496857,-0.07109110057353973,,
11,neuron_activation,Impossible_vs_Factual,10043,0.8891161680221558,0.04271924868226051,0.0006986562511883676,,
11,neuron_activation,Impossible_vs_Factual,1543,0.8670867681503296,0.0018661526264622808,-0.06740468740463257,,
11,neuron_activation,Impossible_vs_Factual,7272,0.8560088872909546,0.006481833755970001,-0.07299899309873581,,
11,neuron_activation,Hallucinations_vs_Factual,4324,1.018012523651123,0.015997031703591347,-0.46938374638557434,,
11,neuron_activation,Hallucinations_vs_Factual,7400,0.8390452265739441,0.06590019166469574,-0.024044031277298927,,
11,neuron_activation,Hallucinations_vs_Factual,6564,0.7181017398834229,0.02675243467092514,-0.013195660896599293,,
11,neuron_activation,Hallucinations_vs_Factual,13123,0.7127845287322998,0.07410706579685211,0.007225763518363237,,
11,neuron_activation,Hallucinations_vs_Factual,12852,0.6942424774169922,-0.030586011707782745,-0.07975474745035172,,
11,neuron_activation,Hallucinations_vs_Factual,7583,0.6844648122787476,-0.015828274190425873,-0.06121261417865753,,
11,neuron_activation,Hallucinations_vs_Factual,12765,0.677453339099884,-0.019896946847438812,-0.11400207877159119,,
11,neuron_activation,Hallucinations_vs_Factual,7272,0.6726258397102356,-0.015886519104242325,-0.07299899309873581,,
11,neuron_activation,Hallucinations_vs_Factual,4749,0.6674829721450806,0.026072107255458832,-0.004996882285922766,,
11,neuron_activation,Hallucinations_vs_Factual,3342,0.6649246215820312,-0.004844723269343376,-0.03189805522561073,,
12,neuron_activation,Impossible_vs_Factual,9026,1.1787683963775635,-0.02258271537721157,-0.1535014659166336,,
12,neuron_activation,Impossible_vs_Factual,10283,1.140062689781189,-0.054605331271886826,-0.245148703455925,,
12,neuron_activation,Impossible_vs_Factual,12317,1.0691893100738525,0.07235419005155563,-0.007635823450982571,,
12,neuron_activation,Impossible_vs_Factual,6177,1.028838872909546,0.009630323387682438,-0.07023560255765915,,
12,neuron_activation,Impossible_vs_Factual,9295,0.9769805669784546,-0.007572288159281015,-0.09155099093914032,,
12,neuron_activation,Impossible_vs_Factual,3820,0.967270016670227,0.030829090625047684,-0.06711673736572266,,
12,neuron_activation,Impossible_vs_Factual,2975,0.9631749391555786,0.004632436670362949,-0.111310213804245,,
12,neuron_activation,Impossible_vs_Factual,13487,0.940013587474823,0.13438448309898376,0.011362137272953987,,
12,neuron_activation,Impossible_vs_Factual,1745,0.9128189086914062,0.12572884559631348,0.007366192527115345,,
12,neuron_activation,Impossible_vs_Factual,11465,0.910483181476593,0.20900744199752808,-0.024940578266978264,,
12,neuron_activation,Hallucinations_vs_Factual,3820,0.9607686996459961,0.03454427421092987,-0.06711673736572266,,
12,neuron_activation,Hallucinations_vs_Factual,6219,0.7985548973083496,0.012738918885588646,-0.044281311333179474,,
12,neuron_activation,Hallucinations_vs_Factual,2975,0.7555587291717529,-0.005910025909543037,-0.111310213804245,,
12,neuron_activation,Hallucinations_vs_Factual,14005,0.7432383298873901,-6.069094524718821e-06,-0.23683951795101166,,
12,neuron_activation,Hallucinations_vs_Factual,10671,0.7370914220809937,0.05105371028184891,0.002566130831837654,,
12,neuron_activation,Hallucinations_vs_Factual,11823,0.7280412912368774,-0.00652433093637228,-0.11749570071697235,,
12,neuron_activation,Hallucinations_vs_Factual,1740,0.7280189990997314,0.008881914429366589,-0.06007149815559387,,
12,neuron_activation,Hallucinations_vs_Factual,7606,0.7191788554191589,0.07407623529434204,0.013333813287317753,,
12,neuron_activation,Hallucinations_vs_Factual,13487,0.7155136466026306,0.11495895683765411,0.011362137272953987,,
12,neuron_activation,Hallucinations_vs_Factual,10222,0.7110093832015991,0.051127735525369644,-0.08413233608007431,,
13,neuron_activation,Impossible_vs_Factual,7429,1.1714130640029907,-0.029454976320266724,-1.0026847124099731,,
13,neuron_activation,Impossible_vs_Factual,5280,1.151626467704773,0.08443085104227066,-0.00609791511669755,,
13,neuron_activation,Impossible_vs_Factual,14187,1.0730922222137451,0.10760108381509781,-0.005066832527518272,,
13,neuron_activation,Impossible_vs_Factual,6283,0.98628830909729,0.004947990644723177,-0.12098672986030579,,
13,neuron_activation,Impossible_vs_Factual,1676,0.9754188656806946,0.057773128151893616,-0.06906284391880035,,
13,neuron_activation,Impossible_vs_Factual,12229,0.9577766060829163,0.08018387109041214,-0.0267425999045372,,
13,neuron_activation,Impossible_vs_Factual,3488,0.9566612243652344,0.1313445270061493,0.0003681232046801597,,
13,neuron_activation,Impossible_vs_Factual,3149,0.9374287724494934,0.023364972323179245,-0.05244990065693855,,
13,neuron_activation,Impossible_vs_Factual,12323,0.924256443977356,0.17956171929836273,0.018632564693689346,,
13,neuron_activation,Impossible_vs_Factual,11679,0.9103870987892151,-0.015064292587339878,-0.11094231903553009,,
13,neuron_activation,Hallucinations_vs_Factual,7429,1.0084564685821533,0.012989074923098087,-1.0026847124099731,,
13,neuron_activation,Hallucinations_vs_Factual,9444,0.888372540473938,0.002884605899453163,-0.22739733755588531,,
13,neuron_activation,Hallucinations_vs_Factual,6993,0.7436844110488892,0.02203465811908245,-0.05564018338918686,,
13,neuron_activation,Hallucinations_vs_Factual,14185,0.7424182295799255,0.029505079612135887,-0.0638684332370758,,
13,neuron_activation,Hallucinations_vs_Factual,2878,0.7401164174079895,0.015096286311745644,-0.05617815628647804,,
13,neuron_activation,Hallucinations_vs_Factual,14193,0.7222270369529724,-0.06847326457500458,-0.23048457503318787,,
13,neuron_activation,Hallucinations_vs_Factual,184,0.7088257074356079,-0.0011662457836791873,-0.0745081752538681,,
13,neuron_activation,Hallucinations_vs_Factual,7511,0.6971765756607056,-0.04825945571064949,-0.265409916639328,,
13,neuron_activation,Hallucinations_vs_Factual,9504,0.6926813721656799,0.0178403127938509,-0.022602494806051254,,
13,neuron_activation,Hallucinations_vs_Factual,13665,0.6911541819572449,-0.03977564349770546,-0.11492957919836044,,
14,neuron_activation,Impossible_vs_Factual,10650,1.2547649145126343,-0.015874816104769707,-0.47676077485084534,,
14,neuron_activation,Impossible_vs_Factual,6052,1.1635196208953857,-0.0015018837293609977,-0.12729908525943756,,
14,neuron_activation,Impossible_vs_Factual,12302,1.0950640439987183,-0.0604439340531826,-0.22485317289829254,,
14,neuron_activation,Impossible_vs_Factual,13483,1.094913363456726,0.07399531453847885,-0.07413949817419052,,
14,neuron_activation,Impossible_vs_Factual,9200,1.0836737155914307,0.04489540308713913,-0.07238878309726715,,
14,neuron_activation,Impossible_vs_Factual,10261,1.0286232233047485,0.0018189303809776902,-0.07366248965263367,,
14,neuron_activation,Impossible_vs_Factual,172,1.0061945915222168,0.040711987763643265,-0.05895429849624634,,
14,neuron_activation,Impossible_vs_Factual,13520,0.996264636516571,0.10708719491958618,0.003856765804812312,,
14,neuron_activation,Impossible_vs_Factual,4272,0.9932252764701843,0.21317227184772491,0.020427150651812553,,
14,neuron_activation,Impossible_vs_Factual,5619,0.9870398640632629,0.41991326212882996,0.029956016689538956,,
14,neuron_activation,Hallucinations_vs_Factual,10650,1.1182876825332642,0.02763289399445057,-0.47676077485084534,,
14,neuron_activation,Hallucinations_vs_Factual,8205,0.9525102376937866,0.16114503145217896,0.021781114861369133,,
14,neuron_activation,Hallucinations_vs_Factual,9502,0.8875414133071899,0.02010456658899784,-0.35907918214797974,,
14,neuron_activation,Hallucinations_vs_Factual,10403,0.7917167544364929,0.034297697246074677,-0.06895768642425537,,
14,neuron_activation,Hallucinations_vs_Factual,5619,0.7595993280410767,0.3093954920768738,0.029956016689538956,,
14,neuron_activation,Hallucinations_vs_Factual,9578,0.7432354688644409,-0.03155038505792618,-0.11608266830444336,,
14,neuron_activation,Hallucinations_vs_Factual,6220,0.7369471192359924,0.013133373111486435,-0.06869438290596008,,
14,neuron_activation,Hallucinations_vs_Factual,1968,0.7344708442687988,-0.04745444655418396,-0.12294052541255951,,
14,neuron_activation,Hallucinations_vs_Factual,6052,0.7262349724769592,-0.04834374412894249,-0.12729908525943756,,
14,neuron_activation,Hallucinations_vs_Factual,3129,0.7193830609321594,-0.032300807535648346,-0.09782293438911438,,
15,neuron_activation,Impossible_vs_Factual,10975,1.2828593254089355,0.06883913278579712,-0.07326352596282959,,
15,neuron_activation,Impossible_vs_Factual,68,1.153450846672058,0.15295863151550293,0.023144321516156197,,
15,neuron_activation,Impossible_vs_Factual,10243,1.0903996229171753,0.08261486887931824,-0.05056561902165413,,
15,neuron_activation,Impossible_vs_Factual,4977,1.0903303623199463,0.1342432051897049,0.0035710593219846487,,
15,neuron_activation,Impossible_vs_Factual,1033,1.07871413230896,0.11214979737997055,-0.03268061950802803,,
15,neuron_activation,Impossible_vs_Factual,4813,1.0400874614715576,0.013593350537121296,-0.2890746295452118,,
15,neuron_activation,Impossible_vs_Factual,11527,0.9922420382499695,0.10423003137111664,0.003688606433570385,,
15,neuron_activation,Impossible_vs_Factual,9265,0.9655053019523621,0.04487898200750351,-0.05190635472536087,,
15,neuron_activation,Impossible_vs_Factual,899,0.9654554128646851,0.0584944523870945,-0.09337519109249115,,
15,neuron_activation,Impossible_vs_Factual,6776,0.9639577269554138,0.017447980120778084,-0.059436507523059845,,
15,neuron_activation,Hallucinations_vs_Factual,9167,0.9307233095169067,-0.08033297955989838,-0.18760278820991516,,
15,neuron_activation,Hallucinations_vs_Factual,10098,0.9235463738441467,0.43953993916511536,-0.15921959280967712,,
15,neuron_activation,Hallucinations_vs_Factual,4813,0.8423833250999451,-0.004906022921204567,-0.2890746295452118,,
15,neuron_activation,Hallucinations_vs_Factual,9954,0.7864295244216919,0.36401689052581787,0.01269995141774416,,
15,neuron_activation,Hallucinations_vs_Factual,1033,0.7827800512313843,0.08367811143398285,-0.03268061950802803,,
15,neuron_activation,Hallucinations_vs_Factual,9195,0.7351753115653992,-0.05296102538704872,-0.16262519359588623,,
15,neuron_activation,Hallucinations_vs_Factual,7897,0.6953418254852295,0.024682216346263885,-0.03861851245164871,,
15,neuron_activation,Hallucinations_vs_Factual,10399,0.6944324374198914,0.01578853838145733,-0.07579910755157471,,
15,neuron_activation,Hallucinations_vs_Factual,13647,0.6798012852668762,-0.024786895141005516,-0.11613907665014267,,
15,neuron_activation,Hallucinations_vs_Factual,10407,0.6614875197410583,0.021500051021575928,-0.03861532360315323,,
16,neuron_activation,Impossible_vs_Factual,4625,1.1630042791366577,-0.008272958919405937,-1.257798671722412,,
16,neuron_activation,Impossible_vs_Factual,772,1.0838435888290405,0.3155508041381836,0.0684909075498581,,
16,neuron_activation,Impossible_vs_Factual,5939,0.9897462129592896,0.17966708540916443,-0.11249830573797226,,
16,neuron_activation,Impossible_vs_Factual,2399,0.9894116520881653,0.1184459999203682,0.00529993511736393,,
16,neuron_activation,Impossible_vs_Factual,10589,0.9855441451072693,-0.03948136419057846,-0.2139756828546524,,
16,neuron_activation,Impossible_vs_Factual,13648,0.9708868265151978,0.08328532427549362,-0.01877603679895401,,
16,neuron_activation,Impossible_vs_Factual,9185,0.9593009352684021,-0.04332166910171509,-0.5639573335647583,,
16,neuron_activation,Impossible_vs_Factual,9229,0.9091157913208008,0.08533776551485062,-0.03855776786804199,,
16,neuron_activation,Impossible_vs_Factual,4324,0.9039319157600403,0.006376521196216345,-0.24612076580524445,,
16,neuron_activation,Impossible_vs_Factual,1593,0.9002563953399658,0.6572356820106506,0.0248931385576725,,
16,neuron_activation,Hallucinations_vs_Factual,8020,1.0690027475357056,0.06077932193875313,-0.0957547202706337,,
16,neuron_activation,Hallucinations_vs_Factual,4625,1.0126986503601074,-0.039306774735450745,-1.257798671722412,,
16,neuron_activation,Hallucinations_vs_Factual,7194,0.7731870412826538,-0.013382314704358578,-0.2644045352935791,,
16,neuron_activation,Hallucinations_vs_Factual,5533,0.7456573843955994,0.08941184729337692,-0.1420283168554306,,
16,neuron_activation,Hallucinations_vs_Factual,9185,0.7275777459144592,-0.10375702381134033,-0.5639573335647583,,
16,neuron_activation,Hallucinations_vs_Factual,11976,0.7238854765892029,-0.055275533348321915,-0.14147327840328217,,
16,neuron_activation,Hallucinations_vs_Factual,11452,0.7211235761642456,-0.012554559856653214,-0.08003640174865723,,
16,neuron_activation,Hallucinations_vs_Factual,12799,0.6989560723304749,-0.01683547906577587,-0.13346342742443085,,
16,neuron_activation,Hallucinations_vs_Factual,5045,0.6937273144721985,0.06901386380195618,0.0012514590052887797,,
16,neuron_activation,Hallucinations_vs_Factual,8014,0.672993004322052,-0.024138838052749634,-0.07952281832695007,,
17,neuron_activation,Impossible_vs_Factual,2433,1.1658806800842285,-0.016599640250205994,-0.28565123677253723,,
17,neuron_activation,Impossible_vs_Factual,12580,1.1377778053283691,0.189538836479187,-0.03099244460463524,,
17,neuron_activation,Impossible_vs_Factual,4725,1.0483624935150146,0.2551611363887787,0.15016591548919678,,
17,neuron_activation,Impossible_vs_Factual,9158,0.9352683424949646,0.3547171652317047,0.04975130781531334,,
17,neuron_activation,Impossible_vs_Factual,12522,0.8937633037567139,0.35236701369285583,0.2566640079021454,,
17,neuron_activation,Impossible_vs_Factual,13042,0.8923748731613159,0.04236716032028198,-0.0824965387582779,,
17,neuron_activation,Impossible_vs_Factual,5918,0.8913560509681702,0.11406904458999634,-0.006383249536156654,,
17,neuron_activation,Impossible_vs_Factual,12463,0.8885505795478821,0.3387538492679596,0.2180335819721222,,
17,neuron_activation,Impossible_vs_Factual,971,0.8854088187217712,0.18651577830314636,0.04315353184938431,,
17,neuron_activation,Impossible_vs_Factual,10038,0.8766971230506897,0.17190687358379364,-0.29885634779930115,,
17,neuron_activation,Hallucinations_vs_Factual,1604,0.813130795955658,0.0480942577123642,-0.1645272821187973,,
17,neuron_activation,Hallucinations_vs_Factual,12580,0.778365969657898,0.11765321344137192,-0.03099244460463524,,
17,neuron_activation,Hallucinations_vs_Factual,2433,0.767558217048645,-0.056133169680833817,-0.28565123677253723,,
17,neuron_activation,Hallucinations_vs_Factual,6110,0.739247739315033,-0.040801506489515305,-0.16730095446109772,,
17,neuron_activation,Hallucinations_vs_Factual,8910,0.6959668397903442,0.4106711149215698,0.05583629384636879,,
17,neuron_activation,Hallucinations_vs_Factual,3861,0.6909142136573792,0.0724005177617073,-0.02786417305469513,,
17,neuron_activation,Hallucinations_vs_Factual,1389,0.6783057451248169,0.05042309686541557,-0.055207572877407074,,
17,neuron_activation,Hallucinations_vs_Factual,11888,0.6719709038734436,-0.0037876719143241644,-0.08308814465999603,,
17,neuron_activation,Hallucinations_vs_Factual,4207,0.6698591709136963,0.28051307797431946,-0.05959121510386467,,
17,neuron_activation,Hallucinations_vs_Factual,11474,0.6416455507278442,-9.810306073632091e-05,-0.09788770228624344,,
18,neuron_activation,Impossible_vs_Factual,2042,1.0112364292144775,-0.005057054106146097,-0.6918849945068359,,
18,neuron_activation,Impossible_vs_Factual,8245,0.9713376760482788,0.1661590337753296,0.00827013049274683,,
18,neuron_activation,Impossible_vs_Factual,8374,0.9110349416732788,0.09270776063203812,-0.04278567060828209,,
18,neuron_activation,Impossible_vs_Factual,11001,0.9109683036804199,0.11960628628730774,-0.36789557337760925,,
18,neuron_activation,Impossible_vs_Factual,1170,0.8844051957130432,0.056999802589416504,-0.031093820929527283,,
18,neuron_activation,Impossible_vs_Factual,4490,0.881027340888977,0.27803200483322144,-0.18107353150844574,,
18,neuron_activation,Impossible_vs_Factual,2876,0.85741126537323,0.3154914379119873,0.16401703655719757,,
18,neuron_activation,Impossible_vs_Factual,2976,0.8489984273910522,0.059436533600091934,-0.06290172785520554,,
18,neuron_activation,Impossible_vs_Factual,13382,0.8347153067588806,0.13939331471920013,-0.41315314173698425,,
18,neuron_activation,Impossible_vs_Factual,12876,0.8078460693359375,0.2621461749076843,-0.03607555478811264,,
18,neuron_activation,Hallucinations_vs_Factual,2042,0.8422638773918152,0.0005580974975600839,-0.6918849945068359,,
18,neuron_activation,Hallucinations_vs_Factual,14064,0.7432265281677246,-0.048771027475595474,-0.16206581890583038,,
18,neuron_activation,Hallucinations_vs_Factual,11352,0.6972500085830688,0.05946202948689461,-0.06813585758209229,,
18,neuron_activation,Hallucinations_vs_Factual,1156,0.6771162152290344,0.11281093955039978,0.0017353387083858252,,
18,neuron_activation,Hallucinations_vs_Factual,1170,0.6752336025238037,0.04528714716434479,-0.031093820929527283,,
18,neuron_activation,Hallucinations_vs_Factual,9797,0.6491462588310242,0.09009228646755219,-0.04745105654001236,,
18,neuron_activation,Hallucinations_vs_Factual,2821,0.6448644995689392,-0.04133290797472,-0.18084900081157684,,
18,neuron_activation,Hallucinations_vs_Factual,3957,0.6379162073135376,0.037764474749565125,-0.04887700453400612,,
18,neuron_activation,Hallucinations_vs_Factual,13404,0.6340970993041992,-0.006258965935558081,-0.07512093335390091,,
18,neuron_activation,Hallucinations_vs_Factual,2976,0.6231436133384705,0.03183450549840927,-0.06290172785520554,,
19,neuron_activation,Impossible_vs_Factual,8381,0.9500554203987122,-0.07552997022867203,-0.1743106096982956,,
19,neuron_activation,Impossible_vs_Factual,7981,0.9388346076011658,0.2342340052127838,0.07592186331748962,,
19,neuron_activation,Impossible_vs_Factual,1046,0.9083473682403564,0.053829118609428406,-0.09347978979349136,,
19,neuron_activation,Impossible_vs_Factual,7965,0.8855173587799072,0.10424023121595383,-0.0327860526740551,,
19,neuron_activation,Impossible_vs_Factual,10026,0.8812113404273987,0.3078402876853943,0.1328529715538025,,
19,neuron_activation,Impossible_vs_Factual,4357,0.8699461817741394,0.3425644636154175,0.23993363976478577,,
19,neuron_activation,Impossible_vs_Factual,7878,0.8462150692939758,0.5021480321884155,0.0366947241127491,,
19,neuron_activation,Impossible_vs_Factual,6414,0.8408955931663513,0.058246344327926636,-0.052039772272109985,,
19,neuron_activation,Impossible_vs_Factual,7886,0.830530047416687,0.40444374084472656,0.2033882588148117,,
19,neuron_activation,Impossible_vs_Factual,11458,0.8171172738075256,0.3469580113887787,0.23434080183506012,,
19,neuron_activation,Hallucinations_vs_Factual,5995,0.7314821481704712,-0.03283942490816116,-0.774386465549469,,
19,neuron_activation,Hallucinations_vs_Factual,2935,0.6912791132926941,0.08966273814439774,-0.04891795292496681,,
19,neuron_activation,Hallucinations_vs_Factual,2782,0.6638785600662231,0.0428730845451355,-0.1294769048690796,,
19,neuron_activation,Hallucinations_vs_Factual,13404,0.6505753993988037,0.007139567285776138,-0.24731694161891937,,
19,neuron_activation,Hallucinations_vs_Factual,12222,0.6320337057113647,0.19149595499038696,0.08678996562957764,,
19,neuron_activation,Hallucinations_vs_Factual,1481,0.6288309097290039,1.8045035600662231,0.14263485372066498,,
19,neuron_activation,Hallucinations_vs_Factual,424,0.6258108615875244,-0.026585152372717857,-0.2038157880306244,,
19,neuron_activation,Hallucinations_vs_Factual,11154,0.6090354919433594,0.058208663016557693,-0.1591736227273941,,
19,neuron_activation,Hallucinations_vs_Factual,8188,0.5657466053962708,0.04601084440946579,-0.22240272164344788,,
19,neuron_activation,Hallucinations_vs_Factual,7886,0.5630979537963867,0.33535221219062805,0.2033882588148117,,
20,neuron_activation,Impossible_vs_Factual,7013,0.9337580800056458,-0.08662834763526917,-0.7625623345375061,,
20,neuron_activation,Impossible_vs_Factual,6874,0.8870740532875061,0.14207905530929565,-0.03181648254394531,,
20,neuron_activation,Impossible_vs_Factual,14222,0.8735566735267639,0.14764635264873505,-0.010946670547127724,,
20,neuron_activation,Impossible_vs_Factual,10125,0.8709912300109863,-0.0052208062261343,-0.21360716223716736,,
20,neuron_activation,Impossible_vs_Factual,21,0.8355918526649475,1.442327618598938,0.5085279941558838,,
20,neuron_activation,Impossible_vs_Factual,4805,0.8017969131469727,0.14319607615470886,0.014882492832839489,,
20,neuron_activation,Impossible_vs_Factual,12707,0.7965101003646851,0.06684353947639465,-0.507280170917511,,
20,neuron_activation,Impossible_vs_Factual,6293,0.79026198387146,0.08283193409442902,-0.012630658224225044,,
20,neuron_activation,Impossible_vs_Factual,10053,0.7396271824836731,0.11261221766471863,-0.13924875855445862,,
20,neuron_activation,Impossible_vs_Factual,11619,0.7351988554000854,0.07196982949972153,-0.09653763473033905,,
20,neuron_activation,Hallucinations_vs_Factual,10053,0.6653623580932617,0.11788423359394073,-0.13924875855445862,,
20,neuron_activation,Hallucinations_vs_Factual,9274,0.6519040465354919,0.13520002365112305,-0.047253988683223724,,
20,neuron_activation,Hallucinations_vs_Factual,10305,0.6317200064659119,0.02781081572175026,-0.07895046472549438,,
20,neuron_activation,Hallucinations_vs_Factual,14222,0.6092904210090637,0.1071142926812172,-0.010946670547127724,,
20,neuron_activation,Hallucinations_vs_Factual,373,0.5553748607635498,0.05158837512135506,-0.04274013265967369,,
20,neuron_activation,Hallucinations_vs_Factual,861,0.521510124206543,0.06579306721687317,-0.028598690405488014,,
20,neuron_activation,Hallucinations_vs_Factual,1359,0.5172055959701538,-0.18870319426059723,-0.3126913905143738,,
20,neuron_activation,Hallucinations_vs_Factual,3182,0.5112539529800415,0.22780342400074005,-0.1304323971271515,,
20,neuron_activation,Hallucinations_vs_Factual,7486,0.5091168880462646,0.01902289316058159,-0.2557834982872009,,
20,neuron_activation,Hallucinations_vs_Factual,9537,0.5060308575630188,0.31417661905288696,-0.02565009705722332,,
21,neuron_activation,Impossible_vs_Factual,1941,0.95570969581604,0.007807117886841297,-0.5310123562812805,,
21,neuron_activation,Impossible_vs_Factual,3386,0.8548458218574524,0.1634020358324051,0.004999929573386908,,
21,neuron_activation,Impossible_vs_Factual,5268,0.7987728118896484,0.24915994703769684,0.11580134928226471,,
21,neuron_activation,Impossible_vs_Factual,11237,0.795158326625824,0.2992905080318451,0.0843239575624466,,
21,neuron_activation,Impossible_vs_Factual,251,0.786782443523407,0.2141684591770172,-0.010734193958342075,,
21,neuron_activation,Impossible_vs_Factual,6655,0.7744548916816711,0.07358411699533463,-0.0651603639125824,,
21,neuron_activation,Impossible_vs_Factual,4939,0.7683225274085999,0.5066071152687073,-0.07691042870283127,,
21,neuron_activation,Impossible_vs_Factual,12007,0.7450720071792603,0.3842836618423462,-0.35930171608924866,,
21,neuron_activation,Impossible_vs_Factual,14104,0.7364042401313782,0.30828630924224854,0.09140196442604065,,
21,neuron_activation,Impossible_vs_Factual,1553,0.7299081087112427,0.019965877756476402,-0.18872472643852234,,
21,neuron_activation,Hallucinations_vs_Factual,2471,0.7149143218994141,0.18353909254074097,-0.24038836359977722,,
21,neuron_activation,Hallucinations_vs_Factual,1553,0.6805391311645508,0.007859150879085064,-0.18872472643852234,,
21,neuron_activation,Hallucinations_vs_Factual,12007,0.6401907801628113,0.271708220243454,-0.35930171608924866,,
21,neuron_activation,Hallucinations_vs_Factual,1941,0.5901477932929993,-0.1968851238489151,-0.5310123562812805,,
21,neuron_activation,Hallucinations_vs_Factual,3386,0.5741369128227234,0.14279313385486603,0.004999929573386908,,
21,neuron_activation,Hallucinations_vs_Factual,11342,0.5550829768180847,0.2881784737110138,-0.043614424765110016,,
21,neuron_activation,Hallucinations_vs_Factual,2514,0.507578432559967,0.08384259790182114,-0.4989008903503418,,
21,neuron_activation,Hallucinations_vs_Factual,3721,0.507014811038971,0.7555672526359558,0.5273531675338745,,
21,neuron_activation,Hallucinations_vs_Factual,13931,0.5039420127868652,0.0004703147860709578,-0.09607090055942535,,
21,neuron_activation,Hallucinations_vs_Factual,11534,0.4915410578250885,0.04765934497117996,-0.08081069588661194,,
22,neuron_activation,Impossible_vs_Factual,13384,0.9843475818634033,0.37685707211494446,0.004073851741850376,,
22,neuron_activation,Impossible_vs_Factual,11813,0.7578071355819702,0.7938406467437744,0.1985580176115036,,
22,neuron_activation,Impossible_vs_Factual,11826,0.7512907981872559,0.19488351047039032,0.028192946687340736,,
22,neuron_activation,Impossible_vs_Factual,4719,0.726543128490448,0.21193231642246246,0.03666174039244652,,
22,neuron_activation,Impossible_vs_Factual,6623,0.7119420170783997,0.4589531123638153,0.2884296476840973,,
22,neuron_activation,Impossible_vs_Factual,10720,0.6873543858528137,0.16498422622680664,0.010387909598648548,,
22,neuron_activation,Impossible_vs_Factual,9197,0.6805410385131836,0.08278214931488037,-0.05590682104229927,,
22,neuron_activation,Impossible_vs_Factual,14298,0.6772237420082092,0.13636182248592377,-0.0023199713323265314,,
22,neuron_activation,Impossible_vs_Factual,10765,0.6632262468338013,0.06802251189947128,-0.09368161112070084,,
22,neuron_activation,Impossible_vs_Factual,2939,0.6566686034202576,0.11392167955636978,-0.011194455437362194,,
22,neuron_activation,Hallucinations_vs_Factual,1491,0.563811719417572,0.4447901248931885,-0.016775930300354958,,
22,neuron_activation,Hallucinations_vs_Factual,10948,0.5577971339225769,0.1633308231830597,-0.04418237879872322,,
22,neuron_activation,Hallucinations_vs_Factual,5834,0.5160620212554932,0.21161587536334991,0.10771102458238602,,
22,neuron_activation,Hallucinations_vs_Factual,5587,0.506609320640564,0.0030909101478755474,-0.14173069596290588,,
22,neuron_activation,Hallucinations_vs_Factual,2193,0.4972117841243744,0.15038760006427765,-0.052152153104543686,,
22,neuron_activation,Hallucinations_vs_Factual,13436,0.48693710565567017,-0.15512306988239288,-0.7961910367012024,,
22,neuron_activation,Hallucinations_vs_Factual,862,0.4761527180671692,-0.05321044847369194,-0.21319462358951569,,
22,neuron_activation,Hallucinations_vs_Factual,3589,0.4742700755596161,0.009834470227360725,-0.06933077424764633,,
22,neuron_activation,Hallucinations_vs_Factual,13874,0.45945069193840027,0.21797604858875275,0.0857781320810318,,
22,neuron_activation,Hallucinations_vs_Factual,5624,0.44581088423728943,0.14675217866897583,0.07008630782365799,,
23,neuron_activation,Impossible_vs_Factual,12780,0.7562187314033508,0.6899664998054504,-0.08830394595861435,,
23,neuron_activation,Impossible_vs_Factual,10582,0.7209727168083191,0.03240862116217613,-0.46168282628059387,,
23,neuron_activation,Impossible_vs_Factual,7571,0.6928096413612366,0.2670658230781555,0.002345581538975239,,
23,neuron_activation,Impossible_vs_Factual,11041,0.6923230886459351,0.7479006052017212,0.5535366535186768,,
23,neuron_activation,Impossible_vs_Factual,8117,0.6739922165870667,0.1684766262769699,0.030028099194169044,,
23,neuron_activation,Impossible_vs_Factual,8166,0.6724636554718018,0.11186639964580536,-0.0530373640358448,,
23,neuron_activation,Impossible_vs_Factual,12861,0.6611486077308655,0.19584044814109802,0.060187917202711105,,
23,neuron_activation,Impossible_vs_Factual,11447,0.6344414353370667,0.08944199979305267,-0.03321797400712967,,
23,neuron_activation,Impossible_vs_Factual,7846,0.6255629658699036,0.7207052707672119,0.5608068108558655,,
23,neuron_activation,Impossible_vs_Factual,1333,0.618328332901001,-0.01599380187690258,-0.4787725508213043,,
23,neuron_activation,Hallucinations_vs_Factual,12780,0.6894808411598206,0.5890503525733948,-0.08830394595861435,,
23,neuron_activation,Hallucinations_vs_Factual,14120,0.5507698059082031,1.672093152999878,0.1374434381723404,,
23,neuron_activation,Hallucinations_vs_Factual,1333,0.549380898475647,-0.024341434240341187,-0.4787725508213043,,
23,neuron_activation,Hallucinations_vs_Factual,11041,0.5417090654373169,0.7021562457084656,0.5535366535186768,,
23,neuron_activation,Hallucinations_vs_Factual,12665,0.45571649074554443,0.025458356365561485,-0.06446761637926102,,
23,neuron_activation,Hallucinations_vs_Factual,14246,0.44854673743247986,-0.022496098652482033,-0.11835852265357971,,
23,neuron_activation,Hallucinations_vs_Factual,12136,0.43636026978492737,0.00047591899055987597,-0.09025831520557404,,
23,neuron_activation,Hallucinations_vs_Factual,1875,0.42245665192604065,0.01512192189693451,-0.08758173882961273,,
23,neuron_activation,Hallucinations_vs_Factual,264,0.41924723982810974,0.008591200225055218,-0.08824760466814041,,
23,neuron_activation,Hallucinations_vs_Factual,10582,0.4115705192089081,-0.1669539213180542,-0.46168282628059387,,
24,neuron_activation,Impossible_vs_Factual,12259,0.6569302082061768,0.158017098903656,0.011931702494621277,,
24,neuron_activation,Impossible_vs_Factual,6297,0.6255357265472412,0.17294004559516907,0.005492452532052994,,
24,neuron_activation,Impossible_vs_Factual,3517,0.6234738230705261,0.7466204166412354,0.5675275325775146,,
24,neuron_activation,Impossible_vs_Factual,6974,0.6225417852401733,0.22945280373096466,0.06879939138889313,,
24,neuron_activation,Impossible_vs_Factual,8995,0.5879967212677002,0.9654543399810791,-0.05670056492090225,,
24,neuron_activation,Impossible_vs_Factual,9576,0.5718376636505127,0.25930094718933105,0.043569691479206085,,
24,neuron_activation,Impossible_vs_Factual,10237,0.5663761496543884,0.43080756068229675,0.28091514110565186,,
24,neuron_activation,Impossible_vs_Factual,9567,0.5566816329956055,0.44291654229164124,0.2560633420944214,,
24,neuron_activation,Impossible_vs_Factual,242,0.5512927174568176,-0.011182431131601334,-0.12897759675979614,,
24,neuron_activation,Impossible_vs_Factual,130,0.5510169267654419,0.6460627913475037,0.33272698521614075,,
24,neuron_activation,Hallucinations_vs_Factual,12907,0.5052589178085327,0.06996152549982071,-0.04783106967806816,,
24,neuron_activation,Hallucinations_vs_Factual,4323,0.4986262023448944,-0.04197714477777481,-0.14639787375926971,,
24,neuron_activation,Hallucinations_vs_Factual,10202,0.4206662178039551,0.10551164299249649,-0.02751583233475685,,
24,neuron_activation,Hallucinations_vs_Factual,12059,0.4074384570121765,0.01507057249546051,-0.07317263633012772,,
24,neuron_activation,Hallucinations_vs_Factual,7879,0.405099093914032,0.07931536436080933,-0.024908291175961494,,
24,neuron_activation,Hallucinations_vs_Factual,9122,0.385074645280838,0.005975036881864071,-0.07750802487134933,,
24,neuron_activation,Hallucinations_vs_Factual,7023,0.38336431980133057,0.24694593250751495,0.1558864563703537,,
24,neuron_activation,Hallucinations_vs_Factual,8228,0.38310495018959045,0.006671638693660498,-0.08566083014011383,,
24,neuron_activation,Hallucinations_vs_Factual,9161,0.3775513470172882,-0.04781268909573555,-0.22822800278663635,,
24,neuron_activation,Hallucinations_vs_Factual,4926,0.3699517846107483,0.0375119186937809,-0.075103260576725,,
25,neuron_activation,Impossible_vs_Factual,3151,0.7310400009155273,0.3456242084503174,0.07042088359594345,,
25,neuron_activation,Impossible_vs_Factual,8893,0.7003072500228882,0.3538369834423065,0.1674303412437439,,
25,neuron_activation,Impossible_vs_Factual,2656,0.6878921389579773,0.20983992516994476,0.05965011566877365,,
25,neuron_activation,Impossible_vs_Factual,8125,0.6651977300643921,-0.0073397099040448666,-0.17290937900543213,,
25,neuron_activation,Impossible_vs_Factual,4158,0.6601302027702332,0.26906999945640564,0.15402616560459137,,
25,neuron_activation,Impossible_vs_Factual,3025,0.657345175743103,0.12583856284618378,-0.05841871351003647,,
25,neuron_activation,Impossible_vs_Factual,10449,0.6513059139251709,0.2706928551197052,-0.01139907632023096,,
25,neuron_activation,Impossible_vs_Factual,7742,0.6463250517845154,0.08676520735025406,-0.5361692309379578,,
25,neuron_activation,Impossible_vs_Factual,48,0.6355631947517395,0.026924559846520424,-0.16734212636947632,,
25,neuron_activation,Impossible_vs_Factual,8369,0.6253085136413574,0.0538957417011261,-0.3273705244064331,,
25,neuron_activation,Hallucinations_vs_Factual,3151,0.6119769811630249,0.26778170466423035,0.07042088359594345,,
25,neuron_activation,Hallucinations_vs_Factual,13190,0.563775897026062,0.28660741448402405,-0.745273768901825,,
25,neuron_activation,Hallucinations_vs_Factual,48,0.5453788042068481,0.0021995834540575743,-0.16734212636947632,,
25,neuron_activation,Hallucinations_vs_Factual,7646,0.5013749599456787,0.09707246720790863,-0.035940177738666534,,
25,neuron_activation,Hallucinations_vs_Factual,12176,0.4757726490497589,-0.040838003158569336,-0.1688978224992752,,
25,neuron_activation,Hallucinations_vs_Factual,1254,0.4572063088417053,-0.03202894330024719,-0.12942366302013397,,
25,neuron_activation,Hallucinations_vs_Factual,11578,0.42952048778533936,0.028125165030360222,-0.08548954129219055,,
25,neuron_activation,Hallucinations_vs_Factual,7648,0.42786404490470886,-0.014878494665026665,-0.13417601585388184,,
25,neuron_activation,Hallucinations_vs_Factual,3280,0.4069651961326599,0.20497792959213257,-0.06349465250968933,,
25,neuron_activation,Hallucinations_vs_Factual,7742,0.3960517644882202,-0.11809118092060089,-0.5361692309379578,,
26,neuron_activation,Impossible_vs_Factual,6430,0.7193723320960999,0.30120790004730225,0.10087034851312637,,
26,neuron_activation,Impossible_vs_Factual,5539,0.6728100180625916,-0.09312465041875839,-0.31242284178733826,,
26,neuron_activation,Impossible_vs_Factual,11377,0.6623961329460144,0.6619560718536377,-0.4025581479072571,,
26,neuron_activation,Impossible_vs_Factual,8377,0.6023409366607666,0.10412603616714478,-0.033634211868047714,,
26,neuron_activation,Impossible_vs_Factual,10181,0.5991684794425964,0.4293704926967621,-0.20131748914718628,,
26,neuron_activation,Impossible_vs_Factual,565,0.5963017344474792,0.20941586792469025,0.09226149320602417,,
26,neuron_activation,Impossible_vs_Factual,8174,0.595477819442749,0.1320410817861557,-0.020077764987945557,,
26,neuron_activation,Impossible_vs_Factual,13807,0.5867666006088257,0.09608864039182663,-0.01258599478751421,,
26,neuron_activation,Impossible_vs_Factual,9822,0.5779064297676086,-0.27595606446266174,-0.382634699344635,,
26,neuron_activation,Impossible_vs_Factual,3106,0.5740938186645508,0.129338800907135,-0.007354268804192543,,
26,neuron_activation,Hallucinations_vs_Factual,10181,0.5947737693786621,0.5169034004211426,-0.20131748914718628,,
26,neuron_activation,Hallucinations_vs_Factual,10731,0.45095300674438477,-0.029555262997746468,-0.14459510147571564,,
26,neuron_activation,Hallucinations_vs_Factual,3150,0.4302448034286499,0.018014468252658844,-0.07215049117803574,,
26,neuron_activation,Hallucinations_vs_Factual,7995,0.42927423119544983,0.05152513459324837,-0.03624121844768524,,
26,neuron_activation,Hallucinations_vs_Factual,7608,0.39845526218414307,0.17260360717773438,-0.6011450886726379,,
26,neuron_activation,Hallucinations_vs_Factual,11059,0.39746928215026855,0.27983522415161133,0.16766329109668732,,
26,neuron_activation,Hallucinations_vs_Factual,340,0.3905718922615051,-0.023077242076396942,-0.28531432151794434,,
26,neuron_activation,Hallucinations_vs_Factual,12910,0.37013837695121765,0.06386122852563858,-0.014242209494113922,,
26,neuron_activation,Hallucinations_vs_Factual,11377,0.35998186469078064,0.09870152920484543,-0.4025581479072571,,
26,neuron_activation,Hallucinations_vs_Factual,13409,0.35991817712783813,0.14913207292556763,0.05384480580687523,,
27,neuron_activation,Impossible_vs_Factual,7683,1.022748351097107,0.01841012015938759,-0.3904320001602173,,
27,neuron_activation,Impossible_vs_Factual,741,1.0061652660369873,-0.5415570139884949,-2.8550353050231934,,
27,neuron_activation,Impossible_vs_Factual,189,0.8107824325561523,-0.0827593132853508,-0.7441606521606445,,
27,neuron_activation,Impossible_vs_Factual,2994,0.7786138653755188,0.04639141261577606,-0.9790854454040527,,
27,neuron_activation,Impossible_vs_Factual,13319,0.7269288897514343,0.5845087170600891,0.28215157985687256,,
27,neuron_activation,Impossible_vs_Factual,8133,0.7079616189002991,0.23205700516700745,-0.008612480014562607,,
27,neuron_activation,Impossible_vs_Factual,4501,0.6435673236846924,0.18187201023101807,0.03094831481575966,,
27,neuron_activation,Impossible_vs_Factual,2639,0.6391012072563171,-0.14428992569446564,-0.3599453568458557,,
27,neuron_activation,Impossible_vs_Factual,12614,0.6303476691246033,0.2494964897632599,0.06738755851984024,,
27,neuron_activation,Impossible_vs_Factual,11686,0.6294785737991333,-0.12824037671089172,-0.32253730297088623,,
27,neuron_activation,Hallucinations_vs_Factual,7683,0.841187059879303,0.15940073132514954,-0.3904320001602173,,
27,neuron_activation,Hallucinations_vs_Factual,189,0.7486480474472046,-0.07005371898412704,-0.7441606521606445,,
27,neuron_activation,Hallucinations_vs_Factual,2994,0.65425044298172,-0.11054543405771255,-0.9790854454040527,,
27,neuron_activation,Hallucinations_vs_Factual,5935,0.5775721669197083,-0.10288519412279129,-0.23272472620010376,,
27,neuron_activation,Hallucinations_vs_Factual,741,0.5305728316307068,-1.4702856540679932,-2.8550353050231934,,
27,neuron_activation,Hallucinations_vs_Factual,1720,0.5230131149291992,-0.07930589467287064,-0.7081161141395569,,
27,neuron_activation,Hallucinations_vs_Factual,8646,0.5228890776634216,0.13500429689884186,-0.21758568286895752,,
27,neuron_activation,Hallucinations_vs_Factual,9125,0.5110684633255005,-0.3492403030395508,-0.7226439714431763,,
27,neuron_activation,Hallucinations_vs_Factual,7897,0.5058479309082031,-0.5106229186058044,-0.653874933719635,,
27,neuron_activation,Hallucinations_vs_Factual,12535,0.49034446477890015,-0.03195704519748688,-0.13276909291744232,,
28,neuron_activation,Impossible_vs_Factual,6236,0.938099205493927,-0.02312958799302578,-1.3872432708740234,,
28,neuron_activation,Impossible_vs_Factual,2530,0.8907384872436523,4.274643421173096,1.8245929479599,,
28,neuron_activation,Impossible_vs_Factual,1579,0.8895895481109619,0.5209503173828125,0.1686791181564331,,
28,neuron_activation,Impossible_vs_Factual,9525,0.8448294997215271,0.32790952920913696,0.05879537761211395,,
28,neuron_activation,Impossible_vs_Factual,404,0.7491457462310791,-0.08525403589010239,-1.5502904653549194,,
28,neuron_activation,Impossible_vs_Factual,11692,0.7367870807647705,0.692599892616272,-2.9058187007904053,,
28,neuron_activation,Impossible_vs_Factual,10089,0.7210505604743958,-0.03061523661017418,-0.3431466519832611,,
28,neuron_activation,Impossible_vs_Factual,2770,0.7044905424118042,-0.04259856045246124,-0.5252751111984253,,
28,neuron_activation,Impossible_vs_Factual,13332,0.6863143444061279,-0.2486083209514618,-0.5064794421195984,,
28,neuron_activation,Impossible_vs_Factual,4877,0.6793690323829651,0.5843120813369751,0.2875560224056244,,
28,neuron_activation,Hallucinations_vs_Factual,2504,0.7147861123085022,0.5816620588302612,-1.3765935897827148,,
28,neuron_activation,Hallucinations_vs_Factual,3601,0.6996409296989441,0.3341316878795624,-0.011119883507490158,,
28,neuron_activation,Hallucinations_vs_Factual,6236,0.6505905389785767,-0.26971498131752014,-1.3872432708740234,,
28,neuron_activation,Hallucinations_vs_Factual,10880,0.6286928057670593,0.38417288661003113,-0.22909799218177795,,
28,neuron_activation,Hallucinations_vs_Factual,12996,0.5595141053199768,0.3532034456729889,0.03718370199203491,,
28,neuron_activation,Hallucinations_vs_Factual,13597,0.5125594139099121,0.10587147623300552,-0.01992044411599636,,
28,neuron_activation,Hallucinations_vs_Factual,404,0.5024111270904541,-0.33632373809814453,-1.5502904653549194,,
28,neuron_activation,Hallucinations_vs_Factual,10909,0.5022922158241272,0.09123606234788895,-0.04883017763495445,,
28,neuron_activation,Hallucinations_vs_Factual,1758,0.5002715587615967,0.349809467792511,0.1630285531282425,,
28,neuron_activation,Hallucinations_vs_Factual,7432,0.4992291331291199,-0.17643652856349945,-0.2864566445350647,,
29,neuron_activation,Impossible_vs_Factual,6822,1.1166274547576904,0.009234996512532234,-0.3220617175102234,,
29,neuron_activation,Impossible_vs_Factual,13760,0.9416643381118774,0.32990142703056335,-0.018624888733029366,,
29,neuron_activation,Impossible_vs_Factual,10137,0.827456533908844,-0.03943902254104614,-0.22975249588489532,,
29,neuron_activation,Impossible_vs_Factual,114,0.789037823677063,-0.4065026640892029,-2.4977598190307617,,
29,neuron_activation,Impossible_vs_Factual,11387,0.7279600501060486,0.17023523151874542,0.03812723979353905,,
29,neuron_activation,Impossible_vs_Factual,9008,0.7235354781150818,-2.08353328704834,-5.334496974945068,,
29,neuron_activation,Impossible_vs_Factual,5466,0.6778377890586853,0.27668580412864685,-0.210613414645195,,
29,neuron_activation,Impossible_vs_Factual,12345,0.6774015426635742,0.2339320331811905,0.042131513357162476,,
29,neuron_activation,Impossible_vs_Factual,1308,0.676580548286438,0.45587101578712463,0.299381822347641,,
29,neuron_activation,Impossible_vs_Factual,517,0.6695389151573181,0.5328258872032166,-0.8201673626899719,,
29,neuron_activation,Hallucinations_vs_Factual,6822,1.0161986351013184,0.016226429492235184,-0.3220617175102234,,
29,neuron_activation,Hallucinations_vs_Factual,114,0.6987402439117432,-0.509672224521637,-2.4977598190307617,,
29,neuron_activation,Hallucinations_vs_Factual,9008,0.6832202672958374,-1.7161178588867188,-5.334496974945068,,
29,neuron_activation,Hallucinations_vs_Factual,13870,0.630192756652832,0.1941620111465454,-0.04295400157570839,,
29,neuron_activation,Hallucinations_vs_Factual,9283,0.6269590258598328,0.3397916853427887,0.16199643909931183,,
29,neuron_activation,Hallucinations_vs_Factual,10897,0.57835453748703,-0.16678796708583832,-0.32298240065574646,,
29,neuron_activation,Hallucinations_vs_Factual,4213,0.5510079860687256,-0.09591419249773026,-1.2794016599655151,,
29,neuron_activation,Hallucinations_vs_Factual,12255,0.5396093130111694,0.23527324199676514,0.09491670876741409,,
29,neuron_activation,Hallucinations_vs_Factual,2063,0.5224263668060303,-1.3160895109176636,-3.2230660915374756,,
29,neuron_activation,Hallucinations_vs_Factual,494,0.5155112743377686,-0.058946579694747925,-0.6818556785583496,,
30,neuron_activation,Impossible_vs_Factual,8666,1.006866216659546,1.154883623123169,-1.2213006019592285,,
30,neuron_activation,Impossible_vs_Factual,1060,0.7528648376464844,3.6698038578033447,2.0781567096710205,,
30,neuron_activation,Impossible_vs_Factual,1392,0.7431230545043945,0.6608129739761353,-0.42242008447647095,,
30,neuron_activation,Impossible_vs_Factual,12343,0.7249311804771423,0.017917467281222343,-1.42746901512146,,
30,neuron_activation,Impossible_vs_Factual,8385,0.724542498588562,0.9437789916992188,0.0944330170750618,,
30,neuron_activation,Impossible_vs_Factual,4505,0.722001314163208,1.556428074836731,0.3005896210670471,,
30,neuron_activation,Impossible_vs_Factual,9571,0.7090209722518921,0.015167956240475178,-0.17699487507343292,,
30,neuron_activation,Impossible_vs_Factual,9713,0.6927704215049744,0.38222992420196533,0.2094477117061615,,
30,neuron_activation,Impossible_vs_Factual,13685,0.677740752696991,0.12332697957754135,-0.05049627274274826,,
30,neuron_activation,Impossible_vs_Factual,3704,0.6757047176361084,0.7829055786132812,-0.050542306154966354,,
30,neuron_activation,Hallucinations_vs_Factual,8666,0.6634500026702881,0.5440583825111389,-1.2213006019592285,,
30,neuron_activation,Hallucinations_vs_Factual,1060,0.6588654518127441,3.4691426753997803,2.0781567096710205,,
30,neuron_activation,Hallucinations_vs_Factual,43,0.6440126299858093,0.030458809807896614,-0.13937918841838837,,
30,neuron_activation,Hallucinations_vs_Factual,2180,0.6411471366882324,0.13083574175834656,-0.08854913711547852,,
30,neuron_activation,Hallucinations_vs_Factual,1672,0.5968366861343384,0.16423217952251434,0.0075613935478031635,,
30,neuron_activation,Hallucinations_vs_Factual,13068,0.5664497017860413,0.2727092504501343,0.12886296212673187,,
30,neuron_activation,Hallucinations_vs_Factual,11806,0.5535849332809448,0.009359033778309822,-0.16875040531158447,,
30,neuron_activation,Hallucinations_vs_Factual,1442,0.5491926670074463,0.2230534553527832,-0.3116292953491211,,
30,neuron_activation,Hallucinations_vs_Factual,4494,0.5490691661834717,-0.0700928121805191,-0.2329988181591034,,
30,neuron_activation,Hallucinations_vs_Factual,5574,0.5357206463813782,-0.1579355001449585,-0.3590691387653351,,
31,neuron_activation,Impossible_vs_Factual,6269,0.8991739749908447,-0.33477455377578735,-2.7883591651916504,,
31,neuron_activation,Impossible_vs_Factual,12696,0.7426554560661316,0.49691054224967957,0.07025937736034393,,
31,neuron_activation,Impossible_vs_Factual,9582,0.7336946129798889,1.2150483131408691,-0.025717295706272125,,
31,neuron_activation,Impossible_vs_Factual,6287,0.7330988049507141,0.8869724273681641,0.6554533839225769,,
31,neuron_activation,Impossible_vs_Factual,13532,0.7212316989898682,0.41468048095703125,-0.6120786070823669,,
31,neuron_activation,Impossible_vs_Factual,12758,0.7148907780647278,0.3284757435321808,-0.6804714202880859,,
31,neuron_activation,Impossible_vs_Factual,1322,0.7139019966125488,0.017715509980916977,-0.2502591609954834,,
31,neuron_activation,Impossible_vs_Factual,13153,0.7112956047058105,0.3309679925441742,-0.854148268699646,,
31,neuron_activation,Impossible_vs_Factual,13369,0.7105432152748108,-0.26937153935432434,-0.46239548921585083,,
31,neuron_activation,Impossible_vs_Factual,6177,0.7080599069595337,0.3700697720050812,-0.7064442038536072,,
31,neuron_activation,Hallucinations_vs_Factual,5326,0.6796427965164185,-0.5998268723487854,-1.268650770187378,,
31,neuron_activation,Hallucinations_vs_Factual,5143,0.6730149388313293,0.340816468000412,0.2111484408378601,,
31,neuron_activation,Hallucinations_vs_Factual,13490,0.6352143287658691,3.4208455085754395,1.150835633277893,,
31,neuron_activation,Hallucinations_vs_Factual,3718,0.6213569641113281,0.15340204536914825,-0.719731867313385,,
31,neuron_activation,Hallucinations_vs_Factual,268,0.5963704586029053,0.11179252713918686,-0.2491775006055832,,
31,neuron_activation,Hallucinations_vs_Factual,563,0.5872429609298706,-0.32801514863967896,-0.4862891137599945,,
31,neuron_activation,Hallucinations_vs_Factual,6269,0.582810640335083,-0.5940437912940979,-2.7883591651916504,,
31,neuron_activation,Hallucinations_vs_Factual,6048,0.5813756585121155,2.5136125087738037,0.8942049741744995,,
31,neuron_activation,Hallucinations_vs_Factual,2213,0.5802111029624939,-0.2621171474456787,-0.9501681923866272,,
31,neuron_activation,Hallucinations_vs_Factual,14007,0.5754461288452148,-0.1557762771844864,-0.33246296644210815,,
0,head_entropy,Impossible_vs_Factual,17,0.04470348358154297,,,1.9150936603546143,1.8703901767730713
0,head_entropy,Impossible_vs_Factual,7,0.03318363428115845,,,0.43815237283706665,0.4049687385559082
0,head_entropy,Impossible_vs_Factual,18,0.029859185218811035,,,1.7619532346725464,1.7320940494537354
0,head_entropy,Impossible_vs_Factual,16,0.028788089752197266,,,2.158944606781006,2.1301565170288086
0,head_entropy,Impossible_vs_Factual,20,-0.024332135915756226,,,0.4978749454021454,0.5222070813179016
0,head_entropy,Impossible_vs_Factual,9,0.022976696491241455,,,0.6105507016181946,0.5875740051269531
0,head_entropy,Impossible_vs_Factual,6,0.022666096687316895,,,0.3216153085231781,0.2989492118358612
0,head_entropy,Impossible_vs_Factual,19,0.02221822738647461,,,2.6817500591278076,2.659531831741333
0,head_entropy,Impossible_vs_Factual,14,0.021500110626220703,,,2.5824379920959473,2.5609378814697266
0,head_entropy,Impossible_vs_Factual,22,0.020906567573547363,,,1.964593768119812,1.9436872005462646
0,head_entropy,Hallucinations_vs_Factual,24,0.24714088439941406,,,2.002859592437744,1.75571870803833
0,head_entropy,Hallucinations_vs_Factual,17,0.24653220176696777,,,2.116922378540039,1.8703901767730713
0,head_entropy,Hallucinations_vs_Factual,28,0.22428083419799805,,,1.6736873388290405,1.4494065046310425
0,head_entropy,Hallucinations_vs_Factual,19,0.22190499305725098,,,2.881436824798584,2.659531831741333
0,head_entropy,Hallucinations_vs_Factual,14,0.20474982261657715,,,2.7656877040863037,2.5609378814697266
0,head_entropy,Hallucinations_vs_Factual,22,0.18123459815979004,,,2.1249217987060547,1.9436872005462646
0,head_entropy,Hallucinations_vs_Factual,27,0.17687523365020752,,,1.5882811546325684,1.4114059209823608
0,head_entropy,Hallucinations_vs_Factual,26,0.1379988193511963,,,2.4935617446899414,2.355562925338745
0,head_entropy,Hallucinations_vs_Factual,18,0.1332341432571411,,,1.8653281927108765,1.7320940494537354
0,head_entropy,Hallucinations_vs_Factual,25,0.12882840633392334,,,1.6319221258163452,1.5030937194824219
1,head_entropy,Impossible_vs_Factual,28,0.04589033126831055,,,1.4737030267715454,1.4278126955032349
1,head_entropy,Impossible_vs_Factual,30,0.04073435068130493,,,0.8505703806877136,0.8098360300064087
1,head_entropy,Impossible_vs_Factual,5,0.03176966309547424,,,0.5290665030479431,0.49729683995246887
1,head_entropy,Impossible_vs_Factual,31,0.0169222354888916,,,1.508500099182129,1.4915778636932373
1,head_entropy,Impossible_vs_Factual,22,0.011695444583892822,,,0.8851953744888306,0.8734999299049377
1,head_entropy,Impossible_vs_Factual,6,0.011328458786010742,,,1.2664847373962402,1.2551562786102295
1,head_entropy,Impossible_vs_Factual,23,0.011140704154968262,,,0.8581640720367432,0.8470233678817749
1,head_entropy,Impossible_vs_Factual,29,0.01038283109664917,,,0.40839841961860657,0.3980155885219574
1,head_entropy,Impossible_vs_Factual,27,0.010366976261138916,,,0.5499138236045837,0.5395468473434448
1,head_entropy,Impossible_vs_Factual,12,-0.008504092693328857,,,0.48974987864494324,0.4982539713382721
1,head_entropy,Hallucinations_vs_Factual,5,0.14334383606910706,,,0.6406406760215759,0.49729683995246887
1,head_entropy,Hallucinations_vs_Factual,28,0.13431239128112793,,,1.5621250867843628,1.4278126955032349
1,head_entropy,Hallucinations_vs_Factual,6,0.1233983039855957,,,1.3785545825958252,1.2551562786102295
1,head_entropy,Hallucinations_vs_Factual,29,0.059937506914138794,,,0.4579530954360962,0.3980155885219574
1,head_entropy,Hallucinations_vs_Factual,31,0.05071914196014404,,,1.5422970056533813,1.4915778636932373
1,head_entropy,Hallucinations_vs_Factual,9,0.04997652769088745,,,1.047304630279541,0.9973281025886536
1,head_entropy,Hallucinations_vs_Factual,30,0.047570109367370605,,,0.8574061393737793,0.8098360300064087
1,head_entropy,Hallucinations_vs_Factual,24,0.03309363126754761,,,0.6039685606956482,0.5708749294281006
1,head_entropy,Hallucinations_vs_Factual,23,-0.027820229530334473,,,0.8192031383514404,0.8470233678817749
1,head_entropy,Hallucinations_vs_Factual,4,0.023711085319519043,,,0.6762188673019409,0.6525077819824219
2,head_entropy,Impossible_vs_Factual,15,0.029859185218811035,,,1.2253278493881226,1.1954686641693115
2,head_entropy,Impossible_vs_Factual,14,0.028289198875427246,,,0.8601562976837158,0.8318670988082886
2,head_entropy,Impossible_vs_Factual,18,0.016250133514404297,,,0.905195415019989,0.8889452815055847
2,head_entropy,Impossible_vs_Factual,0,-0.014624476432800293,,,1.3283597230911255,1.3429841995239258
2,head_entropy,Impossible_vs_Factual,21,0.014413833618164062,,,0.9495701789855957,0.9351563453674316
2,head_entropy,Impossible_vs_Factual,25,-0.014343857765197754,,,1.0268362760543823,1.04118013381958
2,head_entropy,Impossible_vs_Factual,19,-0.011265695095062256,,,0.9488593935966492,0.9601250886917114
2,head_entropy,Impossible_vs_Factual,13,0.008718788623809814,,,0.7327266931533813,0.7240079045295715
2,head_entropy,Impossible_vs_Factual,9,0.008257806301116943,,,0.826624870300293,0.818367063999176
2,head_entropy,Impossible_vs_Factual,10,-0.0074841976165771484,,,1.048757791519165,1.0562419891357422
2,head_entropy,Hallucinations_vs_Factual,15,0.19904732704162598,,,1.3945159912109375,1.1954686641693115
2,head_entropy,Hallucinations_vs_Factual,12,0.07346069812774658,,,1.0268200635910034,0.9533593654632568
2,head_entropy,Hallucinations_vs_Factual,13,0.061945199966430664,,,0.7859531044960022,0.7240079045295715
2,head_entropy,Hallucinations_vs_Factual,18,0.06157809495925903,,,0.9505233764648438,0.8889452815055847
2,head_entropy,Hallucinations_vs_Factual,21,0.05657815933227539,,,0.991734504699707,0.9351563453674316
2,head_entropy,Hallucinations_vs_Factual,3,0.05032849311828613,,,1.2412189245224,1.1908904314041138
2,head_entropy,Hallucinations_vs_Factual,14,0.048164188861846924,,,0.8800312876701355,0.8318670988082886
2,head_entropy,Hallucinations_vs_Factual,19,0.034773409366607666,,,0.9948984980583191,0.9601250886917114
2,head_entropy,Hallucinations_vs_Factual,2,0.026250004768371582,,,1.4350781440734863,1.4088281393051147
2,head_entropy,Hallucinations_vs_Factual,0,0.02576589584350586,,,1.3687500953674316,1.3429841995239258
3,head_entropy,Impossible_vs_Factual,19,0.051015496253967285,,,1.8358279466629028,1.7848124504089355
3,head_entropy,Impossible_vs_Factual,9,0.04049980640411377,,,1.1223750114440918,1.081875205039978
3,head_entropy,Impossible_vs_Factual,18,0.03539133071899414,,,2.0566253662109375,2.0212340354919434
3,head_entropy,Impossible_vs_Factual,23,0.033672332763671875,,,1.9016878604888916,1.8680155277252197
3,head_entropy,Impossible_vs_Factual,8,0.03168034553527832,,,1.0929456949234009,1.0612653493881226
3,head_entropy,Impossible_vs_Factual,10,0.02673470973968506,,,1.710031509399414,1.683296799659729
3,head_entropy,Impossible_vs_Factual,5,0.02212536334991455,,,1.3070778846740723,1.2849525213241577
3,head_entropy,Impossible_vs_Factual,25,0.02037489414215088,,,1.4897656440734863,1.4693907499313354
3,head_entropy,Impossible_vs_Factual,6,0.019530415534973145,,,1.157577633857727,1.138047218322754
3,head_entropy,Impossible_vs_Factual,7,0.018953442573547363,,,1.3204065561294556,1.3014531135559082
3,head_entropy,Hallucinations_vs_Factual,18,0.2239992618560791,,,2.2452332973480225,2.0212340354919434
3,head_entropy,Hallucinations_vs_Factual,23,0.1894228458404541,,,2.057438373565674,1.8680155277252197
3,head_entropy,Hallucinations_vs_Factual,19,0.18743717670440674,,,1.9722496271133423,1.7848124504089355
3,head_entropy,Hallucinations_vs_Factual,0,0.17285919189453125,,,1.6879374980926514,1.5150783061981201
3,head_entropy,Hallucinations_vs_Factual,20,0.1660783290863037,,,2.014437675476074,1.8483593463897705
3,head_entropy,Hallucinations_vs_Factual,21,0.11496889591217041,,,1.984562635421753,1.8695937395095825
3,head_entropy,Hallucinations_vs_Factual,10,0.11065614223480225,,,1.7939529418945312,1.683296799659729
3,head_entropy,Hallucinations_vs_Factual,1,0.10064065456390381,,,1.5017188787460327,1.401078224182129
3,head_entropy,Hallucinations_vs_Factual,3,0.09845280647277832,,,1.5379841327667236,1.4395313262939453
3,head_entropy,Hallucinations_vs_Factual,26,0.09814047813415527,,,1.9444531202316284,1.8463126420974731
4,head_entropy,Impossible_vs_Factual,10,0.09007847309112549,,,1.5795783996582031,1.4894999265670776
4,head_entropy,Impossible_vs_Factual,2,0.07243704795837402,,,1.4270153045654297,1.3545782566070557
4,head_entropy,Impossible_vs_Factual,28,0.062343597412109375,,,1.2727813720703125,1.2104377746582031
4,head_entropy,Impossible_vs_Factual,24,0.05682802200317383,,,1.663468837738037,1.6066408157348633
4,head_entropy,Impossible_vs_Factual,11,0.043671369552612305,,,1.6445155143737793,1.600844144821167
4,head_entropy,Impossible_vs_Factual,25,0.03248429298400879,,,1.2565935850143433,1.2241092920303345
4,head_entropy,Impossible_vs_Factual,9,0.026140332221984863,,,1.2722187042236328,1.246078372001648
4,head_entropy,Impossible_vs_Factual,4,-0.021999597549438477,,,1.4477031230926514,1.4697027206420898
4,head_entropy,Impossible_vs_Factual,27,-0.020476579666137695,,,1.0415936708450317,1.0620702505111694
4,head_entropy,Impossible_vs_Factual,31,0.019687771797180176,,,1.488484501838684,1.468796730041504
4,head_entropy,Hallucinations_vs_Factual,24,0.15639054775238037,,,1.7630313634872437,1.6066408157348633
4,head_entropy,Hallucinations_vs_Factual,10,0.1487189531326294,,,1.638218879699707,1.4894999265670776
4,head_entropy,Hallucinations_vs_Factual,9,0.12934339046478271,,,1.3754217624664307,1.246078372001648
4,head_entropy,Hallucinations_vs_Factual,31,0.12848472595214844,,,1.5972814559936523,1.468796730041504
4,head_entropy,Hallucinations_vs_Factual,6,0.11859512329101562,,,2.346548080444336,2.2279529571533203
4,head_entropy,Hallucinations_vs_Factual,1,0.09745335578918457,,,1.3853907585144043,1.2879374027252197
4,head_entropy,Hallucinations_vs_Factual,29,0.08868765830993652,,,1.685937523841858,1.5972498655319214
4,head_entropy,Hallucinations_vs_Factual,25,0.08353102207183838,,,1.3076403141021729,1.2241092920303345
4,head_entropy,Hallucinations_vs_Factual,22,0.07507014274597168,,,1.2481483221054077,1.173078179359436
4,head_entropy,Hallucinations_vs_Factual,5,0.06893765926361084,,,1.548468828201294,1.479531168937683
5,head_entropy,Impossible_vs_Factual,20,0.12019538879394531,,,1.0936719179153442,0.9734765291213989
5,head_entropy,Impossible_vs_Factual,26,0.08579659461975098,,,1.361125111579895,1.275328516960144
5,head_entropy,Impossible_vs_Factual,29,0.06457829475402832,,,1.8821405172348022,1.817562222480774
5,head_entropy,Impossible_vs_Factual,13,0.06387495994567871,,,2.1121253967285156,2.048250436782837
5,head_entropy,Impossible_vs_Factual,31,0.06164073944091797,,,1.9620939493179321,1.9004532098770142
5,head_entropy,Impossible_vs_Factual,1,0.06100010871887207,,,1.4397813081741333,1.3787811994552612
5,head_entropy,Impossible_vs_Factual,3,0.060765981674194336,,,1.3230239152908325,1.2622579336166382
5,head_entropy,Impossible_vs_Factual,8,0.05495309829711914,,,1.6896559000015259,1.6347028017044067
5,head_entropy,Impossible_vs_Factual,28,0.05324983596801758,,,1.5008593797683716,1.447609543800354
5,head_entropy,Impossible_vs_Factual,22,0.05013298988342285,,,2.0626718997955322,2.0125389099121094
5,head_entropy,Hallucinations_vs_Factual,31,0.24621808528900146,,,2.1466712951660156,1.9004532098770142
5,head_entropy,Hallucinations_vs_Factual,9,0.20562481880187988,,,2.2870311737060547,2.081406354904175
5,head_entropy,Hallucinations_vs_Factual,29,0.20035946369171143,,,2.0179216861724854,1.817562222480774
5,head_entropy,Hallucinations_vs_Factual,28,0.18732738494873047,,,1.6349369287490845,1.447609543800354
5,head_entropy,Hallucinations_vs_Factual,23,0.18279767036437988,,,2.302234649658203,2.1194369792938232
5,head_entropy,Hallucinations_vs_Factual,4,0.15631186962127686,,,2.0893118381500244,1.9329999685287476
5,head_entropy,Hallucinations_vs_Factual,7,0.1490631103515625,,,2.3600940704345703,2.211030960083008
5,head_entropy,Hallucinations_vs_Factual,27,0.1441558599472046,,,1.5406403541564941,1.3964844942092896
5,head_entropy,Hallucinations_vs_Factual,13,0.1413271427154541,,,2.189577579498291,2.048250436782837
5,head_entropy,Hallucinations_vs_Factual,8,0.1334066390991211,,,1.7681094408035278,1.6347028017044067
6,head_entropy,Impossible_vs_Factual,23,0.21078860759735107,,,1.2537341117858887,1.0429455041885376
6,head_entropy,Impossible_vs_Factual,14,0.1742534637451172,,,1.9900779724121094,1.8158245086669922
6,head_entropy,Impossible_vs_Factual,20,0.16871869564056396,,,1.8480937480926514,1.6793750524520874
6,head_entropy,Impossible_vs_Factual,21,0.15194547176361084,,,1.1476329565048218,0.9956874847412109
6,head_entropy,Impossible_vs_Factual,4,-0.1135627031326294,,,1.3429374694824219,1.4565001726150513
6,head_entropy,Impossible_vs_Factual,10,-0.10720348358154297,,,1.4802500009536743,1.5874534845352173
6,head_entropy,Impossible_vs_Factual,13,0.10330462455749512,,,1.1348985433578491,1.031593918800354
6,head_entropy,Impossible_vs_Factual,30,-0.09124970436096191,,,1.3212032318115234,1.4124529361724854
6,head_entropy,Impossible_vs_Factual,11,0.08449983596801758,,,1.446093201637268,1.3615933656692505
6,head_entropy,Impossible_vs_Factual,31,0.07901549339294434,,,1.4693591594696045,1.3903436660766602
6,head_entropy,Hallucinations_vs_Factual,14,0.2407069206237793,,,2.0565314292907715,1.8158245086669922
6,head_entropy,Hallucinations_vs_Factual,23,0.17868733406066895,,,1.2216328382492065,1.0429455041885376
6,head_entropy,Hallucinations_vs_Factual,11,0.1640939712524414,,,1.525687336921692,1.3615933656692505
6,head_entropy,Hallucinations_vs_Factual,20,0.15020322799682617,,,1.8295782804489136,1.6793750524520874
6,head_entropy,Hallucinations_vs_Factual,21,0.13722634315490723,,,1.1329138278961182,0.9956874847412109
6,head_entropy,Hallucinations_vs_Factual,31,0.09738278388977051,,,1.4877264499664307,1.3903436660766602
6,head_entropy,Hallucinations_vs_Factual,4,-0.08273422718048096,,,1.3737659454345703,1.4565001726150513
6,head_entropy,Hallucinations_vs_Factual,30,-0.08221840858459473,,,1.3302345275878906,1.4124529361724854
6,head_entropy,Hallucinations_vs_Factual,22,-0.06721866130828857,,,1.1613049507141113,1.2285236120224
6,head_entropy,Hallucinations_vs_Factual,13,0.058069825172424316,,,1.0896637439727783,1.031593918800354
7,head_entropy,Impossible_vs_Factual,1,0.19885170459747314,,,1.5882346630096436,1.3893829584121704
7,head_entropy,Impossible_vs_Factual,2,-0.17106246948242188,,,1.5109374523162842,1.681999921798706
7,head_entropy,Impossible_vs_Factual,27,0.1705859899520874,,,1.3375705480575562,1.1669845581054688
7,head_entropy,Impossible_vs_Factual,0,0.16299986839294434,,,1.2294687032699585,1.0664688348770142
7,head_entropy,Impossible_vs_Factual,9,0.15916335582733154,,,1.2481873035430908,1.0890239477157593
7,head_entropy,Impossible_vs_Factual,3,0.1119532585144043,,,1.7610939741134644,1.64914071559906
7,head_entropy,Impossible_vs_Factual,11,0.10932016372680664,,,1.3463282585144043,1.2370080947875977
7,head_entropy,Impossible_vs_Factual,22,0.10098397731781006,,,1.5388904809951782,1.4379065036773682
7,head_entropy,Impossible_vs_Factual,23,0.10083568096160889,,,1.2908124923706055,1.1899768114089966
7,head_entropy,Impossible_vs_Factual,12,-0.09918749332427979,,,1.4934533834457397,1.5926408767700195
7,head_entropy,Hallucinations_vs_Factual,11,0.3331716060638428,,,1.5701797008514404,1.2370080947875977
7,head_entropy,Hallucinations_vs_Factual,15,0.24310243129730225,,,1.8413987159729004,1.5982962846755981
7,head_entropy,Hallucinations_vs_Factual,8,0.2327810525894165,,,1.76087486743927,1.5280938148498535
7,head_entropy,Hallucinations_vs_Factual,9,0.21249175071716309,,,1.3015156984329224,1.0890239477157593
7,head_entropy,Hallucinations_vs_Factual,1,0.20492959022521973,,,1.5943125486373901,1.3893829584121704
7,head_entropy,Hallucinations_vs_Factual,23,0.2011716365814209,,,1.3911484479904175,1.1899768114089966
7,head_entropy,Hallucinations_vs_Factual,31,0.19685935974121094,,,1.6795936822891235,1.4827343225479126
7,head_entropy,Hallucinations_vs_Factual,27,0.1783825159072876,,,1.3453670740127563,1.1669845581054688
7,head_entropy,Hallucinations_vs_Factual,10,0.17423415184020996,,,1.5476794242858887,1.3734452724456787
7,head_entropy,Hallucinations_vs_Factual,26,0.1607503890991211,,,1.3228672742843628,1.1621168851852417
8,head_entropy,Impossible_vs_Factual,8,0.26217103004455566,,,1.774015188217163,1.5118441581726074
8,head_entropy,Impossible_vs_Factual,9,0.21235954761505127,,,1.538671851158142,1.3263123035430908
8,head_entropy,Impossible_vs_Factual,6,-0.16439080238342285,,,1.4232345819473267,1.5876253843307495
8,head_entropy,Impossible_vs_Factual,17,0.12970328330993652,,,1.7819689512252808,1.6522656679153442
8,head_entropy,Impossible_vs_Factual,7,0.1268751621246338,,,1.602281093597412,1.4754059314727783
8,head_entropy,Impossible_vs_Factual,28,0.11955511569976807,,,1.4494847059249878,1.3299295902252197
8,head_entropy,Impossible_vs_Factual,20,0.11821925640106201,,,2.0898752212524414,1.9716559648513794
8,head_entropy,Impossible_vs_Factual,15,-0.1100466251373291,,,1.541406512260437,1.6514531373977661
8,head_entropy,Impossible_vs_Factual,21,0.10343766212463379,,,1.8718127012252808,1.768375039100647
8,head_entropy,Impossible_vs_Factual,5,-0.0960468053817749,,,1.600062370300293,1.6961091756820679
8,head_entropy,Hallucinations_vs_Factual,7,0.1865473985671997,,,1.661953330039978,1.4754059314727783
8,head_entropy,Hallucinations_vs_Factual,26,0.1639995574951172,,,1.815312147140503,1.6513125896453857
8,head_entropy,Hallucinations_vs_Factual,17,0.15712511539459229,,,1.8093907833099365,1.6522656679153442
8,head_entropy,Hallucinations_vs_Factual,9,0.15576565265655518,,,1.482077956199646,1.3263123035430908
8,head_entropy,Hallucinations_vs_Factual,2,0.1507962942123413,,,2.076577663421631,1.9257813692092896
8,head_entropy,Hallucinations_vs_Factual,20,0.14426648616790771,,,2.115922451019287,1.9716559648513794
8,head_entropy,Hallucinations_vs_Factual,18,0.13690567016601562,,,1.4945698976516724,1.3576642274856567
8,head_entropy,Hallucinations_vs_Factual,21,0.13015615940093994,,,1.898531198501587,1.768375039100647
8,head_entropy,Hallucinations_vs_Factual,12,0.11356246471405029,,,1.701218843460083,1.5876563787460327
8,head_entropy,Hallucinations_vs_Factual,23,0.11075806617736816,,,1.3877267837524414,1.2769687175750732
9,head_entropy,Impossible_vs_Factual,8,-0.1706404685974121,,,1.5220937728881836,1.6927342414855957
9,head_entropy,Impossible_vs_Factual,25,-0.1542733907699585,,,0.9079375267028809,1.0622109174728394
9,head_entropy,Impossible_vs_Factual,0,0.15042126178741455,,,1.2395153045654297,1.0890940427780151
9,head_entropy,Impossible_vs_Factual,18,-0.13681256771087646,,,1.1032029390335083,1.2400155067443848
9,head_entropy,Impossible_vs_Factual,4,0.1347501277923584,,,1.240851640701294,1.1061015129089355
9,head_entropy,Impossible_vs_Factual,16,0.1237187385559082,,,1.9106090068817139,1.7868902683258057
9,head_entropy,Impossible_vs_Factual,11,0.10978162288665771,,,1.5104378461837769,1.4006562232971191
9,head_entropy,Impossible_vs_Factual,30,0.10826587677001953,,,1.6400469541549683,1.5317810773849487
9,head_entropy,Impossible_vs_Factual,31,0.10105454921722412,,,1.785015344619751,1.6839607954025269
9,head_entropy,Impossible_vs_Factual,14,-0.089546799659729,,,1.6321719884872437,1.7217187881469727
9,head_entropy,Hallucinations_vs_Factual,14,0.17435920238494873,,,1.8960779905319214,1.7217187881469727
9,head_entropy,Hallucinations_vs_Factual,19,0.16067147254943848,,,1.7473281621932983,1.5866566896438599
9,head_entropy,Hallucinations_vs_Factual,16,0.1588132381439209,,,1.9457035064697266,1.7868902683258057
9,head_entropy,Hallucinations_vs_Factual,13,0.14903128147125244,,,1.880750060081482,1.7317187786102295
9,head_entropy,Hallucinations_vs_Factual,5,0.12972676753997803,,,1.5039923191070557,1.3742655515670776
9,head_entropy,Hallucinations_vs_Factual,4,0.12617194652557373,,,1.2322734594345093,1.1061015129089355
9,head_entropy,Hallucinations_vs_Factual,22,0.12135946750640869,,,1.5845625400543213,1.4632030725479126
9,head_entropy,Hallucinations_vs_Factual,31,0.11301589012145996,,,1.7969766855239868,1.6839607954025269
9,head_entropy,Hallucinations_vs_Factual,6,0.11068761348724365,,,1.6428749561309814,1.5321873426437378
9,head_entropy,Hallucinations_vs_Factual,0,0.10495281219482422,,,1.1940468549728394,1.0890940427780151
10,head_entropy,Impossible_vs_Factual,30,0.21992158889770508,,,1.8498748540878296,1.6299532651901245
10,head_entropy,Impossible_vs_Factual,20,0.2135545015335083,,,1.3991093635559082,1.1855548620224
10,head_entropy,Impossible_vs_Factual,1,0.2086402177810669,,,2.106140375137329,1.8975001573562622
10,head_entropy,Impossible_vs_Factual,19,0.20334339141845703,,,1.8863433599472046,1.6829999685287476
10,head_entropy,Impossible_vs_Factual,29,0.18015635013580322,,,1.7836096286773682,1.603453278541565
10,head_entropy,Impossible_vs_Factual,16,0.1784529685974121,,,2.044296979904175,1.8658440113067627
10,head_entropy,Impossible_vs_Factual,8,0.13846105337142944,,,1.0713281631469727,0.9328671097755432
10,head_entropy,Impossible_vs_Factual,14,0.1087501049041748,,,1.9623749256134033,1.8536248207092285
10,head_entropy,Impossible_vs_Factual,18,0.09910118579864502,,,1.1981950998306274,1.0990939140319824
10,head_entropy,Impossible_vs_Factual,24,0.0950474739074707,,,2.0340006351470947,1.938953161239624
10,head_entropy,Hallucinations_vs_Factual,30,0.3799377679824829,,,2.0098910331726074,1.6299532651901245
10,head_entropy,Hallucinations_vs_Factual,22,0.32096755504608154,,,1.777671456336975,1.4567039012908936
10,head_entropy,Hallucinations_vs_Factual,20,0.3098827600479126,,,1.4954376220703125,1.1855548620224
10,head_entropy,Hallucinations_vs_Factual,9,0.2622185945510864,,,1.7508907318115234,1.488672137260437
10,head_entropy,Hallucinations_vs_Factual,29,0.2614067792892456,,,1.8648600578308105,1.603453278541565
10,head_entropy,Hallucinations_vs_Factual,21,0.25897645950317383,,,1.7218592166900635,1.4628827571868896
10,head_entropy,Hallucinations_vs_Factual,1,0.24606168270111084,,,2.143561840057373,1.8975001573562622
10,head_entropy,Hallucinations_vs_Factual,24,0.23546862602233887,,,2.174421787261963,1.938953161239624
10,head_entropy,Hallucinations_vs_Factual,16,0.23015522956848145,,,2.095999240875244,1.8658440113067627
10,head_entropy,Hallucinations_vs_Factual,25,0.22748446464538574,,,1.9893437623977661,1.7618592977523804
11,head_entropy,Impossible_vs_Factual,24,0.27600741386413574,,,1.5356248617172241,1.2596174478530884
11,head_entropy,Impossible_vs_Factual,25,0.2659924030303955,,,1.4886248111724854,1.2226324081420898
11,head_entropy,Impossible_vs_Factual,22,-0.24528908729553223,,,1.3126015663146973,1.5578906536102295
11,head_entropy,Impossible_vs_Factual,29,0.21008574962615967,,,1.9923673868179321,1.7822816371917725
11,head_entropy,Impossible_vs_Factual,28,0.16712498664855957,,,1.8540470600128174,1.6869220733642578
11,head_entropy,Impossible_vs_Factual,27,0.16226601600646973,,,1.5153521299362183,1.3530861139297485
11,head_entropy,Impossible_vs_Factual,31,0.15403079986572266,,,2.029874324798584,1.8758435249328613
11,head_entropy,Impossible_vs_Factual,2,-0.10821843147277832,,,1.2599611282348633,1.3681795597076416
11,head_entropy,Impossible_vs_Factual,26,0.08129692077636719,,,1.8170937299728394,1.7357968091964722
11,head_entropy,Impossible_vs_Factual,18,0.08056235313415527,,,1.5711404085159302,1.490578055381775
11,head_entropy,Hallucinations_vs_Factual,28,0.22046875953674316,,,1.907390832901001,1.6869220733642578
11,head_entropy,Hallucinations_vs_Factual,25,0.18660187721252441,,,1.4092342853546143,1.2226324081420898
11,head_entropy,Hallucinations_vs_Factual,31,0.18604779243469238,,,2.0618913173675537,1.8758435249328613
11,head_entropy,Hallucinations_vs_Factual,22,-0.17907822132110596,,,1.3788124322891235,1.5578906536102295
11,head_entropy,Hallucinations_vs_Factual,29,0.1699528694152832,,,1.9522345066070557,1.7822816371917725
11,head_entropy,Hallucinations_vs_Factual,9,0.13496840000152588,,,2.0335464477539062,1.8985780477523804
11,head_entropy,Hallucinations_vs_Factual,12,0.12525737285614014,,,1.5918984413146973,1.4666410684585571
11,head_entropy,Hallucinations_vs_Factual,27,0.12366390228271484,,,1.4767500162124634,1.3530861139297485
11,head_entropy,Hallucinations_vs_Factual,24,0.10827326774597168,,,1.36789071559906,1.2596174478530884
11,head_entropy,Hallucinations_vs_Factual,4,0.10795283317565918,,,1.438999891281128,1.3310470581054688
12,head_entropy,Impossible_vs_Factual,13,0.30462539196014404,,,1.7769064903259277,1.4722810983657837
12,head_entropy,Impossible_vs_Factual,2,0.29342150688171387,,,2.2465155124664307,1.9530940055847168
12,head_entropy,Impossible_vs_Factual,23,0.24554681777954102,,,1.6254451274871826,1.3798983097076416
12,head_entropy,Impossible_vs_Factual,27,-0.2427891492843628,,,1.5998516082763672,1.84264075756073
12,head_entropy,Impossible_vs_Factual,18,0.2008204460144043,,,1.7097499370574951,1.5089294910430908
12,head_entropy,Impossible_vs_Factual,26,0.1849377155303955,,,1.6601642370224,1.4752265214920044
12,head_entropy,Impossible_vs_Factual,15,0.17067217826843262,,,1.2800312042236328,1.1093590259552002
12,head_entropy,Impossible_vs_Factual,22,0.1556093692779541,,,1.9167187213897705,1.7611093521118164
12,head_entropy,Impossible_vs_Factual,21,-0.15085184574127197,,,1.2708516120910645,1.4217034578323364
12,head_entropy,Impossible_vs_Factual,19,0.14254653453826904,,,1.7778042554855347,1.6352577209472656
12,head_entropy,Hallucinations_vs_Factual,23,0.3910233974456787,,,1.7709217071533203,1.3798983097076416
12,head_entropy,Hallucinations_vs_Factual,12,0.3155001401901245,,,1.9519846439361572,1.6364845037460327
12,head_entropy,Hallucinations_vs_Factual,26,0.30996859073638916,,,1.7851951122283936,1.4752265214920044
12,head_entropy,Hallucinations_vs_Factual,22,0.268282413482666,,,2.0293917655944824,1.7611093521118164
12,head_entropy,Hallucinations_vs_Factual,16,0.2631796598434448,,,1.6970388889312744,1.4338592290878296
12,head_entropy,Hallucinations_vs_Factual,2,0.263077974319458,,,2.216171979904175,1.9530940055847168
12,head_entropy,Hallucinations_vs_Factual,18,0.2597033977508545,,,1.7686328887939453,1.5089294910430908
12,head_entropy,Hallucinations_vs_Factual,25,0.22824978828430176,,,1.9405232667922974,1.7122734785079956
12,head_entropy,Hallucinations_vs_Factual,13,0.2025003433227539,,,1.6747814416885376,1.4722810983657837
12,head_entropy,Hallucinations_vs_Factual,15,0.17997705936431885,,,1.289336085319519,1.1093590259552002
13,head_entropy,Impossible_vs_Factual,21,0.41427314281463623,,,1.5792889595031738,1.1650158166885376
13,head_entropy,Impossible_vs_Factual,22,0.35771024227142334,,,1.7928434610366821,1.4351332187652588
13,head_entropy,Impossible_vs_Factual,19,0.2470623254776001,,,1.957624912261963,1.7105625867843628
13,head_entropy,Impossible_vs_Factual,0,0.18542194366455078,,,1.805437445640564,1.6200155019760132
13,head_entropy,Impossible_vs_Factual,6,0.17689061164855957,,,1.863687515258789,1.6867969036102295
13,head_entropy,Impossible_vs_Factual,25,0.1754380464553833,,,1.9915316104888916,1.8160935640335083
13,head_entropy,Impossible_vs_Factual,3,0.16288292407989502,,,1.6181640625,1.455281138420105
13,head_entropy,Impossible_vs_Factual,26,0.16254615783691406,,,2.0081558227539062,1.8456096649169922
13,head_entropy,Impossible_vs_Factual,20,0.15735888481140137,,,2.0634374618530273,1.906078577041626
13,head_entropy,Impossible_vs_Factual,8,0.14709365367889404,,,1.9450156688690186,1.7979220151901245
13,head_entropy,Hallucinations_vs_Factual,19,0.4841867685317993,,,2.194749355316162,1.7105625867843628
13,head_entropy,Hallucinations_vs_Factual,21,0.44308578968048096,,,1.6081016063690186,1.1650158166885376
13,head_entropy,Hallucinations_vs_Factual,25,0.3667975664138794,,,2.1828911304473877,1.8160935640335083
13,head_entropy,Hallucinations_vs_Factual,17,0.3572810888290405,,,2.3472344875335693,1.9899533987045288
13,head_entropy,Hallucinations_vs_Factual,18,0.3414376974105835,,,2.1518752574920654,1.810437560081482
13,head_entropy,Hallucinations_vs_Factual,26,0.32964038848876953,,,2.1752500534057617,1.8456096649169922
13,head_entropy,Hallucinations_vs_Factual,0,0.3258129358291626,,,1.9458284378051758,1.6200155019760132
13,head_entropy,Hallucinations_vs_Factual,22,0.32357001304626465,,,1.7587032318115234,1.4351332187652588
13,head_entropy,Hallucinations_vs_Factual,16,0.3163912296295166,,,2.2953596115112305,1.9789683818817139
13,head_entropy,Hallucinations_vs_Factual,24,0.2786095142364502,,,2.3075778484344482,2.028968334197998
14,head_entropy,Impossible_vs_Factual,26,0.4683668613433838,,,1.9660391807556152,1.4976723194122314
14,head_entropy,Impossible_vs_Factual,23,0.4237416982650757,,,1.8410463333129883,1.4173046350479126
14,head_entropy,Impossible_vs_Factual,11,0.38290631771087646,,,1.988624930381775,1.6057186126708984
14,head_entropy,Impossible_vs_Factual,29,0.34446144104003906,,,1.9681642055511475,1.6237027645111084
14,head_entropy,Impossible_vs_Factual,27,0.2700002193450928,,,2.0934219360351562,1.8234217166900635
14,head_entropy,Impossible_vs_Factual,5,0.26495325565338135,,,1.9398910999298096,1.6749378442764282
14,head_entropy,Impossible_vs_Factual,30,0.26105475425720215,,,1.3148125410079956,1.0537577867507935
14,head_entropy,Impossible_vs_Factual,9,0.23535919189453125,,,1.9324219226837158,1.6970627307891846
14,head_entropy,Impossible_vs_Factual,31,0.21871107816696167,,,1.0126173496246338,0.7939062714576721
14,head_entropy,Impossible_vs_Factual,18,0.20851552486419678,,,1.5662108659744263,1.3576953411102295
14,head_entropy,Hallucinations_vs_Factual,5,0.5045007467269897,,,2.179438591003418,1.6749378442764282
14,head_entropy,Hallucinations_vs_Factual,26,0.47487449645996094,,,1.9725468158721924,1.4976723194122314
14,head_entropy,Hallucinations_vs_Factual,27,0.41170358657836914,,,2.2351253032684326,1.8234217166900635
14,head_entropy,Hallucinations_vs_Factual,3,0.39332830905914307,,,1.8648909330368042,1.4715626239776611
14,head_entropy,Hallucinations_vs_Factual,18,0.38475000858306885,,,1.7424453496932983,1.3576953411102295
14,head_entropy,Hallucinations_vs_Factual,29,0.38232851028442383,,,2.0060312747955322,1.6237027645111084
14,head_entropy,Hallucinations_vs_Factual,20,0.35883665084838867,,,2.2929458618164062,1.9341092109680176
14,head_entropy,Hallucinations_vs_Factual,11,0.351015567779541,,,1.9567341804504395,1.6057186126708984
14,head_entropy,Hallucinations_vs_Factual,1,0.28154706954956055,,,1.9860001802444458,1.7044531106948853
14,head_entropy,Hallucinations_vs_Factual,30,0.2649613618850708,,,1.3187191486358643,1.0537577867507935
15,head_entropy,Impossible_vs_Factual,27,0.5788713097572327,,,1.4601017236709595,0.8812304139137268
15,head_entropy,Impossible_vs_Factual,1,0.5098577737808228,,,1.92924964427948,1.4193918704986572
15,head_entropy,Impossible_vs_Factual,2,0.3425787687301636,,,2.1236565113067627,1.7810777425765991
15,head_entropy,Impossible_vs_Factual,9,0.3324066400527954,,,1.8782343864440918,1.5458277463912964
15,head_entropy,Impossible_vs_Factual,4,0.2822812795639038,,,1.9959062337875366,1.7136249542236328
15,head_entropy,Impossible_vs_Factual,22,0.2751408815383911,,,1.8048125505447388,1.5296716690063477
15,head_entropy,Impossible_vs_Factual,8,0.24565625190734863,,,1.9112344980239868,1.6655782461166382
15,head_entropy,Impossible_vs_Factual,14,0.23412513732910156,,,1.7300937175750732,1.4959685802459717
15,head_entropy,Impossible_vs_Factual,31,0.23401618003845215,,,2.024289608001709,1.7902734279632568
15,head_entropy,Impossible_vs_Factual,30,0.21831274032592773,,,2.2541873455047607,2.035874605178833
15,head_entropy,Hallucinations_vs_Factual,7,0.3852970600128174,,,2.0629689693450928,1.6776719093322754
15,head_entropy,Hallucinations_vs_Factual,3,0.3585784435272217,,,1.7317192554473877,1.373140811920166
15,head_entropy,Hallucinations_vs_Factual,2,0.34120357036590576,,,2.122281312942505,1.7810777425765991
15,head_entropy,Hallucinations_vs_Factual,14,0.3397343158721924,,,1.835702896118164,1.4959685802459717
15,head_entropy,Hallucinations_vs_Factual,27,0.3296211361885071,,,1.2108515501022339,0.8812304139137268
15,head_entropy,Hallucinations_vs_Factual,18,0.3124927282333374,,,1.7076175212860107,1.3951247930526733
15,head_entropy,Hallucinations_vs_Factual,28,0.31221115589141846,,,2.1333673000335693,1.8211561441421509
15,head_entropy,Hallucinations_vs_Factual,1,0.29823219776153564,,,1.7176240682601929,1.4193918704986572
15,head_entropy,Hallucinations_vs_Factual,9,0.28805482387542725,,,1.8338825702667236,1.5458277463912964
15,head_entropy,Hallucinations_vs_Factual,8,0.28397631645202637,,,1.9495545625686646,1.6655782461166382
16,head_entropy,Impossible_vs_Factual,5,0.3631720542907715,,,1.9478750228881836,1.584702968597412
16,head_entropy,Impossible_vs_Factual,27,0.3376014232635498,,,1.6905544996261597,1.3529530763626099
16,head_entropy,Impossible_vs_Factual,11,0.26165664196014404,,,1.574812650680542,1.313156008720398
16,head_entropy,Impossible_vs_Factual,21,0.20399856567382812,,,1.8180941343307495,1.6140955686569214
16,head_entropy,Impossible_vs_Factual,14,0.1998438835144043,,,1.954734444618225,1.7548905611038208
16,head_entropy,Impossible_vs_Factual,2,-0.17074966430664062,,,1.7870160341262817,1.9577656984329224
16,head_entropy,Impossible_vs_Factual,19,-0.16971838474273682,,,1.2920629978179932,1.46178138256073
16,head_entropy,Impossible_vs_Factual,23,0.1555079221725464,,,1.7916876077651978,1.6361796855926514
16,head_entropy,Impossible_vs_Factual,20,0.1519373655319214,,,1.6074297428131104,1.455492377281189
16,head_entropy,Impossible_vs_Factual,1,0.1514531373977661,,,2.0481252670288086,1.8966721296310425
16,head_entropy,Hallucinations_vs_Factual,27,0.39693737030029297,,,1.7498904466629028,1.3529530763626099
16,head_entropy,Hallucinations_vs_Factual,14,0.36075007915496826,,,2.115640640258789,1.7548905611038208
16,head_entropy,Hallucinations_vs_Factual,1,0.35295236110687256,,,2.249624490737915,1.8966721296310425
16,head_entropy,Hallucinations_vs_Factual,7,0.30427300930023193,,,1.880113124847412,1.5758401155471802
16,head_entropy,Hallucinations_vs_Factual,18,0.28237414360046387,,,1.9724057912826538,1.69003164768219
16,head_entropy,Hallucinations_vs_Factual,5,0.2810624837875366,,,1.8657654523849487,1.584702968597412
16,head_entropy,Hallucinations_vs_Factual,28,0.27601611614227295,,,1.82701575756073,1.550999641418457
16,head_entropy,Hallucinations_vs_Factual,3,0.2444373369216919,,,1.861765742301941,1.617328405380249
16,head_entropy,Hallucinations_vs_Factual,24,0.2295076847076416,,,1.8855078220367432,1.6560001373291016
16,head_entropy,Hallucinations_vs_Factual,20,0.22907066345214844,,,1.6845630407333374,1.455492377281189
17,head_entropy,Impossible_vs_Factual,25,0.43038296699523926,,,1.711875081062317,1.2814921140670776
17,head_entropy,Impossible_vs_Factual,14,0.35161757469177246,,,1.8385311365127563,1.4869135618209839
17,head_entropy,Impossible_vs_Factual,26,0.3386409282684326,,,1.5053282976150513,1.1666873693466187
17,head_entropy,Impossible_vs_Factual,11,0.28867197036743164,,,1.6809686422348022,1.3922966718673706
17,head_entropy,Impossible_vs_Factual,15,0.21864831447601318,,,1.9184058904647827,1.6997575759887695
17,head_entropy,Impossible_vs_Factual,9,0.20801520347595215,,,1.6781328916549683,1.4701176881790161
17,head_entropy,Impossible_vs_Factual,24,0.1955937147140503,,,1.935484528541565,1.7398908138275146
17,head_entropy,Impossible_vs_Factual,7,0.1881951093673706,,,1.7141873836517334,1.5259922742843628
17,head_entropy,Impossible_vs_Factual,16,0.18589067459106445,,,1.9064764976501465,1.720585823059082
17,head_entropy,Impossible_vs_Factual,3,0.16663658618927002,,,1.5369921922683716,1.3703556060791016
17,head_entropy,Hallucinations_vs_Factual,12,0.32239842414855957,,,1.779109239578247,1.4567108154296875
17,head_entropy,Hallucinations_vs_Factual,24,0.307328462600708,,,2.0472192764282227,1.7398908138275146
17,head_entropy,Hallucinations_vs_Factual,25,0.28360986709594727,,,1.565101981163025,1.2814921140670776
17,head_entropy,Hallucinations_vs_Factual,3,0.28026914596557617,,,1.6506247520446777,1.3703556060791016
17,head_entropy,Hallucinations_vs_Factual,0,0.2751871347427368,,,1.8330546617507935,1.5578675270080566
17,head_entropy,Hallucinations_vs_Factual,11,0.271648645401001,,,1.6639453172683716,1.3922966718673706
17,head_entropy,Hallucinations_vs_Factual,7,0.24651551246643066,,,1.7725077867507935,1.5259922742843628
17,head_entropy,Hallucinations_vs_Factual,14,0.22533643245697021,,,1.712249994277954,1.4869135618209839
17,head_entropy,Hallucinations_vs_Factual,28,0.20839059352874756,,,1.4227813482284546,1.214390754699707
17,head_entropy,Hallucinations_vs_Factual,26,0.1919924020767212,,,1.3586797714233398,1.1666873693466187
18,head_entropy,Impossible_vs_Factual,4,0.4250977039337158,,,1.9332966804504395,1.5081989765167236
18,head_entropy,Impossible_vs_Factual,3,0.36614829301834106,,,1.1064023971557617,0.7402541041374207
18,head_entropy,Impossible_vs_Factual,20,0.3487734794616699,,,1.5736092329025269,1.224835753440857
18,head_entropy,Impossible_vs_Factual,22,0.29594552516937256,,,1.409453272819519,1.1135077476501465
18,head_entropy,Impossible_vs_Factual,13,0.2649869918823242,,,1.426749587059021,1.1617625951766968
18,head_entropy,Impossible_vs_Factual,18,0.2506732940673828,,,2.1535165309906006,1.9028432369232178
18,head_entropy,Impossible_vs_Factual,11,0.21537423133850098,,,2.0133745670318604,1.7980003356933594
18,head_entropy,Impossible_vs_Factual,6,0.182952880859375,,,1.9350310564041138,1.7520781755447388
18,head_entropy,Impossible_vs_Factual,8,0.1744292974472046,,,2.0387887954711914,1.8643594980239868
18,head_entropy,Impossible_vs_Factual,15,0.16189098358154297,,,1.84432053565979,1.682429552078247
18,head_entropy,Hallucinations_vs_Factual,12,0.3845357894897461,,,1.7756001949310303,1.3910644054412842
18,head_entropy,Hallucinations_vs_Factual,4,0.36153149604797363,,,1.8697304725646973,1.5081989765167236
18,head_entropy,Hallucinations_vs_Factual,13,0.32648766040802,,,1.4882502555847168,1.1617625951766968
18,head_entropy,Hallucinations_vs_Factual,15,0.3214843273162842,,,2.0039138793945312,1.682429552078247
18,head_entropy,Hallucinations_vs_Factual,6,0.314327597618103,,,2.066405773162842,1.7520781755447388
18,head_entropy,Hallucinations_vs_Factual,22,0.2986406087875366,,,1.412148356437683,1.1135077476501465
18,head_entropy,Hallucinations_vs_Factual,11,0.2604532241821289,,,2.0584535598754883,1.7980003356933594
18,head_entropy,Hallucinations_vs_Factual,20,0.25394558906555176,,,1.4787813425064087,1.224835753440857
18,head_entropy,Hallucinations_vs_Factual,25,0.2491093873977661,,,2.0520782470703125,1.8029688596725464
18,head_entropy,Hallucinations_vs_Factual,19,0.22214436531066895,,,1.7878669500350952,1.5657225847244263
19,head_entropy,Impossible_vs_Factual,16,0.532414436340332,,,1.762680172920227,1.230265736579895
19,head_entropy,Impossible_vs_Factual,14,0.4870232343673706,,,1.793210744857788,1.3061875104904175
19,head_entropy,Impossible_vs_Factual,13,0.43011701107025146,,,1.7938122749328613,1.3636952638626099
19,head_entropy,Impossible_vs_Factual,30,0.4139885902404785,,,1.7507307529449463,1.3367421627044678
19,head_entropy,Impossible_vs_Factual,31,0.39424991607666016,,,1.6632888317108154,1.2690389156341553
19,head_entropy,Impossible_vs_Factual,10,0.38717103004455566,,,1.9461402893066406,1.558969259262085
19,head_entropy,Impossible_vs_Factual,9,0.37930113077163696,,,1.2103010416030884,0.8309999108314514
19,head_entropy,Impossible_vs_Factual,23,0.3051871061325073,,,1.4868825674057007,1.1816954612731934
19,head_entropy,Impossible_vs_Factual,19,0.3022814989089966,,,2.0876095294952393,1.7853280305862427
19,head_entropy,Impossible_vs_Factual,28,0.2965472936630249,,,1.3164454698562622,1.0198981761932373
19,head_entropy,Hallucinations_vs_Factual,31,0.48398470878601074,,,1.753023624420166,1.2690389156341553
19,head_entropy,Hallucinations_vs_Factual,14,0.4556095600128174,,,1.7617970705032349,1.3061875104904175
19,head_entropy,Hallucinations_vs_Factual,16,0.45160913467407227,,,1.6818748712539673,1.230265736579895
19,head_entropy,Hallucinations_vs_Factual,19,0.42851555347442627,,,2.213843584060669,1.7853280305862427
19,head_entropy,Hallucinations_vs_Factual,10,0.41667139530181885,,,1.9756406545639038,1.558969259262085
19,head_entropy,Hallucinations_vs_Factual,30,0.4122889041900635,,,1.7490310668945312,1.3367421627044678
19,head_entropy,Hallucinations_vs_Factual,13,0.39769530296325684,,,1.7613905668258667,1.3636952638626099
19,head_entropy,Hallucinations_vs_Factual,18,0.3491330146789551,,,1.9344221353530884,1.5852891206741333
19,head_entropy,Hallucinations_vs_Factual,8,0.3489605188369751,,,1.6280933618545532,1.2791328430175781
19,head_entropy,Hallucinations_vs_Factual,5,0.34817636013031006,,,1.6505082845687866,1.3023319244384766
20,head_entropy,Impossible_vs_Factual,23,0.33926552534103394,,,1.2634140253067017,0.9241484999656677
20,head_entropy,Impossible_vs_Factual,11,0.3359684944152832,,,1.2922577857971191,0.9562892913818359
20,head_entropy,Impossible_vs_Factual,14,0.33003127574920654,,,1.6841639280319214,1.3541326522827148
20,head_entropy,Impossible_vs_Factual,18,0.3088630437850952,,,1.4114530086517334,1.1025899648666382
20,head_entropy,Impossible_vs_Factual,28,0.3035815954208374,,,1.5109219551086426,1.2073403596878052
20,head_entropy,Impossible_vs_Factual,12,-0.2896193265914917,,,1.2254528999328613,1.515072226524353
20,head_entropy,Impossible_vs_Factual,10,0.2888041138648987,,,1.2388746738433838,0.9500705599784851
20,head_entropy,Impossible_vs_Factual,9,0.26036715507507324,,,1.122710943222046,0.8623437881469727
20,head_entropy,Impossible_vs_Factual,8,0.2558509111404419,,,1.183538556098938,0.9276876449584961
20,head_entropy,Impossible_vs_Factual,19,0.2477349042892456,,,1.7383596897125244,1.4906247854232788
20,head_entropy,Hallucinations_vs_Factual,20,0.38211023807525635,,,1.4717661142349243,1.089655876159668
20,head_entropy,Hallucinations_vs_Factual,11,0.3434683084487915,,,1.2997575998306274,0.9562892913818359
20,head_entropy,Hallucinations_vs_Factual,10,0.29985910654067993,,,1.249929666519165,0.9500705599784851
20,head_entropy,Hallucinations_vs_Factual,18,0.2728339433670044,,,1.3754239082336426,1.1025899648666382
20,head_entropy,Hallucinations_vs_Factual,28,0.2722221612930298,,,1.479562520980835,1.2073403596878052
20,head_entropy,Hallucinations_vs_Factual,12,-0.2657979726791382,,,1.2492742538452148,1.515072226524353
20,head_entropy,Hallucinations_vs_Factual,25,0.24457776546478271,,,1.9541716575622559,1.7095938920974731
20,head_entropy,Hallucinations_vs_Factual,8,0.22678112983703613,,,1.1544687747955322,0.9276876449584961
20,head_entropy,Hallucinations_vs_Factual,23,0.22132819890975952,,,1.1454766988754272,0.9241484999656677
20,head_entropy,Hallucinations_vs_Factual,0,0.21896851062774658,,,1.5730777978897095,1.354109287261963
21,head_entropy,Impossible_vs_Factual,23,0.4081401824951172,,,1.5948901176452637,1.1867499351501465
21,head_entropy,Impossible_vs_Factual,11,0.3840312957763672,,,1.5185000896453857,1.1344687938690186
21,head_entropy,Impossible_vs_Factual,3,0.38303911685943604,,,1.234281301498413,0.851242184638977
21,head_entropy,Impossible_vs_Factual,10,0.32810550928115845,,,1.277511715888977,0.9494062066078186
21,head_entropy,Impossible_vs_Factual,7,0.2842661142349243,,,1.8445000648498535,1.5602339506149292
21,head_entropy,Impossible_vs_Factual,9,0.25972676277160645,,,1.311797022819519,1.0520702600479126
21,head_entropy,Impossible_vs_Factual,26,0.2567342519760132,,,1.0343047380447388,0.7775704860687256
21,head_entropy,Impossible_vs_Factual,15,0.25595343112945557,,,1.3268753290176392,1.0709218978881836
21,head_entropy,Impossible_vs_Factual,16,0.2548205256462097,,,1.2322852611541748,0.9774647355079651
21,head_entropy,Impossible_vs_Factual,4,0.2501720190048218,,,1.310320258140564,1.0601482391357422
21,head_entropy,Hallucinations_vs_Factual,3,0.4018322229385376,,,1.2530744075775146,0.851242184638977
21,head_entropy,Hallucinations_vs_Factual,7,0.3206803798675537,,,1.880914330482483,1.5602339506149292
21,head_entropy,Hallucinations_vs_Factual,16,0.27968376874923706,,,1.2571485042572021,0.9774647355079651
21,head_entropy,Hallucinations_vs_Factual,26,0.24962496757507324,,,1.0271954536437988,0.7775704860687256
21,head_entropy,Hallucinations_vs_Factual,4,0.22952747344970703,,,1.2896757125854492,1.0601482391357422
21,head_entropy,Hallucinations_vs_Factual,19,0.2233399748802185,,,0.9577111601829529,0.7343711853027344
21,head_entropy,Hallucinations_vs_Factual,14,0.21528112888336182,,,1.3834530115127563,1.1681718826293945
21,head_entropy,Hallucinations_vs_Factual,17,0.20974206924438477,,,1.159898281097412,0.9501562118530273
21,head_entropy,Hallucinations_vs_Factual,1,0.19904708862304688,,,1.2334530353546143,1.0344059467315674
21,head_entropy,Hallucinations_vs_Factual,13,0.19875001907348633,,,1.593703031539917,1.3949530124664307
22,head_entropy,Impossible_vs_Factual,8,0.4762461185455322,,,1.4571093320846558,0.9808632135391235
22,head_entropy,Impossible_vs_Factual,15,0.3930004835128784,,,1.5117735862731934,1.118773102760315
22,head_entropy,Impossible_vs_Factual,29,0.34503936767578125,,,1.886383056640625,1.5413436889648438
22,head_entropy,Impossible_vs_Factual,1,0.3384530544281006,,,1.2286795377731323,0.8902264833450317
22,head_entropy,Impossible_vs_Factual,13,0.30896008014678955,,,1.3979917764663696,1.08903169631958
22,head_entropy,Impossible_vs_Factual,0,0.2584454417228699,,,1.140945553779602,0.8825001120567322
22,head_entropy,Impossible_vs_Factual,3,0.2436484694480896,,,1.0925390720367432,0.8488906025886536
22,head_entropy,Impossible_vs_Factual,4,0.24280428886413574,,,1.1518279314041138,0.909023642539978
22,head_entropy,Impossible_vs_Factual,31,0.23650789260864258,,,1.305367350578308,1.0688594579696655
22,head_entropy,Impossible_vs_Factual,20,0.23374247550964355,,,1.5757970809936523,1.3420546054840088
22,head_entropy,Hallucinations_vs_Factual,29,0.354148268699646,,,1.8954919576644897,1.5413436889648438
22,head_entropy,Hallucinations_vs_Factual,11,0.28602731227874756,,,1.2499101161956787,0.9638828039169312
22,head_entropy,Hallucinations_vs_Factual,1,0.2859688997268677,,,1.1761953830718994,0.8902264833450317
22,head_entropy,Hallucinations_vs_Factual,3,0.2568337321281433,,,1.1057243347167969,0.8488906025886536
22,head_entropy,Hallucinations_vs_Factual,15,0.2544299364089966,,,1.3732030391693115,1.118773102760315
22,head_entropy,Hallucinations_vs_Factual,8,0.25341033935546875,,,1.2342735528945923,0.9808632135391235
22,head_entropy,Hallucinations_vs_Factual,0,0.23802334070205688,,,1.120523452758789,0.8825001120567322
22,head_entropy,Hallucinations_vs_Factual,31,0.2309805154800415,,,1.299839973449707,1.0688594579696655
22,head_entropy,Hallucinations_vs_Factual,19,0.21053147315979004,,,1.3785545825958252,1.1680231094360352
22,head_entropy,Hallucinations_vs_Factual,5,0.20868349075317383,,,1.307816505432129,1.099133014678955
23,head_entropy,Impossible_vs_Factual,6,0.4149211645126343,,,1.462820053100586,1.0478988885879517
23,head_entropy,Impossible_vs_Factual,19,0.3961249589920044,,,1.508250117301941,1.1121251583099365
23,head_entropy,Impossible_vs_Factual,17,0.361234188079834,,,1.9574843645095825,1.5962501764297485
23,head_entropy,Impossible_vs_Factual,9,0.3284454345703125,,,1.3634456396102905,1.035000205039978
23,head_entropy,Impossible_vs_Factual,18,0.2967578172683716,,,1.4945625066757202,1.1978046894073486
23,head_entropy,Impossible_vs_Factual,27,0.2956876754760742,,,1.763086199760437,1.4673985242843628
23,head_entropy,Impossible_vs_Factual,16,0.28383660316467285,,,1.3941959142684937,1.1103593111038208
23,head_entropy,Impossible_vs_Factual,2,0.2622581720352173,,,1.5015860795974731,1.2393279075622559
23,head_entropy,Impossible_vs_Factual,24,0.238977313041687,,,1.5585163831710815,1.3195390701293945
23,head_entropy,Impossible_vs_Factual,12,0.2361719012260437,,,1.1312735080718994,0.8951016068458557
23,head_entropy,Hallucinations_vs_Factual,17,0.36168718338012695,,,1.9579373598098755,1.5962501764297485
23,head_entropy,Hallucinations_vs_Factual,16,0.3292813301086426,,,1.4396406412124634,1.1103593111038208
23,head_entropy,Hallucinations_vs_Factual,27,0.3225235939025879,,,1.7899221181869507,1.4673985242843628
23,head_entropy,Hallucinations_vs_Factual,4,0.321921706199646,,,1.2070155143737793,0.8850938081741333
23,head_entropy,Hallucinations_vs_Factual,15,0.2490311861038208,,,1.1528122425079346,0.9037810564041138
23,head_entropy,Hallucinations_vs_Factual,19,0.21609365940093994,,,1.3282188177108765,1.1121251583099365
23,head_entropy,Hallucinations_vs_Factual,13,0.2124454379081726,,,1.13365638256073,0.9212109446525574
23,head_entropy,Hallucinations_vs_Factual,18,0.21115648746490479,,,1.4089611768722534,1.1978046894073486
23,head_entropy,Hallucinations_vs_Factual,6,0.20976495742797852,,,1.2576638460159302,1.0478988885879517
23,head_entropy,Hallucinations_vs_Factual,26,0.20227348804473877,,,1.4253515005111694,1.2230780124664307
24,head_entropy,Impossible_vs_Factual,2,0.4956176280975342,,,1.5815234184265137,1.0859057903289795
24,head_entropy,Impossible_vs_Factual,12,0.47869521379470825,,,1.4500077962875366,0.9713125824928284
24,head_entropy,Impossible_vs_Factual,13,0.47120726108551025,,,1.517128825187683,1.0459215641021729
24,head_entropy,Impossible_vs_Factual,4,0.4595235586166382,,,1.6589998006820679,1.1994762420654297
24,head_entropy,Impossible_vs_Factual,15,0.40746086835861206,,,1.4036484956741333,0.9961876273155212
24,head_entropy,Impossible_vs_Factual,14,0.3971640467643738,,,1.3589688539505005,0.9618048071861267
24,head_entropy,Impossible_vs_Factual,24,0.34114062786102295,,,1.3568360805511475,1.0156954526901245
24,head_entropy,Impossible_vs_Factual,11,0.3379613161087036,,,1.447812795639038,1.1098514795303345
24,head_entropy,Impossible_vs_Factual,1,0.2608283758163452,,,1.4200078248977661,1.159179449081421
24,head_entropy,Impossible_vs_Factual,6,0.24857068061828613,,,1.2993595600128174,1.0507888793945312
24,head_entropy,Hallucinations_vs_Factual,23,0.44506704807281494,,,1.6086801290512085,1.1636130809783936
24,head_entropy,Hallucinations_vs_Factual,14,0.428253710269928,,,1.3900585174560547,0.9618048071861267
24,head_entropy,Hallucinations_vs_Factual,12,0.3918752074241638,,,1.3631877899169922,0.9713125824928284
24,head_entropy,Hallucinations_vs_Factual,4,0.3825472593307495,,,1.5820235013961792,1.1994762420654297
24,head_entropy,Hallucinations_vs_Factual,22,0.38183581829071045,,,1.731265902519226,1.3494300842285156
24,head_entropy,Hallucinations_vs_Factual,13,0.3718867301940918,,,1.4178082942962646,1.0459215641021729
24,head_entropy,Hallucinations_vs_Factual,2,0.37003183364868164,,,1.4559376239776611,1.0859057903289795
24,head_entropy,Hallucinations_vs_Factual,15,0.34690624475479126,,,1.3430938720703125,0.9961876273155212
24,head_entropy,Hallucinations_vs_Factual,20,0.3280543088912964,,,1.7083280086517334,1.380273699760437
24,head_entropy,Hallucinations_vs_Factual,21,0.3218672275543213,,,1.719687581062317,1.3978203535079956
25,head_entropy,Impossible_vs_Factual,9,0.5664761066436768,,,1.724280834197998,1.1578047275543213
25,head_entropy,Impossible_vs_Factual,10,0.5392420291900635,,,1.5497575998306274,1.010515570640564
25,head_entropy,Impossible_vs_Factual,8,0.52463698387146,,,1.6480939388275146,1.1234569549560547
25,head_entropy,Impossible_vs_Factual,15,0.428879976272583,,,1.7411762475967407,1.3122962713241577
25,head_entropy,Impossible_vs_Factual,29,0.35115617513656616,,,1.3330466747283936,0.9818904995918274
25,head_entropy,Impossible_vs_Factual,4,-0.29099977016448975,,,1.5194453001022339,1.8104450702667236
25,head_entropy,Impossible_vs_Factual,27,0.252277135848999,,,1.117714762687683,0.8654376268386841
25,head_entropy,Impossible_vs_Factual,28,0.22175002098083496,,,1.4967032670974731,1.2749532461166382
25,head_entropy,Impossible_vs_Factual,0,0.221727192401886,,,1.1893442869186401,0.9676170945167542
25,head_entropy,Impossible_vs_Factual,17,0.21142959594726562,,,1.3943514823913574,1.1829218864440918
25,head_entropy,Hallucinations_vs_Factual,10,0.394781231880188,,,1.405296802520752,1.010515570640564
25,head_entropy,Hallucinations_vs_Factual,9,0.37030482292175293,,,1.5281095504760742,1.1578047275543213
25,head_entropy,Hallucinations_vs_Factual,29,0.3515469431877136,,,1.333437442779541,0.9818904995918274
25,head_entropy,Hallucinations_vs_Factual,15,0.25853168964385986,,,1.5708279609680176,1.3122962713241577
25,head_entropy,Hallucinations_vs_Factual,17,0.19528114795684814,,,1.37820303440094,1.1829218864440918
25,head_entropy,Hallucinations_vs_Factual,28,0.1940622329711914,,,1.4690154790878296,1.2749532461166382
25,head_entropy,Hallucinations_vs_Factual,0,0.15440601110458374,,,1.122023105621338,0.9676170945167542
25,head_entropy,Hallucinations_vs_Factual,7,0.15424954891204834,,,1.4858202934265137,1.3315707445144653
25,head_entropy,Hallucinations_vs_Factual,27,0.14732396602630615,,,1.0127615928649902,0.8654376268386841
25,head_entropy,Hallucinations_vs_Factual,8,0.13610529899597168,,,1.2595622539520264,1.1234569549560547
26,head_entropy,Impossible_vs_Factual,24,0.41213297843933105,,,1.4455235004425049,1.0333905220031738
26,head_entropy,Impossible_vs_Factual,27,0.3771480321884155,,,1.595929503440857,1.2187814712524414
26,head_entropy,Impossible_vs_Factual,28,0.20764875411987305,,,1.7837110757827759,1.5760623216629028
26,head_entropy,Impossible_vs_Factual,6,0.1932421326637268,,,1.068703055381775,0.8754609227180481
26,head_entropy,Impossible_vs_Factual,19,0.18275785446166992,,,1.3256016969680786,1.1428438425064087
26,head_entropy,Impossible_vs_Factual,14,0.16472673416137695,,,1.089117169380188,0.924390435218811
26,head_entropy,Impossible_vs_Factual,5,0.12658965587615967,,,0.793488085269928,0.6668984293937683
26,head_entropy,Impossible_vs_Factual,4,0.11920326948165894,,,0.8235665559768677,0.7043632864952087
26,head_entropy,Impossible_vs_Factual,8,0.10919475555419922,,,1.4201713800430298,1.3109766244888306
26,head_entropy,Impossible_vs_Factual,21,-0.10876595973968506,,,1.5813357830047607,1.6901017427444458
26,head_entropy,Hallucinations_vs_Factual,24,0.32168757915496826,,,1.355078101158142,1.0333905220031738
26,head_entropy,Hallucinations_vs_Factual,27,0.32153093814849854,,,1.54031240940094,1.2187814712524414
26,head_entropy,Hallucinations_vs_Factual,15,0.2249917984008789,,,1.6415855884552002,1.4165937900543213
26,head_entropy,Hallucinations_vs_Factual,14,0.21759796142578125,,,1.1419883966445923,0.924390435218811
26,head_entropy,Hallucinations_vs_Factual,28,0.18474233150482178,,,1.7608046531677246,1.5760623216629028
26,head_entropy,Hallucinations_vs_Factual,17,0.1591172218322754,,,0.989937424659729,0.8308202028274536
26,head_entropy,Hallucinations_vs_Factual,16,0.1374843716621399,,,0.9784531593322754,0.8409687876701355
26,head_entropy,Hallucinations_vs_Factual,6,0.12725383043289185,,,1.00271475315094,0.8754609227180481
26,head_entropy,Hallucinations_vs_Factual,8,0.10414004325866699,,,1.4151166677474976,1.3109766244888306
26,head_entropy,Hallucinations_vs_Factual,22,0.10307788848876953,,,1.7863438129425049,1.6832659244537354
27,head_entropy,Impossible_vs_Factual,29,0.41776585578918457,,,1.5217028856277466,1.103937029838562
27,head_entropy,Impossible_vs_Factual,21,-0.3551328182220459,,,1.4692423343658447,1.8243751525878906
27,head_entropy,Impossible_vs_Factual,16,0.2881251573562622,,,1.6295233964920044,1.3413982391357422
27,head_entropy,Impossible_vs_Factual,12,0.15896868705749512,,,1.2151092290878296,1.0561405420303345
27,head_entropy,Impossible_vs_Factual,26,0.1462036371231079,,,1.8418753147125244,1.6956716775894165
27,head_entropy,Impossible_vs_Factual,15,-0.14235949516296387,,,1.4335625171661377,1.5759220123291016
27,head_entropy,Impossible_vs_Factual,24,0.1422501802444458,,,1.8156639337539673,1.6734137535095215
27,head_entropy,Impossible_vs_Factual,28,0.14121878147125244,,,1.5053048133850098,1.3640860319137573
27,head_entropy,Impossible_vs_Factual,14,0.12689077854156494,,,1.7018437385559082,1.5749529600143433
27,head_entropy,Impossible_vs_Factual,6,-0.11411762237548828,,,0.8838904500007629,0.9980080723762512
27,head_entropy,Hallucinations_vs_Factual,29,0.35053932666778564,,,1.4544763565063477,1.103937029838562
27,head_entropy,Hallucinations_vs_Factual,26,0.320468544960022,,,2.0161402225494385,1.6956716775894165
27,head_entropy,Hallucinations_vs_Factual,27,0.20654690265655518,,,1.3825469017028809,1.1759999990463257
27,head_entropy,Hallucinations_vs_Factual,24,0.19968771934509277,,,1.8731014728546143,1.6734137535095215
27,head_entropy,Hallucinations_vs_Factual,25,0.1657264232635498,,,1.9422578811645508,1.776531457901001
27,head_entropy,Hallucinations_vs_Factual,18,0.14520275592803955,,,1.6187729835510254,1.4735702276229858
27,head_entropy,Hallucinations_vs_Factual,3,0.11278104782104492,,,0.960288941860199,0.847507894039154
27,head_entropy,Hallucinations_vs_Factual,31,-0.09414052963256836,,,1.0753202438354492,1.1694607734680176
27,head_entropy,Hallucinations_vs_Factual,16,0.08960950374603271,,,1.431007742881775,1.3413982391357422
27,head_entropy,Hallucinations_vs_Factual,22,-0.08226537704467773,,,1.2603671550750732,1.342632532119751
28,head_entropy,Impossible_vs_Factual,15,0.5788669586181641,,,1.6264920234680176,1.0476250648498535
28,head_entropy,Impossible_vs_Factual,12,0.3646268844604492,,,1.7047302722930908,1.3401033878326416
28,head_entropy,Impossible_vs_Factual,6,-0.3624849319458008,,,1.1581873893737793,1.52067232131958
28,head_entropy,Impossible_vs_Factual,20,0.34450817108154297,,,1.9233592748641968,1.5788511037826538
28,head_entropy,Impossible_vs_Factual,21,0.32866370677948,,,1.4662108421325684,1.1375471353530884
28,head_entropy,Impossible_vs_Factual,13,0.3184061050415039,,,1.3413710594177246,1.0229649543762207
28,head_entropy,Impossible_vs_Factual,2,0.28972721099853516,,,1.6664457321166992,1.376718521118164
28,head_entropy,Impossible_vs_Factual,31,0.2841174602508545,,,1.4933828115463257,1.2092653512954712
28,head_entropy,Impossible_vs_Factual,8,-0.2108515501022339,,,1.727656602859497,1.938508152961731
28,head_entropy,Impossible_vs_Factual,24,0.16746127605438232,,,1.6605939865112305,1.4931327104568481
28,head_entropy,Hallucinations_vs_Factual,13,0.2524220943450928,,,1.2753870487213135,1.0229649543762207
28,head_entropy,Hallucinations_vs_Factual,15,0.23309695720672607,,,1.2807220220565796,1.0476250648498535
28,head_entropy,Hallucinations_vs_Factual,31,0.23239457607269287,,,1.441659927368164,1.2092653512954712
28,head_entropy,Hallucinations_vs_Factual,21,0.19028079509735107,,,1.3278279304504395,1.1375471353530884
28,head_entropy,Hallucinations_vs_Factual,25,0.18821847438812256,,,1.2851014137268066,1.096882939338684
28,head_entropy,Hallucinations_vs_Factual,20,0.18420350551605225,,,1.763054609298706,1.5788511037826538
28,head_entropy,Hallucinations_vs_Factual,0,0.1712191104888916,,,1.605094075202942,1.4338749647140503
28,head_entropy,Hallucinations_vs_Factual,6,-0.1623990535736084,,,1.3582732677459717,1.52067232131958
28,head_entropy,Hallucinations_vs_Factual,18,0.15764778852462769,,,1.0976715087890625,0.9400237202644348
28,head_entropy,Hallucinations_vs_Factual,12,0.14749228954315186,,,1.4875956773757935,1.3401033878326416
29,head_entropy,Impossible_vs_Factual,18,0.39946866035461426,,,1.3563358783721924,0.9568672180175781
29,head_entropy,Impossible_vs_Factual,26,-0.30474209785461426,,,1.0055781602859497,1.310320258140564
29,head_entropy,Impossible_vs_Factual,29,-0.2613670825958252,,,1.2725154161453247,1.53388249874115
29,head_entropy,Impossible_vs_Factual,27,-0.23781216144561768,,,1.0265235900878906,1.2643357515335083
29,head_entropy,Impossible_vs_Factual,15,0.235772967338562,,,1.6898123025894165,1.4540393352508545
29,head_entropy,Impossible_vs_Factual,30,0.22245359420776367,,,1.6519299745559692,1.4294763803482056
29,head_entropy,Impossible_vs_Factual,16,0.21430480480194092,,,1.7699532508850098,1.5556484460830688
29,head_entropy,Impossible_vs_Factual,9,0.2088242769241333,,,1.3452383279800415,1.1364140510559082
29,head_entropy,Impossible_vs_Factual,24,-0.1959688663482666,,,1.2064998149871826,1.4024686813354492
29,head_entropy,Impossible_vs_Factual,14,0.17639803886413574,,,1.743757724761963,1.5673596858978271
29,head_entropy,Hallucinations_vs_Factual,18,0.25442349910736084,,,1.211290717124939,0.9568672180175781
29,head_entropy,Hallucinations_vs_Factual,26,-0.2268284559249878,,,1.0834918022155762,1.310320258140564
29,head_entropy,Hallucinations_vs_Factual,30,0.2089219093322754,,,1.638398289680481,1.4294763803482056
29,head_entropy,Hallucinations_vs_Factual,27,-0.20597624778747559,,,1.0583595037460327,1.2643357515335083
29,head_entropy,Hallucinations_vs_Factual,1,0.20011740922927856,,,1.1078283786773682,0.9077109694480896
29,head_entropy,Hallucinations_vs_Factual,9,0.19512534141540527,,,1.3315393924713135,1.1364140510559082
29,head_entropy,Hallucinations_vs_Factual,15,0.17239820957183838,,,1.6264375448226929,1.4540393352508545
29,head_entropy,Hallucinations_vs_Factual,13,0.15115618705749512,,,1.6377578973770142,1.486601710319519
29,head_entropy,Hallucinations_vs_Factual,10,0.1507812738418579,,,1.4279764890670776,1.2771952152252197
29,head_entropy,Hallucinations_vs_Factual,24,-0.11788249015808105,,,1.2845861911773682,1.4024686813354492
30,head_entropy,Impossible_vs_Factual,19,0.1995389461517334,,,1.8072341680526733,1.60769522190094
30,head_entropy,Impossible_vs_Factual,9,0.19949185848236084,,,1.3247733116149902,1.1252814531326294
30,head_entropy,Impossible_vs_Factual,10,0.19700026512145996,,,1.5273751020431519,1.330374836921692
30,head_entropy,Impossible_vs_Factual,7,0.19052350521087646,,,2.030062437057495,1.8395389318466187
30,head_entropy,Impossible_vs_Factual,20,-0.1893981695175171,,,0.99107825756073,1.180476427078247
30,head_entropy,Impossible_vs_Factual,25,-0.17044484615325928,,,1.1573362350463867,1.327781081199646
30,head_entropy,Impossible_vs_Factual,21,-0.14150798320770264,,,1.2619293928146362,1.4034373760223389
30,head_entropy,Impossible_vs_Factual,24,0.13439059257507324,,,1.1017968654632568,0.9674062728881836
30,head_entropy,Impossible_vs_Factual,22,0.12030458450317383,,,1.6032344102859497,1.4829298257827759
30,head_entropy,Impossible_vs_Factual,15,0.10957837104797363,,,1.608836054801941,1.4992576837539673
30,head_entropy,Hallucinations_vs_Factual,8,0.2662031650543213,,,1.1221486330032349,0.8559454679489136
30,head_entropy,Hallucinations_vs_Factual,7,0.2578660249710083,,,2.097404956817627,1.8395389318466187
30,head_entropy,Hallucinations_vs_Factual,10,0.22940659523010254,,,1.5597814321517944,1.330374836921692
30,head_entropy,Hallucinations_vs_Factual,17,0.22482013702392578,,,1.7640156745910645,1.5391955375671387
30,head_entropy,Hallucinations_vs_Factual,9,0.1927887201309204,,,1.3180701732635498,1.1252814531326294
30,head_entropy,Hallucinations_vs_Factual,14,0.1790933609008789,,,2.0894527435302734,1.9103593826293945
30,head_entropy,Hallucinations_vs_Factual,22,0.1464766263961792,,,1.629406452178955,1.4829298257827759
30,head_entropy,Hallucinations_vs_Factual,15,0.1458672285079956,,,1.645124912261963,1.4992576837539673
30,head_entropy,Hallucinations_vs_Factual,1,0.13190650939941406,,,1.1786171197891235,1.0467106103897095
30,head_entropy,Hallucinations_vs_Factual,31,-0.1307891607284546,,,1.5665701627731323,1.697359323501587
31,head_entropy,Impossible_vs_Factual,14,-0.4369295835494995,,,0.9204140901565552,1.3573436737060547
31,head_entropy,Impossible_vs_Factual,5,0.35658538341522217,,,2.0139212608337402,1.657335877418518
31,head_entropy,Impossible_vs_Factual,13,-0.31635141372680664,,,1.4256798028945923,1.742031216621399
31,head_entropy,Impossible_vs_Factual,26,0.27932822704315186,,,1.8526874780654907,1.5733592510223389
31,head_entropy,Impossible_vs_Factual,3,0.25300776958465576,,,2.145578384399414,1.8925706148147583
31,head_entropy,Impossible_vs_Factual,4,0.22963356971740723,,,1.5573599338531494,1.3277263641357422
31,head_entropy,Impossible_vs_Factual,7,0.18701529502868652,,,2.0650620460510254,1.8780467510223389
31,head_entropy,Impossible_vs_Factual,6,0.18700015544891357,,,1.6212188005447388,1.4342186450958252
31,head_entropy,Impossible_vs_Factual,16,0.18390583992004395,,,1.7558668851852417,1.5719610452651978
31,head_entropy,Impossible_vs_Factual,27,0.1728442907333374,,,1.7017110586166382,1.5288667678833008
31,head_entropy,Hallucinations_vs_Factual,4,0.32182085514068604,,,1.6495472192764282,1.3277263641357422
31,head_entropy,Hallucinations_vs_Factual,26,0.2965158224105835,,,1.8698750734329224,1.5733592510223389
31,head_entropy,Hallucinations_vs_Factual,6,0.25612497329711914,,,1.6903436183929443,1.4342186450958252
31,head_entropy,Hallucinations_vs_Factual,3,0.25433552265167236,,,2.1469061374664307,1.8925706148147583
31,head_entropy,Hallucinations_vs_Factual,31,0.22060108184814453,,,1.3078199625015259,1.0872188806533813
31,head_entropy,Hallucinations_vs_Factual,2,0.21054697036743164,,,2.2571873664855957,2.046640396118164
31,head_entropy,Hallucinations_vs_Factual,14,-0.18642163276672363,,,1.170922040939331,1.3573436737060547
31,head_entropy,Hallucinations_vs_Factual,21,0.17885971069335938,,,1.3891406059265137,1.2102808952331543
31,head_entropy,Hallucinations_vs_Factual,17,0.15349221229553223,,,1.7249534130096436,1.5714612007141113
31,head_entropy,Hallucinations_vs_Factual,19,0.1497030258178711,,,1.4223278760910034,1.2726248502731323
