layer,type,comparison_group,index,score,mean_deviant,mean_factual,ent_deviant,ent_factual
0,neuron_activation,Impossible_vs_Factual,3472,0.5324539542198181,0.01442134939134121,-0.013582251965999603,,
0,neuron_activation,Impossible_vs_Factual,11970,0.4850585162639618,-0.046181660145521164,-0.07972421497106552,,
0,neuron_activation,Impossible_vs_Factual,18812,0.45537295937538147,-0.0006105184438638389,-0.000789519224781543,,
0,neuron_activation,Impossible_vs_Factual,17724,0.45077788829803467,-0.00044860606431029737,-0.0007484237430617213,,
0,neuron_activation,Impossible_vs_Factual,4214,0.4396035969257355,0.006426659412682056,-0.03930063545703888,,
0,neuron_activation,Impossible_vs_Factual,17159,0.4312121570110321,0.021784547716379166,0.006339638959616423,,
0,neuron_activation,Impossible_vs_Factual,2973,0.42921537160873413,0.0002220763999503106,-6.574398867087439e-05,,
0,neuron_activation,Impossible_vs_Factual,8019,0.4289640486240387,-0.00026224591420032084,-0.0005593762616626918,,
0,neuron_activation,Impossible_vs_Factual,11492,0.4261201024055481,0.0161110982298851,0.005079467315226793,,
0,neuron_activation,Impossible_vs_Factual,16307,0.41849470138549805,0.0038548230659216642,-0.026633605360984802,,
0,neuron_activation,Hallucinations_vs_Factual,2013,0.5385538339614868,-0.0007050890126265585,-0.0010722429724410176,,
0,neuron_activation,Hallucinations_vs_Factual,6598,0.5189359784126282,-0.0005988630000501871,-0.0009425307507626712,,
0,neuron_activation,Hallucinations_vs_Factual,18812,0.5155546069145203,-0.0005945969023741782,-0.000789519224781543,,
0,neuron_activation,Hallucinations_vs_Factual,18342,0.5155344009399414,-0.00031138581107370555,-0.0005140568828210235,,
0,neuron_activation,Hallucinations_vs_Factual,11970,0.5074683427810669,-0.043953653424978256,-0.07972421497106552,,
0,neuron_activation,Hallucinations_vs_Factual,9663,0.5053280591964722,-0.000244955241214484,-0.00052558199968189,,
0,neuron_activation,Hallucinations_vs_Factual,15470,0.5030271410942078,-0.0003944918862544,-0.0006930220406502485,,
0,neuron_activation,Hallucinations_vs_Factual,15788,0.4933130145072937,0.009057886898517609,-0.0058604138903319836,,
0,neuron_activation,Hallucinations_vs_Factual,4214,0.48999759554862976,0.011478452011942863,-0.03930063545703888,,
0,neuron_activation,Hallucinations_vs_Factual,5384,0.485470175743103,-0.0001170844043372199,-0.000319486774969846,,
1,neuron_activation,Impossible_vs_Factual,3737,0.5221784114837646,-0.0006978451856411994,-0.0031567260157316923,,
1,neuron_activation,Impossible_vs_Factual,17542,0.5148694515228271,-0.001618729904294014,-0.0030721966177225113,,
1,neuron_activation,Impossible_vs_Factual,13641,0.4898032248020172,-0.0006856950931251049,-0.0016811079112812877,,
1,neuron_activation,Impossible_vs_Factual,8895,0.48103225231170654,-0.0022320402786135674,-0.0033025818411260843,,
1,neuron_activation,Impossible_vs_Factual,13695,0.4804912209510803,-0.00048093911027535796,-0.0024654604494571686,,
1,neuron_activation,Impossible_vs_Factual,5382,0.4779878258705139,-0.0008021375397220254,-0.008732480928301811,,
1,neuron_activation,Impossible_vs_Factual,4296,0.46905583143234253,-0.004829170648008585,-0.009951319545507431,,
1,neuron_activation,Impossible_vs_Factual,1999,0.46546679735183716,-0.10722241550683975,-0.1870044469833374,,
1,neuron_activation,Impossible_vs_Factual,7529,0.453736275434494,-0.0028233840130269527,-0.00968307163566351,,
1,neuron_activation,Impossible_vs_Factual,13912,0.4525226056575775,-0.0003968328528571874,-0.0011177223641425371,,
1,neuron_activation,Hallucinations_vs_Factual,4191,0.6969559192657471,-0.002599557628855109,-0.006583839189261198,,
1,neuron_activation,Hallucinations_vs_Factual,14634,0.6145581007003784,-0.025722038000822067,-0.044827647507190704,,
1,neuron_activation,Hallucinations_vs_Factual,613,0.6003252863883972,-0.009251351468265057,-0.01344027929008007,,
1,neuron_activation,Hallucinations_vs_Factual,6339,0.597565770149231,-0.010130943730473518,-0.01858106628060341,,
1,neuron_activation,Hallucinations_vs_Factual,6594,0.5920502543449402,-0.04246688261628151,-0.058314450085163116,,
1,neuron_activation,Hallucinations_vs_Factual,1999,0.5919501185417175,-0.08763249963521957,-0.1870044469833374,,
1,neuron_activation,Hallucinations_vs_Factual,5043,0.5847871899604797,0.0014771983260288835,-0.0016161514213308692,,
1,neuron_activation,Hallucinations_vs_Factual,15896,0.583331286907196,-0.0027598408050835133,-0.005301470868289471,,
1,neuron_activation,Hallucinations_vs_Factual,18504,0.5827584862709045,-0.00022315303795039654,-0.004030316136777401,,
1,neuron_activation,Hallucinations_vs_Factual,3361,0.5784512162208557,-0.003173257689923048,-0.006097761448472738,,
2,neuron_activation,Impossible_vs_Factual,17464,0.6232724785804749,-0.00823162030428648,-0.014390301890671253,,
2,neuron_activation,Impossible_vs_Factual,11154,0.5384058952331543,-0.0011905974242836237,-0.0036391776520758867,,
2,neuron_activation,Impossible_vs_Factual,6869,0.5112041234970093,-0.018320342525839806,-0.029184458777308464,,
2,neuron_activation,Impossible_vs_Factual,14994,0.5055805444717407,-0.002838789951056242,-0.00559046259149909,,
2,neuron_activation,Impossible_vs_Factual,2640,0.5029202699661255,-0.006524480413645506,-0.009861276485025883,,
2,neuron_activation,Impossible_vs_Factual,14345,0.501326322555542,0.15269379317760468,-0.014014938846230507,,
2,neuron_activation,Impossible_vs_Factual,12407,0.5011666417121887,0.02337462268769741,0.008713928051292896,,
2,neuron_activation,Impossible_vs_Factual,7559,0.5004664063453674,0.0004939429345540702,-0.00044215514208190143,,
2,neuron_activation,Impossible_vs_Factual,12098,0.5003249645233154,-0.021066520363092422,-0.03090525045990944,,
2,neuron_activation,Impossible_vs_Factual,13289,0.49990567564964294,-0.013505871407687664,-0.02136319875717163,,
2,neuron_activation,Hallucinations_vs_Factual,926,0.674023449420929,-0.0026068727020174265,-0.007327893748879433,,
2,neuron_activation,Hallucinations_vs_Factual,17464,0.6561621427536011,-0.007702156435698271,-0.014390301890671253,,
2,neuron_activation,Hallucinations_vs_Factual,13904,0.632601261138916,-0.09194918721914291,-0.1354355663061142,,
2,neuron_activation,Hallucinations_vs_Factual,14744,0.627565860748291,-0.045316651463508606,-0.10305159538984299,,
2,neuron_activation,Hallucinations_vs_Factual,749,0.6231595277786255,-0.0088570024818182,-0.015479766763746738,,
2,neuron_activation,Hallucinations_vs_Factual,6869,0.6085473299026489,-0.01612105965614319,-0.029184458777308464,,
2,neuron_activation,Hallucinations_vs_Factual,15007,0.6066588163375854,-0.005745002068579197,-0.02213633619248867,,
2,neuron_activation,Hallucinations_vs_Factual,15142,0.6027267575263977,-0.0017113693756982684,-0.0055344910360872746,,
2,neuron_activation,Hallucinations_vs_Factual,6857,0.6021082997322083,0.00042816955829039216,-0.005973865278065205,,
2,neuron_activation,Hallucinations_vs_Factual,9074,0.5931589603424072,-0.0036432917695492506,-0.0060295104049146175,,
3,neuron_activation,Impossible_vs_Factual,5433,0.5346704125404358,-0.007861870341002941,-0.014658920466899872,,
3,neuron_activation,Impossible_vs_Factual,9979,0.5137849450111389,-0.464902400970459,-0.6802772283554077,,
3,neuron_activation,Impossible_vs_Factual,13719,0.508357048034668,-0.009700331836938858,-0.021375171840190887,,
3,neuron_activation,Impossible_vs_Factual,13143,0.5017417073249817,0.006144874729216099,0.003107797121629119,,
3,neuron_activation,Impossible_vs_Factual,16917,0.49961286783218384,0.005857785232365131,0.0009315398638136685,,
3,neuron_activation,Impossible_vs_Factual,755,0.4987529218196869,-0.027626339346170425,-0.043851107358932495,,
3,neuron_activation,Impossible_vs_Factual,15155,0.4978311359882355,0.028988633304834366,0.010150251910090446,,
3,neuron_activation,Impossible_vs_Factual,17546,0.49782100319862366,-0.0035010837018489838,-0.009484016336500645,,
3,neuron_activation,Impossible_vs_Factual,14248,0.4916606843471527,0.0012335123028606176,-0.008553950116038322,,
3,neuron_activation,Impossible_vs_Factual,1292,0.4901951849460602,-0.013462763279676437,-0.026570526883006096,,
3,neuron_activation,Hallucinations_vs_Factual,16108,0.6219466924667358,-0.005332811735570431,-0.016584249213337898,,
3,neuron_activation,Hallucinations_vs_Factual,3122,0.6152892708778381,-0.0012858849950134754,-0.007534726057201624,,
3,neuron_activation,Hallucinations_vs_Factual,11403,0.6142978072166443,-0.020187007263302803,-0.045684102922677994,,
3,neuron_activation,Hallucinations_vs_Factual,5365,0.6024625301361084,-0.009551218710839748,-0.01548468042165041,,
3,neuron_activation,Hallucinations_vs_Factual,8911,0.5883287191390991,-0.01150271575897932,-0.04627232253551483,,
3,neuron_activation,Hallucinations_vs_Factual,6610,0.5815635323524475,-0.003792130621150136,-0.00895550474524498,,
3,neuron_activation,Hallucinations_vs_Factual,12094,0.5780584216117859,-0.157586008310318,-0.35235413908958435,,
3,neuron_activation,Hallucinations_vs_Factual,9800,0.5755205750465393,-0.0008781926590017974,-0.007345881778746843,,
3,neuron_activation,Hallucinations_vs_Factual,12630,0.5741662979125977,-0.005939847324043512,-0.018776018172502518,,
3,neuron_activation,Hallucinations_vs_Factual,800,0.5699876546859741,0.011563370004296303,0.004032635595649481,,
4,neuron_activation,Impossible_vs_Factual,13947,0.5856620073318481,0.06737620383501053,-0.010989806614816189,,
4,neuron_activation,Impossible_vs_Factual,17711,0.5630002617835999,0.07668360322713852,0.03823026642203331,,
4,neuron_activation,Impossible_vs_Factual,15982,0.5611812472343445,0.07303471118211746,0.029094273224473,,
4,neuron_activation,Impossible_vs_Factual,18867,0.5547517538070679,-0.004855187609791756,-0.008528640493750572,,
4,neuron_activation,Impossible_vs_Factual,14466,0.5462090373039246,-0.009849466383457184,-0.017507782205939293,,
4,neuron_activation,Impossible_vs_Factual,18209,0.5378649830818176,-0.004822161514312029,-0.00906394049525261,,
4,neuron_activation,Impossible_vs_Factual,14105,0.5362852215766907,0.0010221961420029402,-0.001704633585177362,,
4,neuron_activation,Impossible_vs_Factual,7379,0.5292062759399414,0.029559502378106117,0.005451196804642677,,
4,neuron_activation,Impossible_vs_Factual,10243,0.5261580944061279,0.007191408425569534,0.0034126038663089275,,
4,neuron_activation,Impossible_vs_Factual,10297,0.5204505324363708,0.13004352152347565,0.07195395231246948,,
4,neuron_activation,Hallucinations_vs_Factual,13747,0.6896156668663025,-0.00016333918028976768,-0.002422927413135767,,
4,neuron_activation,Hallucinations_vs_Factual,15651,0.6449180245399475,-0.013593354262411594,-0.03819359093904495,,
4,neuron_activation,Hallucinations_vs_Factual,582,0.6388866305351257,-0.02298656292259693,-0.03719848021864891,,
4,neuron_activation,Hallucinations_vs_Factual,7439,0.6314967274665833,0.026486342772841454,0.010113388299942017,,
4,neuron_activation,Hallucinations_vs_Factual,10782,0.6140575408935547,-0.15647904574871063,-0.2662416398525238,,
4,neuron_activation,Hallucinations_vs_Factual,1674,0.6041762828826904,-0.007405518554151058,-0.023586072027683258,,
4,neuron_activation,Hallucinations_vs_Factual,15163,0.6038537621498108,0.013395409099757671,-0.0011539265979081392,,
4,neuron_activation,Hallucinations_vs_Factual,395,0.6013999581336975,0.0587925910949707,0.014194357208907604,,
4,neuron_activation,Hallucinations_vs_Factual,15062,0.59539794921875,0.06709567457437515,-0.0037470045499503613,,
4,neuron_activation,Hallucinations_vs_Factual,222,0.5931568145751953,0.009625747799873352,-0.006809501443058252,,
5,neuron_activation,Impossible_vs_Factual,4293,0.6505917310714722,0.21463674306869507,0.06987159699201584,,
5,neuron_activation,Impossible_vs_Factual,8933,0.6119106411933899,0.007042968645691872,-0.00116671749856323,,
5,neuron_activation,Impossible_vs_Factual,12078,0.609155535697937,-0.011311699636280537,-0.023961540311574936,,
5,neuron_activation,Impossible_vs_Factual,11090,0.6005653142929077,0.016189714893698692,-0.02767106518149376,,
5,neuron_activation,Impossible_vs_Factual,14761,0.5952721834182739,-0.00870493520051241,-0.026023011654615402,,
5,neuron_activation,Impossible_vs_Factual,9735,0.5840756893157959,0.09760724008083344,0.04480951279401779,,
5,neuron_activation,Impossible_vs_Factual,7690,0.583631157875061,0.011340714059770107,-0.0023496809881180525,,
5,neuron_activation,Impossible_vs_Factual,5513,0.550896406173706,0.04181533679366112,0.017465079203248024,,
5,neuron_activation,Impossible_vs_Factual,17012,0.5469298958778381,-0.01402747817337513,-0.027326468378305435,,
5,neuron_activation,Impossible_vs_Factual,5255,0.5444802641868591,0.06003708019852638,0.02577851712703705,,
5,neuron_activation,Hallucinations_vs_Factual,1355,0.627208411693573,-0.03341864421963692,-0.06206121668219566,,
5,neuron_activation,Hallucinations_vs_Factual,5775,0.6039841771125793,-0.0038756111171096563,-0.007463356014341116,,
5,neuron_activation,Hallucinations_vs_Factual,8678,0.5894169807434082,0.062071945518255234,0.006329972296953201,,
5,neuron_activation,Hallucinations_vs_Factual,11948,0.5876715183258057,-0.0010475164745002985,-0.004505306016653776,,
5,neuron_activation,Hallucinations_vs_Factual,1059,0.5859430432319641,0.03670937940478325,0.0037930170074105263,,
5,neuron_activation,Hallucinations_vs_Factual,4406,0.5709991455078125,-0.006656139623373747,-0.015036262571811676,,
5,neuron_activation,Hallucinations_vs_Factual,12371,0.5685142874717712,0.02144329808652401,0.011919617652893066,,
5,neuron_activation,Hallucinations_vs_Factual,3317,0.5678492188453674,-0.009294480085372925,-0.01740376092493534,,
5,neuron_activation,Hallucinations_vs_Factual,15752,0.564824640750885,-0.05004289746284485,-0.08176304399967194,,
5,neuron_activation,Hallucinations_vs_Factual,18616,0.5578864812850952,0.007673707790672779,0.001725589856505394,,
6,neuron_activation,Impossible_vs_Factual,730,0.599898636341095,-0.05816429853439331,-0.12393344193696976,,
6,neuron_activation,Impossible_vs_Factual,13816,0.5923501253128052,-0.029554862529039383,-0.0678272545337677,,
6,neuron_activation,Impossible_vs_Factual,17256,0.5849316716194153,-0.02057408168911934,-0.057763293385505676,,
6,neuron_activation,Impossible_vs_Factual,16209,0.5812483429908752,-0.12449383735656738,-0.19233930110931396,,
6,neuron_activation,Impossible_vs_Factual,18064,0.5645797252655029,0.16267354786396027,0.009093087166547775,,
6,neuron_activation,Impossible_vs_Factual,1774,0.5483355522155762,-0.1190878376364708,-0.17283007502555847,,
6,neuron_activation,Impossible_vs_Factual,4841,0.5460994243621826,0.05753292515873909,-0.008655658923089504,,
6,neuron_activation,Impossible_vs_Factual,1420,0.5448890328407288,-0.03597967326641083,-0.0978839099407196,,
6,neuron_activation,Impossible_vs_Factual,10014,0.5448722839355469,-0.029323212802410126,-0.07344547659158707,,
6,neuron_activation,Impossible_vs_Factual,15281,0.5394823551177979,0.18158915638923645,0.013785219751298428,,
6,neuron_activation,Hallucinations_vs_Factual,13816,0.6752316355705261,-0.023187540471553802,-0.0678272545337677,,
6,neuron_activation,Hallucinations_vs_Factual,11269,0.6432739496231079,-0.019909629598259926,-0.07155179232358932,,
6,neuron_activation,Hallucinations_vs_Factual,14010,0.6136210560798645,-0.014609668403863907,-0.11882666498422623,,
6,neuron_activation,Hallucinations_vs_Factual,1033,0.6129291653633118,0.004163733217865229,-0.006859282962977886,,
6,neuron_activation,Hallucinations_vs_Factual,6977,0.605478048324585,-0.07541884481906891,-0.11648242175579071,,
6,neuron_activation,Hallucinations_vs_Factual,1774,0.5991910099983215,-0.11111592501401901,-0.17283007502555847,,
6,neuron_activation,Hallucinations_vs_Factual,15028,0.5984898209571838,-0.07276725769042969,-0.12595941126346588,,
6,neuron_activation,Hallucinations_vs_Factual,16209,0.5931527018547058,-0.12638695538043976,-0.19233930110931396,,
6,neuron_activation,Hallucinations_vs_Factual,6181,0.5885027050971985,0.015561582520604134,-0.04749787971377373,,
6,neuron_activation,Hallucinations_vs_Factual,5471,0.5870569944381714,-0.06462510675191879,-0.1418640911579132,,
7,neuron_activation,Impossible_vs_Factual,12191,0.6103646755218506,-0.019771240651607513,-0.2009582370519638,,
7,neuron_activation,Impossible_vs_Factual,4182,0.5983760952949524,0.387694388628006,0.07267893850803375,,
7,neuron_activation,Impossible_vs_Factual,1658,0.5942276120185852,0.07511523365974426,0.0009276170749217272,,
7,neuron_activation,Impossible_vs_Factual,17168,0.5877079367637634,0.03924698010087013,-0.03246312215924263,,
7,neuron_activation,Impossible_vs_Factual,15259,0.5720483064651489,-0.045297522097826004,-0.12688688933849335,,
7,neuron_activation,Impossible_vs_Factual,236,0.5640854835510254,0.1545065939426422,0.03147294744849205,,
7,neuron_activation,Impossible_vs_Factual,8508,0.5597925782203674,0.18756310641765594,0.08787642419338226,,
7,neuron_activation,Impossible_vs_Factual,685,0.5581404566764832,-0.006136195734143257,-0.07482446730136871,,
7,neuron_activation,Impossible_vs_Factual,16950,0.5498847961425781,0.09249407052993774,-0.0024194594006985426,,
7,neuron_activation,Impossible_vs_Factual,8427,0.5436619520187378,-0.11908445507287979,-0.2602171003818512,,
7,neuron_activation,Hallucinations_vs_Factual,16301,0.7031928896903992,-0.0028600511141121387,-0.09796777367591858,,
7,neuron_activation,Hallucinations_vs_Factual,6769,0.6586412191390991,0.026601064950227737,-0.0732569471001625,,
7,neuron_activation,Hallucinations_vs_Factual,15814,0.648488461971283,0.004770777188241482,-0.08301950991153717,,
7,neuron_activation,Hallucinations_vs_Factual,17720,0.6350507736206055,-0.06058824434876442,-0.14472827315330505,,
7,neuron_activation,Hallucinations_vs_Factual,859,0.6316056251525879,-0.054125428199768066,-0.20199400186538696,,
7,neuron_activation,Hallucinations_vs_Factual,6365,0.605362057685852,-0.04588662460446358,-0.13167577981948853,,
7,neuron_activation,Hallucinations_vs_Factual,15079,0.6018363237380981,-0.03820950537919998,-0.1534949541091919,,
7,neuron_activation,Hallucinations_vs_Factual,2680,0.6001867055892944,0.003072203602641821,-0.09001434594392776,,
7,neuron_activation,Hallucinations_vs_Factual,10502,0.5959383249282837,0.021114269271492958,-0.05337051674723625,,
7,neuron_activation,Hallucinations_vs_Factual,11692,0.586872398853302,0.08946874737739563,-0.042953796684741974,,
8,neuron_activation,Impossible_vs_Factual,1657,0.8145127296447754,0.01419848296791315,-0.1666087508201599,,
8,neuron_activation,Impossible_vs_Factual,15718,0.6360915303230286,-0.015367012470960617,-0.10919319838285446,,
8,neuron_activation,Impossible_vs_Factual,1553,0.610824465751648,-0.00920822098851204,-0.13745762407779694,,
8,neuron_activation,Impossible_vs_Factual,15064,0.6096190810203552,0.02817944996058941,-0.09231828153133392,,
8,neuron_activation,Impossible_vs_Factual,6417,0.6090018153190613,0.005942877847701311,-0.09996476769447327,,
8,neuron_activation,Impossible_vs_Factual,11721,0.6059477925300598,0.09663234651088715,-0.01417565904557705,,
8,neuron_activation,Impossible_vs_Factual,1381,0.6014127135276794,-0.018903566524386406,-0.09449037909507751,,
8,neuron_activation,Impossible_vs_Factual,10298,0.5988206267356873,0.09442521631717682,0.017166204750537872,,
8,neuron_activation,Impossible_vs_Factual,5765,0.5910714864730835,0.05556837469339371,-0.10396192967891693,,
8,neuron_activation,Impossible_vs_Factual,15646,0.5889127850532532,0.021033460274338722,-0.10266400873661041,,
8,neuron_activation,Hallucinations_vs_Factual,1657,0.8775433301925659,0.048660244792699814,-0.1666087508201599,,
8,neuron_activation,Hallucinations_vs_Factual,14737,0.7006015181541443,0.07911589741706848,-0.02510022185742855,,
8,neuron_activation,Hallucinations_vs_Factual,15646,0.6770282983779907,0.021036705002188683,-0.10266400873661041,,
8,neuron_activation,Hallucinations_vs_Factual,9020,0.6557466387748718,-0.014843566343188286,-0.18491794168949127,,
8,neuron_activation,Hallucinations_vs_Factual,10217,0.6309666037559509,-0.11740820109844208,-0.2665373682975769,,
8,neuron_activation,Hallucinations_vs_Factual,10897,0.6254908442497253,0.06220804154872894,-0.0935402438044548,,
8,neuron_activation,Hallucinations_vs_Factual,2241,0.6174947619438171,0.047610171139240265,-0.06637971848249435,,
8,neuron_activation,Hallucinations_vs_Factual,17814,0.6085337996482849,-0.038012463599443436,-0.18260428309440613,,
8,neuron_activation,Hallucinations_vs_Factual,6417,0.599435567855835,-0.000530910911038518,-0.09996476769447327,,
8,neuron_activation,Hallucinations_vs_Factual,8211,0.5947229862213135,-0.09490116685628891,-0.22467519342899323,,
9,neuron_activation,Impossible_vs_Factual,11132,0.6748670935630798,-0.14011943340301514,-0.3106462061405182,,
9,neuron_activation,Impossible_vs_Factual,3054,0.6558650135993958,0.25974032282829285,0.01668716035783291,,
9,neuron_activation,Impossible_vs_Factual,2213,0.6219482421875,0.010877886787056923,-0.28115004301071167,,
9,neuron_activation,Impossible_vs_Factual,10542,0.6195445656776428,-0.08044270426034927,-0.2396252304315567,,
9,neuron_activation,Impossible_vs_Factual,13958,0.611615777015686,-0.010617566294968128,-0.14867155253887177,,
9,neuron_activation,Impossible_vs_Factual,10083,0.5764899253845215,1.590976595878601,0.4171292185783386,,
9,neuron_activation,Impossible_vs_Factual,12273,0.5746808648109436,0.06831138581037521,-0.05011880025267601,,
9,neuron_activation,Impossible_vs_Factual,6068,0.5589074492454529,0.08948212116956711,-0.04992672801017761,,
9,neuron_activation,Impossible_vs_Factual,4120,0.557852029800415,-0.06764702498912811,-0.18817903101444244,,
9,neuron_activation,Impossible_vs_Factual,14825,0.5563589334487915,-0.19445112347602844,-0.9633549451828003,,
9,neuron_activation,Hallucinations_vs_Factual,2213,0.6142391562461853,-0.002017339924350381,-0.28115004301071167,,
9,neuron_activation,Hallucinations_vs_Factual,3168,0.6069577932357788,-0.005551314912736416,-0.156510129570961,,
9,neuron_activation,Hallucinations_vs_Factual,12912,0.6034935712814331,-0.052060600370168686,-0.2562602162361145,,
9,neuron_activation,Hallucinations_vs_Factual,9467,0.5949157476425171,-0.09946674108505249,-0.22295363247394562,,
9,neuron_activation,Hallucinations_vs_Factual,1727,0.5937114357948303,0.01827494613826275,-0.08045562356710434,,
9,neuron_activation,Hallucinations_vs_Factual,1794,0.5624752044677734,-0.08727383613586426,-0.23694844543933868,,
9,neuron_activation,Hallucinations_vs_Factual,1241,0.5622715950012207,-0.011782463639974594,-0.12342559546232224,,
9,neuron_activation,Hallucinations_vs_Factual,7415,0.5562353134155273,-0.07374612987041473,-0.19394785165786743,,
9,neuron_activation,Hallucinations_vs_Factual,12473,0.5511121153831482,-0.10781189799308777,-0.35903602838516235,,
9,neuron_activation,Hallucinations_vs_Factual,6068,0.5463749766349792,0.07406722009181976,-0.04992672801017761,,
10,neuron_activation,Impossible_vs_Factual,12984,0.5854560732841492,0.09364727139472961,-0.02974274754524231,,
10,neuron_activation,Impossible_vs_Factual,4139,0.533295214176178,-0.18745069205760956,-0.5882810354232788,,
10,neuron_activation,Impossible_vs_Factual,9899,0.5328744649887085,-0.10650330781936646,-0.2195606529712677,,
10,neuron_activation,Impossible_vs_Factual,18129,0.5271242260932922,0.006072040647268295,-0.10879161208868027,,
10,neuron_activation,Impossible_vs_Factual,11084,0.5264808535575867,-0.11370302736759186,-0.21338233351707458,,
10,neuron_activation,Impossible_vs_Factual,705,0.5237749814987183,1.008413553237915,0.1574987918138504,,
10,neuron_activation,Impossible_vs_Factual,15907,0.51262366771698,0.3656022846698761,-0.04369473457336426,,
10,neuron_activation,Impossible_vs_Factual,16616,0.5063903331756592,-0.20029054582118988,-0.3530190885066986,,
10,neuron_activation,Impossible_vs_Factual,3371,0.5007882714271545,-0.16946318745613098,-0.2852088510990143,,
10,neuron_activation,Impossible_vs_Factual,7234,0.4969417154788971,-0.04230592027306557,-0.14675739407539368,,
10,neuron_activation,Hallucinations_vs_Factual,3037,0.5536441206932068,-0.14052270352840424,-0.2908250391483307,,
10,neuron_activation,Hallucinations_vs_Factual,17048,0.540856122970581,-0.06010293960571289,-0.16689303517341614,,
10,neuron_activation,Hallucinations_vs_Factual,17792,0.5216730833053589,-0.03413904458284378,-0.14917220175266266,,
10,neuron_activation,Hallucinations_vs_Factual,4758,0.5194113850593567,-0.05646295100450516,-0.19385461509227753,,
10,neuron_activation,Hallucinations_vs_Factual,1397,0.5120156407356262,0.1255459040403366,-0.04499747231602669,,
10,neuron_activation,Hallucinations_vs_Factual,9899,0.508520781993866,-0.1128401979804039,-0.2195606529712677,,
10,neuron_activation,Hallucinations_vs_Factual,7234,0.5079991221427917,-0.033198654651641846,-0.14675739407539368,,
10,neuron_activation,Hallucinations_vs_Factual,15844,0.5063784718513489,-0.08581501245498657,-0.19854755699634552,,
10,neuron_activation,Hallucinations_vs_Factual,16930,0.5059112906455994,-0.1047760397195816,-0.24968282878398895,,
10,neuron_activation,Hallucinations_vs_Factual,11531,0.5050579905509949,-0.030028488487005234,-0.14175458252429962,,
11,neuron_activation,Impossible_vs_Factual,13664,0.55931156873703,-0.1664458066225052,-0.30369722843170166,,
11,neuron_activation,Impossible_vs_Factual,3470,0.5439360737800598,-0.06661542505025864,-0.17983892560005188,,
11,neuron_activation,Impossible_vs_Factual,12124,0.5401319861412048,0.01719900779426098,-0.07255209237337112,,
11,neuron_activation,Impossible_vs_Factual,12685,0.5401312708854675,-0.10602083802223206,-0.23041896522045135,,
11,neuron_activation,Impossible_vs_Factual,7996,0.5296001434326172,-0.10693682730197906,-0.2287989854812622,,
11,neuron_activation,Impossible_vs_Factual,16437,0.5021448135375977,-0.0255354642868042,-0.122873954474926,,
11,neuron_activation,Impossible_vs_Factual,14691,0.4951326847076416,0.00104610959533602,-0.09170926362276077,,
11,neuron_activation,Impossible_vs_Factual,4495,0.4900723099708557,-0.07024841010570526,-0.1802273839712143,,
11,neuron_activation,Impossible_vs_Factual,16623,0.48991522192955017,-0.11596397310495377,-0.2523738145828247,,
11,neuron_activation,Impossible_vs_Factual,6053,0.48959723114967346,-0.009087607264518738,-0.12160874158143997,,
11,neuron_activation,Hallucinations_vs_Factual,711,0.5422111749649048,-0.02858523465692997,-0.15628574788570404,,
11,neuron_activation,Hallucinations_vs_Factual,138,0.5351077318191528,-0.07363917678594589,-0.176167294383049,,
11,neuron_activation,Hallucinations_vs_Factual,13664,0.5321019887924194,-0.174566388130188,-0.30369722843170166,,
11,neuron_activation,Hallucinations_vs_Factual,4495,0.5263382196426392,-0.06980568915605545,-0.1802273839712143,,
11,neuron_activation,Hallucinations_vs_Factual,15256,0.5204925537109375,0.0026855734176933765,-0.13750366866588593,,
11,neuron_activation,Hallucinations_vs_Factual,6392,0.5058733820915222,-0.03367273509502411,-0.1301025152206421,,
11,neuron_activation,Hallucinations_vs_Factual,12588,0.5058181285858154,0.044501472264528275,-0.07249462604522705,,
11,neuron_activation,Hallucinations_vs_Factual,18720,0.5037277340888977,-0.06715081632137299,-0.17499180138111115,,
11,neuron_activation,Hallucinations_vs_Factual,8555,0.49514904618263245,-0.0883411094546318,-0.20236080884933472,,
11,neuron_activation,Hallucinations_vs_Factual,14581,0.49101540446281433,0.04856419190764427,-0.07228226959705353,,
12,neuron_activation,Impossible_vs_Factual,9329,0.6033756732940674,-0.12558797001838684,-0.31298398971557617,,
12,neuron_activation,Impossible_vs_Factual,7071,0.6024863123893738,-0.06831973791122437,-0.19579331576824188,,
12,neuron_activation,Impossible_vs_Factual,15071,0.568873405456543,-0.18130388855934143,-0.30403298139572144,,
12,neuron_activation,Impossible_vs_Factual,4635,0.5584123134613037,-0.10594102740287781,-0.2852082848548889,,
12,neuron_activation,Impossible_vs_Factual,3484,0.5566346645355225,-0.01452279556542635,-0.18047495186328888,,
12,neuron_activation,Impossible_vs_Factual,18167,0.5444591641426086,-0.05479970574378967,-0.17624059319496155,,
12,neuron_activation,Impossible_vs_Factual,614,0.5440502762794495,-0.030362118035554886,-0.13323980569839478,,
12,neuron_activation,Impossible_vs_Factual,8419,0.5318962335586548,-0.036355555057525635,-0.19187332689762115,,
12,neuron_activation,Impossible_vs_Factual,5007,0.5309092998504639,0.08110800385475159,-0.024870434775948524,,
12,neuron_activation,Impossible_vs_Factual,278,0.5297753810882568,-0.06785940378904343,-0.1675807535648346,,
12,neuron_activation,Hallucinations_vs_Factual,16240,0.5950008630752563,-0.06343192607164383,-0.1882512867450714,,
12,neuron_activation,Hallucinations_vs_Factual,6210,0.5545001029968262,-0.1451500952243805,-0.2851000726222992,,
12,neuron_activation,Hallucinations_vs_Factual,3484,0.5458975434303284,-0.022141683846712112,-0.18047495186328888,,
12,neuron_activation,Hallucinations_vs_Factual,15071,0.5455420613288879,-0.1837986409664154,-0.30403298139572144,,
12,neuron_activation,Hallucinations_vs_Factual,2317,0.5390790104866028,-0.06307653337717056,-0.17016644775867462,,
12,neuron_activation,Hallucinations_vs_Factual,278,0.5374796986579895,-0.07171638309955597,-0.1675807535648346,,
12,neuron_activation,Hallucinations_vs_Factual,18350,0.5303345322608948,-0.033264338970184326,-0.18376967310905457,,
12,neuron_activation,Hallucinations_vs_Factual,936,0.5256332755088806,-0.011569594033062458,-0.1077633947134018,,
12,neuron_activation,Hallucinations_vs_Factual,18167,0.5232998728752136,-0.05479363724589348,-0.17624059319496155,,
12,neuron_activation,Hallucinations_vs_Factual,14765,0.5220747590065002,-0.03014650009572506,-0.18653257191181183,,
13,neuron_activation,Impossible_vs_Factual,9809,0.608098030090332,-0.0915803536772728,-0.25002241134643555,,
13,neuron_activation,Impossible_vs_Factual,2698,0.6035236120223999,-0.04367326200008392,-0.15097811818122864,,
13,neuron_activation,Impossible_vs_Factual,5551,0.5788243412971497,0.005846523214131594,-0.13447102904319763,,
13,neuron_activation,Impossible_vs_Factual,11727,0.5693474411964417,-0.06491949409246445,-0.21504800021648407,,
13,neuron_activation,Impossible_vs_Factual,12551,0.5658138394355774,-0.07832985371351242,-0.5449968576431274,,
13,neuron_activation,Impossible_vs_Factual,17602,0.5462420582771301,-0.14836259186267853,-0.5292207598686218,,
13,neuron_activation,Impossible_vs_Factual,16610,0.5365461111068726,0.005870003253221512,-0.07695242762565613,,
13,neuron_activation,Impossible_vs_Factual,12640,0.5343161225318909,-0.009265945293009281,-0.11832116544246674,,
13,neuron_activation,Impossible_vs_Factual,5682,0.5303438305854797,0.03864993155002594,-0.058143455535173416,,
13,neuron_activation,Impossible_vs_Factual,16164,0.5230134725570679,-0.00827981997281313,-0.1490219235420227,,
13,neuron_activation,Hallucinations_vs_Factual,2698,0.5786257982254028,-0.04826446995139122,-0.15097811818122864,,
13,neuron_activation,Hallucinations_vs_Factual,11727,0.5498753190040588,-0.0799979716539383,-0.21504800021648407,,
13,neuron_activation,Hallucinations_vs_Factual,6339,0.546064019203186,-0.011072272434830666,-0.09880341589450836,,
13,neuron_activation,Hallucinations_vs_Factual,11920,0.5368671417236328,-0.05981842055916786,-0.15923598408699036,,
13,neuron_activation,Hallucinations_vs_Factual,18896,0.5319046378135681,-0.07870366424322128,-0.19794292747974396,,
13,neuron_activation,Hallucinations_vs_Factual,1298,0.5308071970939636,-0.13196399807929993,-0.2840474247932434,,
13,neuron_activation,Hallucinations_vs_Factual,123,0.5278368592262268,-0.09244600683450699,-0.1756489872932434,,
13,neuron_activation,Hallucinations_vs_Factual,1162,0.5193625092506409,-0.07812472432851791,-0.17941917479038239,,
13,neuron_activation,Hallucinations_vs_Factual,1159,0.5137748718261719,-0.02766774222254753,-0.1508699357509613,,
13,neuron_activation,Hallucinations_vs_Factual,9809,0.5136873126029968,-0.1152152568101883,-0.25002241134643555,,
14,neuron_activation,Impossible_vs_Factual,2783,0.6077268719673157,-0.04935910925269127,-0.17815139889717102,,
14,neuron_activation,Impossible_vs_Factual,10039,0.600792646408081,-0.06334807723760605,-0.19786785542964935,,
14,neuron_activation,Impossible_vs_Factual,7427,0.6004065871238708,0.1498607099056244,-0.09229700267314911,,
14,neuron_activation,Impossible_vs_Factual,2322,0.5962154865264893,-0.053212545812129974,-0.16470812261104584,,
14,neuron_activation,Impossible_vs_Factual,939,0.5954098701477051,-0.023996589705348015,-0.20256052911281586,,
14,neuron_activation,Impossible_vs_Factual,14701,0.5917754769325256,-0.07315341383218765,-0.20043347775936127,,
14,neuron_activation,Impossible_vs_Factual,2735,0.5856277942657471,-0.08770905435085297,-0.23369581997394562,,
14,neuron_activation,Impossible_vs_Factual,1344,0.5842888951301575,-0.014138388447463512,-0.1286250799894333,,
14,neuron_activation,Impossible_vs_Factual,3668,0.5823402404785156,-0.14951647818088531,-0.2946690022945404,,
14,neuron_activation,Impossible_vs_Factual,628,0.5806032419204712,-0.061176370829343796,-0.20063155889511108,,
14,neuron_activation,Hallucinations_vs_Factual,3668,0.6571757197380066,-0.1305757313966751,-0.2946690022945404,,
14,neuron_activation,Hallucinations_vs_Factual,12112,0.6470302939414978,0.24479371309280396,0.08637084066867828,,
14,neuron_activation,Hallucinations_vs_Factual,5040,0.633617103099823,-0.04492708668112755,-0.1513003408908844,,
14,neuron_activation,Hallucinations_vs_Factual,1992,0.6231155395507812,-0.03555793687701225,-0.15046408772468567,,
14,neuron_activation,Hallucinations_vs_Factual,5223,0.6070574522018433,-0.015525666065514088,-0.1240074560046196,,
14,neuron_activation,Hallucinations_vs_Factual,14701,0.6005484461784363,-0.0633702203631401,-0.20043347775936127,,
14,neuron_activation,Hallucinations_vs_Factual,11185,0.5971350073814392,-0.0025958700571209192,-0.13491636514663696,,
14,neuron_activation,Hallucinations_vs_Factual,10039,0.5933359861373901,-0.05103108286857605,-0.19786785542964935,,
14,neuron_activation,Hallucinations_vs_Factual,12649,0.5723978877067566,-0.04084828123450279,-0.12907440960407257,,
14,neuron_activation,Hallucinations_vs_Factual,2735,0.572229266166687,-0.074928417801857,-0.23369581997394562,,
15,neuron_activation,Impossible_vs_Factual,13652,0.771405041217804,-0.0380396842956543,-0.23228411376476288,,
15,neuron_activation,Impossible_vs_Factual,7854,0.6657249927520752,-0.04099876806139946,-0.19772668182849884,,
15,neuron_activation,Impossible_vs_Factual,498,0.6503196954727173,0.017546415328979492,-0.09760396927595139,,
15,neuron_activation,Impossible_vs_Factual,7513,0.6222270131111145,-0.06605298817157745,-0.20898182690143585,,
15,neuron_activation,Impossible_vs_Factual,1067,0.6178776025772095,0.008429668843746185,-0.10210857540369034,,
15,neuron_activation,Impossible_vs_Factual,917,0.6085430383682251,-0.1349807232618332,-0.2761436998844147,,
15,neuron_activation,Impossible_vs_Factual,2804,0.6081830263137817,-0.0688837394118309,-0.3389270305633545,,
15,neuron_activation,Impossible_vs_Factual,18494,0.6049594283103943,0.05795934423804283,-0.03629688546061516,,
15,neuron_activation,Impossible_vs_Factual,15979,0.5982260704040527,-0.017017582431435585,-0.24163249135017395,,
15,neuron_activation,Impossible_vs_Factual,3602,0.5957184433937073,0.020065821707248688,-0.13800542056560516,,
15,neuron_activation,Hallucinations_vs_Factual,5086,0.6482927203178406,-0.0668913796544075,-0.27188611030578613,,
15,neuron_activation,Hallucinations_vs_Factual,6738,0.6458531022071838,-0.03585338220000267,-0.24943792819976807,,
15,neuron_activation,Hallucinations_vs_Factual,7854,0.5880457758903503,-0.05633293837308884,-0.19772668182849884,,
15,neuron_activation,Hallucinations_vs_Factual,15989,0.5762792229652405,-0.06696997582912445,-0.1853853166103363,,
15,neuron_activation,Hallucinations_vs_Factual,13652,0.5737738013267517,-0.08821465075016022,-0.23228411376476288,,
15,neuron_activation,Hallucinations_vs_Factual,15740,0.5578916072845459,-0.06730734556913376,-0.167997345328331,,
15,neuron_activation,Hallucinations_vs_Factual,8425,0.5528796911239624,0.1838911473751068,0.053006861358881,,
15,neuron_activation,Hallucinations_vs_Factual,8059,0.5475414991378784,-0.0702972263097763,-0.1803835779428482,,
15,neuron_activation,Hallucinations_vs_Factual,498,0.5454630255699158,0.001046269666403532,-0.09760396927595139,,
15,neuron_activation,Hallucinations_vs_Factual,16705,0.5386973023414612,-0.040601279586553574,-0.14158989489078522,,
16,neuron_activation,Impossible_vs_Factual,11221,0.7014971971511841,-0.03798888251185417,-0.14062854647636414,,
16,neuron_activation,Impossible_vs_Factual,2429,0.6334582567214966,-0.10271313041448593,-0.24030853807926178,,
16,neuron_activation,Impossible_vs_Factual,428,0.6186633706092834,-0.4814061224460602,-1.5901731252670288,,
16,neuron_activation,Impossible_vs_Factual,9404,0.5952582955360413,-0.1323661506175995,-0.31702515482902527,,
16,neuron_activation,Impossible_vs_Factual,1004,0.5918539762496948,-0.043336354196071625,-0.14626197516918182,,
16,neuron_activation,Impossible_vs_Factual,2856,0.5850045084953308,0.01337114442139864,-0.3199402689933777,,
16,neuron_activation,Impossible_vs_Factual,4728,0.584418773651123,-0.026223385706543922,-0.12461619079113007,,
16,neuron_activation,Impossible_vs_Factual,5184,0.5840941071510315,-0.05514054000377655,-0.19989006221294403,,
16,neuron_activation,Impossible_vs_Factual,17528,0.5805842280387878,-0.010303866118192673,-0.12544432282447815,,
16,neuron_activation,Impossible_vs_Factual,15144,0.5737243294715881,-0.009084581397473812,-0.11194644868373871,,
16,neuron_activation,Hallucinations_vs_Factual,18591,0.5770780444145203,-0.10876232385635376,-0.27800798416137695,,
16,neuron_activation,Hallucinations_vs_Factual,1004,0.5678791403770447,-0.053658224642276764,-0.14626197516918182,,
16,neuron_activation,Hallucinations_vs_Factual,14262,0.5659787058830261,-0.011770620942115784,-0.12677468359470367,,
16,neuron_activation,Hallucinations_vs_Factual,17276,0.5569927096366882,-0.027024611830711365,-0.1317927986383438,,
16,neuron_activation,Hallucinations_vs_Factual,14475,0.5486341714859009,-0.038070645183324814,-0.1893269121646881,,
16,neuron_activation,Hallucinations_vs_Factual,7534,0.5470660328865051,0.08268211036920547,-0.05702611431479454,,
16,neuron_activation,Hallucinations_vs_Factual,2856,0.5428053140640259,-0.005606374237686396,-0.3199402689933777,,
16,neuron_activation,Hallucinations_vs_Factual,4304,0.540861964225769,-0.16036611795425415,-0.3253660202026367,,
16,neuron_activation,Hallucinations_vs_Factual,6821,0.5370832085609436,-0.14086014032363892,-0.2962932884693146,,
16,neuron_activation,Hallucinations_vs_Factual,11221,0.5324872732162476,-0.051590368151664734,-0.14062854647636414,,
17,neuron_activation,Impossible_vs_Factual,7985,0.800716757774353,0.02377820946276188,-0.1321103721857071,,
17,neuron_activation,Impossible_vs_Factual,14926,0.7114660143852234,-0.029319383203983307,-0.16434262692928314,,
17,neuron_activation,Impossible_vs_Factual,6741,0.7064032554626465,0.019754335284233093,-0.49515706300735474,,
17,neuron_activation,Impossible_vs_Factual,13838,0.6928479671478271,0.06655313074588776,-0.07384230941534042,,
17,neuron_activation,Impossible_vs_Factual,15843,0.6554611325263977,0.006144796498119831,-0.1965053379535675,,
17,neuron_activation,Impossible_vs_Factual,15685,0.6443563103675842,0.013817144557833672,-0.19015586376190186,,
17,neuron_activation,Impossible_vs_Factual,15748,0.6431227326393127,0.010075299069285393,-0.11557736247777939,,
17,neuron_activation,Impossible_vs_Factual,17367,0.6213462352752686,-0.11927707493305206,-0.26000726222991943,,
17,neuron_activation,Impossible_vs_Factual,11183,0.6065035462379456,0.058679841458797455,-0.1086859405040741,,
17,neuron_activation,Impossible_vs_Factual,10254,0.6023317575454712,0.13100147247314453,-0.053516943007707596,,
17,neuron_activation,Hallucinations_vs_Factual,6741,0.8131587505340576,0.07945435494184494,-0.49515706300735474,,
17,neuron_activation,Hallucinations_vs_Factual,14926,0.7080360651016235,-0.029627077281475067,-0.16434262692928314,,
17,neuron_activation,Hallucinations_vs_Factual,8069,0.6732100248336792,-0.2281905561685562,-0.45975616574287415,,
17,neuron_activation,Hallucinations_vs_Factual,557,0.6215143203735352,-0.04497312754392624,-0.17726163566112518,,
17,neuron_activation,Hallucinations_vs_Factual,14108,0.615739107131958,-0.04034458473324776,-0.14825809001922607,,
17,neuron_activation,Hallucinations_vs_Factual,17111,0.6154818534851074,-0.08071009069681168,-0.23955999314785004,,
17,neuron_activation,Hallucinations_vs_Factual,10844,0.5942317843437195,-0.08902516961097717,-0.24302542209625244,,
17,neuron_activation,Hallucinations_vs_Factual,3375,0.581517219543457,0.009323774836957455,-0.1612815260887146,,
17,neuron_activation,Hallucinations_vs_Factual,3650,0.5798322558403015,-0.05484685301780701,-0.19398535788059235,,
17,neuron_activation,Hallucinations_vs_Factual,9518,0.5717723965644836,0.0224277563393116,-0.1116708442568779,,
18,neuron_activation,Impossible_vs_Factual,17881,0.7433174252510071,-0.1989976316690445,-1.008103370666504,,
18,neuron_activation,Impossible_vs_Factual,7728,0.7303304076194763,0.0018691839650273323,-0.17857789993286133,,
18,neuron_activation,Impossible_vs_Factual,3292,0.6907330751419067,0.07320384681224823,-0.0784808024764061,,
18,neuron_activation,Impossible_vs_Factual,5329,0.6868277192115784,0.035726528614759445,-0.09333037585020065,,
18,neuron_activation,Impossible_vs_Factual,12400,0.675194501876831,-0.09102626144886017,-0.23450900614261627,,
18,neuron_activation,Impossible_vs_Factual,2121,0.6575602889060974,0.06359924376010895,-0.11127692461013794,,
18,neuron_activation,Impossible_vs_Factual,13861,0.654130756855011,0.06847496330738068,-0.2555373013019562,,
18,neuron_activation,Impossible_vs_Factual,7225,0.6403100490570068,-0.003988700918853283,-0.1787329912185669,,
18,neuron_activation,Impossible_vs_Factual,7398,0.6368138790130615,0.062484487891197205,-0.48389309644699097,,
18,neuron_activation,Impossible_vs_Factual,18811,0.6364511251449585,-0.053487468510866165,-0.23192425072193146,,
18,neuron_activation,Hallucinations_vs_Factual,17242,0.6681209802627563,-0.05453011766076088,-0.2467728853225708,,
18,neuron_activation,Hallucinations_vs_Factual,5329,0.5776230096817017,0.017612548545002937,-0.09333037585020065,,
18,neuron_activation,Hallucinations_vs_Factual,11505,0.5726643800735474,-0.015775231644511223,-0.1636308878660202,,
18,neuron_activation,Hallucinations_vs_Factual,8864,0.5646279454231262,-0.07450447231531143,-0.21982045471668243,,
18,neuron_activation,Hallucinations_vs_Factual,410,0.5630089044570923,-0.06850671023130417,-0.5202006697654724,,
18,neuron_activation,Hallucinations_vs_Factual,7225,0.5613247156143188,-0.020528506487607956,-0.1787329912185669,,
18,neuron_activation,Hallucinations_vs_Factual,8773,0.557093620300293,-0.04384417086839676,-0.17722561955451965,,
18,neuron_activation,Hallucinations_vs_Factual,7122,0.5513058304786682,-0.14823080599308014,-0.36836540699005127,,
18,neuron_activation,Hallucinations_vs_Factual,8250,0.5494083762168884,-0.047798484563827515,-0.16313926875591278,,
18,neuron_activation,Hallucinations_vs_Factual,16131,0.5465964674949646,0.01873541995882988,-0.09178147464990616,,
19,neuron_activation,Impossible_vs_Factual,1854,0.7074856758117676,0.020295770838856697,-0.21671216189861298,,
19,neuron_activation,Impossible_vs_Factual,8236,0.6823021769523621,0.03169228136539459,-0.188278928399086,,
19,neuron_activation,Impossible_vs_Factual,12332,0.6610495448112488,-0.08170114457607269,-0.268489807844162,,
19,neuron_activation,Impossible_vs_Factual,10800,0.6350857019424438,-0.0692833885550499,-0.2604559659957886,,
19,neuron_activation,Impossible_vs_Factual,5440,0.6266358494758606,-0.08462926745414734,-0.2403470277786255,,
19,neuron_activation,Impossible_vs_Factual,1376,0.6247533559799194,0.10469907522201538,-0.10479407012462616,,
19,neuron_activation,Impossible_vs_Factual,7637,0.6000670790672302,-0.025480741634964943,-0.5934485197067261,,
19,neuron_activation,Impossible_vs_Factual,5567,0.5976055264472961,0.01564951241016388,-0.11388715356588364,,
19,neuron_activation,Impossible_vs_Factual,15962,0.5962004661560059,0.0002112817601300776,-0.16999641060829163,,
19,neuron_activation,Impossible_vs_Factual,13512,0.5947980284690857,0.07066182792186737,-0.08556804805994034,,
19,neuron_activation,Hallucinations_vs_Factual,3405,0.5875971913337708,0.08809768408536911,-0.05583256110548973,,
19,neuron_activation,Hallucinations_vs_Factual,15962,0.574776828289032,-0.008377322927117348,-0.16999641060829163,,
19,neuron_activation,Hallucinations_vs_Factual,4454,0.5619029998779297,-0.009461812674999237,-0.1618439108133316,,
19,neuron_activation,Hallucinations_vs_Factual,13225,0.5595329403877258,-0.029182512313127518,-0.1721925586462021,,
19,neuron_activation,Hallucinations_vs_Factual,4399,0.5580520629882812,-0.06995056569576263,-0.27206405997276306,,
19,neuron_activation,Hallucinations_vs_Factual,10393,0.5470783710479736,-0.09393683820962906,-0.3066871762275696,,
19,neuron_activation,Hallucinations_vs_Factual,4863,0.5430240035057068,-0.13202767074108124,-0.6875156164169312,,
19,neuron_activation,Hallucinations_vs_Factual,1854,0.5280840992927551,-0.04529533535242081,-0.21671216189861298,,
19,neuron_activation,Hallucinations_vs_Factual,10671,0.5254002213478088,-0.1452544778585434,-0.31617051362991333,,
19,neuron_activation,Hallucinations_vs_Factual,195,0.5201906561851501,-0.07394532114267349,-0.20248527824878693,,
20,neuron_activation,Impossible_vs_Factual,2747,0.7302574515342712,0.22224807739257812,-0.7369575500488281,,
20,neuron_activation,Impossible_vs_Factual,9174,0.674913227558136,0.007417644374072552,-0.16160500049591064,,
20,neuron_activation,Impossible_vs_Factual,17480,0.674881637096405,0.11678455770015717,-0.6724539995193481,,
20,neuron_activation,Impossible_vs_Factual,7875,0.6623013615608215,-0.014855724759399891,-0.2375575751066208,,
20,neuron_activation,Impossible_vs_Factual,2962,0.6591798067092896,0.05855567753314972,-0.12043485045433044,,
20,neuron_activation,Impossible_vs_Factual,9712,0.6577513217926025,-0.02128591760993004,-0.6632372140884399,,
20,neuron_activation,Impossible_vs_Factual,14139,0.6513834595680237,0.09775200486183167,-0.08383471518754959,,
20,neuron_activation,Impossible_vs_Factual,5265,0.6479900479316711,0.09407179057598114,-0.4342215657234192,,
20,neuron_activation,Impossible_vs_Factual,18390,0.636580228805542,0.00638521509245038,-0.20704858005046844,,
20,neuron_activation,Impossible_vs_Factual,1192,0.63092041015625,0.011653972789645195,-0.20641586184501648,,
20,neuron_activation,Hallucinations_vs_Factual,15985,0.6122286319732666,-0.3799901604652405,-1.3487648963928223,,
20,neuron_activation,Hallucinations_vs_Factual,9174,0.6099790930747986,-0.008767135441303253,-0.16160500049591064,,
20,neuron_activation,Hallucinations_vs_Factual,2962,0.5957722663879395,0.043968696147203445,-0.12043485045433044,,
20,neuron_activation,Hallucinations_vs_Factual,18390,0.5865382552146912,-0.035422153770923615,-0.20704858005046844,,
20,neuron_activation,Hallucinations_vs_Factual,5265,0.5696399807929993,0.056366216391325,-0.4342215657234192,,
20,neuron_activation,Hallucinations_vs_Factual,2747,0.5646891593933105,0.03970320522785187,-0.7369575500488281,,
20,neuron_activation,Hallucinations_vs_Factual,9712,0.5582968592643738,-0.040877025574445724,-0.6632372140884399,,
20,neuron_activation,Hallucinations_vs_Factual,11609,0.5393470525741577,-0.15364733338356018,-0.35656270384788513,,
20,neuron_activation,Hallucinations_vs_Factual,16045,0.534794807434082,-0.016538193449378014,-0.1951453685760498,,
20,neuron_activation,Hallucinations_vs_Factual,11442,0.5218964219093323,0.013738934881985188,-0.2788083255290985,,
21,neuron_activation,Impossible_vs_Factual,5322,0.6521857976913452,0.015511433593928814,-1.7581944465637207,,
21,neuron_activation,Impossible_vs_Factual,12706,0.6291735768318176,0.04100305214524269,-0.17550627887248993,,
21,neuron_activation,Impossible_vs_Factual,5954,0.6142743229866028,0.0562499575316906,-0.15407194197177887,,
21,neuron_activation,Impossible_vs_Factual,7915,0.5953396558761597,-0.00877186469733715,-0.494737446308136,,
21,neuron_activation,Impossible_vs_Factual,18292,0.5793894529342651,0.1251128911972046,-0.6604723930358887,,
21,neuron_activation,Impossible_vs_Factual,5874,0.5787965059280396,0.0001757262070896104,-0.18762610852718353,,
21,neuron_activation,Impossible_vs_Factual,11242,0.5731044411659241,-0.08148965239524841,-0.595314085483551,,
21,neuron_activation,Impossible_vs_Factual,1444,0.5662856698036194,-0.5171757340431213,-2.55356502532959,,
21,neuron_activation,Impossible_vs_Factual,18641,0.5608862638473511,-0.03138519823551178,-0.23893755674362183,,
21,neuron_activation,Impossible_vs_Factual,7233,0.5561473965644836,-0.5019250512123108,-1.428992509841919,,
21,neuron_activation,Hallucinations_vs_Factual,5874,0.5698933005332947,0.007297245319932699,-0.18762610852718353,,
21,neuron_activation,Hallucinations_vs_Factual,1847,0.5562538504600525,-0.029445281252264977,-0.26352542638778687,,
21,neuron_activation,Hallucinations_vs_Factual,12706,0.5444474220275879,0.015128913335502148,-0.17550627887248993,,
21,neuron_activation,Hallucinations_vs_Factual,14018,0.5361695885658264,-0.05406602472066879,-0.26443153619766235,,
21,neuron_activation,Hallucinations_vs_Factual,7233,0.5236420035362244,-0.5360075235366821,-1.428992509841919,,
21,neuron_activation,Hallucinations_vs_Factual,86,0.5226659178733826,-0.035389721393585205,-0.27348247170448303,,
21,neuron_activation,Hallucinations_vs_Factual,16311,0.52215975522995,-0.3871287703514099,-0.7246778011322021,,
21,neuron_activation,Hallucinations_vs_Factual,4279,0.5122268795967102,-0.10263986885547638,-0.31025129556655884,,
21,neuron_activation,Hallucinations_vs_Factual,11419,0.5066576600074768,-0.30831411480903625,-1.0771113634109497,,
21,neuron_activation,Hallucinations_vs_Factual,12602,0.501931369304657,-0.029209939762949944,-0.2681748867034912,,
22,neuron_activation,Impossible_vs_Factual,8221,0.7347682118415833,-0.05552536994218826,-0.3250539004802704,,
22,neuron_activation,Impossible_vs_Factual,8187,0.564304769039154,0.031465817242860794,-0.11889667809009552,,
22,neuron_activation,Impossible_vs_Factual,2168,0.5447984933853149,-0.07899066805839539,-0.3956097364425659,,
22,neuron_activation,Impossible_vs_Factual,12638,0.5424684286117554,-0.033813439309597015,-1.060774803161621,,
22,neuron_activation,Impossible_vs_Factual,7631,0.5387780070304871,0.053355954587459564,-0.21942415833473206,,
22,neuron_activation,Impossible_vs_Factual,6113,0.5341671109199524,0.05740988627076149,-0.1261226087808609,,
22,neuron_activation,Impossible_vs_Factual,17301,0.533168375492096,-0.01643410325050354,-0.6470082402229309,,
22,neuron_activation,Impossible_vs_Factual,3994,0.5289419889450073,-0.02630932442843914,-0.1783519834280014,,
22,neuron_activation,Impossible_vs_Factual,18070,0.5289165377616882,0.09412413835525513,-0.07014200091362,,
22,neuron_activation,Impossible_vs_Factual,11191,0.5255454778671265,-0.14164796471595764,-0.35240426659584045,,
22,neuron_activation,Hallucinations_vs_Factual,8221,0.7012054920196533,-0.06794102489948273,-0.3250539004802704,,
22,neuron_activation,Hallucinations_vs_Factual,16395,0.4963223338127136,0.10524547100067139,-0.13876168429851532,,
22,neuron_activation,Hallucinations_vs_Factual,6113,0.48666083812713623,0.031231435015797615,-0.1261226087808609,,
22,neuron_activation,Hallucinations_vs_Factual,4422,0.4812858998775482,0.09408474713563919,-0.10353086143732071,,
22,neuron_activation,Hallucinations_vs_Factual,6103,0.4803960621356964,-0.09341338276863098,-0.33548271656036377,,
22,neuron_activation,Hallucinations_vs_Factual,7798,0.47521811723709106,0.10877431184053421,-0.06578546017408371,,
22,neuron_activation,Hallucinations_vs_Factual,2375,0.47371238470077515,0.013610009104013443,-0.1470073014497757,,
22,neuron_activation,Hallucinations_vs_Factual,4687,0.46304601430892944,0.9053719639778137,-0.7367210388183594,,
22,neuron_activation,Hallucinations_vs_Factual,10509,0.4622270464897156,0.01624937355518341,-0.17899301648139954,,
22,neuron_activation,Hallucinations_vs_Factual,8196,0.4598502814769745,4.159154891967773,0.06245558708906174,,
23,neuron_activation,Impossible_vs_Factual,2210,0.5953218340873718,-0.760403573513031,-3.827195644378662,,
23,neuron_activation,Impossible_vs_Factual,6338,0.5557245016098022,-0.24280579388141632,-0.5487438440322876,,
23,neuron_activation,Impossible_vs_Factual,6251,0.5547488927841187,0.23240333795547485,-0.009776902385056019,,
23,neuron_activation,Impossible_vs_Factual,12341,0.5217150449752808,0.3054277002811432,-3.168041229248047,,
23,neuron_activation,Impossible_vs_Factual,929,0.5159044861793518,-1.1732213497161865,-10.124930381774902,,
23,neuron_activation,Impossible_vs_Factual,15699,0.5114760994911194,0.031114138662815094,-0.1893835812807083,,
23,neuron_activation,Impossible_vs_Factual,1006,0.4955887496471405,-0.13884104788303375,-0.3551141023635864,,
23,neuron_activation,Impossible_vs_Factual,14496,0.48069027066230774,-2.438213586807251,-7.317462921142578,,
23,neuron_activation,Impossible_vs_Factual,6057,0.4712256193161011,-0.3226824104785919,-0.5866392850875854,,
23,neuron_activation,Impossible_vs_Factual,8748,0.4692484736442566,-0.6567445397377014,-3.409752130508423,,
23,neuron_activation,Hallucinations_vs_Factual,12341,0.5027700066566467,0.2821906507015228,-3.168041229248047,,
23,neuron_activation,Hallucinations_vs_Factual,12674,0.5000777244567871,0.41525816917419434,-0.8490042686462402,,
23,neuron_activation,Hallucinations_vs_Factual,11366,0.49093079566955566,-0.14823788404464722,-0.31537848711013794,,
23,neuron_activation,Hallucinations_vs_Factual,7471,0.4851773977279663,-0.09714986383914948,-0.3293793201446533,,
23,neuron_activation,Hallucinations_vs_Factual,6251,0.4513489603996277,0.20317883789539337,-0.009776902385056019,,
23,neuron_activation,Hallucinations_vs_Factual,929,0.445686936378479,-2.0496246814727783,-10.124930381774902,,
23,neuron_activation,Hallucinations_vs_Factual,8748,0.44144198298454285,-0.7417097687721252,-3.409752130508423,,
23,neuron_activation,Hallucinations_vs_Factual,2210,0.4297490417957306,-1.2919656038284302,-3.827195644378662,,
23,neuron_activation,Hallucinations_vs_Factual,16401,0.42889872193336487,0.07230900228023529,-0.0969817116856575,,
23,neuron_activation,Hallucinations_vs_Factual,5782,0.42855262756347656,-0.15086472034454346,-0.31402507424354553,,
24,neuron_activation,Impossible_vs_Factual,77,0.6099329590797424,7.752846717834473,-6.95529317855835,,
24,neuron_activation,Impossible_vs_Factual,4981,0.5460754036903381,0.10318369418382645,-1.5780595541000366,,
24,neuron_activation,Impossible_vs_Factual,1459,0.5017592310905457,-0.39536744356155396,-0.7276424765586853,,
24,neuron_activation,Impossible_vs_Factual,4005,0.4993803799152374,-1.366278886795044,-9.92994213104248,,
24,neuron_activation,Impossible_vs_Factual,165,0.47570180892944336,-0.48143500089645386,-5.0000996589660645,,
24,neuron_activation,Impossible_vs_Factual,9828,0.4729742109775543,0.42962777614593506,0.15174676477909088,,
24,neuron_activation,Impossible_vs_Factual,11691,0.4608667492866516,0.04588430002331734,-0.7682127356529236,,
24,neuron_activation,Impossible_vs_Factual,18656,0.44908982515335083,0.20386569201946259,0.027943512424826622,,
24,neuron_activation,Impossible_vs_Factual,17197,0.4275539517402649,0.8559460043907166,-1.2073731422424316,,
24,neuron_activation,Impossible_vs_Factual,2577,0.42733779549598694,0.09170252829790115,-0.08051200211048126,,
24,neuron_activation,Hallucinations_vs_Factual,77,0.4976653456687927,6.446141719818115,-6.95529317855835,,
24,neuron_activation,Hallucinations_vs_Factual,165,0.48005810379981995,-0.4396313428878784,-5.0000996589660645,,
24,neuron_activation,Hallucinations_vs_Factual,4005,0.47379258275032043,-1.7247108221054077,-9.92994213104248,,
24,neuron_activation,Hallucinations_vs_Factual,7914,0.4590643644332886,0.0425809770822525,-0.19060944020748138,,
24,neuron_activation,Hallucinations_vs_Factual,4981,0.4438400864601135,-0.2668425142765045,-1.5780595541000366,,
24,neuron_activation,Hallucinations_vs_Factual,11542,0.4327087998390198,2.4753081798553467,0.5314770936965942,,
24,neuron_activation,Hallucinations_vs_Factual,13837,0.429848849773407,0.0002599493018351495,-0.2757217288017273,,
24,neuron_activation,Hallucinations_vs_Factual,6345,0.42802101373672485,0.16393141448497772,-0.012096229940652847,,
24,neuron_activation,Hallucinations_vs_Factual,6070,0.4217953383922577,2.3994367122650146,0.9860457181930542,,
24,neuron_activation,Hallucinations_vs_Factual,663,0.4110414683818817,0.1253679394721985,-0.11566717177629471,,
25,neuron_activation,Impossible_vs_Factual,11152,0.6203997135162354,-0.08819787204265594,-2.37862229347229,,
25,neuron_activation,Impossible_vs_Factual,13346,0.553205668926239,-0.46184346079826355,-5.358211517333984,,
25,neuron_activation,Impossible_vs_Factual,5662,0.5275306105613708,0.009134399704635143,-0.2652207911014557,,
25,neuron_activation,Impossible_vs_Factual,7001,0.4985392689704895,0.22455234825611115,-0.6721952557563782,,
25,neuron_activation,Impossible_vs_Factual,9396,0.49640151858329773,-1.0015970468521118,-11.433409690856934,,
25,neuron_activation,Impossible_vs_Factual,3481,0.49193835258483887,0.6994624137878418,-1.190989375114441,,
25,neuron_activation,Impossible_vs_Factual,3329,0.47154468297958374,0.47492969036102295,-2.762255907058716,,
25,neuron_activation,Impossible_vs_Factual,14708,0.46262556314468384,-0.25081533193588257,-0.4970610737800598,,
25,neuron_activation,Impossible_vs_Factual,14911,0.4609396159648895,0.06825736165046692,-0.47081100940704346,,
25,neuron_activation,Impossible_vs_Factual,7584,0.43558669090270996,-1.2852047681808472,-7.573208332061768,,
25,neuron_activation,Hallucinations_vs_Factual,5446,0.48616325855255127,-0.3887939751148224,-0.725170910358429,,
25,neuron_activation,Hallucinations_vs_Factual,13346,0.4792611002922058,-0.8079627752304077,-5.358211517333984,,
25,neuron_activation,Hallucinations_vs_Factual,9396,0.44967156648635864,-1.5283092260360718,-11.433409690856934,,
25,neuron_activation,Hallucinations_vs_Factual,5662,0.4418421983718872,-0.021494900807738304,-0.2652207911014557,,
25,neuron_activation,Hallucinations_vs_Factual,14555,0.4384676218032837,0.16195233166217804,-0.09029372036457062,,
25,neuron_activation,Hallucinations_vs_Factual,2820,0.4374952018260956,0.07148609310388565,-0.29559680819511414,,
25,neuron_activation,Hallucinations_vs_Factual,7001,0.4327089190483093,0.18667863309383392,-0.6721952557563782,,
25,neuron_activation,Hallucinations_vs_Factual,4269,0.4309053122997284,-0.28306910395622253,-1.2688902616500854,,
25,neuron_activation,Hallucinations_vs_Factual,11152,0.42861178517341614,-0.6142328381538391,-2.37862229347229,,
25,neuron_activation,Hallucinations_vs_Factual,1343,0.424518346786499,2.208966016769409,0.3903329074382782,,
26,neuron_activation,Impossible_vs_Factual,6421,0.6333422660827637,-1.0358449220657349,-7.924503326416016,,
26,neuron_activation,Impossible_vs_Factual,16830,0.5999172329902649,3.9950461387634277,0.25120478868484497,,
26,neuron_activation,Impossible_vs_Factual,6921,0.567371129989624,-1.3644863367080688,-11.148070335388184,,
26,neuron_activation,Impossible_vs_Factual,9591,0.5669543147087097,-0.16829606890678406,-2.3114500045776367,,
26,neuron_activation,Impossible_vs_Factual,5692,0.4997113347053528,-0.7164329886436462,-9.499371528625488,,
26,neuron_activation,Impossible_vs_Factual,11837,0.49919047951698303,0.26092904806137085,-0.7449918985366821,,
26,neuron_activation,Impossible_vs_Factual,9225,0.4953782856464386,-0.49700728058815,-4.404757022857666,,
26,neuron_activation,Impossible_vs_Factual,5345,0.49362048506736755,-1.486100196838379,-7.998076438903809,,
26,neuron_activation,Impossible_vs_Factual,8831,0.4919509291648865,-0.03296869248151779,-11.104625701904297,,
26,neuron_activation,Impossible_vs_Factual,14199,0.48939627408981323,-0.9034973978996277,-6.042205333709717,,
26,neuron_activation,Hallucinations_vs_Factual,1900,0.4994281530380249,27.040836334228516,2.52482008934021,,
26,neuron_activation,Hallucinations_vs_Factual,11119,0.47161582112312317,-1.0663090944290161,-3.001687526702881,,
26,neuron_activation,Hallucinations_vs_Factual,6921,0.46882951259613037,-2.1379923820495605,-11.148070335388184,,
26,neuron_activation,Hallucinations_vs_Factual,9225,0.45527568459510803,-0.8619117736816406,-4.404757022857666,,
26,neuron_activation,Hallucinations_vs_Factual,947,0.45516374707221985,-0.2450212985277176,-1.8481988906860352,,
26,neuron_activation,Hallucinations_vs_Factual,11578,0.4513280391693115,-1.2005876302719116,-4.105783939361572,,
26,neuron_activation,Hallucinations_vs_Factual,14307,0.44115975499153137,-0.11694034934043884,-1.1071685552597046,,
26,neuron_activation,Hallucinations_vs_Factual,14199,0.4404039680957794,-1.1059134006500244,-6.042205333709717,,
26,neuron_activation,Hallucinations_vs_Factual,10615,0.4313710331916809,-4.348879337310791,-14.228338241577148,,
26,neuron_activation,Hallucinations_vs_Factual,5692,0.42967572808265686,-1.4388413429260254,-9.499371528625488,,
27,neuron_activation,Impossible_vs_Factual,3615,0.6420586109161377,7.229337215423584,-14.07850170135498,,
27,neuron_activation,Impossible_vs_Factual,2994,0.6219323873519897,0.7161456346511841,0.2673451900482178,,
27,neuron_activation,Impossible_vs_Factual,12821,0.5786000490188599,-12.80621337890625,-28.68618392944336,,
27,neuron_activation,Impossible_vs_Factual,3633,0.5630854964256287,0.07131979614496231,-5.551448822021484,,
27,neuron_activation,Impossible_vs_Factual,17570,0.5597097873687744,-8.102845191955566,-35.693389892578125,,
27,neuron_activation,Impossible_vs_Factual,8891,0.5553759932518005,0.5083786249160767,0.1763857752084732,,
27,neuron_activation,Impossible_vs_Factual,5265,0.5457054376602173,-0.8283953070640564,-5.4380998611450195,,
27,neuron_activation,Impossible_vs_Factual,1681,0.5404702425003052,1.7392070293426514,-4.478453636169434,,
27,neuron_activation,Impossible_vs_Factual,15339,0.5347506999969482,0.2302369922399521,0.07712242752313614,,
27,neuron_activation,Impossible_vs_Factual,15669,0.5255974531173706,-16.770790100097656,-28.98374366760254,,
27,neuron_activation,Hallucinations_vs_Factual,12821,0.5911956429481506,-11.848164558410645,-28.68618392944336,,
27,neuron_activation,Hallucinations_vs_Factual,4001,0.5703906416893005,-58.57115936279297,-112.88996887207031,,
27,neuron_activation,Hallucinations_vs_Factual,15421,0.5506540536880493,-5.507082939147949,-14.305603981018066,,
27,neuron_activation,Hallucinations_vs_Factual,1681,0.5439441800117493,2.0161476135253906,-4.478453636169434,,
27,neuron_activation,Hallucinations_vs_Factual,3633,0.5244153738021851,-0.09138570725917816,-5.551448822021484,,
27,neuron_activation,Hallucinations_vs_Factual,15669,0.523391842842102,-17.014467239379883,-28.98374366760254,,
27,neuron_activation,Hallucinations_vs_Factual,8891,0.5095980167388916,0.4804436266422272,0.1763857752084732,,
27,neuron_activation,Hallucinations_vs_Factual,1418,0.499922513961792,0.16842730343341827,-5.436436176300049,,
27,neuron_activation,Hallucinations_vs_Factual,17570,0.49417227506637573,-10.69559097290039,-35.693389892578125,,
27,neuron_activation,Hallucinations_vs_Factual,2994,0.4773607850074768,0.6194923520088196,0.2673451900482178,,
0,head_entropy,Impossible_vs_Factual,11,0.3688318729400635,,,1.5082749128341675,1.139443039894104
0,head_entropy,Impossible_vs_Factual,7,0.364986777305603,,,1.2048441171646118,0.8398573398590088
0,head_entropy,Impossible_vs_Factual,6,0.24298524856567383,,,1.071694016456604,0.8287087678909302
0,head_entropy,Impossible_vs_Factual,14,0.22855877876281738,,,1.2600079774856567,1.0314491987228394
0,head_entropy,Impossible_vs_Factual,13,-0.22602307796478271,,,0.7726563215255737,0.9986793994903564
0,head_entropy,Impossible_vs_Factual,3,0.1783355474472046,,,1.983616828918457,1.8052812814712524
0,head_entropy,Impossible_vs_Factual,16,0.16697633266448975,,,1.564749836921692,1.3977735042572021
0,head_entropy,Impossible_vs_Factual,9,-0.14861679077148438,,,1.1166644096374512,1.2652812004089355
0,head_entropy,Impossible_vs_Factual,23,-0.1399221420288086,,,1.5785934925079346,1.7185156345367432
0,head_entropy,Impossible_vs_Factual,24,-0.1357342004776001,,,1.5524688959121704,1.6882030963897705
0,head_entropy,Hallucinations_vs_Factual,7,0.491466760635376,,,1.3313241004943848,0.8398573398590088
0,head_entropy,Hallucinations_vs_Factual,11,0.4725686311721802,,,1.6120116710662842,1.139443039894104
0,head_entropy,Hallucinations_vs_Factual,10,0.3702510595321655,,,1.4722073078155518,1.1019562482833862
0,head_entropy,Hallucinations_vs_Factual,6,0.3605450391769409,,,1.189253807067871,0.8287087678909302
0,head_entropy,Hallucinations_vs_Factual,2,0.3418748378753662,,,1.8893593549728394,1.5474845170974731
0,head_entropy,Hallucinations_vs_Factual,16,0.32665586471557617,,,1.7244293689727783,1.3977735042572021
0,head_entropy,Hallucinations_vs_Factual,21,0.3062814474105835,,,1.8836408853530884,1.5773594379425049
0,head_entropy,Hallucinations_vs_Factual,0,0.2999533414840698,,,2.085749864578247,1.7857965230941772
0,head_entropy,Hallucinations_vs_Factual,4,0.2954680919647217,,,2.1286709308624268,1.833202838897705
0,head_entropy,Hallucinations_vs_Factual,12,0.2950785160064697,,,2.3673129081726074,2.0722343921661377
1,head_entropy,Impossible_vs_Factual,23,0.4283323287963867,,,1.4207863807678223,0.9924540519714355
1,head_entropy,Impossible_vs_Factual,24,0.4253993034362793,,,1.5952268838882446,1.1698275804519653
1,head_entropy,Impossible_vs_Factual,15,0.30501145124435425,,,1.0763345956802368,0.7713231444358826
1,head_entropy,Impossible_vs_Factual,3,0.20274949073791504,,,1.8009371757507324,1.5981876850128174
1,head_entropy,Impossible_vs_Factual,16,0.1861720085144043,,,1.9434218406677246,1.7572498321533203
1,head_entropy,Impossible_vs_Factual,19,0.16842198371887207,,,1.54353928565979,1.375117301940918
1,head_entropy,Impossible_vs_Factual,27,0.16057825088500977,,,1.9366563558578491,1.7760781049728394
1,head_entropy,Impossible_vs_Factual,17,0.14831244945526123,,,1.41544508934021,1.2671326398849487
1,head_entropy,Impossible_vs_Factual,10,0.11132776737213135,,,1.8115313053131104,1.700203537940979
1,head_entropy,Impossible_vs_Factual,12,0.09259366989135742,,,1.5566248893737793,1.4640312194824219
1,head_entropy,Hallucinations_vs_Factual,23,0.6343398094177246,,,1.6267938613891602,0.9924540519714355
1,head_entropy,Hallucinations_vs_Factual,24,0.5027427673339844,,,1.6725703477859497,1.1698275804519653
1,head_entropy,Hallucinations_vs_Factual,15,0.3814319968223572,,,1.1527551412582397,0.7713231444358826
1,head_entropy,Hallucinations_vs_Factual,16,0.34734463691711426,,,2.1045944690704346,1.7572498321533203
1,head_entropy,Hallucinations_vs_Factual,27,0.3308755159378052,,,2.1069536209106445,1.7760781049728394
1,head_entropy,Hallucinations_vs_Factual,19,0.3113747835159302,,,1.6864920854568481,1.375117301940918
1,head_entropy,Hallucinations_vs_Factual,3,0.30678117275238037,,,1.9049688577651978,1.5981876850128174
1,head_entropy,Hallucinations_vs_Factual,14,0.28742146492004395,,,2.351733684539795,2.064312219619751
1,head_entropy,Hallucinations_vs_Factual,1,0.26276421546936035,,,2.4505937099456787,2.1878294944763184
1,head_entropy,Hallucinations_vs_Factual,5,0.250171422958374,,,2.444218397140503,2.194046974182129
2,head_entropy,Impossible_vs_Factual,22,0.10729694366455078,,,1.7185626029968262,1.6112656593322754
2,head_entropy,Impossible_vs_Factual,2,-0.08646905422210693,,,1.6887809038162231,1.77524995803833
2,head_entropy,Impossible_vs_Factual,5,-0.08204662799835205,,,1.6979844570159912,1.7800310850143433
2,head_entropy,Impossible_vs_Factual,1,-0.07596898078918457,,,1.7078437805175781,1.7838127613067627
2,head_entropy,Impossible_vs_Factual,3,-0.06821107864379883,,,1.5214844942092896,1.5896955728530884
2,head_entropy,Impossible_vs_Factual,10,-0.06365704536437988,,,1.9605779647827148,2.0242350101470947
2,head_entropy,Impossible_vs_Factual,19,0.060890913009643555,,,2.091031551361084,2.0301406383514404
2,head_entropy,Impossible_vs_Factual,15,0.05756235122680664,,,2.091608762741089,2.0340464115142822
2,head_entropy,Impossible_vs_Factual,27,0.054984211921691895,,,1.8971093893051147,1.8421251773834229
2,head_entropy,Impossible_vs_Factual,24,-0.05431234836578369,,,1.9527658224105835,2.007078170776367
2,head_entropy,Hallucinations_vs_Factual,16,0.22413969039916992,,,2.345546245574951,2.1214065551757812
2,head_entropy,Hallucinations_vs_Factual,22,0.22164082527160645,,,1.8329064846038818,1.6112656593322754
2,head_entropy,Hallucinations_vs_Factual,19,0.2056870460510254,,,2.235827684402466,2.0301406383514404
2,head_entropy,Hallucinations_vs_Factual,15,0.19606304168701172,,,2.230109453201294,2.0340464115142822
2,head_entropy,Hallucinations_vs_Factual,20,0.17559266090393066,,,2.4581878185272217,2.282595157623291
2,head_entropy,Hallucinations_vs_Factual,17,0.17499995231628418,,,2.4167187213897705,2.2417187690734863
2,head_entropy,Hallucinations_vs_Factual,14,0.16878128051757812,,,2.14217209815979,1.973390817642212
2,head_entropy,Hallucinations_vs_Factual,3,-0.13671112060546875,,,1.4529844522476196,1.5896955728530884
2,head_entropy,Hallucinations_vs_Factual,18,0.11185860633850098,,,2.177748918533325,2.065890312194824
2,head_entropy,Hallucinations_vs_Factual,5,-0.10801577568054199,,,1.6720153093338013,1.7800310850143433
3,head_entropy,Impossible_vs_Factual,24,0.3143596649169922,,,1.742351770401001,1.4279921054840088
3,head_entropy,Impossible_vs_Factual,1,0.2477813959121704,,,1.4392812252044678,1.1914998292922974
3,head_entropy,Impossible_vs_Factual,27,0.1822502613067627,,,1.9075158834457397,1.725265622138977
3,head_entropy,Impossible_vs_Factual,22,0.1729450225830078,,,1.8361482620239258,1.663203239440918
3,head_entropy,Impossible_vs_Factual,25,0.1620628833770752,,,1.700218677520752,1.5381557941436768
3,head_entropy,Impossible_vs_Factual,21,0.11457908153533936,,,2.036125898361206,1.9215468168258667
3,head_entropy,Impossible_vs_Factual,20,0.09212517738342285,,,2.0096564292907715,1.9175312519073486
3,head_entropy,Impossible_vs_Factual,23,0.08557748794555664,,,2.005531072616577,1.9199535846710205
3,head_entropy,Impossible_vs_Factual,10,0.08261716365814209,,,1.438281536102295,1.3556643724441528
3,head_entropy,Impossible_vs_Factual,16,0.06426608562469482,,,1.7451876401901245,1.6809215545654297
3,head_entropy,Hallucinations_vs_Factual,24,0.4597189426422119,,,1.8877110481262207,1.4279921054840088
3,head_entropy,Hallucinations_vs_Factual,22,0.3591794967651367,,,2.0223827362060547,1.663203239440918
3,head_entropy,Hallucinations_vs_Factual,25,0.3322817087173462,,,1.870437502861023,1.5381557941436768
3,head_entropy,Hallucinations_vs_Factual,27,0.28196823596954346,,,2.0072338581085205,1.725265622138977
3,head_entropy,Hallucinations_vs_Factual,18,0.2589845657348633,,,2.025156259536743,1.7661716938018799
3,head_entropy,Hallucinations_vs_Factual,14,0.2533280849456787,,,2.3571715354919434,2.1038434505462646
3,head_entropy,Hallucinations_vs_Factual,1,0.25282061100006104,,,1.4443204402923584,1.1914998292922974
3,head_entropy,Hallucinations_vs_Factual,21,0.23246753215789795,,,2.1540143489837646,1.9215468168258667
3,head_entropy,Hallucinations_vs_Factual,20,0.22878122329711914,,,2.1463124752044678,1.9175312519073486
3,head_entropy,Hallucinations_vs_Factual,17,0.22626543045043945,,,1.9711557626724243,1.7448903322219849
4,head_entropy,Impossible_vs_Factual,25,-0.47492754459381104,,,1.239455223083496,1.7143827676773071
4,head_entropy,Impossible_vs_Factual,15,-0.24729645252227783,,,0.9981952905654907,1.2454917430877686
4,head_entropy,Impossible_vs_Factual,18,-0.22125917673110962,,,0.40188711881637573,0.6231462955474854
4,head_entropy,Impossible_vs_Factual,23,-0.2006804645061493,,,0.30978813767433167,0.510468602180481
4,head_entropy,Impossible_vs_Factual,21,-0.1874784231185913,,,0.7511854767799377,0.938663899898529
4,head_entropy,Impossible_vs_Factual,20,-0.1482420563697815,,,0.5874248147010803,0.7356668710708618
4,head_entropy,Impossible_vs_Factual,4,-0.12457042932510376,,,0.9275116324424744,1.0520820617675781
4,head_entropy,Impossible_vs_Factual,14,-0.10984966158866882,,,0.3701029419898987,0.4799526035785675
4,head_entropy,Impossible_vs_Factual,16,-0.10199213027954102,,,0.7402988076210022,0.8422909379005432
4,head_entropy,Impossible_vs_Factual,3,-0.09773421287536621,,,0.7692266702651978,0.866960883140564
4,head_entropy,Hallucinations_vs_Factual,25,-0.5712279081344604,,,1.1431548595428467,1.7143827676773071
4,head_entropy,Hallucinations_vs_Factual,18,-0.221125066280365,,,0.40202122926712036,0.6231462955474854
4,head_entropy,Hallucinations_vs_Factual,15,-0.20771443843841553,,,1.037777304649353,1.2454917430877686
4,head_entropy,Hallucinations_vs_Factual,23,-0.20593667030334473,,,0.30453193187713623,0.510468602180481
4,head_entropy,Hallucinations_vs_Factual,21,-0.1802019476890564,,,0.7584619522094727,0.938663899898529
4,head_entropy,Hallucinations_vs_Factual,20,-0.15939348936080933,,,0.5762733817100525,0.7356668710708618
4,head_entropy,Hallucinations_vs_Factual,3,-0.13044887781143188,,,0.7365120053291321,0.866960883140564
4,head_entropy,Hallucinations_vs_Factual,14,-0.12320953607559204,,,0.35674306750297546,0.4799526035785675
4,head_entropy,Hallucinations_vs_Factual,4,-0.0998496413230896,,,0.9522324204444885,1.0520820617675781
4,head_entropy,Hallucinations_vs_Factual,24,-0.09370112419128418,,,0.9246076345443726,1.0183087587356567
5,head_entropy,Impossible_vs_Factual,9,0.2856796979904175,,,1.4968591928482056,1.211179494857788
5,head_entropy,Impossible_vs_Factual,27,-0.26272833347320557,,,0.7902441024780273,1.052972435951233
5,head_entropy,Impossible_vs_Factual,13,-0.19580316543579102,,,0.5927438735961914,0.7885470390319824
5,head_entropy,Impossible_vs_Factual,22,-0.19125354290008545,,,0.8986876010894775,1.089941143989563
5,head_entropy,Impossible_vs_Factual,8,-0.18261730670928955,,,1.4874764680862427,1.6700937747955322
5,head_entropy,Impossible_vs_Factual,23,-0.16655701398849487,,,0.5638709664344788,0.7304279804229736
5,head_entropy,Impossible_vs_Factual,3,-0.12716007232666016,,,0.49249714612960815,0.6196572184562683
5,head_entropy,Impossible_vs_Factual,4,0.116355299949646,,,0.9825506806373596,0.8661953806877136
5,head_entropy,Impossible_vs_Factual,0,0.11606281995773315,,,0.8104532361030579,0.6943904161453247
5,head_entropy,Impossible_vs_Factual,20,0.1152580976486206,,,1.0000354051589966,0.884777307510376
5,head_entropy,Hallucinations_vs_Factual,9,0.2685391902923584,,,1.4797186851501465,1.211179494857788
5,head_entropy,Hallucinations_vs_Factual,0,0.2253010869026184,,,0.9196915030479431,0.6943904161453247
5,head_entropy,Hallucinations_vs_Factual,27,-0.2005642056465149,,,0.852408230304718,1.052972435951233
5,head_entropy,Hallucinations_vs_Factual,3,-0.1928461790084839,,,0.4268110394477844,0.6196572184562683
5,head_entropy,Hallucinations_vs_Factual,20,0.18735933303833008,,,1.072136640548706,0.884777307510376
5,head_entropy,Hallucinations_vs_Factual,6,0.16892194747924805,,,0.6218400001525879,0.45291805267333984
5,head_entropy,Hallucinations_vs_Factual,22,-0.1664246916770935,,,0.9235164523124695,1.089941143989563
5,head_entropy,Hallucinations_vs_Factual,4,0.14412885904312134,,,1.010324239730835,0.8661953806877136
5,head_entropy,Hallucinations_vs_Factual,23,-0.1294865608215332,,,0.6009414196014404,0.7304279804229736
5,head_entropy,Hallucinations_vs_Factual,26,0.10812485218048096,,,0.8207147717475891,0.7125899195671082
6,head_entropy,Impossible_vs_Factual,26,-0.28915512561798096,,,0.8950731754302979,1.1842283010482788
6,head_entropy,Impossible_vs_Factual,15,-0.27934157848358154,,,1.1840274333953857,1.4633690118789673
6,head_entropy,Impossible_vs_Factual,0,-0.2642229199409485,,,0.3737475275993347,0.6379704475402832
6,head_entropy,Impossible_vs_Factual,3,-0.25899505615234375,,,0.5473617911338806,0.8063568472862244
6,head_entropy,Impossible_vs_Factual,17,0.25703901052474976,,,0.8717344999313354,0.6146954894065857
6,head_entropy,Impossible_vs_Factual,2,-0.2276601791381836,,,0.32279717922210693,0.5504573583602905
6,head_entropy,Impossible_vs_Factual,6,-0.21881160140037537,,,0.266227126121521,0.48503872752189636
6,head_entropy,Impossible_vs_Factual,14,0.21275758743286133,,,1.493108868598938,1.2803512811660767
6,head_entropy,Impossible_vs_Factual,25,-0.1881750226020813,,,0.5814491510391235,0.7696241736412048
6,head_entropy,Impossible_vs_Factual,1,-0.18739934265613556,,,0.21802987158298492,0.4054292142391205
6,head_entropy,Hallucinations_vs_Factual,14,0.5392422676086426,,,1.8195935487747192,1.2803512811660767
6,head_entropy,Hallucinations_vs_Factual,15,-0.33942604064941406,,,1.1239429712295532,1.4633690118789673
6,head_entropy,Hallucinations_vs_Factual,3,-0.3322390615940094,,,0.47411778569221497,0.8063568472862244
6,head_entropy,Hallucinations_vs_Factual,0,-0.30463311076164246,,,0.33333733677864075,0.6379704475402832
6,head_entropy,Hallucinations_vs_Factual,26,-0.3036765456199646,,,0.8805517554283142,1.1842283010482788
6,head_entropy,Hallucinations_vs_Factual,7,0.30234163999557495,,,1.0266211032867432,0.7242794632911682
6,head_entropy,Hallucinations_vs_Factual,17,0.2802031636238098,,,0.8948986530303955,0.6146954894065857
6,head_entropy,Hallucinations_vs_Factual,2,-0.2432815432548523,,,0.30717581510543823,0.5504573583602905
6,head_entropy,Hallucinations_vs_Factual,6,-0.23154082894325256,,,0.2534978985786438,0.48503872752189636
6,head_entropy,Hallucinations_vs_Factual,19,0.19823014736175537,,,0.8394156098365784,0.641185462474823
7,head_entropy,Impossible_vs_Factual,25,0.5156986713409424,,,1.4094605445861816,0.8937618732452393
7,head_entropy,Impossible_vs_Factual,8,0.4852377772331238,,,1.342968225479126,0.8577304482460022
7,head_entropy,Impossible_vs_Factual,13,0.4209222197532654,,,1.4163751602172852,0.9954529404640198
7,head_entropy,Impossible_vs_Factual,26,0.3833129405975342,,,1.4157969951629639,1.0324840545654297
7,head_entropy,Impossible_vs_Factual,11,0.36897242069244385,,,1.489589810371399,1.120617389678955
7,head_entropy,Impossible_vs_Factual,12,0.3629297614097595,,,1.249605655670166,0.8866758942604065
7,head_entropy,Impossible_vs_Factual,21,0.356648325920105,,,1.603921890258789,1.247273564338684
7,head_entropy,Impossible_vs_Factual,19,0.34322667121887207,,,1.6990783214569092,1.355851650238037
7,head_entropy,Impossible_vs_Factual,27,0.30259454250335693,,,1.7300784587860107,1.4274839162826538
7,head_entropy,Impossible_vs_Factual,23,0.29520708322525024,,,0.8945664167404175,0.5993593335151672
7,head_entropy,Hallucinations_vs_Factual,25,0.7786483764648438,,,1.672410249710083,0.8937618732452393
7,head_entropy,Hallucinations_vs_Factual,23,0.6194373965263367,,,1.218796730041504,0.5993593335151672
7,head_entropy,Hallucinations_vs_Factual,26,0.6020861864089966,,,1.6345702409744263,1.0324840545654297
7,head_entropy,Hallucinations_vs_Factual,17,0.5989887118339539,,,1.3228596448898315,0.7238709330558777
7,head_entropy,Hallucinations_vs_Factual,19,0.566335916519165,,,1.9221875667572021,1.355851650238037
7,head_entropy,Hallucinations_vs_Factual,8,0.5477305054664612,,,1.4054609537124634,0.8577304482460022
7,head_entropy,Hallucinations_vs_Factual,21,0.5371562242507935,,,1.7844297885894775,1.247273564338684
7,head_entropy,Hallucinations_vs_Factual,15,0.5234103798866272,,,1.1483205556869507,0.6249101758003235
7,head_entropy,Hallucinations_vs_Factual,27,0.5205471515655518,,,1.9480310678482056,1.4274839162826538
7,head_entropy,Hallucinations_vs_Factual,11,0.4832143783569336,,,1.6038317680358887,1.120617389678955
8,head_entropy,Impossible_vs_Factual,1,0.40728896856307983,,,1.1165077686309814,0.7092188000679016
8,head_entropy,Impossible_vs_Factual,16,0.3836425542831421,,,0.8875215649604797,0.5038790106773376
8,head_entropy,Impossible_vs_Factual,9,0.28730833530426025,,,1.4488201141357422,1.161511778831482
8,head_entropy,Impossible_vs_Factual,0,-0.28507208824157715,,,1.5211544036865234,1.8062264919281006
8,head_entropy,Impossible_vs_Factual,3,0.27689075469970703,,,1.3990232944488525,1.1221325397491455
8,head_entropy,Impossible_vs_Factual,5,0.26990407705307007,,,1.266628623008728,0.996724545955658
8,head_entropy,Impossible_vs_Factual,6,0.2667933702468872,,,1.3033125400543213,1.036519169807434
8,head_entropy,Impossible_vs_Factual,7,0.22605496644973755,,,1.0582072734832764,0.8321523070335388
8,head_entropy,Impossible_vs_Factual,10,0.2227380871772766,,,1.140281081199646,0.9175429940223694
8,head_entropy,Impossible_vs_Factual,26,0.20544171333312988,,,1.0767462253570557,0.8713045120239258
8,head_entropy,Hallucinations_vs_Factual,8,0.5391324162483215,,,1.2330466508865356,0.6939142346382141
8,head_entropy,Hallucinations_vs_Factual,9,0.5235273838043213,,,1.6850391626358032,1.161511778831482
8,head_entropy,Hallucinations_vs_Factual,26,0.5048320293426514,,,1.3761365413665771,0.8713045120239258
8,head_entropy,Hallucinations_vs_Factual,24,0.4573155641555786,,,0.9689287543296814,0.5116131901741028
8,head_entropy,Hallucinations_vs_Factual,1,0.45324593782424927,,,1.1624647378921509,0.7092188000679016
8,head_entropy,Hallucinations_vs_Factual,3,0.45285940170288086,,,1.5749919414520264,1.1221325397491455
8,head_entropy,Hallucinations_vs_Factual,16,0.4234120845794678,,,0.9272910952568054,0.5038790106773376
8,head_entropy,Hallucinations_vs_Factual,7,0.3899884819984436,,,1.2221407890319824,0.8321523070335388
8,head_entropy,Hallucinations_vs_Factual,5,0.3667399287223816,,,1.3634644746780396,0.996724545955658
8,head_entropy,Hallucinations_vs_Factual,6,0.36097633838653564,,,1.3974955081939697,1.036519169807434
9,head_entropy,Impossible_vs_Factual,24,0.5050213932991028,,,0.7109198570251465,0.2058984488248825
9,head_entropy,Impossible_vs_Factual,26,0.3588985502719879,,,0.8128946423530579,0.45399609208106995
9,head_entropy,Impossible_vs_Factual,21,0.3220447301864624,,,1.0318670272827148,0.7098222970962524
9,head_entropy,Impossible_vs_Factual,23,-0.3127903938293457,,,1.4636788368225098,1.7764692306518555
9,head_entropy,Impossible_vs_Factual,18,0.251865029335022,,,0.9651092290878296,0.7132441997528076
9,head_entropy,Impossible_vs_Factual,15,0.24322664737701416,,,1.7494456768035889,1.5062190294265747
9,head_entropy,Impossible_vs_Factual,12,0.24232804775238037,,,1.4120783805847168,1.1697503328323364
9,head_entropy,Impossible_vs_Factual,0,0.21479499340057373,,,1.0585078001022339,0.8437128067016602
9,head_entropy,Impossible_vs_Factual,2,0.20882421731948853,,,0.7849687337875366,0.5761445164680481
9,head_entropy,Impossible_vs_Factual,25,-0.20854032039642334,,,1.4676072597503662,1.6761475801467896
9,head_entropy,Hallucinations_vs_Factual,24,0.4670156240463257,,,0.6729140877723694,0.2058984488248825
9,head_entropy,Hallucinations_vs_Factual,26,0.4335370361804962,,,0.8875331282615662,0.45399609208106995
9,head_entropy,Hallucinations_vs_Factual,5,0.39178895950317383,,,1.3627187013626099,0.970929741859436
9,head_entropy,Hallucinations_vs_Factual,21,0.3885154724121094,,,1.0983377695083618,0.7098222970962524
9,head_entropy,Hallucinations_vs_Factual,2,0.36013972759246826,,,0.9362842440605164,0.5761445164680481
9,head_entropy,Hallucinations_vs_Factual,19,0.3534926176071167,,,1.6539219617843628,1.300429344177246
9,head_entropy,Hallucinations_vs_Factual,18,0.33111894130706787,,,1.0443631410598755,0.7132441997528076
9,head_entropy,Hallucinations_vs_Factual,13,0.2882930040359497,,,1.4926797151565552,1.2043867111206055
9,head_entropy,Hallucinations_vs_Factual,27,0.2788201570510864,,,1.5599762201309204,1.281156063079834
9,head_entropy,Hallucinations_vs_Factual,20,0.2769840955734253,,,1.9806638956069946,1.7036798000335693
10,head_entropy,Impossible_vs_Factual,16,0.41698867082595825,,,0.9512249231338501,0.5342362523078918
10,head_entropy,Impossible_vs_Factual,22,-0.30816030502319336,,,1.0188319683074951,1.3269922733306885
10,head_entropy,Impossible_vs_Factual,3,0.28869524598121643,,,0.7007343173027039,0.4120390713214874
10,head_entropy,Impossible_vs_Factual,18,0.2708830237388611,,,1.2429728507995605,0.9720898270606995
10,head_entropy,Impossible_vs_Factual,17,0.2594062089920044,,,1.0257011651992798,0.7662949562072754
10,head_entropy,Impossible_vs_Factual,8,0.1961541771888733,,,0.8675878047943115,0.6714336276054382
10,head_entropy,Impossible_vs_Factual,20,0.191991925239563,,,1.1300426721572876,0.9380507469177246
10,head_entropy,Impossible_vs_Factual,19,-0.18646752834320068,,,1.153550386428833,1.3400179147720337
10,head_entropy,Impossible_vs_Factual,12,0.1718486249446869,,,0.6094931960105896,0.4376445710659027
10,head_entropy,Impossible_vs_Factual,0,0.1648045778274536,,,1.278343677520752,1.1135390996932983
10,head_entropy,Hallucinations_vs_Factual,3,0.4608250558376312,,,0.8728641271591187,0.4120390713214874
10,head_entropy,Hallucinations_vs_Factual,16,0.34993356466293335,,,0.8841698169708252,0.5342362523078918
10,head_entropy,Hallucinations_vs_Factual,22,-0.32070159912109375,,,1.0062906742095947,1.3269922733306885
10,head_entropy,Hallucinations_vs_Factual,20,0.2633359432220459,,,1.2013866901397705,0.9380507469177246
10,head_entropy,Hallucinations_vs_Factual,0,0.22873425483703613,,,1.3422733545303345,1.1135390996932983
10,head_entropy,Hallucinations_vs_Factual,4,-0.2081824541091919,,,0.7504181861877441,0.958600640296936
10,head_entropy,Hallucinations_vs_Factual,18,0.20215243101119995,,,1.1742422580718994,0.9720898270606995
10,head_entropy,Hallucinations_vs_Factual,12,0.19619914889335632,,,0.633843719959259,0.4376445710659027
10,head_entropy,Hallucinations_vs_Factual,25,-0.19258928298950195,,,1.3731632232666016,1.5657525062561035
10,head_entropy,Hallucinations_vs_Factual,11,0.18210721015930176,,,1.4350136518478394,1.2529064416885376
11,head_entropy,Impossible_vs_Factual,15,0.34201580286026,,,0.8768290877342224,0.5348132848739624
11,head_entropy,Impossible_vs_Factual,24,-0.30185359716415405,,,0.9329996705055237,1.2348532676696777
11,head_entropy,Impossible_vs_Factual,13,-0.2856408357620239,,,1.1203299760818481,1.405970811843872
11,head_entropy,Impossible_vs_Factual,17,-0.2533513307571411,,,1.1696126461029053,1.4229639768600464
11,head_entropy,Impossible_vs_Factual,9,-0.2299027442932129,,,1.4603397846221924,1.6902425289154053
11,head_entropy,Impossible_vs_Factual,27,-0.2216256856918335,,,0.6691693067550659,0.8907949924468994
11,head_entropy,Impossible_vs_Factual,5,-0.20500826835632324,,,1.4536006450653076,1.6586089134216309
11,head_entropy,Impossible_vs_Factual,23,-0.15185534954071045,,,1.061082124710083,1.2129374742507935
11,head_entropy,Impossible_vs_Factual,1,-0.12375164031982422,,,0.6254056692123413,0.7491573095321655
11,head_entropy,Impossible_vs_Factual,3,0.10556930303573608,,,1.0528359413146973,0.9472666382789612
11,head_entropy,Hallucinations_vs_Factual,17,-0.31610774993896484,,,1.1068562269210815,1.4229639768600464
11,head_entropy,Hallucinations_vs_Factual,15,0.3000754117965698,,,0.8348886966705322,0.5348132848739624
11,head_entropy,Hallucinations_vs_Factual,10,0.28329265117645264,,,1.2990937232971191,1.0158010721206665
11,head_entropy,Hallucinations_vs_Factual,0,0.25475990772247314,,,1.0085136890411377,0.7537537813186646
11,head_entropy,Hallucinations_vs_Factual,25,0.23458218574523926,,,1.3692892789840698,1.1347070932388306
11,head_entropy,Hallucinations_vs_Factual,1,-0.17431527376174927,,,0.5748420357704163,0.7491573095321655
11,head_entropy,Hallucinations_vs_Factual,16,0.17172634601593018,,,1.3358122110366821,1.164085865020752
11,head_entropy,Hallucinations_vs_Factual,26,0.16937977075576782,,,0.7698211669921875,0.6004413962364197
11,head_entropy,Hallucinations_vs_Factual,8,0.16669049859046936,,,0.41285237669944763,0.24616187810897827
11,head_entropy,Hallucinations_vs_Factual,2,0.15442270040512085,,,1.1282567977905273,0.9738340973854065
12,head_entropy,Impossible_vs_Factual,24,-0.41665220260620117,,,1.2935075759887695,1.7101597785949707
12,head_entropy,Impossible_vs_Factual,23,-0.3256014585494995,,,1.220312476158142,1.5459139347076416
12,head_entropy,Impossible_vs_Factual,16,0.28503239154815674,,,0.8651788830757141,0.5801464915275574
12,head_entropy,Impossible_vs_Factual,25,-0.2694896459579468,,,1.191611647605896,1.4611012935638428
12,head_entropy,Impossible_vs_Factual,5,0.25502467155456543,,,0.9433702230453491,0.6883455514907837
12,head_entropy,Impossible_vs_Factual,22,-0.19194912910461426,,,1.3568947315216064,1.5488438606262207
12,head_entropy,Impossible_vs_Factual,12,-0.18873393535614014,,,1.370172142982483,1.558906078338623
12,head_entropy,Impossible_vs_Factual,19,0.17867594957351685,,,0.9501133561134338,0.771437406539917
12,head_entropy,Impossible_vs_Factual,11,0.16408586502075195,,,1.4126249551773071,1.2485390901565552
12,head_entropy,Impossible_vs_Factual,20,0.15630751848220825,,,0.8292304873466492,0.6729229688644409
12,head_entropy,Hallucinations_vs_Factual,5,0.36472487449645996,,,1.0530704259872437,0.6883455514907837
12,head_entropy,Hallucinations_vs_Factual,24,-0.3452479839324951,,,1.3649117946624756,1.7101597785949707
12,head_entropy,Hallucinations_vs_Factual,16,0.31829696893692017,,,0.8984434604644775,0.5801464915275574
12,head_entropy,Hallucinations_vs_Factual,19,0.29299986362457275,,,1.0644372701644897,0.771437406539917
12,head_entropy,Hallucinations_vs_Factual,20,0.2369956374168396,,,0.9099186062812805,0.6729229688644409
12,head_entropy,Hallucinations_vs_Factual,6,0.23616421222686768,,,1.2909220457077026,1.054757833480835
12,head_entropy,Hallucinations_vs_Factual,11,0.21972668170928955,,,1.4682657718658447,1.2485390901565552
12,head_entropy,Hallucinations_vs_Factual,13,0.20102381706237793,,,1.4682189226150513,1.2671951055526733
12,head_entropy,Hallucinations_vs_Factual,7,0.18709754943847656,,,0.6949334144592285,0.507835865020752
12,head_entropy,Hallucinations_vs_Factual,26,0.17638301849365234,,,1.2044650316238403,1.028082013130188
13,head_entropy,Impossible_vs_Factual,4,-0.34810805320739746,,,1.0974352359771729,1.4455432891845703
13,head_entropy,Impossible_vs_Factual,5,-0.29271435737609863,,,1.0925097465515137,1.3852241039276123
13,head_entropy,Impossible_vs_Factual,26,-0.2504159212112427,,,1.1776621341705322,1.428078055381775
13,head_entropy,Impossible_vs_Factual,25,-0.22230780124664307,,,1.5029774904251099,1.725285291671753
13,head_entropy,Impossible_vs_Factual,13,-0.1399555802345276,,,0.49957478046417236,0.6395303606987
13,head_entropy,Impossible_vs_Factual,14,0.1378403902053833,,,1.2793772220611572,1.141536831855774
13,head_entropy,Impossible_vs_Factual,24,-0.1373460292816162,,,1.1951149702072144,1.3324609994888306
13,head_entropy,Impossible_vs_Factual,27,-0.12378096580505371,,,1.2692811489105225,1.3930621147155762
13,head_entropy,Impossible_vs_Factual,3,-0.10520321130752563,,,0.5731357336044312,0.6783389449119568
13,head_entropy,Impossible_vs_Factual,7,0.08928966522216797,,,1.7034612894058228,1.6141716241836548
13,head_entropy,Hallucinations_vs_Factual,22,0.3326075077056885,,,1.5725098848342896,1.239902377128601
13,head_entropy,Hallucinations_vs_Factual,24,0.28021109104156494,,,1.6126720905303955,1.3324609994888306
13,head_entropy,Hallucinations_vs_Factual,23,0.2718600034713745,,,1.4451333284378052,1.1732733249664307
13,head_entropy,Hallucinations_vs_Factual,14,0.2553008794784546,,,1.3968377113342285,1.141536831855774
13,head_entropy,Hallucinations_vs_Factual,8,-0.24143993854522705,,,1.0731165409088135,1.3145564794540405
13,head_entropy,Hallucinations_vs_Factual,7,0.23794567584991455,,,1.8521173000335693,1.6141716241836548
13,head_entropy,Hallucinations_vs_Factual,27,0.19905900955200195,,,1.5921211242675781,1.3930621147155762
13,head_entropy,Hallucinations_vs_Factual,19,0.19448041915893555,,,1.4368784427642822,1.2423980236053467
13,head_entropy,Hallucinations_vs_Factual,2,0.1876833438873291,,,1.5111134052276611,1.323430061340332
13,head_entropy,Hallucinations_vs_Factual,20,0.18482255935668945,,,1.480574607849121,1.2957520484924316
14,head_entropy,Impossible_vs_Factual,11,-0.31228721141815186,,,1.2775914669036865,1.5898786783218384
14,head_entropy,Impossible_vs_Factual,15,-0.2674037218093872,,,1.193668246269226,1.4610719680786133
14,head_entropy,Impossible_vs_Factual,14,-0.26416730880737305,,,1.0136687755584717,1.2778360843658447
14,head_entropy,Impossible_vs_Factual,21,-0.23437762260437012,,,1.0119601488113403,1.2463377714157104
14,head_entropy,Impossible_vs_Factual,23,-0.23258399963378906,,,1.34651780128479,1.579101800918579
14,head_entropy,Impossible_vs_Factual,6,0.21104425191879272,,,1.0478527545928955,0.8368085026741028
14,head_entropy,Impossible_vs_Factual,27,-0.1726212501525879,,,1.3083242177963257,1.4809454679489136
14,head_entropy,Impossible_vs_Factual,0,0.12654182314872742,,,0.49462994933128357,0.36808812618255615
14,head_entropy,Impossible_vs_Factual,18,0.10938680171966553,,,0.9012167453765869,0.7918299436569214
14,head_entropy,Impossible_vs_Factual,10,-0.09898066520690918,,,1.3298163414001465,1.4287970066070557
14,head_entropy,Hallucinations_vs_Factual,6,0.4426564574241638,,,1.2794649600982666,0.8368085026741028
14,head_entropy,Hallucinations_vs_Factual,13,0.3363910913467407,,,1.6282894611358643,1.2918983697891235
14,head_entropy,Hallucinations_vs_Factual,10,0.32651567459106445,,,1.7553126811981201,1.4287970066070557
14,head_entropy,Hallucinations_vs_Factual,12,0.2861407995223999,,,1.3086446523666382,1.0225038528442383
14,head_entropy,Hallucinations_vs_Factual,3,0.2817540168762207,,,1.3120430707931519,1.0302890539169312
14,head_entropy,Hallucinations_vs_Factual,0,0.2811788320541382,,,0.6492669582366943,0.36808812618255615
14,head_entropy,Hallucinations_vs_Factual,16,0.27243244647979736,,,0.7108299732208252,0.43839752674102783
14,head_entropy,Hallucinations_vs_Factual,2,0.2369142770767212,,,1.2399318218231201,1.003017544746399
14,head_entropy,Hallucinations_vs_Factual,18,0.23272836208343506,,,1.0245583057403564,0.7918299436569214
14,head_entropy,Hallucinations_vs_Factual,20,0.22710204124450684,,,1.625976800918579,1.3988747596740723
15,head_entropy,Impossible_vs_Factual,22,-0.24393105506896973,,,1.5502172708511353,1.794148325920105
15,head_entropy,Impossible_vs_Factual,11,-0.22715407609939575,,,0.5326171517372131,0.7597712278366089
15,head_entropy,Impossible_vs_Factual,20,0.20023870468139648,,,1.2745859622955322,1.0743472576141357
15,head_entropy,Impossible_vs_Factual,1,0.17868733406066895,,,0.8000622987747192,0.6213749647140503
15,head_entropy,Impossible_vs_Factual,7,0.1762080192565918,,,1.187207579612732,1.0109995603561401
15,head_entropy,Impossible_vs_Factual,2,0.16902315616607666,,,1.3869377374649048,1.2179145812988281
15,head_entropy,Impossible_vs_Factual,9,-0.1585923433303833,,,1.1862401962280273,1.3448325395584106
15,head_entropy,Impossible_vs_Factual,27,-0.15297210216522217,,,1.2566626071929932,1.4096347093582153
15,head_entropy,Impossible_vs_Factual,19,0.13994532823562622,,,0.9613204002380371,0.8213750720024109
15,head_entropy,Impossible_vs_Factual,25,0.1396169662475586,,,1.469703197479248,1.3300862312316895
15,head_entropy,Hallucinations_vs_Factual,1,0.47662901878356934,,,1.0980039834976196,0.6213749647140503
15,head_entropy,Hallucinations_vs_Factual,7,0.46620309352874756,,,1.4772026538848877,1.0109995603561401
15,head_entropy,Hallucinations_vs_Factual,4,0.4400818943977356,,,1.4102966785430908,0.9702147841453552
15,head_entropy,Hallucinations_vs_Factual,20,0.3944687843322754,,,1.4688160419464111,1.0743472576141357
15,head_entropy,Hallucinations_vs_Factual,25,0.3180738687515259,,,1.6481600999832153,1.3300862312316895
15,head_entropy,Hallucinations_vs_Factual,14,0.28587090969085693,,,1.3643553256988525,1.0784844160079956
15,head_entropy,Hallucinations_vs_Factual,17,0.28146886825561523,,,1.5909689664840698,1.3095000982284546
15,head_entropy,Hallucinations_vs_Factual,9,-0.27680742740631104,,,1.0680251121520996,1.3448325395584106
15,head_entropy,Hallucinations_vs_Factual,23,0.2693437337875366,,,1.6856406927108765,1.4162969589233398
15,head_entropy,Hallucinations_vs_Factual,3,0.26791393756866455,,,1.6465312242507935,1.378617286682129
16,head_entropy,Impossible_vs_Factual,20,-0.3290598392486572,,,1.1777859926223755,1.5068458318710327
16,head_entropy,Impossible_vs_Factual,14,-0.24490809440612793,,,1.3445801734924316,1.5894882678985596
16,head_entropy,Impossible_vs_Factual,9,0.23937439918518066,,,0.8358681201934814,0.5964937210083008
16,head_entropy,Impossible_vs_Factual,16,-0.22790992259979248,,,1.0426801443099976,1.27059006690979
16,head_entropy,Impossible_vs_Factual,27,0.2178865671157837,,,1.454960823059082,1.2370742559432983
16,head_entropy,Impossible_vs_Factual,13,0.2041357457637787,,,0.5444093346595764,0.34027358889579773
16,head_entropy,Impossible_vs_Factual,4,-0.18338876962661743,,,0.9409473538398743,1.1243361234664917
16,head_entropy,Impossible_vs_Factual,0,0.17828774452209473,,,1.246431827545166,1.0681440830230713
16,head_entropy,Impossible_vs_Factual,17,0.16543006896972656,,,1.3716717958450317,1.2062417268753052
16,head_entropy,Impossible_vs_Factual,22,0.1534101963043213,,,1.084281325340271,0.9308711290359497
16,head_entropy,Hallucinations_vs_Factual,0,0.4363992214202881,,,1.5045433044433594,1.0681440830230713
16,head_entropy,Hallucinations_vs_Factual,5,0.40165603160858154,,,1.772757887840271,1.3711018562316895
16,head_entropy,Hallucinations_vs_Factual,3,0.39479315280914307,,,1.7485039234161377,1.3537107706069946
16,head_entropy,Hallucinations_vs_Factual,27,0.39426159858703613,,,1.6313358545303345,1.2370742559432983
16,head_entropy,Hallucinations_vs_Factual,24,0.3488274812698364,,,1.748085618019104,1.3992581367492676
16,head_entropy,Hallucinations_vs_Factual,7,0.29649537801742554,,,1.2101799249649048,0.9136845469474792
16,head_entropy,Hallucinations_vs_Factual,8,0.2941522002220154,,,1.197445034980774,0.9032928347587585
16,head_entropy,Hallucinations_vs_Factual,17,0.29063332080841064,,,1.4968750476837158,1.2062417268753052
16,head_entropy,Hallucinations_vs_Factual,2,0.27996087074279785,,,1.6407968997955322,1.3608360290527344
16,head_entropy,Hallucinations_vs_Factual,22,0.27265632152557373,,,1.2035274505615234,0.9308711290359497
17,head_entropy,Impossible_vs_Factual,11,0.36494946479797363,,,1.6613831520080566,1.296433687210083
17,head_entropy,Impossible_vs_Factual,6,0.32530319690704346,,,1.2443104982376099,0.9190073013305664
17,head_entropy,Impossible_vs_Factual,13,0.22758573293685913,,,0.7909647226333618,0.5633789896965027
17,head_entropy,Impossible_vs_Factual,4,0.2115623950958252,,,1.118093729019165,0.9065313339233398
17,head_entropy,Impossible_vs_Factual,23,-0.1933356523513794,,,1.5525081157684326,1.745843768119812
17,head_entropy,Impossible_vs_Factual,20,0.17133992910385132,,,0.8573125004768372,0.6859725713729858
17,head_entropy,Impossible_vs_Factual,14,0.1600664258003235,,,0.8209159970283508,0.6608495712280273
17,head_entropy,Impossible_vs_Factual,8,0.15053319931030273,,,0.725056529045105,0.5745233297348022
17,head_entropy,Impossible_vs_Factual,2,0.14851951599121094,,,1.3985545635223389,1.250035047531128
17,head_entropy,Impossible_vs_Factual,1,-0.13911688327789307,,,1.4222657680511475,1.5613826513290405
17,head_entropy,Hallucinations_vs_Factual,8,0.41742682456970215,,,0.9919501543045044,0.5745233297348022
17,head_entropy,Hallucinations_vs_Factual,0,0.39638108015060425,,,1.3457990884780884,0.9494180083274841
17,head_entropy,Hallucinations_vs_Factual,14,0.3686661720275879,,,1.0295157432556152,0.6608495712280273
17,head_entropy,Hallucinations_vs_Factual,6,0.36573565006256104,,,1.2847429513931274,0.9190073013305664
17,head_entropy,Hallucinations_vs_Factual,20,0.3614630699157715,,,1.0474356412887573,0.6859725713729858
17,head_entropy,Hallucinations_vs_Factual,11,0.30074596405029297,,,1.597179651260376,1.296433687210083
17,head_entropy,Hallucinations_vs_Factual,25,0.274375319480896,,,1.9412660598754883,1.6668907403945923
17,head_entropy,Hallucinations_vs_Factual,7,0.2518577575683594,,,0.8335900902748108,0.5817323327064514
17,head_entropy,Hallucinations_vs_Factual,24,0.24484765529632568,,,1.8049646615982056,1.5601170063018799
17,head_entropy,Hallucinations_vs_Factual,4,0.24317944049835205,,,1.149710774421692,0.9065313339233398
18,head_entropy,Impossible_vs_Factual,22,0.3602616786956787,,,1.4227654933929443,1.0625038146972656
18,head_entropy,Impossible_vs_Factual,4,-0.22131109237670898,,,0.7641057968139648,0.9854168891906738
18,head_entropy,Impossible_vs_Factual,10,0.20351147651672363,,,1.2213983535766602,1.0178868770599365
18,head_entropy,Impossible_vs_Factual,11,0.2021331787109375,,,1.7922967672348022,1.5901635885238647
18,head_entropy,Impossible_vs_Factual,17,0.17083603143692017,,,0.9870978593826294,0.8162618279457092
18,head_entropy,Impossible_vs_Factual,3,0.150800883769989,,,0.8394238352775574,0.6886229515075684
18,head_entropy,Impossible_vs_Factual,18,-0.13208985328674316,,,1.5598711967468262,1.6919610500335693
18,head_entropy,Impossible_vs_Factual,15,-0.12750554084777832,,,1.3369284868240356,1.464434027671814
18,head_entropy,Impossible_vs_Factual,5,-0.11539769172668457,,,1.0597035884857178,1.1751012802124023
18,head_entropy,Impossible_vs_Factual,9,0.11248469352722168,,,1.477921724319458,1.3654370307922363
18,head_entropy,Hallucinations_vs_Factual,22,0.4992150068283081,,,1.5617188215255737,1.0625038146972656
18,head_entropy,Hallucinations_vs_Factual,10,0.4137929677963257,,,1.4316798448562622,1.0178868770599365
18,head_entropy,Hallucinations_vs_Factual,17,0.27285152673721313,,,1.0891133546829224,0.8162618279457092
18,head_entropy,Hallucinations_vs_Factual,16,0.26338326930999756,,,1.577551245689392,1.3141679763793945
18,head_entropy,Hallucinations_vs_Factual,19,0.2599445581436157,,,1.8764371871948242,1.6164926290512085
18,head_entropy,Hallucinations_vs_Factual,11,0.247422456741333,,,1.8375860452651978,1.5901635885238647
18,head_entropy,Hallucinations_vs_Factual,25,0.23385155200958252,,,1.7411171197891235,1.507265567779541
18,head_entropy,Hallucinations_vs_Factual,24,0.21579670906066895,,,1.934812307357788,1.7190155982971191
18,head_entropy,Hallucinations_vs_Factual,21,0.21460914611816406,,,1.8752421140670776,1.6606329679489136
18,head_entropy,Hallucinations_vs_Factual,26,0.19695305824279785,,,1.6027733087539673,1.4058202505111694
19,head_entropy,Impossible_vs_Factual,20,-0.26375579833984375,,,1.0038154125213623,1.267571210861206
19,head_entropy,Impossible_vs_Factual,4,-0.2289372682571411,,,1.2805655002593994,1.5095027685165405
19,head_entropy,Impossible_vs_Factual,2,-0.18294429779052734,,,0.9770987033843994,1.1600430011749268
19,head_entropy,Impossible_vs_Factual,18,0.16571033000946045,,,1.4990973472595215,1.333387017250061
19,head_entropy,Impossible_vs_Factual,8,-0.15030574798583984,,,0.8275372385978699,0.9778429865837097
19,head_entropy,Impossible_vs_Factual,13,-0.1447446346282959,,,1.0603798627853394,1.2051244974136353
19,head_entropy,Impossible_vs_Factual,1,0.13560152053833008,,,1.2167479991912842,1.081146478652954
19,head_entropy,Impossible_vs_Factual,14,-0.12278473377227783,,,1.512691855430603,1.6354765892028809
19,head_entropy,Impossible_vs_Factual,7,0.12012100219726562,,,1.2231405973434448,1.1030195951461792
19,head_entropy,Impossible_vs_Factual,24,-0.11918365955352783,,,1.1337342262268066,1.2529178857803345
19,head_entropy,Hallucinations_vs_Factual,18,0.4363199472427368,,,1.7697069644927979,1.333387017250061
19,head_entropy,Hallucinations_vs_Factual,13,-0.35382378101348877,,,0.8513007164001465,1.2051244974136353
19,head_entropy,Hallucinations_vs_Factual,15,0.33479630947113037,,,1.4158521890640259,1.0810558795928955
19,head_entropy,Hallucinations_vs_Factual,8,-0.2784326672554016,,,0.6994103193283081,0.9778429865837097
19,head_entropy,Hallucinations_vs_Factual,26,0.2402036190032959,,,2.0186331272125244,1.7784295082092285
19,head_entropy,Hallucinations_vs_Factual,22,0.22258317470550537,,,1.5932880640029907,1.3707048892974854
19,head_entropy,Hallucinations_vs_Factual,2,-0.20281261205673218,,,0.9572303891181946,1.1600430011749268
19,head_entropy,Hallucinations_vs_Factual,6,0.18997323513031006,,,1.4873545169830322,1.2973812818527222
19,head_entropy,Hallucinations_vs_Factual,23,0.1659926176071167,,,1.6493113040924072,1.4833186864852905
19,head_entropy,Hallucinations_vs_Factual,4,-0.15574193000793457,,,1.353760838508606,1.5095027685165405
20,head_entropy,Impossible_vs_Factual,10,-0.31459593772888184,,,1.221779465675354,1.5363754034042358
20,head_entropy,Impossible_vs_Factual,1,-0.2894376516342163,,,0.9326255321502686,1.2220631837844849
20,head_entropy,Impossible_vs_Factual,0,-0.23639929294586182,,,1.2235265970230103,1.459925889968872
20,head_entropy,Impossible_vs_Factual,24,-0.21383261680603027,,,1.2670502662658691,1.4808828830718994
20,head_entropy,Impossible_vs_Factual,23,-0.21219170093536377,,,1.3011170625686646,1.5133087635040283
20,head_entropy,Impossible_vs_Factual,22,-0.20263922214508057,,,1.5071032047271729,1.7097424268722534
20,head_entropy,Impossible_vs_Factual,20,-0.19898509979248047,,,0.942428708076477,1.1414138078689575
20,head_entropy,Impossible_vs_Factual,27,-0.1893479824066162,,,1.4400584697723389,1.629406452178955
20,head_entropy,Impossible_vs_Factual,4,-0.17581546306610107,,,1.3669809103012085,1.5427963733673096
20,head_entropy,Impossible_vs_Factual,18,-0.15022313594818115,,,1.444694995880127,1.594918131828308
20,head_entropy,Hallucinations_vs_Factual,0,-0.32514488697052,,,1.134781002998352,1.459925889968872
20,head_entropy,Hallucinations_vs_Factual,1,-0.3052830100059509,,,0.9167801737785339,1.2220631837844849
20,head_entropy,Hallucinations_vs_Factual,10,-0.25753331184387207,,,1.2788420915603638,1.5363754034042358
20,head_entropy,Hallucinations_vs_Factual,26,0.23198819160461426,,,1.342797040939331,1.1108088493347168
20,head_entropy,Hallucinations_vs_Factual,21,0.21886682510375977,,,1.8694137334823608,1.650546908378601
20,head_entropy,Hallucinations_vs_Factual,22,-0.21133029460906982,,,1.4984121322631836,1.7097424268722534
20,head_entropy,Hallucinations_vs_Factual,4,-0.18390941619873047,,,1.358886957168579,1.5427963733673096
20,head_entropy,Hallucinations_vs_Factual,18,-0.1595470905303955,,,1.4353710412979126,1.594918131828308
20,head_entropy,Hallucinations_vs_Factual,16,-0.13293159008026123,,,1.4034395217895508,1.536371111869812
20,head_entropy,Hallucinations_vs_Factual,14,0.1328907012939453,,,1.79617178440094,1.6632810831069946
21,head_entropy,Impossible_vs_Factual,26,-0.3330996036529541,,,1.0261503458023071,1.3592499494552612
21,head_entropy,Impossible_vs_Factual,11,0.20459598302841187,,,1.1070629358291626,0.9024669528007507
21,head_entropy,Impossible_vs_Factual,15,-0.19565582275390625,,,0.5787846446037292,0.7744404673576355
21,head_entropy,Impossible_vs_Factual,8,-0.19175004959106445,,,1.06141996383667,1.2531700134277344
21,head_entropy,Impossible_vs_Factual,22,-0.18918585777282715,,,1.3644235134124756,1.5536093711853027
21,head_entropy,Impossible_vs_Factual,27,0.18608129024505615,,,1.0017709732055664,0.8156896829605103
21,head_entropy,Impossible_vs_Factual,20,-0.177048921585083,,,0.7220582365989685,0.8991071581840515
21,head_entropy,Impossible_vs_Factual,6,0.16882836818695068,,,1.589250087738037,1.4204217195510864
21,head_entropy,Impossible_vs_Factual,19,-0.16595911979675293,,,1.2378885746002197,1.4038476943969727
21,head_entropy,Impossible_vs_Factual,18,-0.14607036113739014,,,1.5227422714233398,1.66881263256073
21,head_entropy,Hallucinations_vs_Factual,6,0.3512459993362427,,,1.771667718887329,1.4204217195510864
21,head_entropy,Hallucinations_vs_Factual,26,-0.3365074396133423,,,1.022742509841919,1.3592499494552612
21,head_entropy,Hallucinations_vs_Factual,14,0.275026798248291,,,1.6911715269088745,1.4161447286605835
21,head_entropy,Hallucinations_vs_Factual,3,0.23985350131988525,,,1.230165958404541,0.9903124570846558
21,head_entropy,Hallucinations_vs_Factual,21,-0.2326810359954834,,,1.127912163734436,1.3605931997299194
21,head_entropy,Hallucinations_vs_Factual,1,0.22412347793579102,,,1.2515275478363037,1.0274040699005127
21,head_entropy,Hallucinations_vs_Factual,23,0.22368299961090088,,,1.6447144746780396,1.4210314750671387
21,head_entropy,Hallucinations_vs_Factual,22,-0.20224452018737793,,,1.3513648509979248,1.5536093711853027
21,head_entropy,Hallucinations_vs_Factual,20,-0.19177299737930298,,,0.7073341608047485,0.8991071581840515
21,head_entropy,Hallucinations_vs_Factual,5,0.1780836582183838,,,1.4846522808074951,1.3065686225891113
22,head_entropy,Impossible_vs_Factual,23,-0.4093635082244873,,,1.3077301979064941,1.7170937061309814
22,head_entropy,Impossible_vs_Factual,21,-0.3301846385002136,,,0.9378702044487,1.2680548429489136
22,head_entropy,Impossible_vs_Factual,26,-0.2648735046386719,,,1.0262725353240967,1.2911460399627686
22,head_entropy,Impossible_vs_Factual,27,-0.23677420616149902,,,1.2192497253417969,1.456023931503296
22,head_entropy,Impossible_vs_Factual,10,-0.22544503211975098,,,1.3794046640396118,1.6048496961593628
22,head_entropy,Impossible_vs_Factual,18,-0.22025752067565918,,,1.2725682258605957,1.4928257465362549
22,head_entropy,Impossible_vs_Factual,17,0.17659687995910645,,,1.039373517036438,0.8627766370773315
22,head_entropy,Impossible_vs_Factual,12,-0.14171338081359863,,,1.1298338174819946,1.2715471982955933
22,head_entropy,Impossible_vs_Factual,14,0.11894345283508301,,,1.3305976390838623,1.2116541862487793
22,head_entropy,Impossible_vs_Factual,11,-0.11858165264129639,,,1.444000005722046,1.5625816583633423
22,head_entropy,Hallucinations_vs_Factual,18,-0.3082547187805176,,,1.1845710277557373,1.4928257465362549
22,head_entropy,Hallucinations_vs_Factual,15,0.2635164260864258,,,1.4265047311782837,1.162988305091858
22,head_entropy,Hallucinations_vs_Factual,17,0.24284613132476807,,,1.1056227684020996,0.8627766370773315
22,head_entropy,Hallucinations_vs_Factual,23,-0.22179293632507324,,,1.4953007698059082,1.7170937061309814
22,head_entropy,Hallucinations_vs_Factual,16,0.17979669570922852,,,1.5247479677200317,1.3449512720108032
22,head_entropy,Hallucinations_vs_Factual,25,0.17557072639465332,,,1.6285587549209595,1.4529880285263062
22,head_entropy,Hallucinations_vs_Factual,24,0.17373836040496826,,,1.2886115312576294,1.1148731708526611
22,head_entropy,Hallucinations_vs_Factual,6,0.15686367452144623,,,0.2901409864425659,0.1332773119211197
22,head_entropy,Hallucinations_vs_Factual,27,-0.14706873893737793,,,1.308955192565918,1.456023931503296
22,head_entropy,Hallucinations_vs_Factual,0,0.14543569087982178,,,0.9125723242759705,0.7671366333961487
23,head_entropy,Impossible_vs_Factual,6,-0.20704984664916992,,,1.0936588048934937,1.3007086515426636
23,head_entropy,Impossible_vs_Factual,17,-0.19391024112701416,,,0.8029882311820984,0.9968984723091125
23,head_entropy,Impossible_vs_Factual,24,-0.19313853979110718,,,0.9721992611885071,1.1653378009796143
23,head_entropy,Impossible_vs_Factual,19,0.19200873374938965,,,0.7638934850692749,0.5718847513198853
23,head_entropy,Impossible_vs_Factual,14,-0.1723760962486267,,,0.7878736853599548,0.9602497816085815
23,head_entropy,Impossible_vs_Factual,4,-0.15564632415771484,,,0.7094874382019043,0.8651337623596191
23,head_entropy,Impossible_vs_Factual,13,0.15000611543655396,,,0.733767569065094,0.58376145362854
23,head_entropy,Impossible_vs_Factual,1,0.1459885835647583,,,1.3016211986541748,1.1556326150894165
23,head_entropy,Impossible_vs_Factual,23,0.14559006690979004,,,1.2522863149642944,1.1066962480545044
23,head_entropy,Impossible_vs_Factual,3,0.12450641393661499,,,0.9214000105857849,0.7968935966491699
23,head_entropy,Hallucinations_vs_Factual,19,0.261066198348999,,,0.8329509496688843,0.5718847513198853
23,head_entropy,Hallucinations_vs_Factual,8,0.23378491401672363,,,1.4376599788665771,1.2038750648498535
23,head_entropy,Hallucinations_vs_Factual,15,0.19863659143447876,,,0.9699598550796509,0.7713232636451721
23,head_entropy,Hallucinations_vs_Factual,13,0.19819462299346924,,,0.7819560766220093,0.58376145362854
23,head_entropy,Hallucinations_vs_Factual,16,0.18353807926177979,,,0.8935282826423645,0.7099902033805847
23,head_entropy,Hallucinations_vs_Factual,9,0.16837096214294434,,,1.1254020929336548,0.9570311307907104
23,head_entropy,Hallucinations_vs_Factual,4,0.14852237701416016,,,1.0136561393737793,0.8651337623596191
23,head_entropy,Hallucinations_vs_Factual,26,-0.1484624147415161,,,0.930098295211792,1.078560709953308
23,head_entropy,Hallucinations_vs_Factual,24,-0.14114320278167725,,,1.024194598197937,1.1653378009796143
23,head_entropy,Hallucinations_vs_Factual,23,0.13792598247528076,,,1.2446222305297852,1.1066962480545044
24,head_entropy,Impossible_vs_Factual,12,0.3259345591068268,,,0.705086886882782,0.3791523277759552
24,head_entropy,Impossible_vs_Factual,6,-0.2513751983642578,,,0.492473840713501,0.7438490390777588
24,head_entropy,Impossible_vs_Factual,25,-0.23744237422943115,,,0.7079287171363831,0.9453710913658142
24,head_entropy,Impossible_vs_Factual,5,-0.2364189624786377,,,0.8071616888046265,1.0435806512832642
24,head_entropy,Impossible_vs_Factual,14,-0.21422624588012695,,,1.1785820722579956,1.3928083181381226
24,head_entropy,Impossible_vs_Factual,2,-0.2133176624774933,,,0.47153618931770325,0.6848538517951965
24,head_entropy,Impossible_vs_Factual,8,0.20875686407089233,,,0.926400363445282,0.7176434993743896
24,head_entropy,Impossible_vs_Factual,26,0.19713866710662842,,,0.9637109041213989,0.7665722370147705
24,head_entropy,Impossible_vs_Factual,1,-0.19595162570476532,,,0.22869433462619781,0.42464596033096313
24,head_entropy,Impossible_vs_Factual,23,0.18091201782226562,,,0.9671972393989563,0.7862852215766907
24,head_entropy,Hallucinations_vs_Factual,23,0.42934542894363403,,,1.2156306505203247,0.7862852215766907
24,head_entropy,Hallucinations_vs_Factual,26,0.41025590896606445,,,1.176828145980835,0.7665722370147705
24,head_entropy,Hallucinations_vs_Factual,12,0.2896093428134918,,,0.668761670589447,0.3791523277759552
24,head_entropy,Hallucinations_vs_Factual,14,-0.24583303928375244,,,1.1469752788543701,1.3928083181381226
24,head_entropy,Hallucinations_vs_Factual,2,-0.21540150046348572,,,0.4694523513317108,0.6848538517951965
24,head_entropy,Hallucinations_vs_Factual,5,-0.21365976333618164,,,0.8299208879470825,1.0435806512832642
24,head_entropy,Hallucinations_vs_Factual,24,0.21354949474334717,,,1.4134609699249268,1.1999114751815796
24,head_entropy,Hallucinations_vs_Factual,0,0.21079671382904053,,,1.1842381954193115,0.973441481590271
24,head_entropy,Hallucinations_vs_Factual,18,0.20023751258850098,,,1.284145474433899,1.083907961845398
24,head_entropy,Hallucinations_vs_Factual,20,-0.20001471042633057,,,1.1456611156463623,1.3456758260726929
25,head_entropy,Impossible_vs_Factual,3,-0.27312958240509033,,,1.0866144895553589,1.3597440719604492
25,head_entropy,Impossible_vs_Factual,17,-0.24126195907592773,,,1.1942031383514404,1.4354650974273682
25,head_entropy,Impossible_vs_Factual,20,0.2316986322402954,,,1.639601469039917,1.4079028367996216
25,head_entropy,Impossible_vs_Factual,24,0.21912479400634766,,,1.8800078630447388,1.6608830690383911
25,head_entropy,Impossible_vs_Factual,7,0.19184523820877075,,,1.0019606351852417,0.810115396976471
25,head_entropy,Impossible_vs_Factual,6,0.18965435028076172,,,1.0090117454528809,0.8193573951721191
25,head_entropy,Impossible_vs_Factual,25,0.1793283224105835,,,1.499222993850708,1.3198946714401245
25,head_entropy,Impossible_vs_Factual,1,-0.17811739444732666,,,1.1415153741836548,1.3196327686309814
25,head_entropy,Impossible_vs_Factual,4,0.17723119258880615,,,1.071456789970398,0.8942255973815918
25,head_entropy,Impossible_vs_Factual,23,0.16570347547531128,,,1.0206682682037354,0.8549647927284241
25,head_entropy,Hallucinations_vs_Factual,20,0.3258781433105469,,,1.7337809801101685,1.4079028367996216
25,head_entropy,Hallucinations_vs_Factual,13,0.2987903356552124,,,1.344265103340149,1.0454747676849365
25,head_entropy,Hallucinations_vs_Factual,25,0.2952340841293335,,,1.615128755569458,1.3198946714401245
25,head_entropy,Hallucinations_vs_Factual,4,0.2772233486175537,,,1.1714489459991455,0.8942255973815918
25,head_entropy,Hallucinations_vs_Factual,7,0.27600961923599243,,,1.0861250162124634,0.810115396976471
25,head_entropy,Hallucinations_vs_Factual,18,-0.270759642124176,,,0.9507684111595154,1.2215280532836914
25,head_entropy,Hallucinations_vs_Factual,3,-0.258933424949646,,,1.1008106470108032,1.3597440719604492
25,head_entropy,Hallucinations_vs_Factual,9,0.251945436000824,,,1.2103478908538818,0.9584024548530579
25,head_entropy,Hallucinations_vs_Factual,10,0.25084173679351807,,,1.2167929410934448,0.9659512042999268
25,head_entropy,Hallucinations_vs_Factual,24,0.2505075931549072,,,1.9113906621932983,1.6608830690383911
26,head_entropy,Impossible_vs_Factual,23,0.2049793004989624,,,1.4110075235366821,1.2060282230377197
26,head_entropy,Impossible_vs_Factual,21,0.2038590908050537,,,1.6535860300064087,1.449726939201355
26,head_entropy,Impossible_vs_Factual,8,-0.19105054438114166,,,0.23648859560489655,0.4275391399860382
26,head_entropy,Impossible_vs_Factual,1,0.18096286058425903,,,0.8754296898841858,0.6944668292999268
26,head_entropy,Impossible_vs_Factual,4,0.1732460856437683,,,1.0359611511230469,0.8627150654792786
26,head_entropy,Impossible_vs_Factual,7,-0.17185938358306885,,,0.8279297351837158,0.9997891187667847
26,head_entropy,Impossible_vs_Factual,6,0.1572386622428894,,,1.1156643629074097,0.9584257006645203
26,head_entropy,Impossible_vs_Factual,10,-0.14883971214294434,,,0.9341132640838623,1.0829529762268066
26,head_entropy,Impossible_vs_Factual,18,0.1454395055770874,,,0.9707090258598328,0.8252695202827454
26,head_entropy,Impossible_vs_Factual,0,0.14093178510665894,,,1.0522502660751343,0.9113184809684753
26,head_entropy,Hallucinations_vs_Factual,21,0.362190842628479,,,1.811917781829834,1.449726939201355
26,head_entropy,Hallucinations_vs_Factual,1,0.30162131786346436,,,0.9960881471633911,0.6944668292999268
26,head_entropy,Hallucinations_vs_Factual,23,0.28204572200775146,,,1.4880739450454712,1.2060282230377197
26,head_entropy,Hallucinations_vs_Factual,18,0.24542587995529175,,,1.070695400238037,0.8252695202827454
26,head_entropy,Hallucinations_vs_Factual,0,0.23647469282150269,,,1.147793173789978,0.9113184809684753
26,head_entropy,Hallucinations_vs_Factual,4,0.21199756860733032,,,1.0747126340866089,0.8627150654792786
26,head_entropy,Hallucinations_vs_Factual,2,0.18819552659988403,,,1.1428439617156982,0.9546484351158142
26,head_entropy,Hallucinations_vs_Factual,13,0.18625152111053467,,,0.8252732157707214,0.6390216946601868
26,head_entropy,Hallucinations_vs_Factual,25,0.1793074607849121,,,1.4512808322906494,1.2719733715057373
26,head_entropy,Hallucinations_vs_Factual,6,0.1675083041191101,,,1.1259340047836304,0.9584257006645203
27,head_entropy,Impossible_vs_Factual,7,0.3224210739135742,,,1.4704586267471313,1.1480375528335571
27,head_entropy,Impossible_vs_Factual,12,0.26005178689956665,,,1.1204134225845337,0.860361635684967
27,head_entropy,Impossible_vs_Factual,10,0.24982011318206787,,,1.1966954469680786,0.9468753337860107
27,head_entropy,Impossible_vs_Factual,11,0.24434268474578857,,,0.9838889241218567,0.7395462393760681
27,head_entropy,Impossible_vs_Factual,16,-0.21485984325408936,,,1.4717106819152832,1.6865705251693726
27,head_entropy,Impossible_vs_Factual,13,0.20729708671569824,,,1.2875313758850098,1.0802342891693115
27,head_entropy,Impossible_vs_Factual,6,-0.2034144401550293,,,1.4231327772140503,1.6265472173690796
27,head_entropy,Impossible_vs_Factual,27,-0.18569505214691162,,,1.245054841041565,1.4307498931884766
27,head_entropy,Impossible_vs_Factual,21,-0.1644841432571411,,,1.2239141464233398,1.388398289680481
27,head_entropy,Impossible_vs_Factual,4,-0.15706980228424072,,,1.3389064073562622,1.495976209640503
27,head_entropy,Hallucinations_vs_Factual,7,0.4077378511428833,,,1.5557754039764404,1.1480375528335571
27,head_entropy,Hallucinations_vs_Factual,12,0.3066790699958801,,,1.1670407056808472,0.860361635684967
27,head_entropy,Hallucinations_vs_Factual,11,0.30533820390701294,,,1.044884443283081,0.7395462393760681
27,head_entropy,Hallucinations_vs_Factual,10,0.288921594619751,,,1.2357969284057617,0.9468753337860107
27,head_entropy,Hallucinations_vs_Factual,13,0.2769688367843628,,,1.3572031259536743,1.0802342891693115
27,head_entropy,Hallucinations_vs_Factual,9,0.2640697956085205,,,2.0359294414520264,1.7718596458435059
27,head_entropy,Hallucinations_vs_Factual,22,0.19376158714294434,,,1.363757848739624,1.1699962615966797
27,head_entropy,Hallucinations_vs_Factual,23,0.18322253227233887,,,1.3711481094360352,1.1879255771636963
27,head_entropy,Hallucinations_vs_Factual,18,0.11875021457672119,,,1.5092110633850098,1.3904608488082886
27,head_entropy,Hallucinations_vs_Factual,3,0.11361753940582275,,,1.564508080482483,1.4508905410766602
