id,question,model_answer,is_correct,anchor_str,token_id,token_is_suffix,token_len,token_id_rank,layer0_norm,layer0_kurtosis,final_norm,final_kurtosis,drift_cosine,surprisal,prediction_entropy
0,Who was the man behind The Chipmunks?,"Alvin, Simon, Theodore, and Dave",0,unks,15655,1,4,0.12206056636726546,1.2067241668701172,0.10015777627913902,20.190401077270508,0.5132576446696109,0.016841279342770576,1.2255859375,4.367084
1,Which Lloyd Webber musical premiered in the US on 10th December 1993?,Wicked,0,3,18,1,1,0.0001403443113772455,0.8290290236473083,0.25603625406347996,23.11178207397461,0.4422189580598168,0.08746148645877838,3.134765625,4.921931
2,Who was the next British Prime Minister after Arthur Balfour?,Winston Churchill,0,our,414,1,3,0.0032279191616766466,1.1102445125579834,-0.12421357597727845,23.339799880981445,0.4841217523981505,0.05905216187238693,0.0003631114959716797,3.6855419
3,Who had a 70s No 1 hit with Kiss You All Over?,The Cars,0, Over,6193,0,5,0.04828624001996008,0.9044654369354248,0.03971671587403014,23.893152236938477,1.1824079608465325,0.11271310597658157,0.34375,5.738306
4,What claimed the life of singer Kathleen Ferrier?,Kathleen Ferrier,0,rier,7401,1,4,0.05770490269461078,1.1841322183609009,0.18721775067292068,21.322649002075195,0.4975173394719721,0.04822750389575958,0.014495849609375,4.5532417
5,Rita Coolidge sang the title song for which Bond film?,Diamonds Are Forever,0, film,4632,0,5,0.03611526946107784,0.9391749501228333,-0.040005387976076445,22.21440887451172,0.45006585089708206,0.13407428562641144,0.9912109375,4.111261
6,What was the last US state to reintroduce alcohol after prohibition?,Wyoming,0, prohibition,50967,0,12,0.39738491766467066,0.9772301316261292,0.10882963684719194,20.311904907226562,0.312024777131501,0.14530788362026215,0.8076171875,4.441815
7,Which actress was voted Miss Greenwich Village in 1942?,Katharine Hepburn,0,2,17,1,1,0.00013254740518962076,0.843667209148407,0.9400767380163781,22.741058349609375,0.43496767419037186,0.10053909569978714,2.421875,5.4213743
8,What is the Japanese share index called?,Nikkei 225,1, called,2663,0,7,0.02076316117764471,0.9541770815849304,-0.08801322851512294,20.54241943359375,0.813600816960415,0.17808319628238678,2.076171875,3.4803305
9,What was the name of Michael Jackson's autobiography written in 1988?,Moonwalk,1,8,23,1,1,0.00017932884231536926,0.8088405728340149,-0.059384417824554614,24.242137908935547,0.6911188999151534,0.1014946699142456,0.82470703125,3.902364
10,In which decade did stereo records first go on sale?,1950s,0, sale,6412,0,5,0.0499937624750499,1.0142923593521118,-0.05560479207624702,22.541234970092773,0.9819023633351498,0.12029054760932922,0.1602783203125,3.380962
11,In what year's Olympics were electric timing devices and a public-address system used for the first time?,1904,0, time,892,0,5,0.006954840319361277,0.9325549602508545,-0.20955769645389744,23.661531448364258,0.6318273491300257,0.14075663685798645,0.0058746337890625,1.4298553
12,Which volcano in Tanzania is the highest mountain in Africa?,Kilimanjaro,1, Africa,10384,0,7,0.08096307385229541,0.9299780130386353,-0.008840385642495452,23.54671287536621,0.46600762691830555,0.13745734095573425,0.61328125,1.5169094
13,The flag of Libya is a plain rectangle of which color?,Red,0, color,1933,0,6,0.015071419660678643,1.0016303062438965,-0.05477672096466879,21.17796516418457,0.28321182482731366,0.1277768313884735,1.4375,3.4888928
14,Of which African country is Niamey the capital?,Niger,1, capital,6864,0,8,0.053517964071856286,1.0731843709945679,-0.03418525595269006,23.77411460876465,0.37889141449357355,0.125449076294899,0.1314697265625,1.3062187
15,Who was the director of the CIA from 1976-81?,William Casey,0,81,5932,1,2,0.04625124750499002,0.8822952508926392,0.07358550152915733,22.98292350769043,0.8900784103293868,0.050227947533130646,4.03515625,3.8218474
16,Which musical featured the song The Street Where You Live?,The Wizard of Oz,0, Live,11406,0,5,0.0889315119760479,1.014225721359253,0.08374972135024983,22.825620651245117,0.7994052358738926,0.10342852771282196,0.0074462890625,5.730444
17,"""Who was the target of the failed """"Bomb Plot"""" of 1944?""","""The target of the failed ""Bomb Plot"" of 1944 was",0,4,19,1,1,0.00014814121756487027,0.8202570676803589,0.09403713508349476,22.852191925048828,0.6778559512225288,0.11202120780944824,3.228515625,5.5362797
18,Who had an 80s No 1 hit with Hold On To The Nights?,The Police,0, Nights,64643,0,7,0.5040154066866267,1.110012173652649,-0.002401806464011891,22.183338165283203,0.7625321514416181,0.08665166795253754,0.362548828125,6.3330135
19,Who directed the classic 30s western Stagecoach?,John Ford,1,coach,89193,1,5,0.6954294535928144,1.1059261560440063,0.3070608465642062,19.67823028564453,0.21063040424419777,0.06234998255968094,0.376708984375,1.3900142
20,Dave Gilmore and Roger Waters were in which rock group?,Pink Floyd,1, group,1912,0,6,0.014907684630738523,0.9782587289810181,-0.1126671844006264,23.548465728759766,0.3625210518634696,0.1228543147444725,1.802734375,1.6548203
21,Which highway was Revisited in a classic 60s album by Bob Dylan?,Highway 61 Revisited,1, Dylan,44458,0,6,0.3466348552894212,0.900196373462677,0.25224767132718107,23.671192169189453,0.7387363176755453,0.1195651963353157,0.2000732421875,4.5769897
22,Which was the only eastern bloc country to participate in the 1984 LA Olympics?,Poland,0, Olympics,33063,0,9,0.2577891092814371,0.9814189076423645,0.23807651257313944,20.996152877807617,0.37406243140028295,0.11416727304458618,3.1328125,3.8738236
23,Which 90s sci fi series with James Belushi was based on Bruce Wagner's comic strip of the same name?,The Wonder Years,0, name,836,0,5,0.006518213572854291,0.9634898900985718,-0.05666585493644005,22.338825225830078,1.165959950514786,0.11220725625753403,0.048675537109375,6.0113
24,If I Were A Rich Man Was a big hit from which stage show?,"The answer is ""The Producers""",0, show,1501,0,5,0.01170315618762475,0.938262939453125,-0.06080957774617923,22.531261444091797,0.49318321155814004,0.12154358625411987,2.837890625,5.7417035
25,Men Against the Sea and Pitcairn's Island were two sequels to what famous novel?,Moby Dick,0, novel,11775,0,6,0.09180857035928144,1.0117274522781372,-0.02722866187481099,23.491113662719727,0.4082741729257755,0.12768058478832245,1.1162109375,4.51468
26,What was Truman Capote's last name before he was adopted by his stepfather?,Capote,0,father,23881,1,6,0.18619791666666666,1.021965503692627,0.025569938326418296,21.399290084838867,1.0673810550083171,0.07534316182136536,0.263916015625,6.267732
27,"In Lewis Carroll's poem The Hunting of the Snark, what did the elusive, troublesome snark turn into to fool hunters?","The snark turned into a ""snarky"" bird.",0, hunters,49073,0,8,0.3826175773453094,0.9777098894119263,0.2370637276553813,23.25265121459961,0.36605681907422527,0.09903077781200409,4.1328125,4.418377
28,"In the Bible, who did the sun and moon stand still before?",Joshua,1, before,1603,0,7,0.012498440618762475,0.9296473264694214,-0.07490372039164006,18.281681060791016,-0.05640210051304795,0.0686606913805008,3.365234375,4.007243
29,What Michelle Pfeiffer movie got a boost from the Coolio song Gangsta's Paradise?,Scarface,0, Paradise,48691,0,9,0.3796391591816367,0.9862488508224487,0.28490585946007174,21.530485153198242,0.8599820226091763,0.07349014282226562,0.046417236328125,4.283042
30,What was President Gerald Ford's middle name?,William,0, name,836,0,5,0.006518213572854291,0.9634898900985718,-0.05666585493644005,22.633798599243164,1.0347242045896774,0.14007294178009033,0.06329345703125,6.642838
31,Art Garfunkel trained for which profession although he didn't qualify?,Actor,0, qualify,26456,0,8,0.2062749500998004,1.0099025964736938,0.15635153423228365,25.428747177124023,0.07296416749353041,0.09823577105998993,5.42578125,5.5336213
32,Who was the last inmate of Spandau jail in Berlin?,The last inmate of Spandau jail in Berlin was the former German Chancellor,0, Berlin,20437,0,7,0.15934537175648703,0.9152647256851196,0.2650779688270761,24.274093627929688,0.3104378110722035,0.1524384766817093,0.8798828125,5.8128514
33,What was Eddie Murphy's first movie?,Trading Places,0, movie,5818,0,6,0.0453624001996008,0.9109929800033569,0.06529540318273286,21.605012893676758,0.111383820517021,0.12563925981521606,1.5673828125,4.1994557
34,In the 80s who wrote the novel Empire of The Sun?,J.G. Ballard,1, Sun,8219,0,4,0.06408277195608783,1.0347740650177002,0.018857436084098733,22.976560592651367,0.598787512929583,0.09085600823163986,0.201171875,5.066882
35,Kagoshima international airport is in which country?,Japan,1, country,3224,0,8,0.025137225548902197,1.0096276998519897,0.004770810178766904,21.033781051635742,0.33810344719759833,0.12009425461292267,2.51953125,1.9658633
36,In which sport could the Pacers take on the Pistons?,"The Indiana Pacers are the NBA's newest team, and they're looking to",0, Pistons,95808,0,8,0.7470059880239521,0.991646945476532,0.3554375393108047,22.917131423950195,0.48667504202239575,0.11889546364545822,3.318359375,4.5361047
37,Kim Carnes' nine weeks at No 1 with Bette Davis Eyes was interrupted for one week by which song?,The Righteous Brothers' You've Lost That Lovin' Feelin',0, song,5609,0,5,0.04373284680638723,0.957616925239563,0.02332789840571481,22.466760635375977,0.44919254500225936,0.11572204530239105,2.060546875,6.689311
38,Where in Canada is the Lion's Gate bridge?,"Vancouver, British Columbia",1, bridge,14497,0,7,0.113031749001996,1.0166922807693481,0.07771661868513657,22.319093704223633,-0.08510816177531666,0.14902488887310028,2.95703125,3.3082497
39,What was Walter Matthau's first movie?,The Big Store,0, movie,5818,0,6,0.0453624001996008,0.9109929800033569,0.06529540318273286,21.13064956665039,0.00983222156734298,0.11938651651144028,1.578125,5.675992
40,Otis Barton was a pioneer in exploring where?,North America,0, where,1405,0,6,0.010954653193612775,0.961926281452179,-0.1991556652057893,22.53996467590332,0.6161524147122779,0.13651762902736664,6.89453125,6.5980783
41,Where in England was actor Nigel Hawthorne born?,London,0, born,9405,0,5,0.07332990269461077,1.0107237100601196,0.008000937144604592,23.502788543701172,1.3848371933414985,0.14431340992450714,0.318115234375,6.0326195
42,"What mythological beast has the head of a man, the body of a lion, and the tail and feet of a dragon?","The dragon is the head of a man, the body of a lion,",0, dragon,26161,0,7,0.2039748627744511,0.9010828733444214,0.022101930940736203,18.36819076538086,0.6507369156572533,0.13739942014217377,2.703125,4.819099
43,"In Greek mythology, who were Arges, Brontes and Steropes?","Arges, Brontes and Steropes were three sons of the river",0,opes,19031,1,4,0.14838292165668662,1.1535558700561523,0.1557848360552292,21.864572525024414,0.47294000981040174,0.015581509098410606,0.2083740234375,1.5628389
44,Which musician founded the Red Hot Peppers?,John Frusciante,0,ppers,36623,1,5,0.28554609530938124,1.1394124031066895,0.024286076729016948,22.092853546142578,0.3937053431556783,0.022536229342222214,0.0038013458251953125,4.727589
45,Where did the Shinning Path terrorists operate?,Afghanistan,0, operate,14816,0,8,0.1155189620758483,0.920718252658844,0.03281080340146669,22.837114334106445,0.40208021633730695,0.10687530040740967,3.140625,5.050919
46,How old was Jimi Hendrix when he died?,27 years old,1, died,8636,0,5,0.06733408183632734,0.9279496073722839,0.16664913066306175,22.644451141357422,0.9233963504180602,0.1411312222480774,0.4326171875,3.1416233
47,Which Brit broke the land speed record in 1990 in Thrust 2?,Sir Frank Whittle,0,2,17,1,1,0.00013254740518962076,0.843667209148407,0.9400767380163781,24.166337966918945,0.1494758894449224,0.075746089220047,0.66650390625,5.8861694
48,In which state was Gene Vincent born?,California,0, born,9405,0,5,0.07332990269461077,1.0107237100601196,0.008000937144604592,23.528383255004883,0.9462234255382311,0.1466587632894516,0.36669921875,3.9049294
49,How was the European Recovery Program in the 1940s more commonly known?,The Marshall Plan,1, known,3967,0,6,0.030930326846307386,0.9757817387580872,-0.11893794072891462,23.534870147705078,0.516915622008955,0.1743791550397873,0.63525390625,3.1182542
50,Brandon Lee died during the making of which movie?,The Last Dragon,0, movie,5818,0,6,0.0453624001996008,0.9109929800033569,0.06529540318273286,21.604713439941406,0.6912476519944661,0.14130906760692596,0.8076171875,5.1512885
51,Who had a 70s No 1 hit with Let's Do It Again?,The Jackson 5,0, Again,14077,0,6,0.10975704840319361,1.0695370435714722,-0.07456663012281473,24.18452262878418,1.1457243763577578,0.10245977342128754,2.263671875,5.850173
52,Who had a Too Legit To Quit Tour?,The Rolling Stones,0, Tour,14986,0,5,0.1168444361277445,1.0320340394973755,-0.03326742757716694,24.02100944519043,0.4518931384575544,0.15387412905693054,2.919921875,5.8209434
53,"""According to Rudyard Kipling what were the """"two imposters"""" to meet and treat the same day?""","""The two imposters"" were the ""two imposters"" to meet",0, day,1938,0,4,0.015110404191616767,0.9883260130882263,-0.15638349772100968,25.740400314331055,0.4822547071202563,0.1283578872680664,3.208984375,5.7337356
54,Who is the most successful UK solo artist in the USA?,Adele,0, USA,7427,0,4,0.057907622255489025,0.9613484144210815,0.14560757177874795,22.176530838012695,0.5337473002582125,0.11306818574666977,6.62109375,5.524444
55,Which country does the airline TAAG come from?,Angola,1, from,505,0,5,0.003937437624750499,0.8757404088973999,-0.4053404620014529,22.853986740112305,0.8157079439375123,0.16431033611297607,0.20703125,1.7272325
56,Which US No 1 single came from Diana Ross's platinum album Diana?,1,0, Diana,45509,0,6,0.3548294036926148,0.9027132391929626,0.03047805997050812,19.895841598510742,0.5424340153721685,0.16813066601753235,4.7578125,3.0005991
57,River Phoenix died during the making of which movie?,"River Phoenix died during the making of the movie ""My Own Private Idaho""",0, movie,5818,0,6,0.0453624001996008,0.9109929800033569,0.06529540318273286,20.99578285217285,0.501912890021905,0.14314821362495422,0.83154296875,5.6013694
58,Which artist David was born in Bradford UK?,David Hockney,1, UK,6560,0,3,0.05114770459081836,0.8883599638938904,-0.0837249026207898,24.685340881347656,0.5764185484170699,0.1799108386039734,5.51171875,4.305241
59,What is Mel Gibson's middle name?,James,0, name,836,0,5,0.006518213572854291,0.9634898900985718,-0.05666585493644005,23.191326141357422,0.9365288159058709,0.1334507316350937,0.0300140380859375,7.2153416
60,Richard Daley was mayor of which city for 21 years?,Chicago,1, years,1667,0,6,0.01299744261477046,0.9535853862762451,-0.016231572905141878,25.05904197692871,0.5291219855547076,0.13957899808883667,0.223388671875,0.6558647
61,"""In which movie did Garbo say, """"I want to be alone"""".""","""The Phantom of the Opera""",0, alone,7636,0,6,0.059537175648702596,1.1566338539123535,0.15511514547738647,28.059669494628906,2.8641352732234564,0.13627374172210693,1.060546875,4.0743985
62,What is Osbert Lancaster best known for producing?,Osbert Lancaster was a British writer and artist. He was best known for,0, producing,17843,0,10,0.13912019710578843,0.9232893586158752,0.05023127865751986,22.50615882873535,0.37970679706972366,0.1034042239189148,6.40625,5.1717043
63,Who was the defending champion when Martina Navratilova first won Wimbledon singles?,Martina Navratilova,0, singles,17845,0,8,0.13913579091816367,1.0701950788497925,0.09304775065980131,20.943918228149414,0.4472779344562259,0.13779005408287048,4.21484375,4.9466023
64,Who was the first US-born winner of golf's British Open?,Jack Nicklaus,0, Open,5377,0,5,0.041923964570858285,0.9775144457817078,0.09023308974373334,19.37131690979004,0.5559278981950868,0.12247611582279205,0.0491943359375,5.3367224
65,In which country is the Sky Train Rail bridge?,London,0, bridge,14497,0,7,0.113031749001996,1.0166922807693481,0.07771661868513657,24.526277542114258,0.15245979905170248,0.14116881787776947,7.44140625,4.748262
66,What was the Paramount Film Company originally called?,Paramount Pictures,0, called,2663,0,7,0.02076316117764471,0.9541770815849304,-0.08801322851512294,21.3702335357666,1.1742310522625798,0.16894397139549255,0.396728515625,3.9584317
67,Who was the first person after Scott to reach the South Pole overland?,Roald Amundsen,0,land,1974,1,4,0.015391092814371258,1.13509202003479,-0.03236593311831015,20.98657989501953,0.5006557745687421,0.10260874778032303,1.40234375,4.2553673
68,Which journalist first told the world about the My Lai massacre?,Neil Sheehan,0, massacre,49352,0,9,0.3847929141716567,0.9623902440071106,0.3950181562210524,23.017745971679688,0.6603526802087645,0.13224133849143982,0.462646484375,5.5331564
69,What is the name of Terence and Shirley Conran's dress designer son?,Terence Conran,0, son,4538,0,4,0.03538236027944112,1.0123971700668335,0.14417201844156358,22.15587615966797,1.0309003096973024,0.12142287939786911,4.10546875,5.831455
70,Which drink did The Spice Girls promote?,Pepsi,1, promote,12192,0,8,0.09505988023952096,0.9031481146812439,-0.001106809762335459,22.77657127380371,0.09072098023646458,0.11380424350500107,3.91015625,5.120935
71,Who was the youngest brother in the Beach Boys?,Brian Wilson,0, Boys,30857,0,5,0.24058913423153694,1.0417143106460571,0.04806293608307444,18.85955810546875,0.7296099659828759,0.10766232758760452,0.205810546875,3.2050307
72,Who first hosted Family Feud?,"The first host of Family Feud was Bob Barker, who hosted the show",0,ud,664,1,2,0.005177145708582834,1.1063836812973022,-0.03840265640888463,22.252683639526367,0.022719988926661827,0.013245430774986744,0.0250091552734375,5.521504
73,What did the Lone Ranger's title Kemo Sabe mean in Apache?,"Kemo Sabe means ""good friend"" in Apache.",0, Apache,9091,0,7,0.0708816741516966,0.9274366497993469,0.011432574834423281,21.228046417236328,0.25763157479150056,0.14104583859443665,5.95703125,3.4066987
74,Who or what was Gentle Ben in the 60s TV series?,"Gentle Ben was a character on the 60s TV series ""The Beverly",0, series,4101,0,7,0.0319751122754491,1.0242124795913696,-0.10842191995324857,19.282161712646484,1.3877041388165896,0.11044175922870636,1.4091796875,4.728107
75,Which 70s show was based on the British show Till Death Us Do Part?,The Fall and Rise of Reginald Perrin,0, Part,3744,0,5,0.029191616766467067,0.9836548566818237,0.15431355507996836,23.9483642578125,0.9729167102230503,0.12991715967655182,0.06390380859375,5.786708
76,On what date in 1969 did Neil Armstrong first set foot on the Moon?,"July 20, 1969",1, Moon,17781,0,5,0.1386367889221557,0.9720016121864319,-0.005868634512565585,20.327693939208984,0.5799272087794334,0.127960667014122,1.509765625,2.9195104
77,Bandar Seri Begawan International airport is in which country?,Brunei,1, country,3224,0,8,0.025137225548902197,1.0096276998519897,0.004770810178766904,21.072397232055664,0.2797259273827981,0.12462938576936722,0.56494140625,2.6342843
78,What was the profession of Paul Strand (1890 - 1976)?,Photographer,1,6,21,1,1,0.00016373502994011975,0.8084247708320618,-0.10681545354838429,24.722177505493164,1.4368899146165086,0.12482355535030365,0.0097198486328125,4.590811
79,Who had a 60s No 1 with Downtown?,The answer is: The answer is: The answer is: The answer is,0, Downtown,44985,0,9,0.3507438248502994,0.9933138489723206,0.09634355601679223,16.30094337463379,0.4061203862556795,0.08408284187316895,14.6875,6.895995
80,"Who was born first, Kiefer Sutherland or Christian Slater?",Christian Slater,0, Slater,98103,0,7,0.7648998877245509,1.0643430948257446,-0.022516117113281275,20.102771759033203,1.2077003647833306,0.10730008780956268,2.076171875,1.6606996
81,"To the nearest two, how many tennis Grand Slam titles did Jimmy Connors win?",11,0, win,3243,0,4,0.025285366766467067,0.9995267391204834,-0.030145496661762028,20.883880615234375,0.6562404781407221,0.1292223185300827,0.138671875,2.2226725
82,Who was the Georgia Peach?,The Georgia Peach is a nickname for the state of Georgia. The nickname was,1, Peach,64695,0,6,0.5044208458083832,0.995802104473114,0.3780942832559022,21.397775650024414,0.13763745388681592,0.09756273031234741,6.27734375,5.586394
83,Who set fire to his guitar at the Monterey Pop festival in 19676?,Jimi Hendrix,1,76,4767,1,2,0.037167851796407185,0.8629444241523743,0.11263137497243036,22.63250160217285,0.8683549121148286,0.07748214900493622,21.140625,2.9804661
84,Della Street was whose secretary?,Della Street,0, secretary,19607,0,10,0.1528739396207585,1.0372897386550903,0.05312376665629559,23.478473663330078,0.37260260082758023,0.11173386871814728,6.46875,6.3521504
85,"In music, who was Sweet and Innocent and Too Young?",The Beatles,0, Young,13566,0,6,0.10577282934131736,1.0046900510787964,0.3009043565630103,23.32024383544922,0.6616023738371721,0.12385965138673782,1.51171875,6.395255
86,Who is featured on Puff Daddy's Can't Hold Me Down?,Puff Daddy,0, Down,6419,0,5,0.05004834081836328,0.9924238920211792,-0.041495632891487055,24.31021499633789,0.7563402396775412,0.08755380660295486,0.62841796875,4.974224
87,What had Edmond Hillary worked at before taking up mountain climbing?,mountaineering,0, climbing,30608,0,9,0.23864770459081835,0.9182094931602478,0.3584694905323693,22.974916458129883,0.1641067368796052,0.117988720536232,0.08819580078125,6.538941
88,In which American state is the Isabella Stewart Gardner Museum?,Massachusetts,1, Museum,16730,0,7,0.13044224051896208,0.992845892906189,0.11698397928444404,21.886140823364258,-0.06621100236803246,0.12091180682182312,0.262939453125,1.4165249
89,Benina international airport is in which country?,India,0, country,3224,0,8,0.025137225548902197,1.0096276998519897,0.004770810178766904,21.31804656982422,0.38245847441881287,0.12881974875926971,2.044921875,5.1584287
90,Beloved in 1999 was whose first movie since The Color Purple in 1985?,The Color Purple,0,5,20,1,1,0.000155938123752495,0.820056676864624,0.09764679634042839,23.57059097290039,1.154458834616383,0.1085171177983284,0.056304931640625,6.125914
91,Which Star Trek star directed Three Men and a Baby?,William Shatner,0, Baby,21266,0,5,0.16580900698602793,0.981626570224762,0.08298115437371845,20.465497970581055,0.4520189890127808,0.1279953122138977,0.3251953125,4.8290405
92,Which sitcom star appeared on the big screening The Object of My Affection?,John Ritter,0,ection,12181,1,6,0.09497411427145709,1.1128392219543457,0.24790329259108868,22.50819206237793,0.48891912127608217,0.040449485182762146,0.0634765625,5.7827353
93,"""Which character did Julia """"Roberts play in Steven Spielberg's Hook?""",Julia Roberts,0, Hook,29271,0,5,0.22822324101796407,1.0675472021102905,0.10174566677221142,25.499252319335938,1.18480666335177,0.11142967641353607,7.953125,6.410959
94,Which US president did Anthony Hopkins play in a film whose title was simply his name?,George W. Bush,0, name,836,0,5,0.006518213572854291,0.9634898900985718,-0.05666585493644005,21.243810653686523,0.37826665448885644,0.10714532434940338,0.427734375,4.0028286
95,Which movie was a biopic about the life of David Helfgott?,"""Shine""",1,ott,1751,1,3,0.013652382734530939,1.0943430662155151,-0.11134086550821598,20.603797912597656,0.47361121877995016,0.055492330342531204,0.002506256103515625,5.4291472
96,Which film director guested as the FBI Director in The Silence of the Lambs?,Jonathan Demme,0,bs,1302,1,2,0.010151571856287425,1.0508506298065186,-0.10745390202137362,20.208532333374023,0.8159528782271077,0.044144149869680405,0.0024700164794921875,5.0571704
97,In which sci fi classic did the space ship Nostromo first appear?,Alien,1, appear,5101,0,7,0.03977201846307385,0.9525378346443176,0.04642395051736514,22.38985824584961,0.6643527237861351,0.12419869005680084,1.720703125,2.9739254
98,Nigel Hawthorne was Oscar nominated for The Madness of which King?,Henry VIII,0, King,6342,0,5,0.04944797904191617,0.9715869426727295,-0.035310099458553346,21.304218292236328,0.432722314317604,0.13911741971969604,2.62109375,3.7822282
99,Which Swedish actress won the Best Supporting Actress Oscar for Murder on the Orient Express?,Michelle Pfeiffer,0, Express,17855,0,8,0.13921375998003993,1.083930253982544,-0.004372687914087514,21.762550354003906,1.0406982697693996,0.07407278567552567,0.00411224365234375,4.6814585
100,Which Oscar-nominated film had You Sexy Thing as its theme song?,The Commitments,0, song,5609,0,5,0.04373284680638723,0.957616925239563,0.02332789840571481,23.966657638549805,0.8239189420018058,0.14640703797340393,0.2034912109375,5.929538
101,Which Joan's career revived in Whatever Happened to Baby Jane?,Baby Jane Hudson,0, Jane,22195,0,5,0.17305233283433133,0.9282620549201965,-0.09871222950017078,17.623619079589844,0.538230210235001,0.12086427211761475,0.07696533203125,4.9993052
102,Which much-loved actor won the Best Actor Oscar for The Philadelphia Story?,Cary Grant,0, Story,15457,0,6,0.12051677894211577,0.9929149150848389,-0.04217921023488369,20.818710327148438,0.5575042539864312,0.09078539907932281,0.0711669921875,3.0219016
103,Which legendary dancer was Oscar-nominated for The Towering Inferno?,Bette Davis,0,no,2201,1,2,0.017160990518962076,1.0207877159118652,-0.08443993064042754,21.976287841796875,0.7951354832002986,0.0508493036031723,0.0031528472900390625,5.969952
104,What was the name of the brothel in The Best Little Whorehouse in Texas?,The brothel in The Best Little Whorehouse in Texas was called the,0, Texas,8421,0,6,0.06565774700598802,0.8811953067779541,0.1287088310289759,21.145837783813477,0.6964828147306847,0.12201441079378128,0.0192413330078125,4.4971757
105,Who was the male star of the movie The Man of La Mancha?,Richard Burton,0,cha,6583,1,3,0.05132703343313373,1.1317729949951172,-0.14108540604561837,20.472482681274414,0.5079968813331579,0.05022231489419937,0.00487518310546875,5.127175
106,What relation is Joey Richardson to Vanessa Redgrave?,Joey Richardson is Vanessa Redgrave's son.,0,grave,77731,1,5,0.6060613148702595,1.1783233880996704,0.09329022900982542,20.074434280395508,0.2979480039920377,0.028192277997732162,0.006927490234375,5.1243324
107,Melanie Molitor is the mom of which tennis world NO 1?,Roger Federer,0,1,16,1,1,0.000124750499001996,0.8688384890556335,1.0139215229516285,22.39154815673828,0.44345367508493716,0.0793984904885292,0.1741943359375,4.930888
108,Marc Dutroux hit the headlines over a 'house of horrors' in which country?,Belgium,1, country,3224,0,8,0.025137225548902197,1.0096276998519897,0.004770810178766904,18.434680938720703,0.291457322908121,0.11813532561063766,10.53125,1.7203356
109,On which date in 1945 did Hitler take cyanide then shoot himself?,30 April 1945,1, himself,5678,0,8,0.044270833333333336,1.206949234008789,0.24269725903706174,24.87154197692871,0.30058022940476636,0.10563449561595917,0.03753662109375,3.008742
110,In which river is the Boulder Dam?,Colorado River,1, Dam,16758,0,4,0.13066055389221556,1.0424937009811401,-0.058172271053084756,22.93275260925293,0.21511276566098125,0.12748241424560547,5.4765625,3.854376
111,"Which sports event was first held at Worcester, Massachusetts in 1927?",The Boston Marathon,0,7,22,1,1,0.00017153193612774452,0.8121345639228821,0.007133065233572822,23.190900802612305,0.511386483222267,0.10662128031253815,3.08984375,5.1782107
112,In which European city is the Belvederen Gallery?,Paris,0, Gallery,19853,0,8,0.15479197854291418,0.9635124802589417,0.27030640183399024,23.071117401123047,-0.14657033203905723,0.10271487385034561,6.984375,4.3711085
113,How old was Woody Herman when he founded his own orchestra?,1920,0, orchestra,69155,0,10,0.5391950474051896,0.9789708256721497,0.23890530820648115,22.039648056030273,1.098547999005012,0.14146947860717773,2.091796875,2.9028697
114,For which movie did Katharine Hepburn win her second Oscar?,The Philadelphia Story,0, Oscar,31797,0,6,0.2479182260479042,0.9273548126220703,0.20533795667453836,21.592849731445312,0.43327464687288497,0.13690714538097382,1.1328125,4.616899
115,Who had a 60s No 1 hit with This Diamond Ring?,The Beatles,0, Ring,22249,0,5,0.17347336576846306,1.0551265478134155,0.27540458843226867,22.6629695892334,0.953928479942574,0.1462201327085495,2.115234375,5.806078
116,The world was first aware of the Chernobyl disaster after detectors were triggered at a nuclear plant in which country?,Ukraine,0, country,3224,0,8,0.025137225548902197,1.0096276998519897,0.004770810178766904,20.349367141723633,0.2661800624087429,0.13504429161548615,3.90625,3.2971125
117,In which country was the first permanent bungee jumping site situated?,New Zealand,1, situated,31183,0,9,0.2431309256487026,0.9149968028068542,-0.056282284721035136,23.980485916137695,0.5585595634811433,0.14144951105117798,5.5234375,4.3122144
118,Who succeeded Brezhnev as Soviet premier?,Mikhail Gorbachev,0, premier,21134,0,8,0.16477981536926148,1.0027356147766113,0.11786239623761707,22.08549690246582,0.5278607862854843,0.11288772523403168,2.2265625,3.5595088
119,In the late 60s Owen Finlay MacLaren pioneered what useful item for parents of small chldren?,A,0,ren,1466,1,3,0.011430264471057884,1.1137784719467163,-0.12958366611704353,24.5994873046875,0.28133119461622424,0.08774854987859726,0.0628662109375,6.8160014
120,In which city's shipyard was Solidarity set up?,Gdansk,1, up,709,0,3,0.0055280064870259485,0.9710317850112915,-0.03625080528852864,23.125947952270508,0.5454387247817545,0.1365525871515274,0.3662109375,3.402672
121,Which female singer was born on exactly the same day as impressionist Rich Little?,"The answer is: ""The Beatles""",0, Little,15013,0,7,0.11705495259481039,1.0336962938308716,-0.00690214772469977,22.23417854309082,0.5072603912480584,0.09419426321983337,2.29296875,6.337246
122,What is Harrison Ford's real name?,Harrison Ford,1, name,836,0,5,0.006518213572854291,0.9634898900985718,-0.05666585493644005,21.80759048461914,0.40649535009867765,0.13074688613414764,0.302001953125,5.1950426
123,Who's home runs record did Mark McGwire break in the 1998 season?,Mark McGwire,0, season,3280,0,7,0.02557385229540918,1.092682123184204,-0.03524759879326744,25.301509857177734,0.9087364199049142,0.1309203803539276,0.218017578125,2.4379768
124,Who won baseball's first World Series of the 80s?,The New York Yankees,0,s,82,1,1,0.0006393463073852295,1.0884133577346802,4.130575713991249,22.383115768432617,0.8401601667256338,0.08821724355220795,0.4912109375,4.4260225
125,What was Pete Sampras seeded when he won his first US Open?,Pete Sampras was seeded 2nd at the 1990 US Open,0, Open,5377,0,5,0.041923964570858285,0.9775144457817078,0.09023308974373334,22.5247802734375,0.40214778548912866,0.13360659778118134,0.149658203125,2.906265
126,"""Which boxer famously said,"""" If I can't beat this bum take my name off the record books?""""""",Muhammad Ali,0, books,6603,0,6,0.05148297155688623,0.9472507238388062,-0.1578527611367151,26.71668815612793,1.4437334660322803,0.0823177844285965,8.6015625,4.832712
127,Where did Jonathan Edwards set his 1995 triple jump world record?,The 1995 triple jump world record was set by Jonathan Edwards at the,0, record,3335,0,7,0.026002682135728542,1.0788248777389526,0.04740960703230179,21.775344848632812,0.2946096821474611,0.15087884664535522,0.052398681640625,6.058725
128,"In baseball, where do the Orioles come from?",The Orioles are a team in the American League. They play at Camden Y,0, from,505,0,5,0.003937437624750499,0.8757404088973999,-0.4053404620014529,21.933698654174805,0.6299141528921153,0.17276906967163086,0.263427734375,4.995195
129,The Naismith Award is presented in which sport?,Basketball,1, sport,10775,0,6,0.08401166417165669,1.0285648107528687,0.3372827865599084,20.250158309936523,0.07213187650407749,0.14270487427711487,4.49609375,1.5818315
130,Which cartoon and film character is the nickname of super athlete Michael Johnson?,Michael Phelps,0, Johnson,11605,0,8,0.09048309630738523,0.9813393354415894,-0.018872030115975047,21.665102005004883,0.8481960828179624,0.12408076226711273,4.16796875,5.9541993
131,For which team did Babe Ruth blast his last Major League home run?,The Boston Red Sox,0, run,1629,0,4,0.012701160179640719,1.0325312614440918,-0.043241273078903575,23.124181747436523,0.6438352436162509,0.11455211788415909,0.01214599609375,3.0069427
132,What was Warren Beatty's first movie?,"""Buck and the Preacher""",0, movie,5818,0,6,0.0453624001996008,0.9109929800033569,0.06529540318273286,21.002925872802734,0.09475186406532732,0.12158744782209396,2.0,5.1393404
133,"Which future Hollywood star got her break as Wonder Girl, Wonder Woman's sister Drusilla?",Lynda Carter,0,illa,6374,1,4,0.04969748003992016,1.1469343900680542,0.07466860512981954,22.618045806884766,0.3928819282472755,0.018221572041511536,0.0221099853515625,6.637464
134,Mickey Braddock in the 50s series Circus Boy found fame with which surname in which pop band?,The Beatles,0, band,7200,0,5,0.0561377245508982,1.0816105604171753,0.10506613155388367,25.83171844482422,0.7720409390644254,0.1288985013961792,2.30078125,7.1420827
135,Which war veteran was Director of News & Special Events for ABC before find fame as a TV cop?,Robert Guillaume,0, cop,6293,0,4,0.049065930638722555,1.0626965761184692,-0.06928187570773892,19.62941551208496,0.3633997256300794,0.09912567585706711,8.9140625,6.463741
136,What US sitcom was the first exported to Britain?,The Andy Griffith Show,0, Britain,13527,0,8,0.10546875,0.971942126750946,0.23606615068314207,22.50254249572754,0.5459352464359228,0.12210474908351898,3.53515625,4.934051
137,In Hanna and Barbera's TV cartoons base on The Addams Family who was the voice of Gomez?,Gomez,0, Gomez,63398,0,6,0.49430825848303395,0.9693734049797058,0.12915436349817133,21.01761245727539,1.0679182682917112,0.15379197895526886,1.328125,4.883953
138,Who was the only female victim to be killed off in the opening credit sequence in Police Squad?,The only female victim to be killed off in the opening credit sequence in Police,0, Squad,35807,0,6,0.27918381986027946,1.075289249420166,0.46393895733638857,21.692218780517578,1.1004977159510618,0.08841986954212189,3.98828125,6.518296
139,Which US president won the Nobel Peace Prize in 1920?,Warren G. Harding,0,0,15,1,1,0.00011695359281437126,0.8478628396987915,0.4379479402704094,23.180938720703125,0.5545647206183304,0.10788317024707794,2.69921875,2.5266156
140,Who beat Tim Henman in his first Wimbledon singles semifinal?,Pete Sampras,1,inal,992,1,4,0.007734530938123752,1.1033246517181396,-0.01674406529143857,23.236055374145508,0.5251510283167962,0.07875239849090576,0.03363037109375,5.3361382
141,What relation was Flo Jo to Jackie Joyner Kersee?,Flo Jo was Jackie's coach.,0,see,4151,1,3,0.03236495758483034,0.9296301603317261,-0.14981212544962297,21.886322021484375,0.4630485730960223,0.08141789585351944,0.15283203125,5.4324694
142,How long was swimmer Michelle Smith-de Bruin banned for attempting to manipulate a drugs test?,10 years,0, test,1296,0,5,0.010104790419161677,0.9749036431312561,-0.2389021398801363,22.74778175354004,0.33127097865396005,0.13948526978492737,0.0238037109375,3.2151859
143,Yuan Yuan was caught carrying drugs for which Chinese team?,Yuan Yuan was caught carrying drugs for which Chinese team?,0, team,2128,0,5,0.01659181636726547,1.0018277168273926,-0.03379481989635469,19.93620491027832,0.2950616839509186,0.11209215223789215,11.71875,5.3384166
144,Which grand slam did Pete Sampras not win in the 20th century?,1993,0, century,9478,0,8,0.07389907684630738,0.953506350517273,0.10791302722523355,21.59001350402832,0.7828489090321358,0.12860700488090515,0.1845703125,3.5699987
145,In which events did Gert Fredriksson win six Olympic gold medals?,1908 Summer Olympics,0, medals,60082,0,7,0.46845371756487025,0.9777898788452148,0.08616545986555657,23.976177215576172,0.41777142195399186,0.1328624188899994,0.12109375,4.8197556
146,"How many of his 45 races did Mike Hawthorn, a former Formula One motor racing world champion, win?",3,1, win,3243,0,4,0.025285366766467067,0.9995267391204834,-0.030145496661762028,24.187053680419922,0.7273593816801052,0.1328546553850174,1.46875,2.9363134
147,On the Internet what is Spam?,Spam is a term used to describe unsolicited bulk email messages. Spam is,0, Spam,82767,0,5,0.6453265344311377,0.9826058149337769,0.30868481600793896,21.050100326538086,0.4276879986522051,0.11030924320220947,11.046875,4.0326924
148,In which country did the Internet start?,United States,1, start,1212,0,6,0.009449850299401198,0.9454491138458252,-0.08230163985600703,22.8546085357666,0.16854978325779157,0.10628870129585266,2.9375,4.0868344
149,In which year was the Juilliard School founded in New York?,1924,0, York,4356,0,5,0.03396332335329341,0.9028970003128052,0.30128616433411626,24.341524124145508,0.4743278047410393,0.14106091856956482,0.0094451904296875,1.1858517
150,"Who wrote My Life and Loves in 1926, originally banned in the US?",F. Scott Fitzgerald,0, US,2326,0,3,0.01813560379241517,0.8925256133079529,0.030230281435384754,25.7783145904541,0.4017345444334324,0.1239875853061676,1.173828125,5.6773114
151,What was Blondie's last UK No 1 of the 80s?,"""The Tide Is High""",0,s,82,1,1,0.0006393463073852295,1.0884133577346802,4.130575713991249,22.618629455566406,1.017652602344774,0.10396108776330948,0.552734375,6.335716
152,"In baseball, where do the Royals come from?",The Royals are a team in the American League. They play in Kansas City,1, from,505,0,5,0.003937437624750499,0.8757404088973999,-0.4053404620014529,21.88775634765625,0.5508535381261637,0.17175187170505524,0.23583984375,5.033924
153,What is the largest city in Ohio?,Columbus,0, Ohio,14689,0,5,0.11452875499001997,0.8871519565582275,-0.20667397990566494,20.925138473510742,0.579611504896484,0.17083048820495605,5.9296875,2.1440804
154,In which decade of the 20th century was Anne Bancroft born?,1931,0, born,9405,0,5,0.07332990269461077,1.0107237100601196,0.008000937144604592,22.458446502685547,0.6656437622033131,0.14560677111148834,0.14306640625,2.3192995
155,The Suez Canal connects the Mediterranean Sea to which other Sea?,The Red Sea,1, Sea,15379,0,4,0.11990862025948104,0.9753308296203613,-0.05601825937472382,21.22409439086914,0.13847847398885138,0.13361290097236633,5.5390625,3.331745
156,Which rock star did Cindy Crawford name her first son after?,Michael Jackson,0, after,1306,0,6,0.010182759481037924,0.9120654463768005,-0.16710142441760834,22.643003463745117,0.8771815661026037,0.1960568130016327,0.373291015625,5.92145
157,Sun Yat Sen overthrew the emperor in which country establishing a republic after 2000 years of imperial rule?,China,1, rule,6037,0,5,0.04706992265469062,1.1270430088043213,0.0888444475283574,25.47418212890625,0.6428288243916378,0.11604505777359009,0.052764892578125,2.2403936
158,Who designed the dress which made the most at Diana's dress auction?,"The dress was designed by the famous designer, Gianni Versace. The",0, auction,21852,0,8,0.17037799401197604,0.972182035446167,0.0812295466352757,23.53023910522461,0.3958805463413335,0.13956092298030853,5.5,6.199067
159,Which Palestinian co-founded al Fatah in 1957?,Yasser Arafat,1,7,22,1,1,0.00017153193612774452,0.8121345639228821,0.007133065233572822,24.55196762084961,0.4594539445182515,0.09275539219379425,4.46484375,4.713472
160,In which country was Earl Spencer's acrimonious divorce settlement heard?,United Kingdom,0, heard,6755,0,6,0.05266810129740519,0.9926286339759827,-0.06636952187577183,23.433317184448242,0.4810930453740214,0.12734080851078033,6.6015625,4.2491856
161,"In which North African country was Mohammed Al-Fayed, owner of Harrods department store in London, born?",Algeria,0, born,9405,0,5,0.07332990269461077,1.0107237100601196,0.008000937144604592,24.414682388305664,0.6696475338650241,0.13849925994873047,0.7978515625,3.0153837
162,Aung San Suu Kyi is a controversial leader in which country?,Myanmar,1, country,3224,0,8,0.025137225548902197,1.0096276998519897,0.004770810178766904,20.517980575561523,0.07512653600361618,0.12851065397262573,0.437744140625,2.1842518
163,Which of the founders of United Artists had the last name nearest the beginning of the alphabet?,Charlie Chaplin,1, alphabet,28890,0,9,0.22525261976047903,1.0476044416427612,-0.08078996197941102,23.735864639282227,0.5263543645564628,0.14269480109214783,0.208740234375,6.2726226
164,"In La Cage Aux Folles, what was La Cage Aux Folles?",The La Cage Aux Folles is a play by Jerry Herman. It is,0,les,645,1,3,0.005029004491017964,1.1345257759094238,-0.03636347326431233,23.272846221923828,0.3911669458334859,0.042000118643045425,0.00627899169921875,5.4234223
165,Where was the Fiddler in the musical's title?,The Fiddler on the Roof,1, title,2316,0,6,0.01805763473053892,1.0083757638931274,-0.07613684110547991,21.659488677978516,0.17244195602908974,0.10311409085988998,7.41015625,5.5329485
166,South Pacific was set during which war?,World War II,1, war,4208,0,4,0.03280938123752495,1.0146616697311401,0.15249634025643743,24.068920135498047,0.44106807318483066,0.13573646545410156,1.4365234375,2.4991665
167,What percentage of the earth's surface is covered by Europe?,0.1%,0, Europe,4606,0,7,0.0359125499001996,0.9584334492683411,0.06959333154027725,21.14439582824707,0.6417814990522928,0.16595624387264252,10.8203125,2.1555586
168,Which European town gave its name to a Treaty which symbolizes closer economic links between European countries?,Brussels,0, countries,5961,0,10,0.046477357784431135,0.897366464138031,0.20745693272564836,23.579877853393555,0.8471403449020625,0.13760018348693848,0.8564453125,5.001794
169,Which home of champagne in France was also where the German High Command surrendered in WWII?,The Chateau de Vincennes,0, WWII,61130,0,5,0.476624875249501,0.9331602454185486,0.055847017940588106,23.729206085205078,0.5673198299047146,0.1363701969385147,3.6015625,5.6916523
170,Which was the first European city this century to open an underground railway system?,London,0, system,1887,0,7,0.014712761976047904,0.9657853245735168,-0.1824721554424067,23.640850067138672,0.5262726305131356,0.1599956750869751,1.16015625,4.1392956
171,Who first drew Mickey Mouse when ?Disney first supplied the voice?,Walt Disney,0, voice,7899,0,6,0.06158776197604791,1.06386137008667,0.13707815539249557,22.5046329498291,0.3904076434755268,0.09686565399169922,7.83203125,2.698793
172,Which actress wrote the novel The Last of the Really Great Whangdoodles?,Katharine Hepburn,0,oodles,98221,1,6,0.7658199226546906,1.1399822235107422,0.498161079821017,21.265546798706055,0.3798189622737871,0.04282008111476898,0.1265869140625,5.6366014
173,Who was the star of the film based on the record Harper Valley PTA by Jeannie C Riley?,Jeannie C Riley,0, Riley,47935,0,6,0.3737446981037924,0.9863458871841431,-0.036857535725845825,22.97972869873047,0.919768495732141,0.06901992857456207,4.1953125,5.1453676
174,What color golf balls are used on the golf course in Antarctica?,The balls are white. The color is chosen to help the players see the,0, Antarctica,72787,0,11,0.5675134106786427,0.9909626841545105,0.14864021794214333,21.475353240966797,0.37533994027464956,0.13924463093280792,10.3671875,5.213391
175,Throughout the 80s and 90s Phil Collins recorded on which record label?,EMI,0, label,2440,0,6,0.01902445109780439,0.998582661151886,0.02024278576334204,21.6009521484375,0.8852098854572401,0.1429554522037506,0.1431884765625,4.624226
176,On which label did Chuck Berry record in the 1950s and 1960s?,"""Johnny B. Goode""",0,s,82,1,1,0.0006393463073852295,1.0884133577346802,4.130575713991249,23.803966522216797,0.7376981635438677,0.10736529529094696,0.010009765625,5.0966253
177,What was the name of Michael Jackson's second wife?,Debbie Rowe,1, wife,7555,0,5,0.05890562624750499,0.9273080825805664,-0.04174777216832659,19.251794815063477,0.24558996530093324,0.09240090847015381,3.65234375,1.9212288
178,Which US city was named after a British Prime Minister?,New York City,0, Minister,9675,0,9,0.07543506736526946,0.9566176533699036,-0.02876548996013195,21.735515594482422,0.6268188589961108,0.11241112649440765,0.08160400390625,4.778523
179,"""Who said, To err is human but it feels divine?""""""","""Who said, To err is human but it feels divine?"""" is",0, divine,30467,0,7,0.23754834081836326,0.9350632429122925,-0.06095618041221185,22.671476364135742,1.0918637621808642,0.10554026067256927,5.84375,5.9170666
180,Which singer had a big 60s No 1 with Roses Are Red?,The Beatles,0, Red,3816,0,4,0.029752994011976047,0.9978578686714172,0.06093696988762609,22.878328323364258,0.6393459806537249,0.12154200673103333,0.25439453125,5.723528
181,What are the international registration letters of a vehicle from Iceland?,The international registration letters of a vehicle from Iceland are 1A1A,1, Iceland,39496,0,8,0.30794660678642716,0.9111807346343994,0.24435339658369992,21.56258201599121,0.6582741382416115,0.1458384096622467,9.2421875,5.182441
182,Where was the American venue of the Live Aid concert?,"Philadelphia, Pennsylvania",1, concert,21497,0,8,0.16761009231536927,0.9725934863090515,-0.021561773972917475,22.974123001098633,0.2647246443113249,0.11013257503509521,0.9482421875,3.3278048
183,Which was the longest moon landing?,1: 11: 40,0, landing,20948,0,8,0.16332959081836326,1.0508328676223755,0.03381678403987465,20.448265075683594,0.16982323946470723,0.12099198251962662,1.91796875,3.6911697
184,Who had the most expensive presidential inauguration ceremony of the 20th century?,Bill Clinton,0, century,9478,0,8,0.07389907684630738,0.953506350517273,0.10791302722523355,24.01167869567871,0.9543230180425852,0.09917694330215454,0.10711669921875,4.1700373
185,Who became Israel's head of state in 1993?,Yitzhak Shamir,0,3,18,1,1,0.0001403443113772455,0.8290290236473083,0.25603625406347996,23.553180694580078,0.580623528052465,0.11222884804010391,1.443359375,4.885856
186,"In WWII, who was the head of the Nazi party's security service?",Heinrich Himmler,0, service,2532,0,8,0.01974176646706587,1.0028462409973145,0.0013444512304459089,22.975482940673828,0.8065735906565679,0.10564067959785461,1.484375,1.142744
187,Which President of the Philippines was deposed in 1986?,Ferdinand Marcos,1,6,21,1,1,0.00016373502994011975,0.8084247708320618,-0.10681545354838429,22.460994720458984,0.43777804273366616,0.08113041520118713,0.0391845703125,2.1594641
188,"What kind of disaster claimed some 100,000 lives in Armenia in 1988?","The 1988 earthquake in Armenia killed 100,000 people. The",1,8,23,1,1,0.00017932884231536926,0.8088405728340149,-0.059384417824554614,22.406023025512695,1.0535381785173579,0.12118501961231232,0.0244140625,4.803862
189,Which state on the Gulf of Mexico is nearest the end of the alphabet?,Florida,0, alphabet,28890,0,9,0.22525261976047903,1.0476044416427612,-0.08078996197941102,22.519580841064453,0.7795633974161547,0.15103031694889069,10.9453125,4.7780976
190,Truax Field international airport is in which US state?,California,0, state,1614,0,6,0.012584206586826347,1.0082039833068848,-0.2952084773360668,21.35213279724121,0.4827591309219077,0.15120206773281097,0.434326171875,4.145877
191,In what month was the attack on Pearl Harbor?,"December 7, 1941",1, Harbor,40282,0,7,0.3140749750499002,1.095103144645691,-0.11298473874241521,20.582733154296875,0.09295792466778474,0.04278777539730072,0.331298828125,2.084522
192,Who did Dr. Crippen murder?,Dr. Crippen,0, murder,10102,0,7,0.07876434630738523,0.9628700017929077,0.2771508914133367,22.902524948120117,0.8277501781850827,0.12666086852550507,1.384765625,4.5062532
193,"In the 1904 Olympics, how many of the 23 track and field titles were won by Americans?",11,0, Americans,9053,0,10,0.07058539171656687,1.0231600999832153,0.13577843508541054,21.40936279296875,0.7106153660428665,0.11995919048786163,2.044921875,2.4522557
194,The Black Hills lie between which two rivers?,The Missouri and the Yellowstone,0, rivers,36617,0,7,0.28549931387225547,0.9776828289031982,0.1499769880767201,20.854339599609375,0.399175383725602,0.13258486986160278,2.416015625,4.3242664
195,In what year was the first in-flight movie shown on an internal flight in the USA.,1962,0, USA,7427,0,4,0.057907622255489025,0.9613484144210815,0.14560757177874795,22.282045364379883,0.38619066614010933,0.12931111454963684,1.7734375,1.1639653
196,In which city was John Lennon murdered?,New York City,1, murdered,32485,0,9,0.25328249750499005,0.9731473326683044,0.3346906457919534,23.58464813232422,0.5036366305991331,0.12746669352054596,2.6953125,3.23251
197,How was President Kennedy assassinated?,Lee Harvey Oswald was the assassin. He was a former Marine who had been,0,inated,15846,1,6,0.1235497754491018,1.055992841720581,0.21926893583884155,23.525362014770508,0.9600825565082007,0.06403666734695435,0.0009794235229492188,3.6110802
198,Which caped crusader operated in Gotham City?,Batman,1, City,4409,0,5,0.03437655938123752,0.9688024520874023,-0.19826753643142103,24.15884017944336,0.4582380361411942,0.11084502190351486,1.107421875,3.8781452
199,Who did Jack Ruby shoot in November 1963?,Lee Harvey Oswald,1,3,18,1,1,0.0001403443113772455,0.8290290236473083,0.25603625406347996,22.301210403442383,0.812173028169421,0.09009672701358795,0.0103607177734375,3.845658
200,Who was the first American to travel faster than the speed of sound?,Chuck Yeager,1, sound,5222,0,6,0.040715444111776446,1.0791893005371094,0.05837183296484438,20.501035690307617,0.7329590026528852,0.12925630807876587,0.039337158203125,5.2255383
201,Who was the first US president Barbara Walters interviewed?,George Washington,0, interviewed,30147,0,12,0.23505333083832336,1.0467641353607178,0.3623776249791444,24.740201950073242,0.382276064933853,0.12727291882038116,1.501953125,4.245225
202,Which orchestral conductor was married to one of the subjects of the film Hillary and Jackie?,John Mauceri,0, Jackie,51965,0,7,0.40516623003992014,0.9347317218780518,0.15394247269703643,21.35317039489746,0.865429105424234,0.10836996883153915,0.64404296875,6.4272623
203,Which writer and politician became Lord Tweedsmuir?,"Robert Bruce ""Bob"" Laird, Jr.",0,uir,21581,1,3,0.16826503243512975,1.0923683643341064,0.049829059991947755,19.265499114990234,-0.003940678334244385,0.01725952886044979,0.00443267822265625,5.1875796
204,In what year was the first Tarzan novel published?,1914,1, published,4756,0,10,0.03708208582834331,0.9460988640785217,0.0018683222220516882,23.250852584838867,0.9157438477244724,0.15210865437984467,0.43115234375,2.6890836
205,In which country were motorized ambulances first used?,France,1, used,1511,0,5,0.011781125249500998,0.8864333033561707,-0.12223554878046672,23.909181594848633,0.3180234053767337,0.12945057451725006,0.80126953125,4.684881
206,What is the Pacific terminus of the Trans Siberian Railway?,Vladivostok,1, Railway,55556,0,8,0.43316492015968067,0.9843350648880005,-0.09979411137156324,22.365123748779297,0.4000453979454135,0.14814329147338867,0.681640625,4.914141
207,What is the name of the mountain pass which lies between Pakistan and Afghanistan?,Khyber Pass,1, Afghanistan,21139,0,12,0.1648187999001996,0.8851945996284485,0.1673503675165704,23.051788330078125,0.43185437619465183,0.1526319831609726,0.826171875,4.3018456
208,"What is the name of the group of 1,196 islands in the North Indian Ocean, none bigger than five square miles?",Andaman and Nicobar Islands,0, miles,8931,0,6,0.06963416916167664,0.9877893328666687,0.0469960718608875,23.995399475097656,0.5984340433824138,0.12851493060588837,0.39892578125,4.9836183
209,Which Syrian city is said to be the oldest continually inhabited city in the world?,Aleppo,0, world,1917,0,6,0.014946669161676647,0.9689311385154724,-0.03564880340075849,22.121509552001953,0.6940362166069303,0.13570556044578552,0.046844482421875,2.6598783
210,Who was king of France at the time of the French Revolution?,Louis XVI,1, Revolution,22910,0,11,0.17862712075848303,1.0514206886291504,0.21913802600111998,22.167692184448242,1.004203973582337,0.1278952956199646,0.318603515625,2.232438
211,What is the principal language of Bulgaria?,Bulgarian,1, Bulgaria,59819,0,9,0.46640313123752497,0.9025241732597351,0.1348891042236091,19.292619705200195,0.6815954626566496,0.15176130831241608,8.1953125,1.3545784
212,"What is the name of the cathedral in Red Square, Moscow?",The Cathedral of Christ the Savior,0, Moscow,23223,0,7,0.18106755239520958,0.9252580404281616,0.14981117261778243,22.18782615661621,0.6083039224257818,0.13943268358707428,0.39208984375,3.0229027
213,Which country is known to its people as Suomen Tasavalta?,Finland,1,ta,2629,1,2,0.02049806636726547,1.0735284090042114,-0.14415184289356153,24.273412704467773,0.41787294832699073,0.07995977252721786,0.004291534423828125,1.1832993
214,Which crusade was led by Philip II Augustus of France and Richard I of England?,The Crusades,0, England,9635,0,8,0.07512319111776447,0.9277163743972778,0.039443184008817855,24.572505950927734,0.2937317670117272,0.13896484673023224,0.0261993408203125,3.9142535
215,In which Netherlands city does the United Nations International Court of Justice sit?,The Hague,1, sit,2503,0,4,0.019515656187624752,1.0787030458450317,0.025821881389150647,21.7253360748291,0.43212012066260774,0.10475330054759979,2.30078125,1.2117436
216,"In which battle did Harold II, the last Saxon king, lose his life?",Hastings,0, life,2324,0,5,0.01812000998003992,1.0087140798568726,-0.12622314407952606,23.305635452270508,0.3825301157196477,0.07978513836860657,0.2498779296875,3.2483046
217,Who proclaimed the People's Republic of China in 1949?,Mao Zedong,1,9,24,1,1,0.00018712574850299402,0.8307907581329346,-0.14393617533854064,23.131105422973633,0.4360077407959353,0.10676146298646927,0.017242431640625,2.216924
218,"Which wife of Henry VIII had already married twice before she became queen, and married for a fourth time after Henry's death?",Anne Boleyn,0, death,4648,0,6,0.03624001996007984,0.9835874438285828,0.1007358079171774,24.213977813720703,0.8603705574941083,0.11801260709762573,0.2452392578125,1.9777669
219,In which country is the castle that gives the Habsburg dynasty its name?,Spain,0, name,836,0,5,0.006518213572854291,0.9634898900985718,-0.05666585493644005,21.93022346496582,0.19040161096051555,0.12220056354999542,0.03399658203125,4.0812
220,In which parliament has the UK 87 seats for members who are elected for a five0-year term?,UK Parliament,0, term,4751,0,5,0.03704310129740519,1.0606437921524048,0.15467065842072536,22.84592628479004,0.3074714122951434,0.14752539992332458,0.10003662109375,3.275538
221,What was the former name of the British Green Party?,The Green Party,0, Party,8722,0,6,0.06800461576846308,1.0629318952560425,0.14664751240525664,20.683422088623047,0.37069201157505294,0.14654482901096344,1.3515625,3.019075
222,"""What is the more common name of the """"simple plurality"""" system of voting?""","""Plurality""",0, voting,16043,0,7,0.12508576596806387,1.0059747695922852,0.15067240478614297,20.730880737304688,0.16141190168477548,0.09405487775802612,2.76171875,5.1869903
223,What word for unthinking patriotism is derived from the name of one of Napoleon's admirers?,NAPOLEONISM,0,ers,388,1,3,0.0030251996007984033,1.0526186227798462,0.022944388614659417,24.481822967529297,0.8131671176765338,0.08447753638029099,3.306640625,7.0076203
224,Which builder of steam engines formed a successful partnership with Matthew Boulton?,James Watt,1,ton,783,1,3,0.00610497754491018,1.129666805267334,0.07654922897060557,21.8922061920166,0.4991706778146101,0.07557575404644012,0.0029964447021484375,3.6143644
225,What was the nickname of the French singer Edith Piaf?,"""La Reine des Champs-Elysees""",0,f,69,1,1,0.0005379865269461078,0.970247745513916,0.2059264509389913,22.458812713623047,0.6064192523600318,0.12516307830810547,0.00823211669921875,3.807534
226,Whose birthday is celebrated by a public holiday on the third Monday in January in the USA?,Martin Luther King Jr.,1, USA,7427,0,4,0.057907622255489025,0.9613484144210815,0.14560757177874795,23.396703720092773,0.6847769313569954,0.15246324241161346,2.99609375,3.267631
227,What type of coal is brown and fibrous?,Anthracite,0,rous,27620,1,4,0.2153505489021956,1.1927878856658936,0.2261956764166113,22.04326820373535,0.5162332970131622,0.0564764104783535,0.006000518798828125,2.357832
228,What raw material is used for making glass?,"Glass is made from sand, soda ash, and limestone. The sand is",1, glass,9168,0,6,0.07148203592814371,1.0746746063232422,0.03410223395549439,20.652515411376953,0.07940838778990411,0.10554724186658859,3.05859375,4.4706335
229,What kind of an organism is a truffle?,A truffle is a fungus. Fungi are a type of organism called,1,uffle,13511,1,5,0.105343999500998,1.1516529321670532,0.24630070534270265,18.556385040283203,0.322423544005348,0.005048437975347042,2.365234375,2.5936399
230,What is the name of the strong material found in plant cell walls?,cellulose,1, walls,14620,0,6,0.11399076846307385,1.0444191694259644,-0.08544016892246509,22.72191047668457,0.3581677179023859,0.11472360789775848,0.295166015625,0.9417128
231,What name is given to the change of state from liquid to gas?,evaporation,1, gas,6962,0,4,0.05428206087824351,1.0310249328613281,-0.1284877542252869,21.170381546020508,0.037833558994806005,0.12033931165933609,0.340087890625,2.8954833
232,"Which branch of science has four fundamental principles: addition, subtraction, multiplication, and division.",Algebra,0, division,13096,0,9,0.10210828343313373,1.0197269916534424,0.04939158542785682,21.051416397094727,0.45350701270928306,0.12440336495637894,0.01351165771484375,4.664035
233,What is the force that opposes the relative motion of two bodies that are in contact?,friction,1, contact,3729,0,8,0.029074663173652694,1.1055105924606323,-0.22710272283065924,22.631319046020508,0.490006478904653,0.11956937611103058,0.2396240234375,2.6901634
234,What is the fastest animal on two legs?,The fastest animal on two legs is the cheetah.,0, legs,14535,0,5,0.11332803143712575,1.0539575815200806,-0.14729817364897269,22.715526580810547,0.8948969098392601,0.10195191949605942,0.174560546875,5.021565
235,What is the green pigment used by plants to trap sunlight?,chlorophyll,1, sunlight,40120,0,9,0.312811876247505,0.9827291369438171,-0.0008961919523691186,21.54707908630371,0.4172379813082929,0.12226668000221252,1.4921875,1.8200306
236,What id the name given to the study of birds?,ornithology,1, birds,20229,0,6,0.15772361526946108,0.9645949006080627,0.015493258921899677,22.45561981201172,0.3258430781941537,0.13353922963142395,7.75,2.2933455
237,"Of which reptile are there only two species, one living in the Mississippi and the other in China?",Alligators,1, China,5734,0,6,0.04470746007984032,0.8769249320030212,-0.05146229170396888,23.691362380981445,0.7615186337658897,0.15570548176765442,3.97265625,5.3947105
238,"What type of seaweed grows up to 100 meters in length, and is farmed for its alginates?",kelp,1,ates,988,1,4,0.007703343313373253,1.0797868967056274,-0.13748650590564093,21.35795021057129,0.12053157864727249,0.043608952313661575,2.630859375,3.5958693
239,Where in a vertebrate would you find the protein myoglobin?,in the muscles of vertebrates,0,oglobin,94855,1,7,0.7395755364271457,1.0861315727233887,0.11684977979625533,21.695430755615234,0.2481832466155134,0.07205355167388916,0.330078125,4.1137547
240,"What is the most abundant substance in the plant kingdom, which no mammal produces the enzyme to digest?",cellulose,1, digest,21552,0,7,0.16803892215568864,1.077487587928772,0.25184660891000643,21.65741729736328,0.3610775538302913,0.11584534496068954,1.69921875,4.3269978
241,"Which family of insects has species named 'drivers', 'weavers', 'and even individuals called 'soldiers'?",True. The family of insects known as the cockroaches is the largest,0,iers,4918,1,4,0.03834518463073852,1.1535500288009644,0.18839232677867734,29.30367660522461,1.9410077857638939,0.06861183792352676,0.0404052734375,5.6841745
242,What name is given to the study of animal behavior?,ethology,1, behavior,7865,0,9,0.061322667165668664,1.033493161201477,0.027283638977259272,21.232149124145508,0.4076538617764207,0.15324044227600098,1.8193359375,2.2390027
243,Mosses are classified as belonging to which part of the plant kingdom?,Plantae,0, kingdom,26135,0,8,0.20377214321357284,1.0161423683166504,0.17309894540010573,21.074466705322266,0.25168846363692454,0.1276194155216217,0.121826171875,5.183808
244,"Which rodent rears its young, called kittens, in a nest called a drey?",aardvark,0,rey,8233,1,3,0.06419192864271457,1.1315127611160278,-0.071156616514501,22.11488914489746,0.8422456144682666,0.0674203559756279,4.22265625,5.554172
245,What has a central vein called a midrib?,The midrib is the central vein of a leaf.,1,rib,1936,1,3,0.015094810379241517,1.1629279851913452,-0.07890610892657168,21.151119232177734,0.050263793722018946,0.06733302772045135,3.2421875,4.705235
246,"Which mammal constructs a lodge in which to store food, rear young, and pass the winter?",bears,0, winter,12688,0,7,0.09892714570858284,1.0048471689224243,-0.022923555801702467,19.036701202392578,0.06501789938691171,0.11719276010990143,0.1373291015625,6.047863
247,What is the generic word for plants that grow in water or water-logged conditions?,Aquatic plants,1, conditions,4787,0,11,0.03732378992015968,1.0351766347885132,0.04428380292126244,22.47430419921875,0.5892801886348495,0.10999803245067596,3.404296875,3.9900048
248,"Which teeth are the third molars, and are always the last to0 erupt?",3rd molars (wisdom teeth) are the last teeth to,1, erupt,44779,0,6,0.3491376621756487,0.9790077805519104,0.06039851539289254,21.506820678710938,0.6439956838882068,0.12329071015119553,0.0947265625,4.182192
249,What is secreted by the pancreas to regulate blood sugar levels?,Insulin,1, levels,5990,0,7,0.04670346806387225,1.0170434713363647,-0.144101474083274,22.639259338378906,0.3454865356229191,0.140219047665596,0.67041015625,1.7176313
250,How many chambers has the heart?,The heart has four chambers. The right atrium and right ventricle,1, heart,4851,0,6,0.037822791916167664,1.0540815591812134,-0.15794342586503163,20.823396682739258,0.20013451778059865,0.11502619087696075,1.611328125,3.1211739
251,What is the name of the large buttock and thigh muscle?,Gluteus maximus,1, muscle,16124,0,7,0.12571731536926148,1.0011944770812988,-0.15742486420861646,21.062585830688477,0.19596708442753785,0.1165810078382492,0.7578125,2.5577455
252,"When the egg is released from the ovary, what is left behind?",The follicle,0, behind,4920,0,7,0.03836077844311377,1.1241086721420288,0.16143003160436065,24.375577926635742,0.08020008565173375,0.15341238677501678,0.69873046875,3.7833514
253,What is the scientific name for the heart's pacemaker?,"The heart's pacemaker is the sinoatrial node, or SA node",1,emaker,59775,1,6,0.46606006736526945,1.1396936178207397,0.1985065240023589,21.078527450561523,0.41011724181284537,0.034363191574811935,0.00576019287109375,2.7460375
254,Which hormone helps control ovulation?,FSH,0,ulation,2987,1,7,0.02328935878243513,1.0341742038726807,-0.1608349567297589,21.522930145263672,0.4217084431176952,0.04771166294813156,0.0496826171875,3.239121
255,What is the second most common gas in the atmosphere?,carbon dioxide,0, atmosphere,16975,0,11,0.13235248253493015,1.0108537673950195,0.10833493385729787,21.959285736083984,0.20014651445132392,0.12392762303352356,1.5078125,3.1157217
256,What is the term for nutrient enrichment of lakes?,eutrophication,1, lakes,44236,0,6,0.34490394211576847,0.9845995306968689,0.20897624551708027,21.923343658447266,0.2507097037160353,0.14163698256015778,6.15234375,2.9200358
257,Five-legged creatures have damaged which 1250 mile long wonder of the world?,1250 mile long wonder of the world,0, world,1917,0,6,0.014946669161676647,0.9689311385154724,-0.03564880340075849,23.543697357177734,0.26551717475422754,0.13172298669815063,0.30322265625,6.691571
258,Which radioactive substance sometimes occurs naturally in spring water?,Iodine-131,0, water,3090,0,6,0.02409244011976048,0.9758786559104919,-0.022864577056323387,21.325761795043945,0.3963842325652127,0.12772256135940552,1.41015625,4.930146
259,What is the approximate circumference of the earth?,"24,901 miles",0, earth,9578,0,6,0.07467876746506986,1.0800622701644897,0.10781605522273896,21.57157325744629,0.14872964726346716,0.12087414413690567,3.384765625,2.6175768
260,"Which common mineral is used to make casts, moulds, blackboard chalk and plaster of Paris?",Calcium carbonate,0, Paris,12366,0,6,0.09641654191616766,0.8971104025840759,0.024291880385721942,19.399385452270508,0.16933109072240882,0.04723436012864113,1.1826171875,3.90991
261,What name was given to the invisible material once thought to occupy all space?,ether,1, space,3634,0,6,0.028333957085828344,1.0508949756622314,-0.18323073921592226,24.16163444519043,0.17057978390312734,0.1313033252954483,0.74658203125,4.570144
262,From which areas of space can there be no escape?,From the center of the earth,0, escape,12731,0,7,0.0992624126746507,1.0570605993270874,0.12171495430909074,17.414823532104492,0.20289008673216768,0.10911734402179718,3.3828125,5.2645383
263,Who was the first man to walk on the Moon?,Neil Armstrong,1, Moon,17781,0,5,0.1386367889221557,0.9720016121864319,-0.005868634512565585,20.26094627380371,0.32157889207723045,0.13314740359783173,2.01953125,0.99379194
264,Proteus and Nereid are moons of which planet?,Mercury,0, planet,11841,0,7,0.09232316616766467,1.0086455345153809,-0.044282781803973936,22.75031280517578,0.4498116029309709,0.1325613111257553,0.298583984375,3.2897296
265,What is the Milky Way?,The Milky Way is a galaxy that is made up of billions of stars.,1, Way,12424,0,4,0.0968687624750499,0.9840032458305359,-0.012186149606228103,22.508556365966797,0.0628717840510169,0.11211825162172318,0.06756591796875,2.0632505
266,Which force is nothing more than the bending of space and time?,Gravity,1, time,892,0,5,0.006954840319361277,0.9325549602508545,-0.20955769645389744,22.059391021728516,0.06103692245568171,0.1166674941778183,0.452880859375,5.2636814
267,"Which star is as bright as 23 Suns, and is orbited by the Pup?",Proxima Centauri,0,up,455,1,2,0.0035475923153692615,1.0978467464447021,-0.12996631583750817,15.12988567352295,0.05589471285524583,0.04865645617246628,4.99609375,4.340804
268,What are the three primary colours of light?,"The three primary colours of light are red, green and blue.",0, light,3177,0,6,0.024770770958083832,1.0256049633026123,0.11846704758342286,20.51495361328125,0.3359488920385818,0.14297540485858917,0.18701171875,4.1552105
269,In what film did Oprah Winfrey make her big screen acting debut?,The Color Purple,1, debut,17755,0,6,0.13843406936127745,0.9857079386711121,0.04239279920456118,24.66302490234375,0.7103851164239186,0.13059090077877045,0.016632080078125,5.6815305
270,What is the second lightest chemical element?,Neon,0, element,2449,0,8,0.019094623253493013,1.0021071434020996,-0.0817670586363608,22.07056427001953,0.309613334708136,0.144146129488945,0.042633056640625,4.314631
271,"Used in mathematics, what is the value of Pi to three decimal places?",3.141592653589793238462643383279502884,0, places,7634,0,7,0.059521581836327345,0.9822757244110107,0.00029960096002268344,23.765932083129883,0.32233148955808666,0.11760635673999786,0.036773681640625,1.4344866
272,"What colour is the number 10 on the door of 10 Downing Street? White, Yellow or Brown?",White,1, Brown,10690,0,6,0.08334892714570859,0.9902670979499817,-0.02378119390906397,23.02957534790039,0.6123225146047524,0.13390013575553894,3.962890625,2.242689
273,What was advertised with Eva Herzagovia using the slogan hello boys?,Eva Herzigovia,0, boys,13305,0,5,0.10373783682634731,1.0096784830093384,-0.014042143264654694,26.61617088317871,0.377773043538733,0.14150603115558624,6.65625,6.841639
274,What number in Bingo is sometimes referred to as Heinz varieties?,1,0, varieties,36680,0,10,0.28599051896207583,0.9282172918319702,0.12310551777263656,22.83432388305664,0.6166573253658743,0.09123513102531433,15.34375,4.6493692
275,"As at March 2001, who holds the record for scoring the most league goals for the soccer team Arsenal?",Thierry Henry,0, Arsenal,33102,0,8,0.2580931886227545,0.9262150526046753,0.15650539035568656,21.661745071411133,0.5305185289035519,0.15416251122951508,4.91015625,4.1336246
276,How many verses make up the national anthem God Save The Queen?,2 verses,0, Queen,16657,0,6,0.12987306636726548,0.9561870694160461,0.239072474062755,24.529787063598633,1.1186002238801018,0.13706807792186737,0.478515625,3.315993
277,What colour is the cross on the national flag of Switzerland?,Green,0, Switzerland,30221,0,12,0.2356303018962076,0.9165717363357544,0.21494954662815102,20.959016799926758,0.7902013692739049,0.15848110616207123,5.8828125,3.3097837
278,Who was the American President when the Berlin Wall was constructed?,John F. Kennedy,1, constructed,20968,0,12,0.16348552894211577,0.9148004651069641,-0.10254714586519942,22.518918991088867,0.5179404334816367,0.10417107492685318,2.791015625,3.6301634
279,What is the minimum number of darts a person needs to throw to complete a leg from 501?,5,0,501,14408,1,3,0.11233782435129741,0.9698654413223267,0.2960575958185929,24.689725875854492,1.2000560129997675,0.12241478264331818,8.96875,1.7614613
280,What was the first British football team to win the European Cup?,Manchester United,0, Cup,11098,0,4,0.08653006487025948,1.023089051246643,-0.10796936535207591,20.122068405151367,0.2942254285475632,0.1136350929737091,0.25048828125,4.6232347
281,What is the most popular natural attraction in Alaska?,The Alaska State Fair,0, Alaska,28366,0,7,0.22116704091816367,0.8906539678573608,0.26504951369575247,21.252004623413086,0.6219817488993042,0.143540620803833,5.9609375,4.490143
282,"What type of acid is extracted from the juice of lemons, oranges, limes, and grapefruit?",citric acid,1,fruit,36698,1,5,0.2861308632734531,1.0900697708129883,0.2745497325951578,21.201658248901367,0.21259021396548627,0.09785407036542892,1.0693359375,4.2167206
283,How many pieces are there in a standard set of dominoes?,28,1,es,288,1,2,0.002245508982035928,1.0500627756118774,0.3844516465953025,21.259592056274414,0.25246803279844343,0.08676720410585403,0.09735107421875,3.2459815
284,What is the acronym for the agency which provides co-operation between police forces worldwide?,INTERPOL,1, worldwide,15603,0,10,0.12165512724550898,0.9628207087516785,0.33756550200124646,23.586925506591797,0.6947166228104487,0.15285040438175201,6.4296875,4.6535144
285,"What were Benjy and Laska, which were sent into space in 1958?",Benjy and Laska were two dogs that were sent into space in,0,8,23,1,1,0.00017932884231536926,0.8088405728340149,-0.059384417824554614,21.564952850341797,0.13049213840196439,0.07027724385261536,1.443359375,4.47815
286,In what year in the 20th century was the Miss World contest held for the first time?,1951,1, time,892,0,5,0.006954840319361277,0.9325549602508545,-0.20955769645389744,23.047775268554688,0.8270856753957112,0.13962820172309875,0.0037822723388671875,1.3140142
287,In which year was the Encyclopedia Britannica first published?,1768,1, published,4756,0,10,0.03708208582834331,0.9460988640785217,0.0018683222220516882,23.29563331604004,0.4114712440066892,0.14689646661281586,0.1842041015625,1.4723523
288,"On the London Underground, which is the only line to connect at some point with every other line on the system?",The Central Line,0, system,1887,0,7,0.014712761976047904,0.9657853245735168,-0.1824721554424067,22.064836502075195,0.8169825826346191,0.13245490193367004,1.712890625,3.1193507
289,Who wrote The Importance Of Being Earnest?,Oscar Wilde,1,est,478,1,3,0.0037269211576846308,1.137843132019043,0.11286577747741111,21.608631134033203,0.7255296803290787,0.10198037326335907,0.0026950836181640625,3.2351239
290,"Thomas Edison, who invented the lightbulb, was afraid of the dark?","Thomas Edison, who invented the lightbulb, was afraid of the dark",0, dark,6453,0,5,0.05031343562874251,0.9920971989631653,-0.08964459702117411,21.77156639099121,0.20618125014080668,0.1080029159784317,0.485595703125,4.1817055
291,Taphephobia is the fear of losing your teeth?,True,0, teeth,18311,0,6,0.1427691492015968,1.0466172695159912,0.11121120354148495,21.969825744628906,0.07693140924871056,0.09823696315288544,7.6875,3.8102815
292,The letter t is the second most common letter used in the English language?,t,0, language,4221,0,9,0.032910741017964075,0.9948316216468811,0.05092993594742623,21.800905227661133,0.42545290020381854,0.1276252120733261,0.092529296875,3.1918201
293,"The invention of what in 1867, made Alfred Nobel famous?",Dynamite,1, famous,11495,0,7,0.0896254366267465,0.9128111600875854,0.31189011349877704,22.022300720214844,0.3803813172099102,0.1270003467798233,4.28125,3.1357563
294,What is the most populated city in America?,New York City,1, America,5270,0,8,0.04108969560878244,0.9818793535232544,0.03818089262768387,23.024629592895508,0.8742438612383094,0.14029985666275024,4.22265625,2.7374263
295,What is the only letter of the alphabet which does not appear in any of the names of the 50 American states?,A,0, states,5415,0,7,0.042220247005988025,1.0355043411254883,-0.13569676302466815,22.03226089477539,0.7612517173287308,0.13840007781982422,0.177001953125,4.133302
296,What was the Spice Girls' debut single called?,"""Wannabe""",1, called,2663,0,7,0.02076316117764471,0.9541770815849304,-0.08801322851512294,21.828161239624023,1.0007858990439829,0.17742779850959778,2.47265625,3.4902108
297,What are the only two musical notes which have no flats?,C and F,1, flats,61457,0,6,0.4791744635728543,1.1280112266540527,0.08072999837110384,19.416622161865234,0.25632556836681,0.11147987842559814,8.546875,4.151291
298,"From which country do French fries originate? France, Belgium or Switzerland?",France,0, Switzerland,30221,0,12,0.2356303018962076,0.9165717363357544,0.21494954662815102,23.522266387939453,0.9240456536884021,0.15770618617534637,4.08203125,2.4614754
299,For what novel did J. K. Rowling win the 1999 Whitbread Children's book of the year award?,Harry Potter and the Philosopher's Stone,0, award,10292,0,6,0.08024575848303393,1.0300358533859253,-0.11154166201062976,22.44284439086914,0.8053722170297521,0.16248691082000732,0.320556640625,2.4108188
300,What is the longest word can be typed using only the top row of letters on a typewriter?,"""A""",0,ewriter,73580,1,7,0.5736963572854291,1.1050091981887817,0.2867444774293779,21.717891693115234,0.22383932436215392,0.0373832993209362,0.005126953125,7.3018904
301,In which city would you find O'Hare International Airport?,"Chicago, Illinois",1, Airport,21348,0,8,0.16644835329341318,0.9527435898780823,0.06768622069365549,22.47156524658203,0.08446881693113317,0.1538570374250412,0.0806884765625,1.5076638
302,Which Asian country was once called Siam?,Thailand,1,iam,5038,1,3,0.039280813373253495,1.1149928569793701,-0.10247972141694639,20.93446159362793,0.5434628995040223,0.06696338206529617,0.09710693359375,1.4677556
303,What are the names of Donald Duck's three nephews?,"Donald Duck's nephews are Huey, Dewey, and Louie",1,ews,28844,1,3,0.2248939620758483,1.1836142539978027,-0.07171851657115313,23.015472412109375,0.8367885687427012,0.018393278121948242,0.0024433135986328125,5.008959
304,"In which 1993 film does a boy called Jonah write to a woman called Annie, asking her to meet his father at the Empire State building on St. Valentine's Day?","""The Lost World""",0, Day,6187,0,4,0.04823945858283433,0.9678201079368591,0.06396991263251195,23.331348419189453,0.857127151891909,0.14892062544822693,0.480224609375,5.613527
305,Who had a top ten hit in 1988 with Valentine?,The Bangles,0, Valentine,39869,0,10,0.31085485279441116,0.9854999780654907,0.24460647348697728,19.153409957885742,0.5059502177432917,0.1371038854122162,9.9765625,6.4430842
306,What is the second most common word in written English?,"""the""",0, English,6498,0,8,0.05066429640718563,0.9750786423683167,-0.07369648426862652,19.8404541015625,0.0823835042075074,0.1625567376613617,0.29443359375,7.2775526
307,"In which arcade game, would you find ghosts called Inky, Pinky, Blinky and Clyde?",Pac-Man,1, Clyde,91494,0,6,0.7133701347305389,1.0116009712219238,0.03411189578444285,20.933042526245117,0.2483330899232321,0.07055464386940002,0.2281494140625,4.111007
308,"More commonly known as the thigh bone, what is the medical name for the longest bone in the human body?",femur,1, body,2547,0,5,0.01985872005988024,1.0596449375152588,-0.03690242190028137,22.426952362060547,0.4636287302945745,0.12473280727863312,0.09136962890625,2.6579938
309,"What word is used to describe someone who is neither left or right handed, but can use both hands with equal ease?",ambidextrous,1, ease,14553,0,5,0.11346837574850299,1.0307748317718506,0.014339718445567584,24.14898109436035,0.8108949377499108,0.08794902265071869,1.2958984375,2.8906717
310,"Which cult film, starring Harrison Ford, was based on the story Do Androids Dream of Electric Sheep?",Blade Runner,1, Sheep,84008,0,6,0.6550024950099801,0.9971809387207031,0.21683886133955266,19.425355911254883,0.7309203306805783,0.06855309754610062,0.01108551025390625,0.7259252
311,"Which ITV magazine style show ran from 1968 to 1980 and featured presenters including Jenny Hanley, Mick Robertson and Tommy Boyd?",The Good Old Days,0, Boyd,63721,0,5,0.4968266591816367,1.021597146987915,0.006540428771055762,21.58963394165039,0.38576409850330595,0.08808036148548126,3.689453125,6.179221
312,Which type of animal was Robin Hood in the Disney cartoon film 'Robin Hood'?,Robin Hood was a type of animal that was hunted by the Disney cartoon film,0, Hood,36443,0,5,0.2841426521956088,1.039031744003296,0.02232612448376292,20.099468231201172,0.3448324604172712,0.09620340168476105,0.02508544921875,5.4694633
313,Who provided the voice for Bob The Builder on his number one hit Can We Fix It?,Paul Nicholas,0, It,1102,0,3,0.008592190618762475,0.7312126159667969,-0.1878375765437439,22.34627914428711,0.5801097909733208,0.1937795877456665,0.10784912109375,6.1158705
314,Which actor received 4 million dollars for his 10 minutes on screen in the film Superman?,Christopher Reeve,0, Superman,38809,0,9,0.30259013223552894,0.9308474659919739,0.12327320100823158,20.384990692138672,0.8924871322855124,0.13329800963401794,8.0390625,4.953422
315,"Who directed the films Thelma and Louise, Hannibal and Black Hawk Down?",Ridley Scott,1, Down,6419,0,5,0.05004834081836328,0.9924238920211792,-0.041495632891487055,22.764970779418945,0.7135281904652588,0.0762561559677124,0.034454345703125,4.362075
316,"Which serial killer is the subject of the films A Study In Terror, Murder By Decree and From Hell?",Jack the Ripper,1, Hell,24830,0,5,0.19359718063872255,1.0511810779571533,0.07982259407986003,21.723196029663086,0.5890191061898404,0.10543952137231827,1.177734375,4.056983
317,"In cricket, what is the score of 111 known as?",11 runs,0, as,439,0,3,0.0034228418163672653,0.8558182716369629,-0.18845536439676236,23.626802444458008,1.0028699646758152,0.21870699524879456,0.027984619140625,4.400839
318,"Who wrote the novels About A Boy, How To Be Good and High Fidelity?",Ian McEwan,0,idelity,46201,1,7,0.3602248627744511,1.1190105676651,0.04557081165163712,22.25881004333496,0.8046488409437762,0.05659714713692665,0.0101776123046875,5.246408
319,"With which game would you use a squidger, a circular disc between 25mm and 51 mm?",Squidger,0, mm,9653,0,3,0.07526353542914171,0.8674130439758301,-0.04015469398411087,24.047225952148438,0.5424952966074885,0.13192042708396912,2.75,6.288012
320,The melody for which famous song was written by sisters and school teachers Patty and Mildred Hill in Kentucky in 1893?,"""Old Black Joe""",0,3,18,1,1,0.0001403443113772455,0.8290290236473083,0.25603625406347996,24.24285888671875,0.2936635677339492,0.09646151214838028,1.3837890625,4.8762393
321,What is the most common pub name in the UK?,The most common pub name in the UK is The Crown.,0, UK,6560,0,3,0.05114770459081836,0.8883599638938904,-0.0837249026207898,22.64066505432129,0.4540756112111457,0.16439871490001678,2.765625,6.961095
322,What is the name of Kevin the teenager's friend played by Kathy Burke in a series of sketches with Harry Enfield?,The Mighty Boosh,0,field,2630,1,5,0.020505863273453093,1.0885409116744995,-0.03625360091723939,22.5306339263916,0.132067276124884,0.0722372755408287,0.01104736328125,6.830774
323,"What seven letter word, beginning with the letters 'Ra' is a palindrome?",'Rama',0, palindrome,74197,0,11,0.5785070484031936,1.0067200660705566,0.0468823981936386,20.70326805114746,0.26687194057558417,0.09934912621974945,4.796875,6.1240406
324,Which fruit can go in the middle of the word aped to make a new word?,Banana,0, word,3492,0,5,0.02722679640718563,1.0541958808898926,-0.2310700131644241,31.091585159301758,1.65461384330853,0.15271548926830292,0.0950927734375,5.8735394
325,How many scottish football league teams names end in United?,1,0, United,3723,0,7,0.029027881736526946,0.9530161023139954,0.04554185107422981,21.88094139099121,0.30692381048974227,0.13882602751255035,8.015625,3.496174
326,Who had a top ten hit in the UK with Cupid in 1961?,The Beatles,0,1,16,1,1,0.000124750499001996,0.8688384890556335,1.0139215229516285,24.065906524658203,0.7226030396987961,0.11920658499002457,2.45703125,5.4116926
327,The theme tune to which TV show starts with the line Stick a pony in me pocket?,The Simpsons,0, pocket,18301,0,7,0.14269118013972057,1.0735589265823364,0.05904005522978428,24.688697814941406,0.8036820301828791,0.12662383913993835,6.7109375,5.9348826
328,What word is given to a point in tennis which has to be replayed?,fault,0,ed,291,1,2,0.0022688997005988025,1.0784401893615723,0.9041235007572825,23.253616333007812,0.15208867097134116,0.10569421201944351,0.0024967193603515625,5.218508
329,How many episodes of Prisoner: Cell Block H were made?,2,0, made,1903,0,5,0.0148375124750499,0.8795677423477173,-0.2940291606701737,20.9352970123291,0.7313392439370796,0.15186284482479095,2.443359375,2.9897203
330,Who is the last English-born player to win the men's singles title at Wimbledon?,John McEnroe,0, Wimbledon,91257,0,10,0.7115222679640718,0.9558236002922058,0.1786321847638308,20.141252517700195,0.6343092281932488,0.13125760853290558,0.347900390625,5.4381433
331,"Which famous painter's surname was Harmenzoon van Rijn which translated as son of Harmen, of the Rhine?",Van Rijn,0,ine,483,1,3,0.0037659056886227547,1.1086286306381226,0.11978887042724384,21.24037742614746,0.5088160918602682,0.0852496325969696,0.27001953125,4.9310694
332,"In 1976, which gymnast scored 7 maximum scores of 10 as she won three gold medals, one silver and one bronze?",Mary Lou Retton,0, bronze,40907,0,7,0.31894804141716565,0.9824398756027222,0.029305990907906754,22.712724685668945,0.35515988775488827,0.11463802307844162,0.01296234130859375,4.1672893
333,"In years and days, how old was Luigina Giavotti when she won a silver medal in gymnastics in 1928, and is still the youngest medal winner today?",14 years and 7 days,0, today,3432,0,6,0.026758982035928143,1.0699374675750732,-0.12708075332075142,24.719892501831055,0.8365664992630006,0.14186030626296997,8.28125,3.162707
334,Which Eastenders actor has played the policeman Nick Rowan on TV?,Martin Kemp,0, TV,6007,0,3,0.046836015469061874,0.9294337630271912,0.04868723440788392,21.288610458374023,0.2157948794447342,0.12888485193252563,3.720703125,5.681663
335,"What type of animal was Boris, the subject of a song by The Who?",Aardvark,0, Who,10699,0,4,0.08341909930139721,0.9150000810623169,0.042182630675330124,21.409971237182617,0.36943872580972226,0.1296926587820053,2.08203125,6.0278378
336,Which brand of beer does Homer Simpson drink regularly?,Bud Light,0, regularly,15870,0,10,0.12373690119760479,0.9381445050239563,0.12285476917585392,23.625917434692383,0.6887690229898542,0.12662626802921295,5.77734375,4.9942646
337,From which animal does Haggis come?,Cow,0, come,2586,0,5,0.020162799401197605,0.9757429361343384,0.021629829640291476,22.88585090637207,0.16098880910110136,0.1152159795165062,1.0654296875,4.74428
338,"In which country was Marie Curie born? Poland, Austria or Switzerland?",Poland,1, Switzerland,30221,0,12,0.2356303018962076,0.9165717363357544,0.21494954662815102,23.395965576171875,0.9139140176082128,0.15976974368095398,4.859375,2.2497325
339,"What is the most common blood type in humans? A, B or O?",A,0, O,507,0,2,0.003953031437125749,0.8888506889343262,0.2906740903845706,23.194286346435547,0.7558595418004228,0.1723424345254898,0.869140625,1.4934877
340,Which P is the correct technical term for the art of making and displaying fireworks?,Pyrotechnics,1, fireworks,52933,0,10,0.4127136352295409,0.9841955900192261,0.14168436418754782,20.781007766723633,-0.020181381379803298,0.12965504825115204,10.046875,5.981491
341,Which King did Guy Fawkes attempt to kill with his gunpowder plot?,James I,1, plot,7234,0,5,0.056402819361277445,1.0319643020629883,0.13207350669799478,22.786945343017578,0.5319454554183385,0.13202545046806335,2.06640625,2.8667023
342,In which film was the song White Christmas first sung?,White Christmas was first sung in the 1942 film Holiday Inn. The,1, sung,40439,0,5,0.3152990893213573,1.0037990808486938,-0.03284774838947868,23.662940979003906,0.5451115047947495,0.12795482575893402,3.26171875,4.6249022
343,Which Pop Idol had a number one hit in 2004 called All This Time?,1. 2. 3. 4. 5.,0, Time,4212,0,5,0.032840568862275446,0.8682758808135986,-0.0026648011050363074,24.267114639282227,1.0867459629186174,0.13153806328773499,0.024139404296875,5.8279476
344,"Which Channel 4 TV show's presenters included Mark Lamarr, Amanda De Cadenet and Terry Christian?",The Fast Show,0, Christian,9052,0,10,0.07057759481037924,0.958757221698761,0.016329368596458504,23.330230712890625,0.3954112143310393,0.0861601009964943,2.037109375,5.834044
345,What is the name of the device made of wood and horsehair that is used to play a violin?,violin,0, violin,63137,0,7,0.49227326596806387,0.9018278121948242,0.1436126510730822,19.488353729248047,0.14484880339866946,0.12763187289237976,3.748046875,3.4769042
346,What colour is the bottom stripe on the U.S. flag?,White,0, flag,5292,0,5,0.04126122754491018,1.0784462690353394,0.12427851282141411,20.565832138061523,0.1022745134497618,0.1405962109565735,0.9150390625,3.4494324
347,What is the name given to the largest bee in a hive?,The largest bee in a hive is the queen bee. The queen bee is,1, hive,66607,0,5,0.5193285304391217,0.9899863004684448,0.17348095305130107,21.186704635620117,0.6677369045864014,0.11835811287164688,1.9443359375,4.006304
348,Who won the Ladies singles title at Wimbledon in 2004?,Maria Sharapova,1,4,19,1,1,0.00014814121756487027,0.8202570676803589,0.09403713508349476,22.472862243652344,0.7877154831696296,0.09937366098165512,2.486328125,4.40815
349,What is the alcoholic ingredient of Irish coffee?,"Irish coffee is a coffee-based cocktail that is made with Irish whiskey, sugar",1, coffee,11033,0,7,0.08602326596806387,0.9462457299232483,0.06617283289017939,19.535242080688477,0.6237322403440744,0.15228615701198578,3.12109375,3.5994413
350,In which year did St George die?,1797,0, die,2815,0,4,0.021948290918163672,0.9716500639915466,-0.11759413089029991,20.630775451660156,0.46205716307210754,0.12591199576854706,12.8828125,2.037379
351,What are the names of the Four Horseman of the Apocalypse?,The Four Horsemen of the Apocalypse are the four horsemen of the Apocalypse,0, Apocalypse,80297,0,11,0.6260681761477046,1.0411831140518188,0.6529654721054245,22.010120391845703,0.1455827994799268,0.10613445937633514,0.08172607421875,4.0142426
352,Who is the Vice-President for George W Bush?,Dick Cheney,1, Bush,14409,0,5,0.11234562125748503,0.9927894473075867,-0.16404865541424662,22.078378677368164,0.25742366380164405,0.13331608474254608,1.5615234375,4.6911674
353,"Which film sees Clint Eastwood, Tommy Lee Jones, James Garner and Donald Sutherland as retired astronauts?",Apollo 13,0, astronauts,69522,0,11,0.5420565119760479,0.9707527756690979,0.3939141963143431,23.804473876953125,0.3064228688710098,0.11170622706413269,6.54296875,3.1886318
354,"In a standard deck of cards, how many Kings have a moustache?",1,0,ache,1815,1,4,0.014151384730538922,1.1509463787078857,-0.004780121012811556,20.009807586669922,0.10346752697883632,0.0681777372956276,0.010528564453125,2.9030466
355,"According to the film Gremlins, if you are looking after a Gremlin you should not feed him after midnight, not get him wet and not expose him to what?",A,0, what,1148,0,5,0.008950848303393214,0.8827999830245972,-0.18861734985645695,20.413074493408203,0.22129197282151614,0.10770424455404282,7.82421875,3.241456
356,The Canary Islands are named after what animal?,Canaries,0, animal,10065,0,7,0.07847586077844311,0.9987420439720154,0.04443952511100857,19.848825454711914,0.1789745405473293,0.10541181266307831,3.759765625,4.5109515
357,In which capital city would you find Charles Bridge and Wenceslas Square?,Prague,1, Square,15992,0,7,0.12468812375249501,1.0369269847869873,0.07485118274081559,22.438737869262695,0.05359127263165453,0.11014015972614288,0.1453857421875,0.54860264
358,What was the surname of the woman who was the inspiration behind the Rolling Stones song Angie?,The Rolling Stones song Angie was inspired by the life of a woman named Angie,0, Angie,100029,0,6,0.7799167290419161,0.9567976593971252,0.543058222452601,19.889867782592773,1.0313514382130853,0.14775075018405914,7.36328125,6.535972
359,What is the final event in a decathlon?,The decathlon is the final event in the decathlon.,0,athlon,78017,1,6,0.6082912300399201,1.054139256477356,-0.009822507596409569,19.129440307617188,0.24274007150604815,0.08546027541160583,5.5703125,4.267677
360,"Peter Simple, Jack Horner and Ben Nevis have all won which famous sporting event?",The Tour de France,0, event,1567,0,6,0.012217751996007983,0.9870345592498779,-0.07848029589140326,22.340234756469727,0.3466349029986384,0.13702243566513062,1.365234375,4.924824
361,What is the largest city in Turkey?,Istanbul,1, Turkey,17442,0,7,0.1359936377245509,0.8919996619224548,0.20968862702343705,20.38336181640625,0.789025640583028,0.15300913155078888,5.7109375,1.1448333
362,Who bought Chelsea football club for £1 in 1982?,Roman Abramovich,0,2,17,1,1,0.00013254740518962076,0.843667209148407,0.9400767380163781,24.153541564941406,1.00100723548469,0.11879279464483261,0.3056640625,5.661146
363,"In 1998, which director's Oscar acceptance speech included the line I'm king of the world?",Martin Scorsese,0, world,1917,0,6,0.014946669161676647,0.9689311385154724,-0.03564880340075849,23.56073570251465,1.0036687036899758,0.12175120413303375,0.173095703125,5.6745434
364,What nationality was the painter Vincent Van Gogh?,Vincent Van Gogh was a Dutch painter.,1,ogh,65036,1,3,0.5070795908183633,1.1762645244598389,0.18821582047176433,22.56545066833496,0.3832493750442434,0.04019080102443695,0.016693115234375,3.0610895
365,Which film features the characters Sally Albright and Harry Burns?,The film features the characters Sally Albright and Harry Burns.,1, Burns,51016,0,6,0.39776696606786427,1.0583988428115845,0.06139598880561703,23.09036636352539,0.4517369869753538,0.07966785132884979,8.296875,6.1995015
366,Which act won the Eurovision Song Contest for the United Kingdom singing Love Shine A Light?,The United Kingdom,0, Light,8828,0,6,0.0688310878243513,0.9906021952629089,-0.053906716663950416,23.675813674926758,0.44664100499299986,0.09558425843715668,0.0207366943359375,5.7369933
367,Which English word comes from an old French word meaning sour wine?,vin,0, wine,13378,0,5,0.10430701097804392,0.9174166321754456,0.07630611791685071,20.430252075195312,0.49244567820619123,0.17791756987571716,1.7138671875,6.6642346
368,"Which team beat American Samoa 31-0 in a qualifying match for the 2002 World Cup, but still failed to qualify?",American Samoa,0, qualify,26456,0,8,0.2062749500998004,1.0099025964736938,0.15635153423228365,25.794668197631836,0.3558864981133616,0.11442270129919052,0.4990234375,4.9359503
369,What was the name of Roland Rat's gerbil friend?,Rats,0, friend,4333,0,7,0.03378399451097804,0.9779136776924133,0.17508236655909393,24.78730010986328,0.49763700405148725,0.1125720888376236,5.484375,7.196939
370,Which animal has the longest gestation period at around 22 months?,Human,0, months,4038,0,7,0.03148390718562874,0.9641632437705994,-0.1595293155845332,25.452693939208984,0.3939232246609081,0.13919129967689514,2.671875,5.5080132
371,What name is given to the home of a beaver?,burrow,0,aver,7403,1,4,0.057720496506986026,1.158750295639038,0.05050457871287639,19.786178588867188,0.27708341110262014,0.03139461576938629,0.328369140625,4.132435
372,What name is given to a baby marsupial?,A baby marsupial is called a kangaroo.,0,ial,532,1,3,0.004147954091816368,1.1145437955856323,0.03622000303220885,20.398700714111328,-0.08878894872361176,0.06520020961761475,0.0240478515625,5.112692
373,Who dated actress Elizabeth Hurley between 2000 and 2001 and denied he was the father of her son born in 2002 before a DNA test proved otherwise?,David Banda,0, otherwise,6062,0,10,0.047264845309381236,1.1791194677352905,-0.04726255428649928,22.861486434936523,1.1227152560671163,0.10091404616832733,2.251953125,5.9099116
374,What type of animal is the star of the 2005 film Racing Stripes?,horse,0,ipes,9100,1,4,0.07095184630738523,1.1959505081176758,0.2274451704655598,20.02007293701172,0.5738940040253109,0.027064550668001175,0.5908203125,4.888718
375,Author Dick Francis is famous for writing novels based around which sport?,Horse racing,1, sport,10775,0,6,0.08401166417165669,1.0285648107528687,0.3372827865599084,21.605497360229492,0.42385869458631165,0.15434779226779938,1.1943359375,4.9139094
376,Which Scottish newspaper features the Broons and Oor Wullie?,The Scotsman,0,ie,648,1,2,0.005052395209580838,1.0409342050552368,0.0033279073585776864,20.916044235229492,0.11614603455651862,0.0777750313282013,0.038055419921875,1.3806103
377,Which famous book features the character of Bob Cratchit?,A Christmas Carol,1,it,275,1,2,0.0021441492015968062,1.0106981992721558,-0.06190346259321933,20.27393341064453,0.47775865773062476,0.07428295165300369,0.1361083984375,1.9886115
378,Which act has had more Christmas number one singles than any other?,The Beatles,1, other,1023,0,6,0.00797623502994012,1.0091586112976074,0.15132016057938102,24.613245010375977,0.7511968036323649,0.1530892699956894,0.020477294921875,5.368378
379,Which Christmas song includes the line It seems so long since I could say 'sister Susie sitting on a thistle'?,'The Christmas Song' by Nat King Cole,0,istle,29400,1,5,0.22922904191616766,1.1434988975524902,0.04623540326107012,22.258729934692383,0.32190551445707705,0.03342088684439659,0.603515625,5.558254
380,Which British footballer has the most number of International caps?,David Beckham,0, caps,19079,0,5,0.1487571731536926,1.085283875465393,0.014630792561972417,21.758516311645508,0.26413963632663595,0.08157198876142502,1.0478515625,5.102726
381,Who holds a trumpet on the album cover of Sgt. Pepper's Lonely Hearts Club Band by The Beatles?,George Harrison,0, Beatles,55957,0,8,0.4362914795409182,0.9553746581077576,0.2975534574991525,22.973533630371094,0.9879042509248404,0.10954339802265167,0.00629425048828125,3.7087886
382,Which song begins with the line The taxman's taken all my dough?,"""Taxman"" by The Beatles",0, dough,31452,0,6,0.24522829341317365,0.9496110677719116,-0.08127717331473949,22.0694637298584,0.6874465348201593,0.10344938188791275,3.607421875,4.916123
383,The Kray twins were convicted of the murder of George Cornell in the East End of London in 1966. What was the name of the pub in which he was shot?,The Kray twins were convicted of the murder of George Cornell in the East,0, shot,6689,0,5,0.05215350548902196,1.0668786764144897,-0.11719394441128594,23.323848724365234,0.17273460697526488,0.13154271245002747,3.220703125,2.94057
384,Who composed the musical theme for the Pink Panther?,Henry Mancini,1, Panther,59612,0,8,0.46478917165668665,1.0114786624908447,-0.07248512637613969,20.13089370727539,0.13723073205203784,0.060104724019765854,0.054595947265625,4.2274246
385,"Who was the cartoon adversary of Pixie and Dixie, who would often say I hate those meeces to pieces?",The Wicked Witch of the West,0, pieces,9863,0,7,0.07690088572854291,1.054685354232788,0.053582260117357006,24.41075325012207,0.6964638036646451,0.14276033639907837,10.40625,6.69457
386,Which actress married Dennis Quaid on Valentine's Day in 1991?,Julia Roberts,0,1,16,1,1,0.000124750499001996,0.8688384890556335,1.0139215229516285,24.79023551940918,0.6991599181615618,0.11287990212440491,2.328125,5.4749455
387,"During Margaret Thatcher's years as Prime Minister, there were three Chancellors of the Exchequer. Geoffrey Howe and Nigel Lawson were two, but who was the other one?",John Major,1, one,832,0,4,0.006487025948103792,0.9088120460510254,-0.22106820883124811,24.77278709411621,0.46386647776860457,0.1586116999387741,1.8818359375,4.8548203
388,Buddy Holly and the Big Bopper were two of the three musicians who died in a plane crash in February 1959. Who was the other one?,Ritchie Valens,1, one,832,0,4,0.006487025948103792,0.9088120460510254,-0.22106820883124811,23.58152961730957,0.7707748522133269,0.14810192584991455,1.8125,3.864808
389,"Fruit, cricket and horseshoe are varieties of what type of animal?",insect,0, animal,10065,0,7,0.07847586077844311,0.9987420439720154,0.04443952511100857,19.73598289489746,0.203695916338531,0.11174669861793518,4.16796875,4.8350406
390,"Apart from being warm blooded and giving birth to live young, what do mammals produce to differentiate them from other families of animals?",milk,1, animals,10099,0,8,0.07874095558882235,0.9516980051994324,-0.06227178361889596,22.454002380371094,0.32357868061761597,0.14010794460773468,1.3310546875,5.0196843
391,To which poet does Il Postino deliver mail?,C,0, mail,8232,0,5,0.06418413173652694,1.0363492965698242,0.02808740664806786,21.571517944335938,0.2413976874976873,0.11818322539329529,6.41796875,4.7007446
392,"Which scientist was Time magazine's ""Person of the 20th Century""?",Albert Einstein,1, Century,28200,0,8,0.21987275449101795,1.0080913305282593,0.027410993354279878,21.500831604003906,0.6991527549874141,0.1067081019282341,0.161376953125,3.8893907
393,What was the nickname given to premiership footballer Neil Ruddock?,The Bull,0,ock,1197,1,3,0.009332896706586826,1.1510095596313477,-0.048738026292177494,23.383094787597656,0.5209854282489674,0.054479483515024185,0.0021419525146484375,6.975035
394,The Ducati is manufactured in which city and what country?,"Italy, Italy",0, country,3224,0,8,0.025137225548902197,1.0096276998519897,0.004770810178766904,22.3328800201416,0.6190219920348308,0.1509062498807907,4.3046875,5.414726
395,Wayne Rooney signed for Manchester United from which other Premiership Club?,Manchester City,0, Club,10349,0,5,0.08069018213572854,1.0157853364944458,-0.10456358905684127,22.7159366607666,0.5457492187297674,0.10617848485708237,4.296875,3.2268178
396,The Yalu river forms a sort of natural border between China and which of its neighbours?,Korea,0, neighbours,36956,0,11,0.2881424650698603,1.1103109121322632,0.07902273999665432,22.2166805267334,0.45503450362270614,0.10507884621620178,1.3876953125,3.5003119
397,Which stand-up comedian presents 8 Out Of 10 Cats and Distraction?,8 Out Of 10 Cats,0,raction,16597,1,7,0.129405251996008,1.107735514640808,-0.0008995867859464823,18.117822647094727,0.13174384009037254,-0.018572911620140076,0.6435546875,4.8371663
398,"Name the game show, presented by Leslie Grantham and Melinda Messenger, where contestants were set physical and mental challenges?",The Million Pound Drop,0, challenges,11774,0,11,0.09180077345309381,0.9731562733650208,-0.014635459495628389,24.77468490600586,0.02239711117873755,0.12827937304973602,0.2783203125,5.9166236
399,Who presented Family Fortunes in the two years between Bob Monkhouse and Les Dennis?,Les Dennis,0, Dennis,35727,0,7,0.27856006736526945,0.9297471642494202,0.36137109297609005,21.705875396728516,0.35733978890192075,0.08946701139211655,2.076171875,4.6709137
400,For what did Einstien gat Nobel prize in Physics?,For his work on the theory of relativity.,0, Physics,28415,0,8,0.22154908932135728,0.9808825254440308,0.21696979080861656,23.016632080078125,0.3533358845413681,0.10728215426206589,1.666015625,3.3225994
401,Which planet has moons named after Shakespearean characters?,"Jupiter has the moons Ganymede, Callisto, and Io named after",0, characters,5885,0,11,0.045884792914171656,0.9966341853141785,0.3331968738577702,22.594961166381836,1.0145772994404956,0.1270836740732193,0.1488037109375,4.156271
402,"Who was part man, part machine, all cop and hailed from a futuristic Detroit?",The Terminator.,0, Detroit,20344,0,8,0.15862025948103792,0.9097013473510742,0.1169580176693863,22.015405654907227,0.3968833708507513,0.15303345024585724,5.2109375,5.8389874
403,Who dubbed Miss Piggy's singing voice in The Muppet Movie?,Jim Henson,0, Movie,14270,0,6,0.11126185129740519,0.9511618614196777,0.18482746224606927,23.007909774780273,1.356998344248498,0.15103891491889954,2.1796875,5.399367
404,"Who wrote the Bourne trilogy of books, made into movies starring Matt Damon?",Tom Clancy,0, Damon,73349,0,6,0.5718952719560878,1.0028817653656006,-0.04382627346678358,22.115766525268555,0.6700952427036078,0.1177537739276886,0.0022144317626953125,3.8454168
405,"The Bible tells of 3 wise men visiting Jesus after his birth, but in which of the Gospels does this appear?",Matthew 2:1-12,1, appear,5101,0,7,0.03977201846307385,0.9525378346443176,0.04642395051736514,23.215808868408203,0.5262312445869486,0.11954198032617569,1.8388671875,1.4615575
406,"Athos and Porthos are two of the 3 musketeers, name the other one.",The other one is D'Artagnan.,0, one,832,0,4,0.006487025948103792,0.9088120460510254,-0.22106820883124811,23.192764282226562,0.3399104458726345,0.14859233796596527,1.8154296875,5.4230275
407,What is the name of the small fifth claw called on the side of a dog's foot ?,dewclaw,1, foot,4579,0,5,0.03570203343313373,1.0951205492019653,0.13984913484758055,21.918676376342773,0.22218076602248926,0.12498559057712555,2.30859375,5.1963573
408,What is the name of the plastic bit on the end of shoelaces?,The name of the plastic bit on the end of shoelaces is a,0,aces,2492,1,4,0.019429890219560878,1.1574651002883911,-0.07078135275280584,22.755916595458984,0.2647146702998664,0.04762637987732887,0.1385498046875,5.2620645
409,The river Danube flows into which sea?,Black Sea,1, sea,9581,0,4,0.07470215818363274,0.9901720285415649,0.0672188211811302,20.878589630126953,0.23961635415051585,0.12594610452651978,0.61328125,2.0208805
410,Anna Nicole Smith was controversially married to which oil billionaire?,J. Howard Marshall,1, billionaire,47794,0,12,0.37264533433133734,0.9675930142402649,0.4914449048392959,22.36992073059082,0.4234318986620087,0.14517657458782196,2.4765625,4.396411
411,Wayne Rooney scored his first senior goal against which club?,Manchester United,0, club,6469,0,5,0.05043818612774451,1.042900562286377,-0.06504889007624914,22.701623916625977,0.26650783789891497,0.11197102814912796,2.3671875,4.1466184
412,How meny times have Liverpool won the Europion Cup?,3 times,0, Cup,11098,0,4,0.08653006487025948,1.023089051246643,-0.10796936535207591,23.250852584838867,0.6146721790605985,0.1286134272813797,0.2294921875,2.985491
413,The Sign Of Four was a detective story written by which author?,Agatha Christie,0, author,3229,0,7,0.02517621007984032,0.9967762231826782,-0.20625470269621937,22.678783416748047,0.4644994877327995,0.1345026195049286,1.9736328125,4.030857
414,Who was the author of 'The Old Curiosity Shop'?,Charles Dickens,1, Shop,14355,0,5,0.1119245883233533,0.9936438798904419,-0.1563412555325967,24.17926025390625,1.4648530418020238,0.09456371515989304,0.085693359375,1.0547874
415,In which sport or pastime can you see nose walking?,Baseball,0, walking,11689,0,8,0.09113803642714571,0.9975055456161499,0.03011974395536976,22.628389358520508,0.12912064201103046,0.11125046014785767,8.71875,5.900677
416,What sport or pastime would you be playing if your balls were black and blue and your opponent's were red and yellow?,Tennis,0, yellow,14071,0,7,0.10971026696606787,0.9292427897453308,0.01447529864823327,22.354354858398438,0.6416012007583265,0.1355210542678833,2.5546875,5.067251
417,The age of the railway began in which year with the introduction of the Liverpool-Manchester line?,1830,1, line,1584,0,5,0.012350299401197605,1.0137683153152466,-0.024806080579182765,25.391071319580078,0.4295177062503055,0.12966695427894592,1.5341796875,0.22450949
418,Who played Frankenstein in the 1994 film of the same name?,Anthony Hopkins,0, name,836,0,5,0.006518213572854291,0.9634898900985718,-0.05666585493644005,23.0258731842041,0.849967304837906,0.09986832737922668,0.052093505859375,5.4044547
419,Who was the first person to sell one million records?,Elvis Presley,0, records,7576,0,8,0.05906936127744511,1.0204370021820068,0.09434563669133711,21.893268585205078,0.38357536356225763,0.13810059428215027,6.44140625,3.8207903
420,"In Greek mythology, where do righteous souls go after death?","The souls of the righteous go to the Greek island of Elysium,",0, death,4648,0,6,0.03624001996007984,0.9835874438285828,0.1007358079171774,20.717193603515625,0.8725465273629225,0.12926799058914185,0.290283203125,4.870005
421,What is the scientific name given to tea?,Camellia sinensis,1, tea,15600,0,4,0.1216317365269461,0.9686110019683838,-0.05875144259462228,18.47800064086914,0.5664960218426196,0.11477804183959961,9.515625,1.9876642
422,"In the 1999 film Stuart Little, who plays the part of Mrs Eleanor Little?",Mrs Eleanor Little is played by actress Anne Bancroft.,0, Little,15013,0,7,0.11705495259481039,1.0336962938308716,-0.00690214772469977,22.823427200317383,0.44250876344248,0.13746587932109833,0.8740234375,5.4175043
423,Suger Mice was a 1987 single for which British rock band?,The Cure,0, band,7200,0,5,0.0561377245508982,1.0816105604171753,0.10506613155388367,21.94729232788086,0.47409785392906745,0.12087570130825043,0.399658203125,5.1287684
424,In which decade were ZIP codes introduced in the USA?,1980,0, USA,7427,0,4,0.057907622255489025,0.9613484144210815,0.14560757177874795,21.650590896606445,0.6371131957768563,0.1409216821193695,1.935546875,3.544533
425,What are the shape-shifting foxes of the Japanese folklore?,"The Japanese foxes are called kitsune, and they are said to be",1, folklore,98969,0,9,0.771652008483034,0.9799118638038635,0.4410348615561186,20.84661102294922,0.010884991656972876,0.12350922077894211,4.8125,5.336558
426,In Greek mythology who was the twin of Polydeuces?,Hecate,0,uces,63371,1,4,0.49409774201596807,1.1384557485580444,0.00868324114912733,22.761043548583984,0.7417104969103945,0.04072173312306404,0.153564453125,5.860564
427,Which film features the Dawes Tomes Mousley Grubbs Fidelity Fiduciary Bank?,1. Dawes Tomes Mousley Grubbs Fidelity,0, Bank,8715,0,5,0.0679500374251497,0.9899435639381409,-0.11332972866509339,22.780649185180664,1.7716063941738538,0.11855065822601318,8.2265625,4.8228025
428,What is Robin Williams character called in Good Morning Vietnam?,"The character is called ""The Colonel"" in the movie.",0, Vietnam,23315,0,8,0.18178486776447106,0.8793426156044006,0.07366063928317867,20.72842788696289,1.4614621096618245,0.15292485058307648,1.470703125,6.538041
429,Who plays Cruella de Vil in the 1996 live action version of 101 Dalmations?,Glenn Close,1,ations,811,1,6,0.006323290918163672,1.0129340887069702,0.10667410448944414,21.853412628173828,0.945147617714277,0.05082354322075844,1.8046875,6.0844855
430,Who stars in the 2008 movie Seven Pounds?,Will Smith,1,ounds,3171,1,5,0.024723989520958084,1.158613920211792,0.0704075438340146,19.858905792236328,0.7482058239463143,0.023372281342744827,0.024658203125,3.6219876
431,Marilyn Monroe starred in the Seven Year Itch. Who directed it?,John Huston,0, it,433,0,3,0.003376060379241517,0.805345356464386,-0.3990333236130783,24.826622009277344,0.9034363019283065,0.17209114134311676,1.1494140625,3.0980785
432,On Red Nose Day 2001 who won Celebrity Big Brother?,Who won Celebrity Big Brother 2001?,0, Brother,27445,0,8,0.21398609031936128,1.0031427145004272,0.2188813496358284,22.937158584594727,0.2497670674279644,0.06943979859352112,0.1356201171875,6.6707397
433,What is the name of the London Underground station in EastEnders?,The name of the London Underground station in EastEnders is Albert Square.,0,ers,388,1,3,0.0030251996007984033,1.0526186227798462,0.022944388614659417,21.769115447998047,0.4008171974578292,0.06866025179624557,0.033935546875,5.594461
434,How many runs did Donald Bradman score in his last ever test match innings?,199 runs,0, innings,36100,0,8,0.2814683133732535,1.0585224628448486,-0.037125316600505,23.427186965942383,0.4979977032861931,0.128956601023674,6.7890625,1.3067789
435,"Nicknamed the cannibal, who is the only rider to have won all three jerseys in the same year in the Tour de France?",Lance Armstrong,0, France,9822,0,7,0.0765812125748503,0.8894625902175903,0.0913516538382968,21.64010238647461,0.6895482304134113,0.11139149963855743,0.005126953125,4.9855733
436,Whose arch nemisis is the Red Skull?,The Red Skull,0, Skull,61891,0,6,0.48255832085828343,1.0365365743637085,0.14237321715219142,20.68675422668457,0.2264575536775184,0.10940518975257874,11.5078125,4.7178283
437,By what name is comic book villain Oswald Chesterfield Cobblepot better known?,The Penguin,1, known,3967,0,6,0.030930326846307386,0.9757817387580872,-0.11893794072891462,22.670696258544922,0.924180537543311,0.17288798093795776,0.042266845703125,3.3671434
438,"First appearing on TV in 1967, which detective solved all of his crimes sitting down?",Columbo,0, down,1523,0,5,0.011874688123752496,0.9876552820205688,-0.130992670278828,22.32484245300293,0.2541710305554594,0.11951761692762375,3.3984375,4.0539784
439,How many times was Wyatt Earp shot?,3 times,0, shot,6689,0,5,0.05215350548902196,1.0668786764144897,-0.11719394441128594,23.75982093811035,0.22633354054479415,0.12497895210981369,1.4365234375,3.7706501
440,Which famous cowboy was created by George W. Trendle?,Gene Autry,0,le,273,1,2,0.0021285553892215568,1.0569039583206177,0.010471792572421368,24.310882568359375,0.3514989803266846,0.10364445298910141,0.455810546875,5.3302226
441,"The pub with the longest name in the UK has how many letters in it? 55, 75 or 95?",55,1,95,2721,1,2,0.021215381736526946,0.9244917631149292,-0.23232429497338192,24.23492431640625,1.0968004260345348,0.06793619692325592,3.2890625,0.96807945
442,Which movie starred Michael Caine as a murderous transvestite psychiatrist?,The Italian Job,0, psychiatrist,73969,0,13,0.5767293537924152,0.9647240042686462,0.3624662538957524,21.89929962158203,0.4373924935714433,0.11717246472835541,7.20703125,5.1030674
443,"In 1961, who famously scored six goals in a match but still ended up on the losing team in a FA Cup tie?",Jimmy Greaves,0, tie,18623,0,4,0.14520178393213573,1.0582085847854614,0.18227758859231669,23.25173568725586,0.5631600877165823,0.10218076407909393,1.4052734375,5.282292
444,Which economist wrote The Wealth Of Nations?,Adam Smith,1, Nations,19687,0,8,0.15349769211576847,1.050987958908081,0.12933533150039933,23.345808029174805,0.23454972623750248,0.049616992473602295,0.0347900390625,1.0095763
445,Macbeth belonged to which royal house or dynasty?,Macbeth belonged to the royal house of Saxon.,0, dynasty,67946,0,8,0.5297685878243513,1.005740761756897,0.3345669508361855,21.97657012939453,0.15289594238389137,0.10972704738378525,0.79638671875,2.8856337
446,"Was James II known as: James The Bald, Fiery Face, or The Red King?",James The Red King,0, King,6342,0,5,0.04944797904191617,0.9715869426727295,-0.035310099458553346,22.67620086669922,1.3267865021546257,0.16397705674171448,1.6328125,2.0895047
447,"In Harry Potter And The Goblet Of Fire, which dragon did Harry have to defeat?",The dragon that Harry had to defeat was the Phoenix.,0, defeat,18506,0,7,0.14428954590818363,1.0068755149841309,-0.04642266249460203,23.52337074279785,0.48734909812965865,0.1120835468173027,1.3349609375,5.774826
448,What is the full name of the train robber played by Phil Collins in a 1988 movie?,The Great Train Robbery,0, movie,5818,0,6,0.0453624001996008,0.9109929800033569,0.06529540318273286,21.135183334350586,0.9203528353831607,0.14850233495235443,1.8408203125,4.6431727
449,Tony Hadley was the lead singer with which 1980s new romantic band?,Spandau Ballet,1, band,7200,0,5,0.0561377245508982,1.0816105604171753,0.10506613155388367,19.729211807250977,0.7080683061158957,0.12285856157541275,0.7236328125,3.9740863
450,What was the surname of the butler played by Gordon Jackson in Upstairs Downstairs?,JAGGER,0,stairs,31234,1,6,0.24352856786427146,1.139836311340332,0.34148651244918726,21.828699111938477,1.2598940376538756,0.068156898021698,0.00016438961029052734,6.6353803
451,Which Jackson appeared in Celebrity Big Brother in January 2009?,1. 2. 3. 4. 5.,0,9,24,1,1,0.00018712574850299402,0.8307907581329346,-0.14393617533854064,23.72848892211914,0.4517763464559925,0.10204990208148956,2.693359375,7.014599
452,Who was the seventh president of the United States?,James Madison,0, States,4273,0,7,0.03331618013972056,1.0423922538757324,-0.17979259273542825,23.908445358276367,0.5412504615147262,0.10297609865665436,0.058380126953125,3.660692
453,"In which country are the Angel Falls, the highest waterfall in the world?",Venezuela,1, world,1917,0,6,0.014946669161676647,0.9689311385154724,-0.03564880340075849,23.793188095092773,0.15482074657619993,0.13345123827457428,0.0309906005859375,1.33957
454,"The 1955 comedy movie We're No Angels centred on three escaped convicts. Peter Ustinov and Aldo Ray were two, but who played the third?","The third escaped convict was played by the great British actor, John Giel",0, third,4948,0,6,0.03857909181636727,0.9745047092437744,0.005757107084555457,24.169729232788086,0.6392480940517795,0.12284347414970398,0.259765625,6.3060226
455,Who played King Arthur in the 1967 musical film Camelot?,Richard Burton,0,ot,354,1,2,0.0027601047904191617,1.0492029190063477,-0.061827069432349724,22.09486198425293,0.9568627686495792,0.07214633375406265,0.001007080078125,4.7112193
456,Which country grows the largest number of mangoes?,India,1,es,288,1,2,0.002245508982035928,1.0500627756118774,0.3844516465953025,25.553955078125,0.13805347324683304,0.09639257937669754,0.50634765625,2.1562145
457,Ecuador has a border with Peru and which other country ?,Chile,0, country,3224,0,8,0.025137225548902197,1.0096276998519897,0.004770810178766904,23.33822250366211,0.3070465618687037,0.11833225190639496,0.497314453125,3.7292051
458,"In 2009, who was convicted of the murder of Lana Clarkson?",OJ Simpson,0, Clarkson,94294,0,9,0.7352014720558883,1.063592791557312,0.11067534952554992,20.421775817871094,0.5567093061337749,0.0540984645485878,3.638671875,3.8088822
459,"The left side of the heart pumps blood to all parts of the body, but the right side pumps blood to which organ in particular?",the lungs,1, particular,4040,0,11,0.03149950099800399,1.035193920135498,0.11782581069030718,21.13277244567871,0.47365376700588735,0.13276919722557068,3.490234375,3.2395048
460,Which cartoon character lives in a pineapple under the sea?,SpongeBob SquarePants,1, sea,9581,0,4,0.07470215818363274,0.9901720285415649,0.0672188211811302,22.04792022705078,0.8630914988637315,0.12559618055820465,0.0057830810546875,5.101793
461,"Which serial killer hanged himself in Wakefield Prison in January 2004, four years after being found guilty of 15 murders?",Ian Brady,0, murders,43086,0,8,0.3359375,0.9844122529029846,0.5384687100468866,23.43044090270996,0.6080237415716612,0.11388438194990158,0.1829833984375,4.946415
462,What public school did the Duke of Edinburgh and Prince Charles attend?,The Duke of Edinburgh and Prince Charles attended the Royal Grammar School in Newcastle upon,0, attend,9604,0,7,0.0748814870259481,1.0376687049865723,0.0300688885055318,23.922683715820312,0.5006888641510385,0.11576241254806519,0.62939453125,5.2186313
463,"If it was Phil Mickelson in 2006, Zach Johnson in 2007, and Trevor Immelman in 2008, who was it in 2009?",Zach Johnson,0,9,24,1,1,0.00018712574850299402,0.8307907581329346,-0.14393617533854064,23.640291213989258,0.8820492241822047,0.11208724975585938,0.0205841064453125,4.183655
464,Red Stripe lager comes from which country?,Germany,0, country,3224,0,8,0.025137225548902197,1.0096276998519897,0.004770810178766904,21.94053077697754,0.38543315554050883,0.14553332328796387,0.34716796875,4.136212
465,Which architect was known as the Wizard of the Dome?,Albert Einstein,0, Dome,69545,0,5,0.5422358408183633,1.0806515216827393,0.01829205830447167,21.288339614868164,0.5130290925136705,0.1177804246544838,9.4765625,6.028941
466,What is the name of the Salvador Dali painting that shows clocks oozing over a landscape?,The Persistence of Memory,1, landscape,18921,0,10,0.1475252619760479,0.9702510237693787,-0.17276628232303137,22.18280601501465,0.20545653659826835,0.14542995393276215,3.673828125,4.895689
467,In what year did Edward Vlll abdicate?,1483,0,icate,8630,1,5,0.0672873003992016,1.1014155149459839,0.12578891333213127,21.581270217895508,0.1656466668173473,0.045404527336359024,0.037811279296875,2.7480717
468,Which well known couple live at Bagshot Park in Surrey?,Sir John and Lady Evelyn Cavendish,0, Surrey,68064,0,7,0.530688622754491,0.961984395980835,0.12612538716481758,23.349515914916992,0.6962579268227271,0.14546236395835876,1.12109375,6.2866025
469,Which notorious murderer lived at 10 Rillington Place?,John Christie,1, Place,11004,0,6,0.08579715568862276,1.0201090574264526,-0.05540126200167972,22.44070053100586,0.6842930011473141,0.09776763617992401,0.0469970703125,4.265575
470,Who killed Lee harvey Oswald?,"Lee Harvey Oswald was killed by Jack Ruby on November 24, 196",1, Oswald,90450,0,7,0.7052301646706587,1.058477759361267,0.18126127374584655,21.16798210144043,0.5292385075460699,0.09617029875516891,0.7646484375,3.3918452
471,Who killed Robert F Kennedy?,Lee Harvey Oswald,0, Kennedy,24573,0,8,0.191593375748503,0.9542614817619324,0.028653247855160213,22.66462516784668,0.5211602367852874,0.13608816266059875,0.40771484375,4.674035
472,Who killed Jean Paul Marat?,Robespierre,0,at,266,1,2,0.002073977045908184,1.0181374549865723,0.16840964883628695,22.533203125,0.406454730341403,0.09061051905155182,0.045654296875,4.9994984
473,What was the name of the kangaroo often mistaken by Sylvester the cat to be a giant mouse?,The kangaroo,0, mouse,8814,0,6,0.06872193113772455,0.9828497171401978,0.10123397325543104,21.608734130859375,0.39425496779903746,0.14521048963069916,4.64453125,6.9200964
474,Gjetost is the national cheese of which country?,Norway,1, country,3224,0,8,0.025137225548902197,1.0096276998519897,0.004770810178766904,21.31410026550293,0.3246296204640089,0.14070385694503784,0.08795166015625,2.084527
475,A youngberry is a cross between a dewberry and what else?,a blackberry,1, else,775,0,5,0.006042602295409182,1.10601806640625,-0.03223785032423043,18.93663787841797,0.5820826973739606,0.1307574212551117,3.587890625,3.8156235
476,Who is Arthur Wellesley better known as?,Arthur Wellesley,0, as,439,0,3,0.0034228418163672653,0.8558182716369629,-0.18845536439676236,21.25942611694336,0.495208671592565,0.16160456836223602,0.06414794921875,2.761246
477,Which town in East Sussex now stands on the site of the battle of Hastings?,Battle,1, Hastings,79844,0,9,0.6225361776447106,1.0560494661331177,0.13741787402777028,20.9555721282959,0.513966324166486,0.07704436033964157,0.91552734375,4.348802
478,"Which 1986 Peter Weir movie and based on a Paul Theroux novel starred Harrison Ford, Helen Mirren and River Phoenix?",The Mosquito Coast,1, Phoenix,23503,0,8,0.1832506861277445,0.927078127861023,0.22124261346716834,23.2419376373291,0.7943780793315209,0.0898449569940567,0.004703521728515625,4.4473
479,What is the name of CS Lewis' 7 book fantasy?,The Chronicles of Narnia,1, fantasy,18884,0,8,0.14723677644710578,0.9468722939491272,0.3057453489444124,23.750272750854492,0.11432133987845505,0.1331232488155365,4.8125,3.8663416
480,Name the tv series about FBI agent Don Eppes and his mathematical genius brother Charlie,NUMB3RS,1, Charlie,25972,0,8,0.20250124750499002,0.9384231567382812,-0.06333468754338822,15.397322654724121,0.34905551741982466,0.1103862076997757,3.71875,3.6675453
481,All children except one grow up.,A,0, up,709,0,3,0.0055280064870259485,0.9710317850112915,-0.03625080528852864,21.22947883605957,0.11588104017013778,0.11725364625453949,1.2138671875,2.4265873
482,"Scarlett O'Hara was not beautiful, but men seldom realised it when caught by her charm as the Tarleton twins were",A,0, were,1051,0,5,0.008194548403193613,0.76503986120224,-0.20024358643278095,25.57032012939453,0.43584595636955603,0.16402381658554077,1.8544921875,2.448619
483,Which horse racing jockey was sometimes referred to as the long fellow?,The long fellow,0, fellow,12637,0,7,0.09852950349301397,1.0340008735656738,0.19286065298283983,22.843042373657227,0.4930897350007486,0.08797691762447357,8.4609375,6.668401
484,Who is the patron saint of lost causes?,St. Christopher,0, causes,11384,0,7,0.08875998003992017,0.9659830331802368,0.15192905624141417,21.697660446166992,0.641779038927166,0.09969308227300644,2.0703125,3.6267612
485,True or False: Sharks do not blink?,True,1, blink,34231,0,6,0.26689589570858285,1.0617868900299072,0.28586676053707194,19.542211532592773,0.00826584302991673,0.08418290317058563,9.671875,1.2637013
486,Which `B` was the name of the mechanical shark used in the original `Jaws` film?,B,0, film,4632,0,5,0.03611526946107784,0.9391749501228333,-0.040005387976076445,22.386079788208008,0.5386420257623561,0.13987946510314941,2.193359375,5.7768154
487,"The American legal drama Shark ran from Sept 06 to May 08. Who starred in the title role, playing Sebastian Stark?",Michael Emerson,0, Stark,47849,0,6,0.3730741641716567,1.024557113647461,0.1029774348335537,21.78204345703125,0.5400474419513097,0.10262437164783478,1.4130859375,4.9809203
488,Which Italian fashion designer was shot dead on the steps of his Miami mansion in 1997?,Gianni Versace,1,7,22,1,1,0.00017153193612774452,0.8121345639228821,0.007133065233572822,23.500192642211914,0.9416603073204923,0.10523119568824768,1.5849609375,2.3998544
489,Who was famous for popularising the 'little black dress' in the 1920s?,Coco Chanel,1,s,82,1,1,0.0006393463073852295,1.0884133577346802,4.130575713991249,22.54920768737793,0.5228795764637058,0.11291617900133133,0.2115478515625,2.8096604
490,Who designed Madonna's wedding dress for her marriage to Guy Ritchie?,Giorgio Armani,0,ie,648,1,2,0.005052395209580838,1.0409342050552368,0.0033279073585776864,22.427967071533203,0.5219351768735803,0.09857417643070221,0.0022258758544921875,5.468045
491,"Meryl Streep's character, Miranda, in the 2006 film The Devil Wears Prada was based on the editor-in-chief of which fashion magazine?",Anna Wintour,0, magazine,14756,0,9,0.11505114770459082,0.9696576595306396,0.09099772741897239,20.92356300354004,0.7344364962661247,0.15334074199199677,0.041229248046875,3.8892817
492,"In the TV show Camberwick Green, who lived in Colly's Mill?",Colly,0, Mill,8384,0,5,0.06536926147704591,0.9904497861862183,-0.00292786055012062,22.953001022338867,0.5666717131726551,0.1358473151922226,6.93359375,6.0539856
493,Which part of the human body produces insulin?,pancreas,1, insulin,32152,0,8,0.250686127744511,0.9448530673980713,0.0946237135679393,21.431476593017578,0.2195518224952817,0.14424900710582733,4.95703125,3.4142969
494,Who played Dr. Doug Ross on the TV show E.R.?,George Clooney,1,.R,2056,1,2,0.016030439121756487,0.7774300575256348,0.0825878604303778,25.195293426513672,2.2257504903781715,0.2040831744670868,0.0909423828125,5.4815235
495,Who played the role of Kate Flax in the 1990 film Mermaids?,Kate Flax is played by the late actress Daryl Hannah in the,0,maids,98250,1,5,0.7660460329341318,1.1290518045425415,0.24372472503760445,19.83542823791504,0.9566476331626017,0.05266883596777916,0.319091796875,6.201228
496,Who played the character Mrs. Merton on TV?,"Mrs. Merton was played by the late actress, Joan Rivers. She",0, TV,6007,0,3,0.046836015469061874,0.9294337630271912,0.04868723440788392,19.919286727905273,0.151624347203847,0.11717677116394043,3.419921875,6.33654
497,What nationality was three time Olympic gold medallist in figure skating Sonja Henie?,Norwegian,1,ie,648,1,2,0.005052395209580838,1.0409342050552368,0.0033279073585776864,21.197978973388672,0.530318929029185,0.09422960132360458,0.014495849609375,2.473854
498,At which Winter Olympic host city would you find the Cresta Run?,"Lake Placid, New York",0, Run,6588,0,4,0.05136601796407186,0.9845101833343506,0.014111631315091966,23.4161319732666,0.3971852789068846,0.11362992972135544,0.2064208984375,4.8002343
499,What kind of an animal is a wireworm?,Wireworms are a type of beetle. They are a type of ground,0,worm,56741,1,4,0.442404253992016,1.1282237768173218,0.029864146411532122,19.13060760498047,0.29077815473073354,0.10608479380607605,2.62890625,2.6750524
500,What are the flat treeless plains of Argentina called?,The plains of Argentina are called the Pampas.,1, called,2663,0,7,0.02076316117764471,0.9541770815849304,-0.08801322851512294,19.964649200439453,0.9480157834313543,0.18487587571144104,1.7060546875,3.836279
501,Which Canadian born  actress was the star in the movie Barb Wire?,Pamela Anderson,1, Wire,19940,0,5,0.15547030938123751,1.0550289154052734,0.16920786848795766,22.641908645629883,0.8522078910212025,0.07280609756708145,3.181640625,5.6756616
502,"Which 2004 ""puppet"" movie, made by the makers of South Park, satirises Americas politics and jingoism?","""Team America: World Police""",1,ism,2191,1,3,0.017083021457085828,1.0763412714004517,-0.19018412280417474,23.575576782226562,0.3772200513291639,0.10539564490318298,0.2352294921875,5.5113893
503,"Which river originates in the Taurus Mountains, and flows through Syria and Iraq?",Euphrates,1, Iraq,11340,0,5,0.08841691616766467,0.90013587474823,0.24626381556431953,22.764751434326172,0.23041584284095595,0.11681773513555527,2.263671875,2.4918196
504,"Following success at the 1979 election whose party conference speeech included the lines 'you turn if you want to, the lady's not for turning'?",Conservative Party Conference 1979,0, turning,13353,0,8,0.1041120883233533,0.9772979021072388,0.28967729064120684,27.538732528686523,0.8056762201593548,0.12945957481861115,0.0236663818359375,3.978283
505,"In the run up to the 1997 election, Tony Blair outlined his parties' three priorities for office, can you name them?",1. The economy,0, them,1124,0,5,0.00876372255489022,0.9831506013870239,-0.27710874857660794,25.311933517456055,0.42778077765878963,0.16938932240009308,0.4462890625,4.997513
506,Which snooker player was simply known as 'The Grinder'?,John 'The Grinder' Spencer,0, Grinder,69600,0,8,0.5426646706586826,1.0723515748977661,0.1889607633888688,24.659971237182617,2.0986006694264487,0.10564824193716049,10.0390625,5.3020988
507,Which former West Indian fast bowler was known as 'Whispering Death'?,Curtly Ambrose,0, Death,16290,0,6,0.1270116017964072,0.96962970495224,0.06443243908855001,23.197052001953125,0.8592737209840831,0.11612649261951447,0.88916015625,5.3589053
508,Which Eastenders character had a dog called Willy?,"The character is Alfie Moon, played by Shane Richie. Alfie has",0,ly,398,1,2,0.0031031686626746507,1.1107361316680908,0.1394469092724595,20.78647232055664,1.4623081306448897,0.08302199095487595,1.2958984375,6.316818
509,In which year did the first episode of Minder take place?,1978,0, place,2035,0,6,0.015866704091816366,1.0294102430343628,-0.10052985287988703,23.967634201049805,1.0089202838777336,0.11530053615570068,0.011505126953125,1.6166546
510,What was the name of the cat in Rising Damp?,"The cat in Rising Damp was called ""Bertie"".",0,amp,1141,1,3,0.00889626996007984,1.1450039148330688,-0.030065356220338568,22.77278709411621,0.9157989546624474,0.07198982685804367,0.003971099853515625,6.2553616
511,"Which comedy written by Johnny Speight which first aired in 1965, featured a fervent West Ham supporter?",The Good Life,0, supporter,37563,0,10,0.2928751871257485,0.9647354483604431,0.028270865312924887,25.39657211303711,0.5000573831500534,0.11364932358264923,1.171875,5.8511343
512,"What was the name of the comedy written by Ray Galton, Alan Simpson which aired 57 episodes?",The Likely Lads,0, episodes,18243,0,9,0.14223895958083832,0.9528375267982483,0.1571492589810215,26.060882568359375,0.18394697151138484,0.13530901074409485,2.515625,5.227147
513,Bonar Law is the only Prime Minister not born in the UK. In which country was he born?,India,0, born,9405,0,5,0.07332990269461077,1.0107237100601196,0.008000937144604592,23.895294189453125,0.5780204957138322,0.1382971704006195,0.267333984375,5.1945424
514,Who lives in the Hundred Acre Wood?,The Hundred Acre Wood is the home of the main characters in the Winn,0, Wood,12404,0,5,0.09671282435129741,0.9438737034797668,-0.09786030766304199,22.126361846923828,0.6329064338079977,0.12560954689979553,0.1318359375,4.9823327
515,"If you heard the catchphrase ""They're great"" what would expect to be advertised?",They're great,0, advertised,46841,0,11,0.36521488273453095,1.002042293548584,0.434844127230293,26.496753692626953,0.2969350196106548,0.1257203370332718,9.2109375,6.5931053
516,How many times was Boris Becker runner-up in the Men's Singles at Wimbledon?,3,0, Wimbledon,91257,0,10,0.7115222679640718,0.9558236002922058,0.1786321847638308,21.70923614501953,0.6537521983037378,0.13292166590690613,0.410400390625,2.7204893
517,How many times did Steffi Graf win the Ladies Singles at Wimbledon?,5 times,0, Wimbledon,91257,0,10,0.7115222679640718,0.9558236002922058,0.1786321847638308,22.49334144592285,0.6192944015396309,0.13909806311130524,0.39697265625,2.723101
518,"In which postcode area are the Wimbledon Championships held? SW15, SW17 or SW19?",SW15,1,19,777,1,2,0.006058196107784431,0.8395161628723145,-0.0925571130956584,23.1627254486084,1.595555895928313,0.08922511339187622,0.69580078125,1.3372296
519,Who did Top of the Pops mistakenly portray in a Dexys Midnight Runners song?,The Spice Girls,0, song,5609,0,5,0.04373284680638723,0.957616925239563,0.02332789840571481,23.150775909423828,0.5233703082566947,0.11155104637145996,2.572265625,6.2115526
520,What story introduced the Cybermen?,The Cybermen,0,men,5794,1,3,0.045175274451097806,1.0995546579360962,0.14932803988321597,20.503005981445312,0.1545187641495418,0.060881391167640686,3.884765625,2.799129
521,Who played the tenth Doctor?,David Tennant,1, Doctor,19150,0,7,0.14931075349301398,0.9308198690414429,-0.13314339030746547,20.20647430419922,0.11508962258054556,0.16269271075725555,3.14453125,3.5491755
522,"How many Rings of Power were there, in total?",3 Rings of Power,0, total,2860,0,6,0.022299151696606786,1.0458849668502808,-0.0942573598712042,24.859018325805664,0.9539158342810059,0.15029039978981018,2.978515625,3.885427
523,Which common colour can also be known as heliotrope?,Blue,0,pe,375,1,2,0.0029238398203592815,1.0494751930236816,-0.049745051544600294,18.650226593017578,0.21835437726618467,0.06566435098648071,0.0002815723419189453,5.3193154
524,Which golf shot is the opposite of a slice?,A hook,1, slice,16363,0,6,0.1275807759481038,1.0072613954544067,0.30984414008861805,21.168941497802734,0.23766513282393031,0.1097978726029396,3.01171875,3.9092035
525,Which actress left Eastenders for Hollywood only to flop as The Bionic Woman?,Julia Deakin,0, Woman,25525,0,6,0.19901603043912175,0.9624995589256287,-0.003348444890987956,22.076025009155273,0.6330656324933965,0.0927775502204895,0.03717041015625,6.3065743
526,"In Only Fools And Horses, Rodney Trotter shares his middle name with which London football club?",Arsenal,0, club,6469,0,5,0.05043818612774451,1.042900562286377,-0.06504889007624914,20.663145065307617,0.2270354797204286,0.12956251204013824,0.83935546875,3.6270905
527,"How were Dr Stantz, Dr Spengler and Dr Venkman better known in the 1980's?",They were the members of the Ghostbusters.,1,'s,596,1,2,0.004646956087824351,0.8319942355155945,-0.24448643774381118,23.413875579833984,0.6861902072591111,0.14933344721794128,1.3046875,4.5853777
528,General Charles de Gaulle was French President 1959 to 1969. Who succeeded him?,Valery Giscard d'Estaing,0, him,1461,0,4,0.01139127994011976,0.966181218624115,0.07903434952929356,22.06139373779297,0.0639580572111873,0.12086642533540726,0.18017578125,2.7884731
529,"When Mr Benn was looking for an adventure, what type of shop did he visit?",A bookshop,0, visit,4034,0,6,0.031452719560878244,0.9843366742134094,0.002839700998634065,22.608549118041992,0.33703089286603394,0.12225338071584702,2.294921875,5.9232926
530,"What is the name of the enzyme usually added to milk to coagulate it, to make ""curds and whey""?",Chymosin,0,y,88,1,1,0.0006861277445109781,1.0471338033676147,1.2184947096462846,23.48650550842285,2.0058888471886833,0.10889366269111633,0.00168609619140625,3.8965406
531,Which cheese shares its name with a Guiness Premiership rugby team that play at Welford Road?,Cheddar,0, Road,9728,0,5,0.07584830339321358,0.9771102070808411,0.08034779382924695,23.682292938232422,0.20863512161502307,0.12584896385669708,0.103759765625,4.5524516
532,Where in London were the first escalators installed in 1898?,The first escalators were installed in London in 1898 in the Pic,0,8,23,1,1,0.00017932884231536926,0.8088405728340149,-0.059384417824554614,24.990339279174805,1.0182762994731682,0.11203230917453766,2.46484375,4.8956695
533,"In what year was the first episode of Doctor Who broadcast? 1959, 1963 or 1967?",1963,1,7,22,1,1,0.00017153193612774452,0.8121345639228821,0.007133065233572822,23.228418350219727,1.3886512971785354,0.1445709466934204,1.9716796875,0.72923034
534,What is the name of the company that owned the spaceship Red Dwarf?,Virgin Galactic,0, Dwarf,80830,0,6,0.6302239271457086,1.0235556364059448,0.3456799934576815,19.878555297851562,0.5264671061545361,0.08605475723743439,0.6259765625,4.542674
535,"Which character has been played by Jack Lord, Cec Linder, Rik Van Nutter, Norman Burton, David Hedison, John Terry, David Hedison and Jeffrey Wright?",David Hedison,0, Wright,27839,0,7,0.21705807135728544,0.9888797402381897,0.16708837282076505,24.25480842590332,0.41541636267639115,0.08441359549760818,4.1875,4.559591
536,Name the magician who first introduced us to Basil Brush.,Basil Brush,0, Brush,34088,0,6,0.2657809381237525,1.031948447227478,0.014963415487824872,20.557226181030273,0.0980535522911099,0.07022102177143097,1.9951171875,5.877187
537,Who was the only Prime Minister of Britain to be assassinated?,Sir Winston Churchill,0,inated,15846,1,6,0.1235497754491018,1.055992841720581,0.21926893583884155,22.83018684387207,0.4471126793438356,0.0462736040353775,0.0011310577392578125,4.945136
538,What is the name of the chain of islands in the southwestern Philippines?,The Sulu Archipelago,1, Philippines,26363,0,12,0.2055498378243513,0.9277161359786987,0.33541332701890925,21.74640655517578,-0.0976290441633556,0.11135981231927872,5.546875,4.4428115
539,What was the name of the ferry that capsized after leaving Zeebrugge in 1987,The MV Zeebrugge,0,7,22,1,1,0.00017153193612774452,0.8121345639228821,0.007133065233572822,23.19399070739746,0.7424722579706486,0.08840436488389969,0.0282135009765625,6.6710067
540,The Flying Pickets were a British vocal group who had Christmas no1 hit in 1983. What was the title of the song.,I'll Be Home For Christmas,0, song,5609,0,5,0.04373284680638723,0.957616925239563,0.02332789840571481,24.012609481811523,0.5917067831004723,0.12124310433864594,0.39599609375,5.7101426
541,"In Risk, what colour is Europe?",Green,0, Europe,4606,0,7,0.0359125499001996,0.9584334492683411,0.06959333154027725,23.255531311035156,0.10888757405616767,0.12414264678955078,13.171875,4.0662637
542,Which British band named themselves after a South African football team?,The Clash,0, team,2128,0,5,0.01659181636726547,1.0018277168273926,-0.03379481989635469,23.30074119567871,0.5781901687285917,0.12358389049768448,1.025390625,5.3842306
543,How many female P.Ms have there been?,"1,000,000",1, been,1027,0,5,0.00800742265469062,0.8015872836112976,-0.1659537123010275,23.826528549194336,0.1601506081283004,0.16976116597652435,0.046173095703125,3.1814368
544,"Newspapers come is various sizes, broadsheet being the largest, and tabloid being smaller, but what name is given to the smallest size.",A4,0, size,1404,0,5,0.01094685628742515,1.0024486780166626,-0.11254622685287607,27.42609405517578,0.32658472034851416,0.14908507466316223,1.943359375,5.390321
545,Which wedding anniversary is celebrated with paper,25th,0, paper,5684,0,6,0.044317614770459084,1.0477383136749268,-0.26325936778219505,20.130537033081055,0.4409937387507896,0.07375551760196686,7.5,4.44422
546,"Which American female rap artist, film & television actress release a song called Paper in 1998",Lil Kim,0,8,23,1,1,0.00017932884231536926,0.8088405728340149,-0.059384417824554614,25.350568771362305,0.24635743959812562,0.08540825545787811,1.869140625,5.052803
547,Who won the 2010 Giro D'Italia?,Vincenzo Nibali,0,alia,19379,1,4,0.15109624500998003,1.1489750146865845,-0.03818493325205896,22.327709197998047,0.511822442512559,0.01621886156499386,0.006603240966796875,5.135039
548,"In the Commonwealth games in Delhi, which British athlete won the mens 200m gold medal?",Usain Bolt,0, medal,37712,0,6,0.2940369261477046,0.981651246547699,0.20880107708875384,21.806396484375,0.12742838915330346,0.10800701379776001,0.15234375,6.1257052
549,"Which singer picked up three Ivor Novello awards in May, including songwriter of the year for her hit single, The Fear?",Adele,0, Fear,43067,0,5,0.33578935878243515,1.0092400312423706,0.052569910932851904,18.823955535888672,0.3285031159286489,0.07669825106859207,8.4921875,5.2146144
550,Which American singer was born Eleanora Fagan?,Billie Holiday,1,agan,18851,1,4,0.14697947854291418,1.1689207553863525,0.09426558574830901,16.10407066345215,0.15192156114298117,0.012031452730298042,0.06475830078125,1.9771419
551,Which famous woman in history had a cottage in Shottery in Warwickshire?,Anne Boleyn,0,shire,15255,1,5,0.11894180389221556,1.1037578582763672,0.12904369459427611,23.559980392456055,0.42361860130283,0.13122141361236572,0.0198211669921875,5.1600113
552,Who sang the theme song for the TV show 'Rawhide'?,The theme song for the TV show 'Rawhide' was sung by the,0,hide,8727,1,4,0.0680436002994012,1.0722074508666992,-0.02763120360145388,24.39210319519043,2.022468458962032,0.06841912865638733,1.068359375,5.3648443
553,Which sea lies between Italy and the former Yugoslavia?,Adriatic Sea,1, Yugoslavia,97877,0,11,0.7631377869261478,1.0001457929611206,0.20851725111540054,20.405670166015625,0.1993542276539948,0.09265182912349701,0.45361328125,2.6418025
554,In which country is the region Dalmatia?,Dalmatia,0,ia,689,1,2,0.005372068363273453,1.0457855463027954,-0.11456661089293663,23.674760818481445,0.19775503446210863,0.08449960500001907,0.1727294921875,3.4014359
555,Who was known as the Great Lover of the Silent Screen?,Rudolph Valentino,1, Screen,14275,0,7,0.11130083582834331,1.080950379371643,0.1942242106939669,19.530956268310547,0.2888005708758379,0.10853815823793411,6.0390625,6.1958423
556,"Which actor plays Cate Blanchett's father in the 2004 film ""The Missing"", a story set in 19th century New Mexico where the father works with estranged daughter Blanchett to get her kidnapped child back?",Robert Duvall,0, back,1203,0,5,0.009379678143712575,1.030813455581665,-0.10130042138610795,23.9150390625,0.6034674948991183,0.15638628602027893,0.188232421875,5.654481
557,How is Frances Gumm the actress better known?,Judy Garland,1, known,3967,0,6,0.030930326846307386,0.9757817387580872,-0.11893794072891462,25.08882713317871,0.2608940155687729,0.1828576624393463,0.08526611328125,4.46377
558,"Who won the Best Actress Oscar for the 1988 film, The Accused?",Jodie Foster,1,used,2656,1,4,0.020708582834331336,1.0135420560836792,-0.021937070493523336,21.013874053955078,1.1194632002943603,0.05867323651909828,0.53271484375,1.4496303
559,"Which  constellation contains many bright shining stars, such as Regulus?",The Pleiades,0,ulus,19990,1,4,0.15586015469061876,1.1314473152160645,0.01996589663857229,21.67364501953125,0.679401352454486,0.0438230074942112,0.01163482666015625,4.554315
560,"Which London river, now flowing underground, rises in Hampstead, flows through St. Pancras, down Farringdon Street and enters the Thames by Blackfriars Bridge?",The River Fleet,1, Bridge,20467,0,7,0.15957927894211577,1.0331931114196777,-0.02811342929275007,23.476926803588867,0.5267300289280246,0.10451363027095795,0.434814453125,3.374829
561,-Day in 1944 was the greatest sea-bourn invasion in history. What was the code name for the operation?,D-Day,0, operation,5784,0,10,0.045097305389221555,1.0149911642074585,-0.0026308736182878434,24.13950538635254,0.5166990129626527,0.12025836855173111,0.8017578125,3.0105846
562,On which island are the Cuillin Hills?,The Cuillin Hills are on the Isle of Skye in Scotland.,1, Hills,25964,0,6,0.202438872255489,1.1000638008117676,-0.18141247866126697,22.308544158935547,0.017410143987052873,0.09397199749946594,2.419921875,4.1346817
563,"Which dancer has only one notable film cameo, appearing with Sean Connery in the 1979 movie The First Great Train Robbery, breaking into a guarded station office.",Michael Caine,0, office,5274,0,7,0.04112088323353293,1.0662622451782227,-0.14317048609937588,24.95441246032715,0.3875437172027394,0.12215345352888107,5.84765625,6.391456
564,What was the first name of the character played by John Travolta in Saturday Night Fever.,John Travolta,0, Fever,85001,0,6,0.6627448228542914,1.0791910886764526,-0.04380934514272017,20.374197006225586,0.9296831341851601,0.09390466660261154,0.00363922119140625,4.0626917
565,In which 1969 movie did Michael Caine appear with his brother Stanley.,The Italian Job,1, Stanley,31552,0,8,0.24600798403193613,0.9838753342628479,-0.0943621634391576,15.331502914428711,0.9903327712065004,0.09423963725566864,6.4609375,5.457301
566,"In 1969, a man was stabbed to death by a member of the Hell's Angels at a Rolling Stones concert. Where was the concert held?",San Francisco,0, held,5762,0,5,0.044925773453093815,0.9960101842880249,-0.016404719059656347,22.577064514160156,0.7921769428789394,0.14412039518356323,0.278564453125,4.549857
567,"How long does it take, approximately, for light to travel from the Sun to the Earth?",8 minutes,0, Earth,9420,0,6,0.07344685628742514,1.046909213066101,-0.042983645635786605,21.411401748657227,0.24780779286775134,0.14096951484680176,0.333251953125,3.8212574
568,"A Long Island Iced Tea is a cocktail based on vodka, gin, tequila, and which other spirit?",rum,1, spirit,9090,0,7,0.07087387724550898,1.0962351560592651,0.0194388445782665,19.69061851501465,0.24635912874490495,0.1090855747461319,1.177734375,3.7118962
569,Anellini pasta is what type of shape?,a,0, shape,6211,0,6,0.04842658433133733,1.0425328016281128,-0.015367108350097691,20.224679946899414,0.24227360029655998,0.11381403356790543,5.19140625,6.284883
570,A Cuba Libre is based on which spirit,Rum,1, spirit,9090,0,7,0.07087387724550898,1.0962351560592651,0.0194388445782665,18.040096282958984,-0.0551016786369769,0.0972495973110199,3.564453125,4.199653
571,Which company were responsible for the production of the Spitfire?,The Royal Aircraft Factory,0,fire,11029,1,4,0.08599207834331338,1.0796170234680176,0.11502806204388838,21.29017448425293,-0.002427663379331424,0.04997420310974121,0.111572265625,4.063995
572,"The lyric Always sunny in a rich man's world', is from which song?",The song is Always Sunny in the Rich Man's World' from,0, song,5609,0,5,0.04373284680638723,0.957616925239563,0.02332789840571481,20.44656753540039,0.12344788754370928,0.13307778537273407,2.88671875,5.5753574
573,Who won the men's singles title at Wimbledon in 1987?,John McEnroe,0,7,22,1,1,0.00017153193612774452,0.8121345639228821,0.007133065233572822,22.020689010620117,0.7366535300278869,0.11037690192461014,2.400390625,4.117228
574,Who made Victor Krum's wand?,Victor Krum,0, wand,29810,0,5,0.23242577345309381,1.0145968198776245,0.060621467794053974,21.426715850830078,0.3043226299392692,0.08765909075737,8.59375,6.395835
575,What kind of creature is Firenze?,Firenze is a fire-breathing dragon.,0,nze,85549,1,3,0.6670175274451098,1.119393229484558,0.05270616928348293,21.3299617767334,0.4745986138655396,0.059988755732774734,6.1953125,2.6009758
576,What building in Scotland is said to house the Holy Grail and features prominently at the end of The Da Vinci Code?,The Palace of Holyroodhouse,0, Code,6247,0,5,0.048707272954091815,0.9840179085731506,-0.03905919704753913,21.754613876342773,0.8086901177806034,0.10281433910131454,0.0091094970703125,3.8111231
577,In which sitcom did Penelope Wilton play the wife of Richard Briers?,The Vicar of Dibley,0,riers,17740,1,5,0.13831711576846306,1.1722850799560547,0.14845413053031065,20.883140563964844,0.9153661208678114,0.009940061718225479,0.02685546875,4.95207
578,Who plays the role of Bubble in Absolutely Fabulous?,Bubble,0,ulous,13850,1,5,0.10798715069860279,1.1220355033874512,0.128391330539662,18.79591941833496,0.6054934443185251,0.036522939801216125,0.0028133392333984375,5.643649
579,"Which cockney private detective, co-created by Terry Venables, was portrayed on TV by Nicholas Ball?",The Private Eye,0, Ball,13131,0,5,0.1023811751497006,1.046531319618225,0.009443216423727474,22.384130477905273,0.6710064175804651,0.07469777762889862,6.14453125,6.6293063
580,Who in 1975 became the first black man to win a Wimbledon singles title?,John McEnroe,0, title,2316,0,6,0.01805763473053892,1.0083757638931274,-0.07613684110547991,23.263696670532227,0.8017220599384651,0.14860910177230835,0.2452392578125,4.58411
581,Which South African fast bowler had the nickname White Lightning,Makhaya Ntini,0, Lightning,34944,0,10,0.27245508982035926,1.027193546295166,0.05856426192125186,21.870004653930664,0.8005124694907688,0.118083156645298,2.978515625,5.2864075
582,"In 1953, Edmund Hillary was half of the famous pair to first do what?",climb Mount Everest,0, what,1148,0,5,0.008950848303393214,0.8827999830245972,-0.18861734985645695,21.671274185180664,0.2251439323095843,0.1512553095817566,0.444091796875,4.704268
583,Another name for the Holy Wars between the  Christian states of Europe against the Saracens,Crusades,1,ens,729,1,3,0.005683944610778443,1.1065137386322021,0.003991261075563912,24.656848907470703,0.24128672833932807,0.0661892294883728,0.058258056640625,3.9572608
584,1986 film starring Goldie Hawn as a High School football coach.,"""The Best Little Whorehouse in Texas""",0, coach,7395,0,6,0.05765812125748503,1.0350221395492554,0.09093976276132443,22.31904411315918,0.39952805793452706,0.08940418064594269,0.6982421875,6.3346367
585,"Who was the 16th president of the U.S.A.,assasinated in 1865",Abraham Lincoln,1,5,20,1,1,0.000155938123752495,0.820056676864624,0.09764679634042839,25.202314376831055,0.7143988873368485,0.10966695100069046,0.00769805908203125,3.827216
586,"Which Italian explorer had ships named Nina, Pinta and Santa Maria?",Christopher Columbus,1, Maria,23880,0,6,0.18619011976047903,0.8890778422355652,-0.10124653344135526,22.458431243896484,0.39078946740512244,0.11362870037555695,0.061248779296875,1.1491579
587,Who had chart hits which included Annie`s Song and Rocky Mountain High?,John Denver,1, High,5234,0,5,0.04080900698602794,0.9446817636489868,0.06289477722325065,23.94480323791504,0.5772040643505401,0.13855624198913574,0.78515625,4.433807
588,"Which cartoon series featured the characters Lion-o, Cheetera, Tygra and Snarf/",The Jetsons,0,arf,60326,1,3,0.4703561626746507,1.14108145236969,0.37520708211140485,21.156110763549805,0.3951802328574958,0.03952052444219589,1.171875,6.012673
589,"Who was the leader of the gang whose members included Benny the Ball ,Brain and Choo Choo?","The gang was led by Benny the Ball, Brain and Choo Choo",0,oo,2689,1,2,0.020965880738522954,1.076127529144287,0.13006753215251354,22.309358596801758,2.0188989921653375,0.09514600783586502,0.0044097900390625,6.3033447
590,Which famous resident resides at Highgrove House?,Prince Charles,1, House,4783,0,6,0.037292602295409184,0.992755115032196,-0.04524247697221595,24.194700241088867,0.28611108603040636,0.12258778512477875,2.6171875,4.0163436
591,What is the currency of India?,Indian rupee,1, India,6890,0,6,0.05372068363273453,0.888878345489502,0.05050448992935719,21.602256774902344,0.3869858646162765,0.15660621225833893,3.572265625,2.6244195
592,How many avenues radiate from the Arc de Triomphe?,4,0,he,383,1,2,0.0029862150698602794,1.0281637907028198,-0.08762943547630586,19.956113815307617,0.008170399391797645,0.05016057938337326,0.0093231201171875,3.181851
593,In which country is Dubrovnik?,Dubrovnik is a city in Croatia.,1,nik,22212,1,3,0.17318488023952097,1.1326017379760742,0.048334642284903584,22.506689071655273,0.19792606691274228,0.01653527282178402,0.173828125,3.3290002
594,"The Dakar Rally (previously known as the Paris Dakar rally) is an annual event, but of which country is Dakar the capital city?",Senegal,1, city,3363,0,5,0.026220995508982037,0.9325634837150574,-0.04675112172930218,24.209653854370117,0.6794183783243573,0.16636863350868225,1.728515625,4.591423
595,The Miller Brewing Company got its start in what U.S. city?,"Milwaukee, Wisconsin",1, city,3363,0,5,0.026220995508982037,0.9325634837150574,-0.04675112172930218,22.32672691345215,0.421667921712082,0.14103001356124878,0.859375,3.8520982
596,Who did Simple Simon meet on his way to the fair?,The Three Little Pigs,0, fair,6762,0,5,0.05272267964071856,1.1405625343322754,-0.008147188206478528,20.344863891601562,0.47629724432165554,0.10526134818792343,4.2734375,5.8503957
597,Which cartoon strip character first appeared in The Beano in 1951?,Dandy,0,1,16,1,1,0.000124750499001996,0.8688384890556335,1.0139215229516285,23.516536712646484,0.3268891014800426,0.10691280663013458,4.0859375,4.7115827
598,"The Asian Tsunami or Boxing day tsunami that hit Thailand, Indonesia and many other countries happened in what year?",2004,1, year,1060,0,5,0.008264720558882235,0.9706458449363708,-0.07525892732082395,22.06063461303711,0.5872281679232523,0.16151106357574463,0.486083984375,0.6165856
599,"Following that year's April Budget, Alderman Sir Cuthbert Ackroyd, who later became Lord Mayor of London, bought the first what on 1 November 1956?",A,0,6,21,1,1,0.00016373502994011975,0.8084247708320618,-0.10681545354838429,25.675403594970703,0.8410862285305356,0.13307952880859375,2.541015625,6.146227
600,"Produced between 1970 and 1974, what is a Bond Bug?",A Bond Bug is a 1970s-era Volkswagen Beetle with a,0, Bug,31601,0,4,0.24639003243512975,1.03964102268219,0.2748993061483427,21.400781631469727,0.6265745742391986,0.12427444010972977,11.7421875,4.5134487
601,What was Jacques Cousteau's mobile oceonagraphic laboratory.,Aquanaut,0, laboratory,27692,0,11,0.2159119261477046,1.0005820989608765,0.05563005381214037,24.38117027282715,0.08073495850108925,0.09299330413341522,4.22265625,5.2733727
602,What is the name of the helicopter used to transport the President of the United States,Air Force One,0, States,4273,0,7,0.03331618013972056,1.0423922538757324,-0.17979259273542825,24.152912139892578,0.4321099195297733,0.08788138628005981,0.01415252685546875,5.1494956
603,Which queen consort of England is associated with Hever Castle in Kent?,Anne Boleyn,1, Kent,18206,0,5,0.1419504740518962,0.9702210426330566,0.19643927020982277,23.030080795288086,0.5348598848198556,0.13657012581825256,1.87890625,3.6791089
604,What was the capital of the United States between 1785 and 1790??,Philadelphia,0,0,15,1,1,0.00011695359281437126,0.8478628396987915,0.4379479402704094,22.946517944335938,0.9096194052713815,0.11924143135547638,0.60888671875,3.5419414
605,Which country does the drink Cinzano come from?,Italy,1, from,505,0,5,0.003937437624750499,0.8757404088973999,-0.4053404620014529,23.81939697265625,0.7191241419030794,0.17701585590839386,0.01195526123046875,2.068474
606,Which fictional girls' boarding school was created by the cartoonist Ronald Searle,St. Clare's,0,le,273,1,2,0.0021285553892215568,1.0569039583206177,0.010471792572421368,23.80658531188965,0.46672099589755733,0.08997784554958344,0.0833740234375,5.6273584
607,Who played the character Mr Chips in the 2002 TV adaptation of Goodbye Mr Chips,David Suchet,0, Chips,87768,0,6,0.6843188622754491,1.0900639295578003,0.37005247099541627,22.398223876953125,0.7087368418735078,0.05542438477277756,0.004199981689453125,5.462332
608,Rarely is the question asked: Is our children learning?,"Yes, they are learning. They are learning to read, to write,",0, learning,6975,0,9,0.05438342065868264,0.9966695308685303,-0.17605727920262293,21.205490112304688,0.23846358978669935,0.12853527069091797,4.640625,4.2403
609,"Are you going to come quietly, or do I have to use earplugs?",I'm going to come quietly.,0,ugs,13602,1,3,0.10605351796407185,1.1526665687561035,0.04942019861917801,26.38796043395996,0.9893934368725317,0.05266181379556656,0.0010833740234375,4.8058543
610,Which shipping forecast area is directly north of German Bight?,North Sea,0,ight,492,1,4,0.003836077844311377,1.1356490850448608,-0.10436458559037254,21.94375228881836,0.43184786476666126,0.04971330612897873,0.0108489990234375,5.8855186
611,By what name did Samuel Langhorne Clemens publish his novels under?,Mark Twain,1, under,1234,0,6,0.009621382235528941,1.0351159572601318,-0.1242460525523259,21.745887756347656,0.2683370629989801,0.1367931216955185,3.6171875,2.4137216
612,Who wrote the novel Rasselas in a single week in 1759 to pay for his mother's funeral?,Samuel Johnson,1, funeral,32079,0,8,0.2501169535928144,0.9693069458007812,0.21214476910805802,20.802427291870117,0.26325732338103514,0.14539451897144318,0.84130859375,4.1431456
613,Who painted Girl with a Pearl Earring?,Vermeer,1,arring,20450,1,6,0.15944673153692615,1.1388745307922363,0.24011476219766825,20.473281860351562,0.3470523402591752,0.027035320177674294,0.00890350341796875,3.6173553
614,What is 1009 when expressed as Roman Numerals?,IX,0,als,1147,1,3,0.008943051397205588,1.1380661725997925,-0.011137687792768247,20.49666976928711,0.32308476967302724,0.051977597177028656,0.004619598388671875,3.399708
615,Who had hits with Go Now and Nights in White Satin?,The Who,0,in,258,1,2,0.0020116017964071854,0.9807631373405457,0.07405443757406482,23.331165313720703,0.7341088514072456,0.12616577744483948,0.0011768341064453125,4.7651806
616,Which statesman was known as the Iron Chancellor?,William Pitt the Younger,0, Chancellor,48063,0,11,0.3747427020958084,1.0551646947860718,0.12533369730669097,20.690872192382812,0.15361348824869037,0.1092354953289032,5.359375,5.0132604
617,What was left in Pandora's Box after all the evil escaped?,The evil,0, escaped,28883,0,8,0.22519804141716568,1.0414423942565918,0.11041771906023357,24.82059669494629,0.2660507749865886,0.10570134967565536,6.4921875,5.6055455
618,What type of bird was the first released by Noah?,The first bird released by Noah was the ostrich. The ostrich was,0, Noah,43084,0,5,0.33592190618762474,0.9441476464271545,0.24088755338441636,20.999860763549805,0.1893946230679826,0.14748702943325043,6.51171875,5.736074
619,What is the state capital of Florida?,Tallahassee,1, Florida,9784,0,8,0.07628493013972056,0.8616630434989929,0.1346149535123895,19.159452438354492,0.6678707254961589,0.19202983379364014,5.05859375,2.5813282
620,Who was sacked as the Beatles' drummer and replaced by Ringo Starr?,Ringo Starr,0, Starr,76122,0,6,0.5935160928143712,1.0833181142807007,0.07707464594306002,21.944059371948242,0.4486777742923467,0.08385618776082993,0.1583251953125,2.7841563
621,In which is Shakespeare's plays are the title character's last words the rest is silence?,Romeo and Juliet,0, silence,21847,0,8,0.17033900948103792,1.1134082078933716,-0.015181869674175008,25.206710815429688,1.1045510619852452,0.11942553520202637,0.68359375,4.4627905
622,"Tsar Nicholas I abidacated in 1917, who was the other monarch to abdicate during this period?",Tsar Nicholas II,0, period,4261,0,7,0.03322261726546906,1.0784779787063599,-0.15544616979320525,23.642459869384766,0.42144214714515416,0.14072634279727936,0.6005859375,4.3623114
623,"Which Roman Emperor was allegedy killed by his wife, Aggripina, in AD54?",Emperor Caligula,0,54,4370,1,2,0.03407248003992016,0.8656298518180847,0.03340469401537449,24.52364730834961,0.3757267531778452,0.058411188423633575,7.4140625,4.3305345
624,Whose last words were Et Tu Brute according to Shakespeare?,Julius Caesar,1, Shakespeare,42482,0,12,0.3312281686626746,0.8927649259567261,0.23649600705049245,22.047256469726562,0.2582330453460826,0.1311236023902893,0.87158203125,4.906282
625,Mel Gibson (1990) and Kenneth Branagh (1996) have both played which character in movies?,Hamlet,1, movies,9698,0,7,0.07561439620758482,0.9394820928573608,0.1705985109668693,22.44133186340332,0.5451380398489505,0.10355008393526077,6.59375,5.8416386
626,"The original United Artists film studio was founded in 1919 by D.W. Griffith, Mary Pickford, Douglas Fairbanks and who else?",D.W. Griffith,0, else,775,0,5,0.006042602295409182,1.10601806640625,-0.03223785032423043,21.803024291992188,0.8614052594485111,0.14148488640785217,0.333984375,3.9154513
627,Which Holiday movie favourite featured a character called Kevin McCallister?,Home Alone,1,ister,1601,1,5,0.012482846806387225,1.1579753160476685,0.08509264503797187,19.69964027404785,0.8685675026664872,0.046697378158569336,0.0142822265625,2.7294717
628,Who was the author of Pygmalion'?,George Bernard Shaw,1,ion,290,1,3,0.0022611027944111775,1.1211251020431519,0.10522314610745243,23.587560653686523,0.5920084762798044,0.0817956030368805,0.005664825439453125,0.2809335
629,"Who was the third President of the USA, following on from George Washington and John Adams was also famed for his numerous inventions?",Thomas Jefferson,1, inventions,85149,0,11,0.6638987649700598,0.9899072647094727,0.27457738638165985,22.981050491333008,0.5788413050840346,0.1408471316099167,3.33984375,3.3775885
630,What is the minimum age of someone running for the office of President of the United States?,35,0, States,4273,0,7,0.03331618013972056,1.0423922538757324,-0.17979259273542825,23.64508628845215,0.29534897002809535,0.09599275141954422,0.018951416015625,1.9808764
631,England won the 1966 World Cup beating Germany 4-2. Hurst scored 3 of England's goals who scored the other?,Geoff Hurst,0, other,1023,0,6,0.00797623502994012,1.0091586112976074,0.15132016057938102,23.166351318359375,0.31970487033202577,0.11864222586154938,0.24658203125,5.0371847
632,From which 1960s sci-fi movie did 1980s pop sensation Duran Duran take their name from a character from the movie?,The 1980s pop sensation Duran Duran took their name from,0, movie,5818,0,6,0.0453624001996008,0.9109929800033569,0.06529540318273286,19.471567153930664,0.36735012747467577,0.10160540044307709,0.810546875,5.4439435
633,What year did E.T. Hit the cinema screen?,1982,1, screen,4264,0,7,0.03324600798403193,1.0876569747924805,0.01189753200758048,24.261903762817383,0.8665746453584822,0.12993094325065613,2.208984375,2.7458663
634,The Red Sea is connected to the Indian Ocean by which gulf ?,A,0,ulf,14643,1,3,0.11417009730538923,1.082452654838562,-0.019260846108589913,21.15184783935547,0.2905935655414851,0.0425187423825264,0.0065765380859375,4.6434064
635,The Red Setter is more properly known by which name?,The Red Setter,1, name,836,0,5,0.006518213572854291,0.9634898900985718,-0.05666585493644005,22.585729598999023,0.7714872935734451,0.13882514834403992,2.13671875,6.975291
636,What was the name of the World War I fighter ace nicknamed the Red Baron?,Manfred von Richthofen,1, Baron,54007,0,6,0.4210875124750499,1.0076944828033447,0.11776882235186026,21.075849533081055,1.2222798572921834,0.12379699945449829,0.004871368408203125,2.0693986
637,What is the capital of the U.S. state of Connecticut?,Hartford,1, Connecticut,31461,0,12,0.24529846556886228,0.8946715593338013,0.09574416317157963,19.229890823364258,1.1314271423637603,0.169314906001091,3.87890625,0.94187725
638,What was founded by Ferdinand II of Aragon and Isabella I of Castile to keep Catholic orthodoxy as the major religion of their kingdoms?,The Inquisition,0, kingdoms,96506,0,9,0.7524482285429142,1.0400621891021729,0.4217908947581428,22.115131378173828,0.6536647835055214,0.08764226734638214,1.0654296875,2.2792382
639,"In golf, what name is given to a score of three under par on a given hole?",Birdie,0, hole,14512,0,5,0.11314870259481039,1.065632700920105,-0.04691432895369552,22.56731605529785,0.5208171468444238,0.10051937401294708,0.1455078125,4.5122523
640,"In dentistry, what is the name given to hardened dental plaque?",CALCIUM PHOSPHATE,0, plaque,61464,0,7,0.47922904191616766,1.0229864120483398,0.20436158242595814,20.819046020507812,0.1365168495768172,0.0907210111618042,1.205078125,4.7421613
641,Which singer played the Goblin King Jareth in the film Labyrinth'?,David Bowie,1,abyrinth,62630,1,8,0.48832023453093815,1.0973576307296753,0.059948211229786,25.635623931884766,3.2220998800081233,0.0546676367521286,0.1678466796875,4.5904284
642,Who played Aunty Entity' in the film 'Mad Max Beyond the Thunderdome'?,Mel Gibson,0,ome,638,1,3,0.00497442614770459,1.122505784034729,0.016675588173090006,25.687917709350586,2.6208589896784753,0.08701177686452866,0.004421234130859375,6.180219
643,"Name the fantasy movie directed by Terry Gilliam, where 6 dwarves have stolen a map.",The Princess Bride,0, map,2472,0,4,0.019273952095808383,0.9925974011421204,-0.08479708818843301,22.43353271484375,0.04992151141643575,0.1134844571352005,5.85546875,4.6349454
644,"Which TV comedy had characters McLaren, Blanco & Warren",The Office,0, Warren,26713,0,7,0.20827875499001997,0.9913329482078552,0.1950960946062179,22.22928237915039,0.5772531042056022,0.11670321971178055,7.671875,6.099906
645,In which TV series would you find an Eagle Transporter,The X-Files,0,er,261,1,2,0.00203499251497006,1.0801388025283813,4.638971970364472,24.214202880859375,0.4012585970607767,0.067763552069664,1.294921875,6.082244
646,Which jazz saxophonist was nicknamed Bird,Charlie Parker,1, Bird,24214,0,5,0.1887942864271457,1.0174859762191772,0.06701018486330979,16.505184173583984,0.11854900736560525,0.11718215048313141,6.26171875,2.576345
647,Which patriotic Irving Berlin song includes the line  From the mountains to the prairie to the oceans white with foam ?,White Christmas,0, foam,32183,0,5,0.25092783183632733,1.0064165592193604,0.010956592780139829,24.77556800842285,0.7857357026660776,0.0991562232375145,5.1484375,3.6373518
648,Who created the Miss World pageant?,"The Miss World pageant was created by the British journalist and television producer,",0,ant,519,1,3,0.004046594311377246,1.0663659572601318,0.003541840705868271,22.294673919677734,0.19762329171123794,0.07180861383676529,0.043609619140625,5.7494974
649,In Egyptian myth who was the God of chaos and disorder?,Anubis,0, disorder,19823,0,9,0.15455807135728544,0.9877466559410095,0.12185192598981631,22.421367645263672,0.5891089522414523,0.10827095806598663,2.357421875,5.192794
650,What type of creature is a Painted Dragon?,A Painted Dragon is a type of dragon that is covered in bright colors,0, Dragon,16537,0,7,0.1289374376247505,0.9098194241523743,-0.18578006939811909,19.267282485961914,0.5670483398043444,0.1318591833114624,5.90625,2.8111842
651,Which method of painting consists of applying pigment to wet plaster?,1. Wet plaster,0, plaster,63027,0,8,0.49141560628742514,0.9939775466918945,0.19459696985504982,20.668819427490234,0.010763359103299397,0.12130981683731079,1.681640625,5.52949
652,Who is credited with the discovery of the tomb of King Tutankhamen in 1922?,Howard Carter,1,2,17,1,1,0.00013254740518962076,0.843667209148407,0.9400767380163781,23.43787384033203,0.8407605230968431,0.12518508732318878,0.04168701171875,3.7723176
653,The King of Wishful Thinking was a hit song used during the opening credits of the movie Pretty Woman. Who sang it?,Richard Marx,0, it,433,0,3,0.003376060379241517,0.805345356464386,-0.3990333236130783,23.289648056030273,0.4505282305700553,0.17716653645038605,0.7919921875,5.4481645
654,"What dish, especially popular in parts of Wales and the English Midlands,  is traditionally made from pig's heart, liver and fatty belly meat or bacon minced together, with herbs added for flavouring and sometimes bread crumbs",Welsh Rarebit,0, crumbs,97677,0,7,0.7615784056886228,1.0644422769546509,0.24836790498787398,24.443622589111328,0.2522788070696782,0.10173392295837402,0.63525390625,5.151153
655,What was the name of Shari Lewis' sassy sock puppet?,Shari Lewis,0, puppet,50548,0,7,0.39411801397205587,0.9477540850639343,0.4562127828866993,20.6745662689209,0.14099134026068816,0.14479877054691315,0.16552734375,5.5842233
656,Captain Corelli's mandolin is a book a film set in which country,Greece,1, country,3224,0,8,0.025137225548902197,1.0096276998519897,0.004770810178766904,22.162017822265625,0.2609615593761765,0.12642163038253784,1.8056640625,3.802806
657,The Bull is the village pub in an everyday tale of country folk. In which village is The Bull?,The Bull is the village pub in an everyday tale of country folk. In,0, Bull,22353,0,5,0.17428424401197604,1.010337233543396,0.17544938258047216,23.542871475219727,-0.016499275808046665,0.09115403145551682,0.04315185546875,6.390074
658,What is the second biggest city in the UK?,London,0, UK,6560,0,3,0.05114770459081836,0.8883599638938904,-0.0837249026207898,22.538421630859375,0.5749598115429704,0.18169079720973969,3.765625,3.7502513
659,Who was the second wife of Henry VIII?,Anne Boleyn,1, VIII,58333,0,5,0.45481692864271456,0.9549024701118469,0.13930318093045546,22.416223526000977,0.6639082343477889,0.10937543958425522,0.716796875,2.6903934
660,Which actor does the interviewing in 'Interview with a Vampire'?,Interviewer,0, Vampire,61214,0,8,0.47727981536926145,0.9804589748382568,0.46493249866609787,21.600313186645508,1.1559184752986758,0.12945052981376648,0.7998046875,5.2265186
661,What is the southernmost city in USA,San Diego,0, USA,7427,0,4,0.057907622255489025,0.9613484144210815,0.14560757177874795,22.792972564697266,0.6644334103598935,0.1527409553527832,5.25,5.8597665
662,"In Vladimir Nabokov's book ""Lolita"", what is Lolita's real name?",Lolita's real name is Dolores Haze.,1, name,836,0,5,0.006518213572854291,0.9634898900985718,-0.05666585493644005,22.92723274230957,0.3927760763862902,0.11991390585899353,0.1917724609375,4.453521
663,"Which Shakespeare play tells the story of Prospero, the rightful Duke of Milan?",The Tempest,1, Milan,39855,0,6,0.3107456961077844,0.9576500058174133,0.19955851248637302,22.8173828125,0.8645397359102382,0.07910596579313278,0.0221405029296875,2.7045305
664,Which RAF fighter-bomber was built by the Panavia partnership?,Typhoon,0, partnership,15664,0,12,0.12213073852295409,0.9927522540092468,0.23489951071017456,23.912506103515625,0.23094803448235224,0.12796954810619354,6.59375,3.8344853
665,What was the name of the sixth studio album released by Prince and the Revolution in June of 1984?,Purple Rain,1,4,19,1,1,0.00014814121756487027,0.8202570676803589,0.09403713508349476,23.493896484375,1.059607265941927,0.11827686429023743,1.9208984375,3.812286
666,The undersurface of a person's foot or of a shoe?,sole,1, shoe,30077,0,5,0.23450754740518961,0.9840520024299622,0.1224180741376304,21.92875099182129,-0.04512004174540696,0.11359021812677383,2.982421875,5.8894906
667,In which film series would you expect to film Katniss Everdeen and Peeta Malark?,The Hunger Games,1,ark,847,1,3,0.006603979540918164,1.1475508213043213,0.09131353042212842,21.490890502929688,0.6218221687516512,0.08346905559301376,8.8359375,5.3230705
668,"""Rodney you plonka"" and ""This time next year we'll be millionaires"" are catchphrases from which well-known television sitcom?","""The Simpsons""",0, sitcom,81466,0,7,0.635182759481038,0.9145508408546448,0.14318982506629307,21.640806198120117,0.3790650872703072,0.15172792971134186,3.255859375,5.3296666
669,What did my true love bring to me on the Sixth Day of Christmas?,A box of chocolates.,0, Christmas,10280,0,10,0.08015219560878244,0.979027509689331,-0.10136179418332958,21.63044548034668,1.4887818977228262,0.1297004669904709,0.206787109375,4.516028
670,Louis Smith won an individual silver medal in gymnastics at the 2012 London Olympics. For what discipline?,gymnastics,0, discipline,26434,0,11,0.20610341816367264,1.0715779066085815,-0.06924263329633762,22.481359481811523,0.04416127679738979,0.07749373465776443,5.7890625,4.0224657
671,What animal did Reggie Perrin think of every time his Mother-in-law was mentioned?,The cat.,0, mentioned,9932,0,10,0.07743887225548902,0.9283818006515503,-0.2153855714898083,22.664575576782227,1.080633288858996,0.13277733325958252,4.34375,5.9987087
672,Which former prime minister appeared on the Morecambe and Wise Christmas Special in 1978?,Harold Wilson,1,8,23,1,1,0.00017932884231536926,0.8088405728340149,-0.059384417824554614,23.878707885742188,0.2985361901521344,0.09486648440361023,2.154296875,4.5216174
673,"Where does the infamous ""Streif"" downhill ski race take place?",The Streif is a downhill ski race in the city of Innsbr,0, place,2035,0,6,0.015866704091816366,1.0294102430343628,-0.10052985287988703,23.03794288635254,0.819607018631443,0.11593345552682877,0.007541656494140625,4.900978
674,What song was a hit for Tom Jones and Cerys Matthews in 1999?,"""I Don't Like Mondays""",0,9,24,1,1,0.00018712574850299402,0.8307907581329346,-0.14393617533854064,24.49070930480957,0.6228651098959266,0.1003454178571701,2.2890625,6.2364197
675,How many lines are there in a sonnet?,There are 14 lines in a sonnet.,1,net,4816,1,3,0.0375499001996008,1.10770583152771,-0.05817247269005277,19.895402908325195,0.5062152253991146,0.07901979237794876,4.16015625,3.424753
676,What is the American version of Strictly Come Dancing called?,Strictly Come Dancing,0, called,2663,0,7,0.02076316117764471,0.9541770815849304,-0.08801322851512294,21.213768005371094,1.1626434982706293,0.2046334594488144,2.646484375,3.1069357
677,What is the lightest metal under standard conditions?,Aluminum,0, conditions,4787,0,11,0.03732378992015968,1.0351766347885132,0.04428380292126244,21.495094299316406,0.26599474540879164,0.1159895658493042,0.333740234375,4.4153094
678,What artist designed the logo for Chupa Chups lollipops?,Salvador Dali,1,ops,3806,1,3,0.0296750249500998,1.1174198389053345,-0.0008841703096078568,23.774822235107422,0.31354575794190254,0.03846599906682968,0.001094818115234375,6.4983277
679,"What is being built in the Olympic Park, that will be the world's longest and tallest of its kind?","The Olympic Park, which is being built in the Olympic Park, that will",0, kind,3169,0,5,0.024708395708582836,1.0729986429214478,-0.14257501449497978,23.573989868164062,0.7887494329878413,0.09312225133180618,0.1549072265625,3.323585
680,In the 'Jungle Book' what type of creature was 'Bagheera'?,'Bagheera' was a black panther.,1,era,2473,1,3,0.01928174900199601,1.1345683336257935,0.10578111723999406,19.50575065612793,0.6693048667601524,0.028655851259827614,0.00749969482421875,4.9529004
681,What was the first Beatles film?,A Hard Day's Night,1, film,4632,0,5,0.03611526946107784,0.9391749501228333,-0.040005387976076445,20.485794067382812,0.5181030132160958,0.12594646215438843,5.578125,3.621373
682,What was the name of the Liverpool nightclub where the Beatles regularly played?,The Cavern Club,1, played,6476,0,7,0.05049276447105788,1.0118554830551147,0.01412319880879398,21.343149185180664,0.11263500303614205,0.06870151311159134,1.7158203125,2.92459
683,How many US states are prefixed by the word New?,13,0, New,1561,0,4,0.012170970558882235,0.9634952545166016,-0.23132414746981134,19.674455642700195,0.5648128393286878,0.1568467766046524,4.0078125,3.2247086
684,"Although he never won an Oscar for best director, one of Hitchcock's films did win an Oscar for best picture. What was the film?",Psycho,0, film,4632,0,5,0.03611526946107784,0.9391749501228333,-0.040005387976076445,23.35607147216797,0.5918189177938595,0.13067498803138733,0.384521484375,3.2843864
685,In which New York borough would you find Hell’s Kitchen?,Manhattan,1, Kitchen,19915,0,8,0.1552753867265469,0.9320058822631836,0.032820541542918136,19.792362213134766,0.28440721482089826,0.1297430843114853,0.0218353271484375,1.0352772
686,Which airline is nicknamed ‘The Flying Kangaroo’?,Qantas,1,aroo,76865,1,4,0.5993091941117764,1.1595286130905151,0.2514309575247844,24.175569534301758,1.242326734788036,0.08071419596672058,0.00937652587890625,2.4845877
687,Which cartoon character had the maiden name ‘Slaghoople’?,Donald Duck,0,ople,1184,1,4,0.009231536926147704,1.2048989534378052,0.12686881178269882,19.284502029418945,1.6529547161739764,0.0672369971871376,0.87939453125,6.2940016
688,‘Think Different’ is an advertising slogan for which company?,Apple,0, company,2883,0,8,0.022478480538922156,1.0075674057006836,-0.07956181925673045,19.848291397094727,-0.03417595644536364,0.12529286742210388,1.2880859375,2.0623841
689,Which ‘A’ is a calculating frame with sliding balls on wires?,A,0, wires,36108,0,6,0.2815306886227545,0.9988420605659485,0.23079054716724157,23.56568145751953,0.26365811306677234,0.0991373136639595,6.8046875,2.5706768
690,The rowan tree is also known as the Mountain ‘what’?,Mountain Ash,1,what,12840,1,4,0.1001122754491018,0.8908495306968689,0.14880744332085127,20.110116958618164,0.45346340721962886,0.10916290432214737,8.2578125,6.4703536
691,Which ‘A’ means in the open air?,A,0, air,3805,0,4,0.029667228043912176,1.0555925369262695,0.10938753401496859,19.695592880249023,0.9139678931648589,0.13721656799316406,6.0234375,2.978716
692,Buenos Aires is the capital of which South American country?,Argentina,1, country,3224,0,8,0.025137225548902197,1.0096276998519897,0.004770810178766904,22.080835342407227,0.21778933367060116,0.12810489535331726,0.1146240234375,1.4881933
693,Apiculture is the raising and care of which creatures?,bees,1, creatures,20566,0,10,0.16035117265469062,0.9195261597633362,0.0569480726080247,22.63488006591797,-0.0004939799457464034,0.10756848007440567,6.6328125,2.731434
694,What is the capital of Indonesia?,Jakarta,1, Indonesia,24922,0,10,0.19431449600798403,0.8822193741798401,0.22697624824682272,17.79129981994629,0.9080607209103628,0.16274482011795044,7.35546875,1.272115
695,Which vegetable was the first to be canned?,Peas,1, canned,64114,0,7,0.49989084331337325,1.0227644443511963,0.28228900533032997,21.707721710205078,0.23907771621528484,0.13874374330043793,8.5,5.0408955
696,"In computers, the X-Y Position Indicator for a Display System is now known as what?",mouse,0, what,1148,0,5,0.008950848303393214,0.8827999830245972,-0.18861734985645695,22.58270263671875,0.3812691576514595,0.15051226317882538,2.748046875,5.688876
697,The Khyber Pass is approximately how many miles long?,100 miles,0, long,1317,0,5,0.010268525449101796,0.9962254762649536,-0.0716989144277913,22.21849822998047,0.5138124842850331,0.14429935812950134,0.7451171875,1.943017
698,"Which fruit did Nell Gwynn, mistress of King Charles II, sell in Drury Lane?",Orange,0, Lane,27109,0,5,0.21136632984031936,1.0153775215148926,0.050121579398399785,21.2832088470459,0.1533945706214661,0.09317938983440399,0.01922607421875,4.8637404
699,The town of Tobermory is on which Scottish island?,Mull,1, island,13218,0,7,0.10305950598802395,0.9619014263153076,-0.006924219852667335,21.523557662963867,0.5064333739222215,0.1405310332775116,0.153564453125,3.6929715
700,"In the novel ‘Wuthering Heights’ by Emily Bronte, Catherine’s father found Heathcliffe on the streets of which English city?",Manchester,0, city,3363,0,5,0.026220995508982037,0.9325634837150574,-0.04675112172930218,21.271259307861328,0.275110703794498,0.14149656891822815,0.369384765625,3.7915316
701,Which Asian country hosted its first Formula One Grand Prix motor race in October 2010?,India,0,0,15,1,1,0.00011695359281437126,0.8478628396987915,0.4379479402704094,24.228105545043945,0.44292259096700093,0.0951550304889679,1.4140625,3.5538518
702,"In UK currency, how many sides does a twenty pence piece have?",12,0, have,617,0,5,0.004810691117764471,0.7665143609046936,-0.29601270221291687,21.996213912963867,0.7018163941667717,0.16227710247039795,0.0689697265625,2.2945652
703,"In humans, otalgia, is the medical term for what?",ear pain,1, what,1148,0,5,0.008950848303393214,0.8827999830245972,-0.18861734985645695,20.31711196899414,0.0592025844777444,0.13080105185508728,3.236328125,4.59598
704,"British MP, Diane Abbott, learned to play which musical instrument in the tv series ‘Play It Again’?",Violin,0, Again,14077,0,6,0.10975704840319361,1.0695370435714722,-0.07456663012281473,18.22486114501953,0.35218606432207755,0.05896081030368805,0.3388671875,4.814928
705,Cristina Fernandez de Kirchner became President of which South American country in December 2007?,Argentina,1,7,22,1,1,0.00017153193612774452,0.8121345639228821,0.007133065233572822,24.225793838500977,0.5155445728412174,0.12198114395141602,0.25537109375,1.2331077
706,"In Greek mythology, what was the name of the nymph who fell in love with Narcissus, but who was said to have pined away when her love was not returned, leaving only her voice?",Echo,1, voice,7899,0,6,0.06158776197604791,1.06386137008667,0.13707815539249557,21.115142822265625,0.16915584364905367,0.08647317439317703,4.64453125,2.6488767
707,The Marquesas Islands lie in which ocean?,Pacific Ocean,1, ocean,18435,0,6,0.14373596556886228,0.936840295791626,0.183438090311975,19.684621810913086,0.18923460671612924,0.12028588354587555,2.775390625,2.0692973
708,Keflavik is the main international airport of which country?,Iceland,1, country,3224,0,8,0.025137225548902197,1.0096276998519897,0.004770810178766904,21.4188232421875,0.05478523613591557,0.11622044444084167,0.261474609375,0.5334223
709,Which British artist’s works include ‘The First Real Target’?,John Constable,0, Target,13791,0,7,0.10752713323353294,1.0315030813217163,-0.012948887746230042,20.75868797302246,0.34979555130998996,0.11958060413599014,11.3203125,5.594218
710,Which King of England sold Dunkirk to Louis XIV of France?,Louis XIV,0, France,9822,0,7,0.0765812125748503,0.8894625902175903,0.0913516538382968,23.549837112426758,0.2921914223365967,0.14609591662883759,0.02398681640625,4.150875
711,What was the middle name of US actor James Dean?,"""James Dean""",0, Dean,25028,0,5,0.19514096806387227,0.9710899591445923,-0.041182417641995706,20.59922981262207,0.51556711700009,0.12116023153066635,0.308349609375,6.8193064
712,Which French author wrote the fairy tales ‘Little Red Riding Hood’ ‘Sleeping Beauty’ and ‘Puss in Boots’?,Charles Perrault,1, Boots,46568,0,6,0.3630863273453094,1.0374596118927002,-0.021603549131676836,24.185611724853516,1.754067687981654,0.08886846154928207,0.058807373046875,3.408168
713,Author J.R.R. Tolkien was born in which country?,England,0, country,3224,0,8,0.025137225548902197,1.0096276998519897,0.004770810178766904,21.97277069091797,0.4046274090379751,0.13727368414402008,1.681640625,1.9495946
714,The pilgrim route to Santiago de Compostela in Northern Spain is known as the ‘Way’ of which saint?,Saint James,1, saint,36959,0,6,0.28816585578842313,0.9551958441734314,0.13572950326268085,21.452638626098633,0.3658105704862802,0.14602698385715485,1.7890625,2.9721334
715,Peter O’Sullevan was a BBC commentator for which sport?,Tennis,0, sport,10775,0,6,0.08401166417165669,1.0285648107528687,0.3372827865599084,22.27243423461914,0.17614094819414783,0.12921498715877533,0.63916015625,4.145074
716,Who was the first Hanover King of England?,George I,1, England,9635,0,8,0.07512319111776447,0.9277163743972778,0.039443184008817855,23.904638290405273,0.8460875221983759,0.1561422199010849,0.74365234375,2.9317539
717,Which group released an album in 1986 entitled ‘The Queen is Dead’?,The Cure,0, Dead,15371,0,5,0.11984624500998003,1.0732932090759277,0.019356121871046295,25.3963565826416,1.5552563305557712,0.11686050891876221,0.10125732421875,3.2956812
718,Which British Prime Minister said of Downing Street ‘One of the most precious jewels in the national heritage’?,Winston Churchill,0, heritage,28948,0,9,0.22570484031936128,0.9835869073867798,0.20069774968227216,24.427459716796875,0.2880894784304835,0.11708355695009232,5.32421875,3.6728473
719,Antigonus is a character in which Shakespeare play?,The Tempest,0, play,1514,0,5,0.011804515968063872,1.0664023160934448,-0.1683598092138241,23.640214920043945,0.6182532646862611,0.117774099111557,3.439453125,4.6322064
720,Which British monarch famously said ‘I don’t wish to open windows into men’s souls’?,Queen Victoria,0, souls,35826,0,6,0.2793319610778443,1.050390601158142,0.0970496400385743,22.731372833251953,0.7259238404044397,0.08266711235046387,1.1611328125,3.1373117
721,Which bodily fluid is collected in a lachrymatory?,Tears,1,atory,5382,1,5,0.041962949101796404,1.1178817749023438,0.16331907810102297,17.528797149658203,0.24924773553248514,0.04559747502207756,0.5771484375,4.3622966
722,Which British singer played Jareth the Goblin King in the 1986 film ‘Labyrinth’?,David Bowie,1,abyrinth,62630,1,8,0.48832023453093815,1.0973576307296753,0.059948211229786,21.988975524902344,2.1668300269912315,0.06522052735090256,0.0121612548828125,4.16278
723,Golfer Ernie Els was born in which country?,South Africa,1, country,3224,0,8,0.025137225548902197,1.0096276998519897,0.004770810178766904,21.970312118530273,0.4547478277873167,0.14860360324382782,0.6650390625,1.5182445
724,Aconcagua is the highest mountain in which mountain range?,Andes,1, range,2134,0,6,0.01663859780439122,1.0933732986450195,-0.09472240120397624,21.78179931640625,0.39783744057171466,0.12912993133068085,0.3515625,2.8641884
725,The 1987 film ‘Cry Freedom’ is a biographical drama about which South African civil rights leader?,Nelson Mandela,0, leader,7808,0,7,0.06087824351297405,1.0344325304031372,0.11221135290878292,17.667078018188477,0.21742407734203972,0.10119176656007767,1.8291015625,3.18466
726,Which British actress played Valerie in the 1997 film ‘Nil By Mouth’?,Judi Dench,0, Mouth,66255,0,6,0.5165840194610778,1.0987703800201416,0.16106327537024656,24.44403076171875,1.6315610607890205,0.07975808531045914,0.00937652587890625,5.5793614
727,"What was the name of the Brazilian player who won the Women’s Singles Finals at Wimbledon in 1959, 1960 and 1964?",Maria Bueno,1,4,19,1,1,0.00014814121756487027,0.8202570676803589,0.09403713508349476,23.233646392822266,0.6300794217800108,0.12973542511463165,3.796875,2.7857735
728,"Apart from English, what is the official language of Canada?",French,1, Canada,7008,0,7,0.05464071856287425,0.9258049130439758,0.10327109159290293,20.7813777923584,0.4426164773134835,0.15362106263637543,5.41796875,2.8016722
729,What is the name of the steam locomotive which set the world speed record in July 1938 by reaching 126 mph on the East Coast Mainline  in England?,The name of the steam locomotive which set the world speed record in July,0, England,9635,0,8,0.07512319111776447,0.9277163743972778,0.039443184008817855,23.91069793701172,1.2049365151884253,0.1793426126241684,3.330078125,5.39386
730,Singer and musician Bono called which venue ‘Rock and roll’s great cathedral’?,U2’s Bono,0, cathedral,80250,0,10,0.6257017215568862,0.9539927244186401,0.19934131694135315,23.269725799560547,1.2611848190359822,0.13788637518882751,0.52197265625,4.4131117
731,What type of creature is a bufflehead?,Buffleheads are waterfowl that live in the northern United States and,0,head,2025,1,4,0.01578873502994012,1.1052829027175903,-0.01409093796850458,19.4518985748291,0.34912543299218335,0.061161067336797714,0.48876953125,3.213741
732,The 1950’s Mau Mau uprising was against the British occupation of which country?,Kenya,1, country,3224,0,8,0.025137225548902197,1.0096276998519897,0.004770810178766904,22.44318199157715,0.23575585871156823,0.1385791003704071,0.7294921875,1.1556656
733,What is a positively charged ion called?,a positively charged ion is called a cation.,1, called,2663,0,7,0.02076316117764471,0.9541770815849304,-0.08801322851512294,20.414262771606445,0.7964771365787753,0.19048941135406494,0.97802734375,3.1380014
734,Which 5th/6th Century Buddhist monk is described in Chinese texts as ‘The Blue-Eyed Barbarian’?,Xuanzang,0,ian,1122,1,3,0.00874812874251497,1.0496716499328613,-0.11625785504747377,25.82360076904297,1.1494885870928284,0.09530668705701828,0.0164794921875,5.219325
735,In which part of the human body is the limbic system?,The limbic system is located in the brain.,1, system,1887,0,7,0.014712761976047904,0.9657853245735168,-0.1824721554424067,22.339176177978516,0.11607990861146744,0.15468698740005493,0.07513427734375,3.962622
736,Which year saw the only hijacking of a British commercial flight?,1988,0, flight,11213,0,7,0.08742670908183632,1.0413153171539307,0.15561058234582958,23.870630264282227,0.3248838524244677,0.12516489624977112,2.70703125,0.70234406
737,What was the name of the Cunard ocean liner which was launched on 20th September 1906?,The name of the Cunard ocean liner which was launched on 20,0,6,21,1,1,0.00016373502994011975,0.8084247708320618,-0.10681545354838429,24.499364852905273,0.27360936954047643,0.09825554490089417,0.62939453125,4.7793236
738,Which European city had the world’s first birth control clinic?,London,0, clinic,28913,0,7,0.22543194860279442,0.9696059226989746,0.010703578870097541,21.996200561523438,0.12485694098694022,0.12407231330871582,1.8447265625,4.1604476
739,In which James Bond film does actress Jane Seymour play Solitaire?,Never Say Never Again (1983),0,itaire,60224,1,6,0.46956087824351295,1.1578679084777832,0.010615070210612476,21.436643600463867,0.8576800820059076,0.03921933472156525,0.62548828125,4.2557673
740,What type of creature is a tanager?,A tanager is a bird that has a bright red or orange beak,1,anager,8347,1,6,0.0650807759481038,1.1229932308197021,0.11096033191061316,20.263994216918945,0.41639990331219945,0.030728716403245926,6.15625,3.08864
741,"In ‘Follow That Camel’, the fourteenth Carry On film, Sid James was replaced by which US actor?",Jack Hawkins,0, actor,12360,0,6,0.09636976047904192,0.9408888816833496,0.0680529768242506,21.75259017944336,0.4271920241995919,0.12217055261135101,0.65380859375,5.681222
742,"A mahout is a person who works, tends and rides which animal?","A mahout is a person who works, tends and rides which animal?",0, animal,10065,0,7,0.07847586077844311,0.9987420439720154,0.04443952511100857,21.04334831237793,0.2372664487166518,0.13653597235679626,2.123046875,4.4277806
743,How many medals did the United States win at the 2010 Winter Olympics?,"1 gold, 1 silver, 1 bronze",0, Olympics,33063,0,9,0.2577891092814371,0.9814189076423645,0.23807651257313944,20.205385208129883,0.43265776585534477,0.1327260136604309,0.111083984375,2.7899628
744,‘The Weeping Woman’ is the work of which artist?,Paul Gauguin,0, artist,10255,0,7,0.07995727295409182,0.9630176424980164,-0.10597540759133572,20.019363403320312,-0.016170647810473504,0.12270232290029526,1.033203125,5.9391475
745,The Koppen System is a classification system for what?,climate,1, what,1148,0,5,0.008950848303393214,0.8827999830245972,-0.18861734985645695,21.67121124267578,0.3684589001913796,0.132879838347435,2.068359375,4.332429
746,"In humans, a hemispherectomy is the removal of half of the what?",brain,1, what,1148,0,5,0.008950848303393214,0.8827999830245972,-0.18861734985645695,18.947290420532227,0.11800065853180541,0.11904260516166687,8.2578125,2.5708504
747,"In Greek mythology, Tiresias disclosed the crimes of who?",A,0, who,889,0,4,0.006931449600798403,0.9500689506530762,-0.18420073395657433,20.02566146850586,0.17728466593698045,0.15627874433994293,9.6640625,5.3085947
748,The United Nations University is based in which Asian city?,New Delhi,0, city,3363,0,5,0.026220995508982037,0.9325634837150574,-0.04675112172930218,22.05271339416504,0.20362571340187774,0.14259566366672516,2.984375,4.4010572
749,What is the name of the iron hook which is attached to the pole used by fisherman to land a heavy fish?,The name of the iron hook which is attached to the pole used by fish,0, fish,7795,0,5,0.06077688373253493,0.9523120522499084,0.3071953468266466,23.493024826049805,0.04934127606327898,0.1603931337594986,0.404052734375,6.3110857
750,Which English singer/songwriter/musician wrote the Tremeloes hit ‘Here Comes My Baby’ at the age of eighteen?,Cliff Richard,0, eighteen,63134,0,9,0.492249875249501,0.9215121269226074,0.2430313638862729,22.697452545166016,0.34769304369862786,0.14601381123065948,5.69921875,4.755635
751,Mearth was the name of the child of which US tv characters?,"The Mearth was the name of the child of the US tv characters,",0, characters,5885,0,11,0.045884792914171656,0.9966341853141785,0.3331968738577702,22.637662887573242,0.2480260109943706,0.10771919786930084,8.453125,6.564114
752,In which state of the US is it illegal to mis-pronounce the name of the state?,California,0, state,1614,0,6,0.012584206586826347,1.0082039833068848,-0.2952084773360668,22.565519332885742,0.42549200615419425,0.12223263084888458,1.6474609375,4.225794
753,The Strawberry Museum in the town of Wepion is in which country?,India,0, country,3224,0,8,0.025137225548902197,1.0096276998519897,0.004770810178766904,20.55702781677246,0.28699205468574895,0.11971123516559601,2.755859375,4.60774
754,The Hotel Matignon is the official residence of the Prime Minister of which European country?,France,1, country,3224,0,8,0.025137225548902197,1.0096276998519897,0.004770810178766904,21.629220962524414,0.44723083728756574,0.1261385977268219,0.5107421875,1.5921164
755,Which British politician became Member of Parliament for Epping in October 1924?,Sir Winston Churchill,1,4,19,1,1,0.00014814121756487027,0.8202570676803589,0.09403713508349476,23.79013442993164,0.45950741378700055,0.118417888879776,1.6083984375,4.910973
756,‘The Crafty Cockney’ was the nickname of which British darts player?,John Lowe,0, player,2851,0,7,0.022228979540918164,0.9873117804527283,0.003719001535783306,21.81577491760254,0.5228883083598643,0.13700610399246216,0.172119140625,5.1102643
757,Which famous jewellers makes the Super Bowl Trophy?,Cartier,0, Trophy,56204,0,7,0.43821731536926145,1.0774598121643066,0.09005757906423861,23.069461822509766,0.7860036630305856,0.12064255774021149,5.1875,5.1124005
758,"Bedloe’s Island in New York Harbour, is the former name of which island?",Manhattan,0, island,13218,0,7,0.10305950598802395,0.9619014263153076,-0.006924219852667335,22.075063705444336,0.06295838973606926,0.13253383338451385,2.96875,3.8317554
759,What is the name of the Jewish spring festival which celebrates the exodus of the Israelites from Egypt?,Passover,1, Egypt,15212,0,6,0.1186065369261477,0.8727524280548096,-0.09575458432057138,21.868947982788086,0.5630399649900548,0.11176442354917526,0.212646484375,1.4067761
760,Sadler’s Wells Ballet and the Vic-Wells Ballet were the previous names of which British ballet company?,Sadler’s Wells Ballet,0, company,2883,0,8,0.022478480538922156,1.0075674057006836,-0.07956181925673045,21.995685577392578,0.33156093645902907,0.1306222379207611,0.31884765625,2.7140644
761,The roller coaster ride called Rita is located at which English theme park?,Alton Towers,1, park,6246,0,5,0.04869947604790419,1.042750358581543,0.0287266528064567,22.499267578125,0.40715603595280747,0.12709596753120422,0.0247650146484375,5.272331
762,Which is the first written single word number in which the letter ‘A’ appears?,1,0, appears,8111,0,8,0.06324070608782435,0.8981851935386658,0.035686625165779695,25.950773239135742,0.1809552174187936,0.12408855557441711,3.037109375,3.6299512
763,In which year did Margaret Thatcher become British Prime Minister?,1979,1, Minister,9675,0,9,0.07543506736526946,0.9566176533699036,-0.02876548996013195,22.838912963867188,0.661048855994415,0.11175072938203812,0.0826416015625,1.5893923
764,"In January 1957, Russell Endean became the first batsman to be dismissed from a test cricket match for doing what?",1.  Not playing the ball,0, what,1148,0,5,0.008950848303393214,0.8827999830245972,-0.18861734985645695,22.091148376464844,0.18749194989150153,0.153440922498703,2.072265625,6.185776
765,What type of animal is a dik-dik?,a dik-dik is a mammal,0,ik,1609,1,2,0.012545222055888223,1.0452765226364136,0.00809125509334585,19.26900863647461,0.5528273277579032,0.09125102311372757,0.1217041015625,3.310865
766,"Isoprene, Butyl and Nitrile are all types of which substance?",Isoprene,0, substance,20278,0,10,0.1581056636726547,1.0270562171936035,0.030851535151341647,22.295228958129883,0.11680257365825453,0.11800728738307953,4.98046875,3.857099
767,Taka is the basic monetary unit of which country?,Bangladesh,1, country,3224,0,8,0.025137225548902197,1.0096276998519897,0.004770810178766904,21.229249954223633,0.05393469623783442,0.12591099739074707,0.4423828125,3.1964118
768,Who does Emilio Estevez play in the 1988 film ‘Young Guns’?,The character played by Emilio Estevez is the leader of the Young Guns,0, Guns,60565,0,5,0.47221962325349304,1.037966012954712,0.10555827011736474,21.497011184692383,0.9232002674711892,0.10824325680732727,0.20654296875,6.0840373
769,Which Mediterranean island gained independence in 1959 under the presidency of Archbishop Makarios?,Cyprus,1,arios,10308,1,5,0.08037050898203593,1.146560788154602,-0.06870651040354181,18.126863479614258,0.5115190652159876,-0.004451761953532696,0.0192413330078125,3.271795
770,"In medicine, chromotopsia is the term for abnormally coloured what?",vision,1, what,1148,0,5,0.008950848303393214,0.8827999830245972,-0.18861734985645695,20.09851837158203,0.2933142837167475,0.14361029863357544,6.5078125,6.3798347
771,Wanlockhead is the highest village in which European country?,Scotland,1, country,3224,0,8,0.025137225548902197,1.0096276998519897,0.004770810178766904,22.206785202026367,0.26971960186066823,0.1380995661020279,2.98046875,4.074646
772,Which European country hosted the 1956 Winter Olympic Games?,Austria,0, Games,11871,0,6,0.09255707335329341,1.0143542289733887,0.3701313754168427,23.850391387939453,0.42118490108970663,0.132097065448761,0.340087890625,3.1885915
773,‘Lofsongur’ is the national anthem of which country?,India,0, country,3224,0,8,0.025137225548902197,1.0096276998519897,0.004770810178766904,19.901838302612305,0.0272591971791889,0.12411759793758392,0.347412109375,4.287689
774,"In Roman mythology, what was the name of the brother slain by Romulus?",Remus,1,ulus,19990,1,4,0.15586015469061876,1.1314473152160645,0.01996589663857229,21.988323211669922,0.4414826657620661,0.07399363815784454,0.0008821487426757812,4.831888
775,"In 1951, which European country saw the abdication of King Leopold lll in favour of his son Baudouin?",Belgium,1,in,258,1,2,0.0020116017964071854,0.9807631373405457,0.07405443757406482,23.463680267333984,0.7652260022044519,0.12352525442838669,0.0172882080078125,1.0811766
776,In medicine the MMR vaccination gives protection against which diseases?,"Measles, mumps, rubella",0, diseases,19338,0,9,0.15077657185628743,0.9449533224105835,0.22353425570832508,22.840463638305664,-0.03656521891712616,0.12063054740428925,5.609375,4.1780777
777,A saluki is which type of animal?,A,0, animal,10065,0,7,0.07847586077844311,0.9987420439720154,0.04443952511100857,20.830860137939453,0.2878218050661552,0.13715822994709015,2.25,5.265635
778,"What disease was Robert the Bruce, King of Scotland, said to have died of in 1329?",The Black Death,0,9,24,1,1,0.00018712574850299402,0.8307907581329346,-0.14393617533854064,23.183692932128906,0.7657100346752426,0.11191638559103012,0.0504150390625,5.7083325
779,‘Divine Wind’ is the English translation of which Japanese word?,‘Kaze no Kami’,0, word,3492,0,5,0.02722679640718563,1.0541958808898926,-0.2310700131644241,20.853893280029297,0.5389372450367675,0.11445964127779007,1.037109375,6.0647507
780,Which Flemish Baroque painter’s Antwerp home is now a museum?,Peter Paul Rubens,1, museum,24925,0,7,0.1943378867265469,0.9269348382949829,0.09207370268453774,21.714786529541016,-0.07744627485870348,0.13644827902317047,0.11273193359375,3.8525064
781,"In medicine, epiphora affects which part of the human body?",The eye,1, body,2547,0,5,0.01985872005988024,1.0596449375152588,-0.03690242190028137,22.482891082763672,0.25021941022389527,0.1165543794631958,1.076171875,4.6481247
782,What nationality was 19th Century author Hans Christian Anderson?,Danish,1, Anderson,21293,0,9,0.16601952345309381,0.9548869729042053,-0.09081220565217141,19.862346649169922,0.0839389239109587,0.04637627676129341,2.140625,2.2808282
783,Umberto ll was the last king of which European country?,Italy,1, country,3224,0,8,0.025137225548902197,1.0096276998519897,0.004770810178766904,23.907485961914062,0.4845538911033893,0.12075231969356537,0.205810546875,4.380856
784,Which US singing duo started out under the names Caesar and Cleo?,"The duo was originally called Caesar and Cleo, but they changed their name",1,o,78,1,1,0.0006081586826347306,1.0624231100082397,3.691566947803307,21.210607528686523,1.233392856451304,0.07818067073822021,2.0234375,6.155157
785,"Fidel Castro, former President of Cuba, ordered which board game to be destroyed when he took power?",Monopoly,1, power,2410,0,6,0.018790543912175647,1.0586568117141724,-0.07735713450288006,24.42701530456543,0.7059745764857879,0.11769890040159225,0.62353515625,5.876775
786,Which creature features on the label of a Bacardi rum bottle?,A. A giant squid.,0, bottle,16893,0,7,0.1317131362275449,0.993095874786377,-0.046596919152832594,23.706680297851562,0.18633582214954147,0.1294282227754593,0.88623046875,5.348991
787,"According to the Bible, who was the only apostle to witness the crucifixion of Jesus?",The Apostle John,1, Jesus,10811,0,6,0.08429235279441118,0.9333216547966003,0.1174939031525506,22.18703842163086,0.44165393394837293,0.17583602666854858,0.1922607421875,4.4160295
788,"Who played the role of Caligula in the 1976 UK tv series ‘I, Claudius’?",Peter Egan,0,ius,9334,1,3,0.07277632235528943,1.1491848230361938,-0.08082870970796963,24.820642471313477,1.4551147301864127,0.0911770910024643,0.0012388229370117188,6.063941
789,What colour is the cross on the national flag of Denmark?,Blue,0, Denmark,35440,0,8,0.2763223552894212,0.9113184213638306,0.22323647731522067,20.583621978759766,0.7487630477682963,0.16582021117210388,5.1328125,3.4169533
790,Who wrote the 1963 novel ‘The Spy Who Came in From the Cold’?,John le Carre,1, Cold,24062,0,5,0.18760915668662675,1.0574322938919067,0.10288956736357946,22.12343406677246,1.2188523736828216,0.11959066987037659,0.00229644775390625,1.3444602
791,"Composite, Shield and Cinder Cone are all types of what?",volcanoes,1, what,1148,0,5,0.008950848303393214,0.8827999830245972,-0.18861734985645695,20.790449142456055,0.47002173325752805,0.12418793886899948,1.3115234375,4.758983
792,Mouldwarp is an old name for which creature?,Mouldwarp is a type of dragon that is found in the Forgotten,0, creature,17661,0,9,0.1377011601796407,0.9685181975364685,-0.0369919378911856,21.230464935302734,0.25063681591432596,0.12952780723571777,10.6484375,5.4419184
793,What is the name of Humphrey Bogart’s character in the film ‘Casablanca’?,Rick Blaine,1,ca,936,1,2,0.007297904191616767,1.024937391281128,-0.03962085919474223,25.394609451293945,3.0757477456908857,0.0856882706284523,6.651878356933594e-05,3.8836114
794,What is the US state capital of Louisiana?,Baton Rouge,1, Louisiana,29974,0,10,0.23370446606786427,0.9035780429840088,0.06970003649827827,20.924983978271484,0.6012296977708846,0.16533277928829193,4.3046875,2.0631433
795,What is the title of the 1996 Oscar-winning documentary about the Muhammad Ali and George Foreman 1974 ‘Rumble in the Jungle’ fight in Zaire?,“Rumble in the Jungle”,0,aire,12267,1,4,0.09564464820359281,1.1872323751449585,0.12432026275832841,23.373666763305664,0.29071244681010056,0.05937504768371582,0.0031147003173828125,5.3394156
796,The Battle of Vimy Ridge took place in which country during World War l?,France,1, l,326,0,2,0.0025417914171656686,0.9164398908615112,0.22085166274080992,22.893505096435547,0.8256079272145258,0.16204413771629333,6.20703125,1.2901127
797,What colour is ‘Mr Man’ Mr Strong’s hat?,Mr Man’s hat is blue.,0, hat,9072,0,4,0.07073353293413173,0.9984053373336792,0.06283109611143445,22.977096557617188,0.10073200748620526,0.13366647064685822,6.36328125,4.136406
798,What are the first names of art duo Proesch and Passmore?,Proesch and Passmore,0,more,6518,1,4,0.050820234530938126,0.957793116569519,0.18897424709598187,25.6605167388916,0.7086255602383948,0.11511686444282532,2.2734375,6.7635984
799,What was is the name of Penelope Pitstop’s car in the children’s tv cartoon series ‘Wacky Races’?,The car was called the ‘Pitstopper’.,0, Races,98200,0,6,0.7656561876247505,1.1635740995407104,0.14169049638396647,25.28476905822754,2.1689209955592723,0.0912628024816513,0.11138916015625,5.5093365
800,The Wang River is in which Asian country?,China,0, country,3224,0,8,0.025137225548902197,1.0096276998519897,0.004770810178766904,20.786298751831055,0.13757341610612528,0.12460362166166306,0.2470703125,2.3568983
801,Which tennis player was known as the Rockhampton Rocket?,Rod Laver,1, Rocket,40318,0,7,0.3143556636726547,0.9855759739875793,-0.0038677830972817517,21.11425018310547,0.5297370876526206,0.11488154530525208,3.015625,4.7907376
802,The ports of Puck and Jastarnia are in which European country?,Poland,1, country,3224,0,8,0.025137225548902197,1.0096276998519897,0.004770810178766904,20.91897201538086,0.056658039965113094,0.11329495161771774,1.830078125,3.050989
803,Which famous racehorse won Australia’s Melbourne Cup in 1930?,Phar Lap,1,0,15,1,1,0.00011695359281437126,0.8478628396987915,0.4379479402704094,24.04106330871582,0.3246671195258095,0.08959951996803284,1.4541015625,6.42238
804,Amr Shabana from Egypt is famous for playing which sport?,Tennis,0, sport,10775,0,6,0.08401166417165669,1.0285648107528687,0.3372827865599084,20.462369918823242,-0.04445561121679331,0.13975608348846436,1.001953125,3.8699703
805,How many pounds are in a UK (long) ton?,2240 pounds,1, ton,8941,0,4,0.06971213822355289,1.0479069948196411,-0.002439519692475578,21.340513229370117,0.7506384289550758,0.12211667001247406,1.2998046875,2.6519947
806,Cobweb is a fairy in which Shakespeare play?,Macbeth,0, play,1514,0,5,0.011804515968063872,1.0664023160934448,-0.1683598092138241,24.22293472290039,0.43368843848654626,0.12749798595905304,4.4296875,3.9659111
807,Apimania is an obsession with which creatures?,Apimania is an obsession with animals.,0, creatures,20566,0,10,0.16035117265469062,0.9195261597633362,0.0569480726080247,21.058528900146484,0.037036603730426165,0.12199072539806366,12.0625,4.9863334
808,"In 1216, English monarch King John was said to have lost the crown jewels while crossing which body of water?",The River Thames,0, water,3090,0,6,0.02409244011976048,0.9758786559104919,-0.022864577056323387,21.667755126953125,0.36202801717338406,0.12758071720600128,0.01096343994140625,4.796035
809,Which British playwright was killed with a hammer by his lover Keith Haliwell in 1967?,John Osborne,0,7,22,1,1,0.00017153193612774452,0.8121345639228821,0.007133065233572822,23.50784683227539,0.7328252937458171,0.10631738603115082,3.470703125,4.6594973
810,What is the nickname of baseball star Jimmie Foxx?,The Big Cat,0,xx,4239,1,2,0.03305108532934132,1.0437215566635132,0.33501144203802635,21.54775619506836,0.5181539127071209,0.059567175805568695,0.007755279541015625,5.1024566
811,The Free Officers Movement was composed of young junior army officers committed to unseating the monarchy of which African country?,Egypt,1, country,3224,0,8,0.025137225548902197,1.0096276998519897,0.004770810178766904,22.690202713012695,0.1173873549876574,0.12365873903036118,0.3212890625,2.6982028
812,"In which year was the storming of the Bastille, which started the French Revolution?",1789,1, Revolution,22910,0,11,0.17862712075848303,1.0514206886291504,0.21913802600111998,21.574604034423828,0.21454662838631666,0.08924111723899841,0.2275390625,1.2256188
813,Who was the first poet to be buried at Poet’s Corner in London’s Westminster Abbey?,William Wordsworth,0, Abbey,65555,0,6,0.5111261851297405,1.0138475894927979,-0.1073606537431413,22.709659576416016,0.6250195473057456,0.12127863615751266,0.026214599609375,3.8117096
814,‘The Night of the Long Knives’ refers to which leader eliminating many of his political enemies?,Adolf Hitler,1, enemies,14207,0,8,0.11077064620758482,0.9814081192016602,0.09636065985855868,23.865781784057617,0.3485283680020004,0.09764637053012848,2.021484375,2.7738893
815,Hans Holbein the Younger was court painter to which English monarch?,Henry VIII,1, monarch,63854,0,8,0.4978636477045908,0.9733840823173523,0.03319792545370781,23.22703742980957,0.44008794477981983,0.11165349185466766,0.53662109375,1.3032393
816,Who was the illustrator for most of Roald Dahl’s stories for children?,Quentin Blake,1, children,2911,0,9,0.022696793912175647,0.921323835849762,-0.19003999634112212,23.06262969970703,0.6380613275726286,0.16698148846626282,0.252197265625,3.0834768
817,The 1958 film ‘Gigi’ was based on the novel by which French author?,Colette,1, author,3229,0,7,0.02517621007984032,0.9967762231826782,-0.20625470269621937,18.33169937133789,0.365946388667727,0.12516731023788452,0.3896484375,2.1799722
818,‘Back to Bedlam’ was the debut album for which British singer?,Lily Allen,0, singer,23597,0,7,0.18398359530938124,0.92281574010849,0.15241787662812634,18.215394973754883,0.14306852705268147,0.134516641497612,2.095703125,4.793175
819,Which US gangster was released from Alcatraz prison in November 1939?,Al Capone,1,9,24,1,1,0.00018712574850299402,0.8307907581329346,-0.14393617533854064,24.830263137817383,0.5323916042874419,0.11925771832466125,1.388671875,3.7872336
820,The fictional characters William Dobbin and Rawdon Crawley appear in which novel?,Pride and Prejudice,0, novel,11775,0,6,0.09180857035928144,1.0117274522781372,-0.02722866187481099,20.793142318725586,0.05108074428350262,0.11161670088768005,1.6015625,2.8173106
821,Who does the commentary in the UK tv programme ‘Come Dine With Me’?,The BBC,0, Me,2206,0,3,0.0171999750499002,0.9463504552841187,-0.06235097733196637,26.111858367919922,1.3582802167880468,0.14355292916297913,0.005878448486328125,6.157059
822,Hidrosis is the medical term for which bodily function?,sweating,1, function,734,0,9,0.005722929141716567,0.9883164763450623,-0.14081446958900745,21.773574829101562,0.2730478587620717,0.12579655647277832,0.45556640625,2.3531005
823,The town of Honiton in Devon is famous for producing what?,wool,0, what,1148,0,5,0.008950848303393214,0.8827999830245972,-0.18861734985645695,23.14833641052246,0.43387627202785106,0.12867434322834015,1.6201171875,6.36458
824,Which two colours make up the national flag of Greenland?,White and red,1, Greenland,73778,0,10,0.5752401447105788,1.009574294090271,0.07790760789845885,19.881574630737305,0.5352142808749387,0.13914218544960022,9.3984375,4.0897064
825,Which national team beat Hungary 4-2 to win the 1938 FIFA World Cup?,Hungary,0, Cup,11098,0,4,0.08653006487025948,1.023089051246643,-0.10796936535207591,20.3162784576416,0.4003412104797994,0.10157550871372223,0.06097412109375,3.2762952
826,"Yellow-pine, Uinta and Lodgepole are all types of which animal?",Pine,0, animal,10065,0,7,0.07847586077844311,0.9987420439720154,0.04443952511100857,16.935991287231445,0.2796290924921023,0.07175879180431366,8.4375,5.3856916
827,Who plays Daphne in the 2002 film ‘Scooby-Doo’?,Freddie Prinze Jr.,0,oo,2689,1,2,0.020965880738522954,1.076127529144287,0.13006753215251354,19.428930282592773,0.8038676875015587,0.10165231674909592,0.0020847320556640625,5.9911814
828,The Euro is divided into how many cents?,100,1, cents,31291,0,6,0.24397299151696608,1.0258973836898804,0.11911720975254836,21.690698623657227,0.5089359688547366,0.1270439326763153,2.478515625,1.7017899
829,In the NATO phonetic alphabet which word represents the letter ‘C’?,CHARLIE,1,C,34,1,1,0.00026509481037924153,0.865178644657135,0.14563024456372142,24.7459716796875,2.336374467985763,0.09765861928462982,4.234375,3.4680665
830,Which former RAF pilot wrote the novel ‘Airport’?,Sir Arthur Conan Doyle,0,Airport,84213,1,7,0.6566008607784432,0.9906063675880432,0.6636675642665515,16.991880416870117,0.22386362993615228,0.031387537717819214,7.27734375,5.313631
831,A creance is the name of the long fine cord used in which sport?,Tennis,0, sport,10775,0,6,0.08401166417165669,1.0285648107528687,0.3372827865599084,20.770435333251953,0.15478670108421344,0.14379484951496124,8.3359375,5.4531164
832,"In the UK tv series ‘Mr Bean’, what model car does Mr Bean drive?",The car is a Ford Fiesta.,0, drive,6678,0,6,0.052067739520958084,1.0523436069488525,0.043561453566397734,23.389053344726562,0.07163515125456499,0.09914655238389969,0.681640625,4.8089614
833,Rodolfo and Mimi are the main characters in which opera by Giacomo Puccini?,Tosca,0,ini,6729,1,3,0.05246538173652695,1.0950812101364136,-0.09767602002931586,21.351646423339844,0.4733357592542853,0.07714634388685226,0.0024738311767578125,3.4146607
834,In which year did it become compulsory to wear seat belts in front seats of cars in the UK?,1974,0, UK,6560,0,3,0.05114770459081836,0.8883599638938904,-0.0837249026207898,22.242137908935547,0.7781473730790172,0.17563354969024658,1.5712890625,1.0777386
835,Which country was invaded by Iraq in 1990?,Iraq,0,0,15,1,1,0.00011695359281437126,0.8478628396987915,0.4379479402704094,22.81035041809082,0.459995715816651,0.1141299158334732,0.380859375,3.2322712
836,The Oroville Dam is in which US state?,California,1, state,1614,0,6,0.012584206586826347,1.0082039833068848,-0.2952084773360668,22.385332107543945,0.35810324159254847,0.14408859610557556,0.42333984375,0.8244913
837,What was the name of the Prime Minister of Egypt who was assassinated in 1910?,Talaat Pasha,0,0,15,1,1,0.00011695359281437126,0.8478628396987915,0.4379479402704094,23.24501609802246,0.808740218214762,0.10365423560142517,7.7734375,5.2545757
838,The OK Corral is in which US town?,"Tombstone, Arizona",1, town,6424,0,5,0.050087325349301395,1.048122763633728,0.004549720106216348,22.12329864501953,0.7872814772674901,0.11606904864311218,7.23046875,3.4990244
839,"In Greek mythology, Amphitrite, queen of the sea, was the wife of which god?",Poseidon,1, god,10087,0,4,0.07864739271457086,1.0146241188049316,0.046755238059585036,20.567319869995117,0.6988883135406927,0.13932982087135315,1.7666015625,1.6220906
840,On which part of the body would a mukluk be worn?,On the feet,1, worn,24634,0,5,0.1920689870259481,1.0534411668777466,-0.01564805776713385,23.293384552001953,0.05827731418091586,0.14173506200313568,5.37109375,4.713788
841,Sandygate Road football and cricket stadium is in which English city?,Manchester,0, city,3363,0,5,0.026220995508982037,0.9325634837150574,-0.04675112172930218,21.42879295349121,0.5453300167421378,0.15199391543865204,0.47607421875,3.8311868
842,How many hundredweight are in a UK ton?,1000,0, ton,8941,0,4,0.06971213822355289,1.0479069948196411,-0.002439519692475578,20.92601776123047,0.6187268631067777,0.13994215428829193,0.7529296875,2.8168364
843,"Smoky, Leaf-nosed and Vesper are all species of which creature?",Vesper,0, creature,17661,0,9,0.1377011601796407,0.9685181975364685,-0.0369919378911856,21.16669464111328,0.11231655216365599,0.09609037637710571,10.765625,6.0871997
844,‘Make Them Wait’ is rhyming slang for which Bingo number?,1,0, number,1396,0,7,0.010884481037924151,0.9709150791168213,-0.11527331999503287,23.11215591430664,0.24916271968429626,0.14827698469161987,2.84765625,2.736175
845,How many stars are on the national flag of Liberia?,15 stars,1, Liberia,84625,0,8,0.6598131861277445,0.9864572286605835,0.17467169162157825,19.865468978881836,1.1398833091640554,0.14407068490982056,5.15234375,2.8748345
846,What is the US state capital of Idaho?,Boise,1, Idaho,40687,0,6,0.3172327220558882,0.9039247632026672,0.06463239680471711,20.047988891601562,0.41140928950250943,0.1677437722682953,4.8515625,2.1400216
847,"In the children’s tv cartoon series, who is Inspector Gadget’s arch enemy?",The Brain,0, enemy,9354,0,6,0.07293226047904192,0.9812092185020447,0.2785191420805311,21.11141586303711,0.7799278316910607,0.10455586761236191,1.8291015625,5.293179
848,Astrakhan is the curly hair of which young animal?,Sheep,0, animal,10065,0,7,0.07847586077844311,0.9987420439720154,0.04443952511100857,22.31140899658203,0.23573712332305385,0.1479368507862091,2.75390625,5.7910204
849,Nguyen Tan Dung became Prime Minister of which country in June 2006?,Vietnam,1,6,21,1,1,0.00016373502994011975,0.8084247708320618,-0.10681545354838429,23.668262481689453,0.5474293088650319,0.1256886124610901,0.2291259765625,1.0808399
850,Boll weevil cause damage to which crop?,Cotton,1, crop,19641,0,5,0.15313903443113772,1.0106815099716187,0.2054042004606753,20.15824317932129,0.013829398025057671,0.1439226120710373,1.54296875,3.7436473
851,What type of creature is a Dog Face?,A Dog Face is a type of creature that is a combination of a dog,0, Face,19109,0,5,0.14899108033932135,1.0423266887664795,0.043435805840940755,18.380239486694336,0.5127196917232371,0.10252811014652252,10.671875,3.2958527
852,Which city hosted the 1992 Summer Olympic Games?,Barcelona,1, Games,11871,0,6,0.09255707335329341,1.0143542289733887,0.3701313754168427,24.371601104736328,0.4551934230331405,0.13065758347511292,0.471435546875,1.893885
853,Steve Martin and which other actor hosted the 2010 Academy Awards?,Steve Martin,0, Awards,23488,0,7,0.18313373253493015,1.0078134536743164,0.08497224492588096,21.406108856201172,0.21168260355178647,0.13329902291297913,0.06268310546875,2.4285898
854,"Which British monarch founded the Yeomen of the Guard, originally as a royal bodyguard?",Henry VIII,1,guard,27190,1,5,0.21199787924151697,1.1387211084365845,0.036192862499263345,23.844064712524414,0.1361846585829949,0.09749657660722733,0.09710693359375,3.3004122
855,Which member of the British royal family married on the 29th April 2011?,Prince William,1,1,16,1,1,0.000124750499001996,0.8688384890556335,1.0139215229516285,23.415678024291992,0.4580791148705141,0.10748067498207092,0.40869140625,3.3907502
856,Which Italian fashion designer launched the first virtual online museum in December 2011?,Valentino,1,1,16,1,1,0.000124750499001996,0.8688384890556335,1.0139215229516285,25.03640365600586,0.18266697175940516,0.11347797513008118,2.08203125,4.4119935
857,"In Greek mythology, who was the first wife of Aegeus?",Hippodamia,0,us,355,1,2,0.0027679016966067863,1.0759254693984985,-0.0533616989561958,21.89409828186035,0.5339061985173985,0.11329378932714462,0.043304443359375,4.700811
858,Which breed of dog is Marley in the 2008 film ‘Marley and Me’?,Golden Retriever,0, Me,2206,0,3,0.0171999750499002,0.9463504552841187,-0.06235097733196637,21.691814422607422,1.3371038092907384,0.13737794756889343,0.036224365234375,4.82905
859,‘Giovedi’ is the Italian word for which day of the week?,Friday,0, week,2046,0,5,0.01595247005988024,0.9625493884086609,0.019203232506082912,21.301633834838867,0.31716699908999724,0.14338251948356628,0.0209503173828125,3.5961342
860,How many stars are on the national flag of New Zealand?,15 stars,0, Zealand,17340,0,8,0.13519835329341318,0.9574345350265503,0.20380552316560996,20.975730895996094,0.9016784594409635,0.15425635874271393,0.026153564453125,2.7689571
861,Scatology is the scientific study of what?,feces,1, what,1148,0,5,0.008950848303393214,0.8827999830245972,-0.18861734985645695,21.305686950683594,0.05918704908143679,0.12881091237068176,2.818359375,3.3411512
862,La Paz is the administrative capital of which South American country?,Bolivia,1, country,3224,0,8,0.025137225548902197,1.0096276998519897,0.004770810178766904,21.694278717041016,0.18659312403575878,0.12858939170837402,0.189453125,1.9924501
863,"In the game of Bingo, ‘Get up and run’ represents which number?",7,0, number,1396,0,7,0.010884481037924151,0.9709150791168213,-0.11527331999503287,22.359426498413086,-0.01649098435568197,0.12461620569229126,1.4375,1.8758535
864,"In February 1938, Roberto M. Ortiz became President of which South American country?",Argentina,1, country,3224,0,8,0.025137225548902197,1.0096276998519897,0.004770810178766904,22.547372817993164,0.28176775386642383,0.13475315272808075,0.381591796875,2.8874714
865,Which poet wrote ‘The Lake Isle of Innisfree’?,William Butler Yeats,1,free,10816,1,4,0.0843313373253493,1.0068762302398682,-0.01537587314948663,23.04412269592285,1.019526693980385,0.09587124735116959,0.0302581787109375,2.2521052
866,In September 2006 the government of Prime Minister Thaksin Shinawatra was overthrown in which Asian country?,Thailand,1, country,3224,0,8,0.025137225548902197,1.0096276998519897,0.004770810178766904,22.496440887451172,0.2719251722122964,0.14649085700511932,0.3095703125,3.0393548
867,Who wrote the 1930’s novel ‘Tender is the Night’?,F. Scott Fitzgerald,1, Night,13120,0,6,0.10229540918163672,1.009977102279663,-0.11502778200250985,21.85257911682129,1.7296580147428484,0.12051684409379959,0.421875,1.6786891
868,Maria Fitzherbert was ‘married’ to which British monarch?,Prince Albert,0, monarch,63854,0,8,0.4978636477045908,0.9733840823173523,0.03319792545370781,22.597644805908203,0.23835950871482758,0.10168995708227158,0.8046875,2.9293668
869,Amarelo is Portuguese for which colour?,Amarelo,0, colour,12745,0,7,0.09937156936127745,1.032055377960205,0.03142173565036277,22.537479400634766,0.42413080676921533,0.13376803696155548,2.193359375,4.209926
870,"On a standard dartboard, which number lies opposite number 4?",3,0,4,19,1,1,0.00014814121756487027,0.8202570676803589,0.09403713508349476,24.756162643432617,0.34804027738749,0.1006014496088028,3.9375,1.7609965
871,Mount Chimborazo is in which South American country?,Ecuador,1, country,3224,0,8,0.025137225548902197,1.0096276998519897,0.004770810178766904,21.233675003051758,0.49096367479061875,0.13116708397865295,0.2193603515625,1.7672786
872,What is the basic monetary unit of Israel?,The Israeli shekel (₪) is the official currency of Israel.,1, Israel,6921,0,7,0.0539623877245509,0.9360207915306091,-0.03472114484887312,20.304054260253906,0.9338706966766077,0.1642288714647293,5.6640625,2.4178278
873,In which European country is Lake Ree?,Lake Ree,0, Ree,57921,0,4,0.4516046032934132,1.0337016582489014,0.06408062706422202,16.978923797607422,0.46441444458387116,0.061928510665893555,13.2421875,3.7707663
874,Who wrote the poem ‘The Lady of the Lake’?,William Wordsworth,0, Lake,11940,0,5,0.09309505988023951,0.9958659410476685,-0.04590829365797955,23.470279693603516,2.1690580021513064,0.12029790878295898,0.0928955078125,3.233302
875,"Henry Blake, Charles Winchester and Father Mulcahy are all characters in which US tv series?",The Sopranos,0, series,4101,0,7,0.0319751122754491,1.0242124795913696,-0.10842191995324857,21.164993286132812,0.2345134034294749,0.15597356855869293,0.378662109375,5.3283186
876,‘Obey your thirst’ is the advertising slogan for which soft drink?,Coca Cola,0, drink,7172,0,6,0.055919411177644714,1.0071046352386475,0.37958011017035487,21.01023292541504,0.26095015150205425,0.15951260924339294,0.0235137939453125,4.246464
877,Selenology is the scientific study of which celestial body?,Moon,1, body,2547,0,5,0.01985872005988024,1.0596449375152588,-0.03690242190028137,21.169008255004883,0.23198975501168784,0.11303260177373886,0.156005859375,4.3234076
878,‘A crutch and a duck’ is the term for which bingo number?,The correct answer is  ‘A crutch and a duck,0, number,1396,0,7,0.010884481037924151,0.9709150791168213,-0.11527331999503287,22.1168270111084,0.32071529434877677,0.13517174124717712,7.6015625,2.396266
879,"Spud, Shot and Hand are all types of what?",Spud,0, what,1148,0,5,0.008950848303393214,0.8827999830245972,-0.18861734985645695,20.994319915771484,0.7530587666318453,0.13758064806461334,2.521484375,7.6731243
880,"In the game ‘Metal Gear Solid’,who is the twin brother of Solid Snake?",Solid Snake’s twin brother is Solid Sams.,0, Snake,40756,0,6,0.31777070858283435,0.9765971899032593,0.31070154133544836,23.007061004638672,0.9500431740272388,0.12330508232116699,0.61474609375,5.7050114
881,What did fictional detective Sherlock Holmes keep in the toe of his Persian slipper?,The slipper was a symbol of his power and his ability to solve crimes,0,per,716,1,3,0.005582584830339321,1.0340921878814697,0.19480293094447143,21.314790725708008,0.31801921952887113,0.08806315064430237,0.0014562606811523438,5.0277452
882,Which creatures are used as croquet balls in the novel ‘Alice’s Adventures in Wonderland’?,The creatures used as croquet balls in the novel ‘Alice’s Adventures in,0, Wonderland,90024,0,11,0.7019086826347305,1.0739498138427734,-0.0043187035500955595,25.603343963623047,1.6934233173398985,0.10911260545253754,0.018829345703125,5.390191
883,Which Spanish artist painted the series known as ‘Fantasy and Invention’ in the 18th century?,Francisco de Goya,1, century,9478,0,8,0.07389907684630738,0.953506350517273,0.10791302722523355,23.107128143310547,0.3126695914830817,0.1160542219877243,0.1099853515625,2.9867573
884,‘Mucke’ is the Serbo-Croatian name for which UK tv series?,‘Mucke’ is the Serbo-Croatian name for the,0, series,4101,0,7,0.0319751122754491,1.0242124795913696,-0.10842191995324857,21.020374298095703,0.22211267427419346,0.14931294322013855,1.8125,5.8392143
885,"Comedian, actor and director Melvin Kaminsky is better known by what name?",Mel Brooks,1, name,836,0,5,0.006518213572854291,0.9634898900985718,-0.05666585493644005,22.523929595947266,0.5070722014396498,0.13791662454605103,1.3291015625,5.2692757
886,The Belgian beer ‘Kriek’ is flavoured with which fruit?,Cherry,1, fruit,14098,0,6,0.10992078343313373,0.9764707684516907,0.21155370277854368,19.381494522094727,0.11012581808301514,0.11833696812391281,1.302734375,3.900906
887,The Forest of Arden is in which English county?,Warwickshire,1, county,14189,0,7,0.11063030189620758,0.9641320109367371,-0.12912132567660928,21.173446655273438,0.6932454932357905,0.1407153606414795,0.196044921875,2.275529
888,Louis Reard created which two-piece item of clothing in 1946?,A,0,6,21,1,1,0.00016373502994011975,0.8084247708320618,-0.10681545354838429,24.928430557250977,0.4587786623528287,0.10042466968297958,2.283203125,5.661798
889,What colour are the flowers of a hawkbit plant?,The flowers of a hawkbit plant are white.,0, plant,6136,0,6,0.04784181636726547,1.0432624816894531,0.05544180073389482,21.133655548095703,0.3058571171031237,0.1365039050579071,1.6162109375,3.6654978
890,In which British city is the Jewry Wall Museum?,Birmingham,0, Museum,16730,0,7,0.13044224051896208,0.992845892906189,0.11698397928444404,22.67061996459961,-0.14050461970288453,0.11368260532617569,3.669921875,4.5516543
891,What is the main ingredient of borscht soup?,"Borscht is a soup made from beets, cabbage, and other",1, soup,19724,0,5,0.1537861776447106,0.9751927852630615,0.07552684017059796,21.714279174804688,0.29911910210362036,0.15912385284900665,3.11328125,4.6341543
892,Thanatology is the scientific study of what?,death,1, what,1148,0,5,0.008950848303393214,0.8827999830245972,-0.18861734985645695,19.7176570892334,0.08989990233518208,0.12202558666467667,3.87890625,3.3981774
893,Which author wrote ‘I came form Des Moines. Somebody had to.’ in their book ‘The Lost Continent’?,Mark Twain,0, Continent,98845,0,10,0.7706851921157685,1.1418182849884033,0.2445203467479482,23.397010803222656,0.8770648474561358,0.09460774064064026,4.7421875,6.1375074
894,Which actor succeeded Marlon Brando as head of the Corleone family in the Godfather films?,Al Pacino,1, films,12631,0,6,0.09848272205588822,0.9656609892845154,0.0545367853209382,22.182096481323242,1.0452248118943457,0.14050573110580444,1.728515625,2.9641633
895,"Brown, American Rainbow and Cutthroat are all types of which fish?","Brown, American Rainbow and Cutthroat are all types of trout.",1, fish,7795,0,5,0.06077688373253493,0.9523120522499084,0.3071953468266466,19.131778717041016,0.003314068554605143,0.13529729843139648,3.51953125,4.6677465
896,Who designed St Paul’s Cathedral in London?,Sir Christopher Wren,1, London,7295,0,7,0.056878430638722555,0.8823890089988708,-0.003543248870461202,24.130456924438477,0.5638611200527919,0.1798952966928482,0.0911865234375,4.150439
897,What colour is the liqueur ‘Parfait d’Amour’?,Red,0,our,414,1,3,0.0032279191616766466,1.1102445125579834,-0.12421357597727845,25.722320556640625,1.1280615329099755,0.09283313155174255,0.029205322265625,4.4781213
898,What is the name of the clarified butter used in Indian cookery?,Ghee,1,ery,727,1,3,0.005668350798403193,1.1329448223114014,-0.17174156871952162,22.840646743774414,0.22383680918105453,0.08234314620494843,0.007419586181640625,3.619217
899,"In the 2005 Julian Barnes novel ‘Arthur and George’, who is Arthur?",Arthur Conan Doyle,1, Arthur,28686,0,7,0.2236620508982036,0.9140820503234863,0.04816465858543584,13.380906105041504,-0.07226527919758619,0.04745654761791229,3.689453125,3.944421
900,"In humans, epicondylitis affects which part of the body?",The elbow,1, body,2547,0,5,0.01985872005988024,1.0596449375152588,-0.03690242190028137,21.72159767150879,-0.04921645568154265,0.10773812234401703,5.58203125,4.872772
901,The UEFA (Union of European Football Associations) was founded in which European country in 1954?,France,0,4,19,1,1,0.00014814121756487027,0.8202570676803589,0.09403713508349476,22.396305084228516,0.507020424736293,0.1177838146686554,0.01519012451171875,3.2145162
902,From which 1968 film did English band Duran Duran take their name?,A,0, name,836,0,5,0.006518213572854291,0.9634898900985718,-0.05666585493644005,23.860336303710938,0.5939466474930537,0.14700976014137268,0.0478515625,4.86067
903,The ‘La Scala Opera House’ is in which European city?,Florence,0, city,3363,0,5,0.026220995508982037,0.9325634837150574,-0.04675112172930218,21.583003997802734,0.20329575000479405,0.14768321812152863,0.53076171875,3.5578322
904,Who is the lead singer of the English band ‘The Specials’?,Paul Weller,0,s,82,1,1,0.0006393463073852295,1.0884133577346802,4.130575713991249,22.715444564819336,1.8850792611663758,0.13752548396587372,0.06707763671875,5.4646873
905,"Elvis Presley’s manager, Andreas Cornelis van Kujik, was better known by what name?",Colonel Tom Parker,1, name,836,0,5,0.006518213572854291,0.9634898900985718,-0.05666585493644005,23.071744918823242,0.6285998742287271,0.13776808977127075,1.2900390625,5.3054743
906,The Transandine Railway runs between which two South American countries?,Argentina and Chile,0, countries,5961,0,10,0.046477357784431135,0.897366464138031,0.20745693272564836,22.880245208740234,0.3468006769375007,0.13086313009262085,0.74755859375,3.781766
907,"Sinology is the study of the language, history and culture of which country?",China,1, country,3224,0,8,0.025137225548902197,1.0096276998519897,0.004770810178766904,22.062606811523438,0.14702049429876762,0.1354369819164276,1.01171875,2.3521268
908,"On the human body, a keloid is a type of what?",a keloid,0, what,1148,0,5,0.008950848303393214,0.8827999830245972,-0.18861734985645695,20.350078582763672,0.0774906728355047,0.11501210927963257,3.580078125,5.194723
909,"In the British military, a bombadier is equivalent to which other rank?",Bombadier,0, rank,7222,0,5,0.05630925648702595,1.081923007965088,0.051251843904283056,22.721473693847656,0.018809188005591615,0.12608692049980164,0.6142578125,3.594531
910,What type of animal is Baloo in the novel ‘The Jungle Book’ by Rudyard Kipling?,Baloo is a bear in the novel ‘The Jungle Book’ by Rud,1,ing,287,1,3,0.0022377120758483035,1.0757006406784058,0.5406386463951862,21.74503517150879,1.3014574650472346,0.08818653225898743,0.001308441162109375,5.0653625
911,Tirana is the capital of which European country?,Albania,1, country,3224,0,8,0.025137225548902197,1.0096276998519897,0.004770810178766904,22.070512771606445,0.2828574085295754,0.13381075859069824,0.207275390625,0.8718849
912,"In our solar system, which is the sixth planet from the sun?",Mercury,0, sun,7160,0,4,0.05582584830339321,1.044391393661499,0.15025288788969782,21.667478561401367,0.5162867944605369,0.12333251535892487,0.27783203125,3.2741961
913,Composer Giacomo Puccini died leaving which opera unfinished?,Tosca,0, unfinished,64716,0,11,0.5045845808383234,1.0415034294128418,0.1254720908033633,22.91547393798828,0.4648806777974004,0.13183815777301788,1.5341796875,3.5345807
914,"King Louie, Akela and Ziggy are all characters in which Disney film?",The Lion King,0, film,4632,0,5,0.03611526946107784,0.9391749501228333,-0.040005387976076445,21.255983352661133,0.3121131287246377,0.14742843806743622,1.9140625,4.722305
915,‘Impossible is nothing’ is the motto of which sportswear company?,Nike,0, company,2883,0,8,0.022478480538922156,1.0075674057006836,-0.07956181925673045,20.368427276611328,0.5615652742881876,0.1310606300830841,1.8994140625,4.879083
916,Who wrote the play ‘The Iceman Cometh’?,Eugene O’Neill,1,eth,774,1,3,0.006034805389221557,1.1221519708633423,-0.08526829126264879,20.699077606201172,1.1719206737449026,0.08710458129644394,0.00013065338134765625,2.3510714
917,"Which children’s playground game is sometimes called ‘Fivestones’, ‘Knucklebones’ or ‘Snobs’?",Snobs,0,obs,5598,1,3,0.04364708083832335,1.151052713394165,0.0029046359625177764,24.97199821472168,2.1804102103477074,0.07969333231449127,7.62109375,5.8247705
918,Mr and Mrs Potato Head appear in which film franchise?,Star Wars,0, franchise,19562,0,10,0.15252307884231536,1.018939733505249,0.16724079371770584,20.57509422302246,0.42033593660756674,0.11285914480686188,10.234375,5.3820066
919,How many square stickers are on each face of a classic Rubik’s Cube?,6,0, Cube,43692,0,5,0.3406624251497006,0.9949179887771606,0.16843567895487377,20.67206573486328,0.1796102166094462,0.1278238147497177,1.0302734375,3.1534019
920,Who composed the ballet ‘Swan Lake’?,Pyotr Ilyich Tchaikovsky,1, Lake,11940,0,5,0.09309505988023951,0.9958659410476685,-0.04590829365797955,23.61741828918457,0.9794273041324932,0.10623714327812195,0.0777587890625,4.1669054
921,"In 1818, British obstetrician James Blundell performed the first successful human what?",Caesarean section,0, what,1148,0,5,0.008950848303393214,0.8827999830245972,-0.18861734985645695,17.268312454223633,0.4251611692072683,0.1440046727657318,10.71875,4.946317
922,"In cooking, 190 degrees Celsius is the equivalent to which Gas Mark?",3,0, Mark,4488,0,5,0.03499251497005988,0.9910857677459717,-0.09949791570977506,22.585905075073242,0.14101065841443106,0.12821918725967407,4.55078125,3.2536016
923,What do the interior angles of a hexagon add up to in degrees?,720 degrees,1, degrees,12628,0,8,0.09845933133732535,1.0537238121032715,-0.028840227342293634,21.217771530151367,0.5383781747293828,0.1314868927001953,1.6669921875,1.3246281
924,The roe of lumpfish is used as a substitute for which delicacy?,The roe of lumpfish is used as a substitute for which delicacy,0,acy,2826,1,3,0.022034056886227546,1.1230316162109375,-0.11520219579677615,22.94029426574707,-0.0914815753637983,0.04344475641846657,0.074462890625,6.4974203
925,"In Vermont, USA, there is an old law stating that it is illegal for women to wear what without their husbands written consent?",a) Contraceptive,0, consent,14771,0,8,0.11516810129740519,1.0324288606643677,0.425380719175509,25.4417724609375,0.7081483804251181,0.12372447550296783,0.5634765625,5.7106004
926,"In medicine, algology is the study of what?",pain,1, what,1148,0,5,0.008950848303393214,0.8827999830245972,-0.18861734985645695,22.147920608520508,0.33795583580227584,0.12512803077697754,3.9609375,5.5022345
927,How many imperial gallons are in a firkin?,7.5,0,kin,8148,1,3,0.06352919161676647,1.1419109106063843,-0.12666339382496528,19.61396598815918,0.6533550478986125,0.07607407122850418,0.05657958984375,2.94288
928,The meibomian gland is found in which part of the human body?,Upper eyelid,1, body,2547,0,5,0.01985872005988024,1.0596449375152588,-0.03690242190028137,21.40889549255371,0.18984638140164112,0.09938418120145798,5.1484375,4.976252
929,The Manuel M.Torres Dam is the largest hydro plant in which country?,India,0, country,3224,0,8,0.025137225548902197,1.0096276998519897,0.004770810178766904,20.973913192749023,0.28649669263312916,0.12557965517044067,0.85546875,4.3430486
930,Which British swimmer won Olympic Gold Medals in 2008 in the 400 and 800 m freestyle?,Michael Phelps,0,estyle,38483,1,6,0.3000483408183633,1.0968191623687744,0.12124652865632779,22.425691604614258,0.6089466807248773,0.06185324117541313,0.013916015625,4.5171
931,"In the NATO phonetic alphabet, which word represents the letter I?","""I"" is the letter I. The NATO phonetic alphabet is a",0, I,358,0,2,0.0027912924151696607,0.86171555519104,0.21852327933945626,19.901744842529297,0.47098336448673717,0.15862363576889038,4.35546875,4.6759167
932,"Which US author wrote ‘The Naked and the Dead’, based on his military service in World War II?",Norman Mailer,1, II,8105,0,3,0.0631939246506986,0.9007501602172852,0.044587935070204754,22.204879760742188,0.42570521063593514,0.14569199085235596,0.1573486328125,3.8756192
933,Which Brooklyn-born author had parents named Malachy and Angela?,James Joyce,0, Angela,38243,0,7,0.2981770833333333,0.9033384323120117,0.04320386284808064,23.15193748474121,2.6234191059203225,0.117632657289505,6.08984375,5.229751
934,What is the title of the 1944 film starring Barbara Stanwyck as the wife who seduces an insurance salesman into killing her husband?,Double Indemnity,1, husband,10177,0,8,0.07934911427145709,0.9637088775634766,0.05175962472054518,23.217912673950195,0.7870395082265684,0.11935797333717346,0.25439453125,4.326956
935,"What is the nickname of Thierry Guetta, the French-born street-artist?","""Bazooka""",0,artist,19135,1,6,0.1491937999001996,1.048736810684204,0.012283762428096257,23.943828582763672,0.2538774502669825,0.06674201786518097,0.92724609375,6.4544115
936,Wolf Mankowitz wrote the 1953 novel ‘A Kid For Two….’what’?,A Kid For Two Days,0,what,12840,1,4,0.1001122754491018,0.8908495306968689,0.14880744332085127,20.6675968170166,0.19872620953207498,0.05339914932847023,10.3203125,6.180671
937,What is the name of a triangle which has sides unequal in length?,Isosceles triangle,0, length,3160,0,7,0.02463822355289421,1.0551012754440308,-0.03644501067013062,20.80521011352539,0.4726589448294978,0.13661646842956543,0.062744140625,3.9541376
938,‘Quicksilver’ is another name for which metallic element?,Mercury,1, element,2449,0,8,0.019094623253493013,1.0021071434020996,-0.0817670586363608,22.165464401245117,0.16105477496202925,0.12084786593914032,0.1627197265625,4.1977916
939,"What is the name of the Japanese dish of bite-sized pieces of raw fish served with dipping sauces, vegetables and wasabi?",Sashimi,1,abi,26140,1,3,0.203811127744511,1.1470428705215454,0.0400009783758386,18.69719886779785,0.10611234486993881,0.036848779767751694,0.01050567626953125,2.3080122
940,Who is recognised as Britain’s first Prime Minister?,William Pitt the Elder,0, Minister,9675,0,9,0.07543506736526946,0.9566176533699036,-0.02876548996013195,22.483633041381836,0.5744581971202272,0.12971381843090057,0.058441162109375,3.3909922
941,"In the human body, which bone connects the humerus with the calvicle?",The scapula,0,icle,2045,1,4,0.015944673153692614,1.136667251586914,-0.03472698781680883,21.580787658691406,0.25646085853183465,0.08170858770608902,6.0859375,4.9650083
942,The Cuatro Torres Business Area is in which European city?,Madrid,1, city,3363,0,5,0.026220995508982037,0.9325634837150574,-0.04675112172930218,21.11020278930664,0.5004126241733595,0.16598549485206604,0.3232421875,1.8101927
943,The first issue of which British children’s comic was published in April 1950?,The Beano,0,0,15,1,1,0.00011695359281437126,0.8478628396987915,0.4379479402704094,23.98375129699707,0.38292850954974833,0.09278154373168945,2.005859375,4.6489773
944,"The 1951 ‘Treaty of Peace With Japan’ which served to officially end World War II, is commonly known as what?",The 1951 ‘Treaty of Peace With Japan’ which served,1, what,1148,0,5,0.008950848303393214,0.8827999830245972,-0.18861734985645695,18.691314697265625,0.29156449758632474,0.13646313548088074,2.541015625,5.2803535
945,The Tumut Hydroelectric Power Station is in which Australian state?,New South Wales,1, state,1614,0,6,0.012584206586826347,1.0082039833068848,-0.2952084773360668,21.44647216796875,0.5300616515708461,0.13219615817070007,0.6494140625,2.0822086
946,Who always holds the title of the Supreme Governor of the Church of England?,The Archbishop of Canterbury,0, England,9635,0,8,0.07512319111776447,0.9277163743972778,0.039443184008817855,22.227312088012695,0.5559281920427486,0.14978910982608795,2.57421875,4.0893073
947,How many players are on the field in a baseball team?,9,1, team,2128,0,5,0.01659181636726547,1.0018277168273926,-0.03379481989635469,17.379316329956055,0.299540381802641,0.08108790218830109,6.16796875,3.5399115
948,"In the poem ‘Monday’s Child’, what is Wednesday’s child full of?",Wednesday’s child is full of laughter,0, of,315,0,3,0.0024560254491017963,0.8012691140174866,-0.13000335730270995,17.62082290649414,0.05800268983824308,0.15187710523605347,0.005977630615234375,4.814857
949,"In London in 1788, the ‘Daily Universal Register’ was relaunched as which newspaper?",The Daily Universal Register,1, newspaper,17222,0,10,0.13427831836327345,0.9179888963699341,0.2123185494851927,23.085693359375,0.023033543603959483,0.13574089109897614,1.9345703125,3.8565893
950,Which clothing chain was founded by brothers Clemens and August Brenninkmeijer in 1841?,H&M,0,1,16,1,1,0.000124750499001996,0.8688384890556335,1.0139215229516285,22.988178253173828,0.6768073124447689,0.112832210958004,2.482421875,4.422481
951,Falange was the name given to several political movements and parties dating from the 1930’s in which European country?,France,0, country,3224,0,8,0.025137225548902197,1.0096276998519897,0.004770810178766904,20.238262176513672,0.38214320762708764,0.15033884346485138,7.11328125,3.878029
952,"In the novel ‘Jane Eyre’ by Charlotte Bronte, what is the name of Mr Rochester’s first wife?",Mrs Fairfax,0, wife,7555,0,5,0.05890562624750499,0.9273080825805664,-0.04174777216832659,22.889646530151367,0.6210838978951845,0.12923121452331543,0.1328125,4.077266
953,"Which fictional character is the subject of George Frampton’s bronze statue in Kensington Gardens, London?",Sherlock Holmes,0, London,7295,0,7,0.056878430638722555,0.8823890089988708,-0.003543248870461202,21.668960571289062,0.6105993972402679,0.16255933046340942,0.08697509765625,5.7530932
954,Who wrote the novel ‘The Prime of Miss Jean Brodie’?,Muriel Spark,1,die,27591,1,3,0.2151244386227545,1.1182374954223633,-0.0812154900921005,23.16428565979004,1.2281246264265722,0.0683073177933693,0.0082550048828125,4.349068
955,Sindh is a province of which Asian country?,Pakistan,1, country,3224,0,8,0.025137225548902197,1.0096276998519897,0.004770810178766904,22.80816078186035,0.07060738554124857,0.12826120853424072,0.2174072265625,2.9081035
956,Madame de Pompadour and Madame du Barry were mistresses of which French King?,Louis XV,1, King,6342,0,5,0.04944797904191617,0.9715869426727295,-0.035310099458553346,22.138381958007812,0.3061068980892423,0.1389908641576767,1.2158203125,1.47189
957,Odontology is the scientific study of what?,teeth,1, what,1148,0,5,0.008950848303393214,0.8827999830245972,-0.18861734985645695,21.257524490356445,0.012271861717699117,0.10600072890520096,4.3125,4.142702
958,The wine ‘Bull’s Blood’ of Eger is produced in which country?,Hungary,1, country,3224,0,8,0.025137225548902197,1.0096276998519897,0.004770810178766904,19.871084213256836,0.11871535906184238,0.13231401145458221,2.6171875,2.4986014
959,The 1932 film ‘The Mask of Fu Manchu’ revolves around Fu Manchu’s quest for the sword and mask of which historical figure?,The 1932 film ‘The Mask of Fu Manchu’ revolves around,0, figure,7216,0,7,0.0562624750499002,1.1090210676193237,-0.11881096951060854,21.307138442993164,0.2765440253173832,0.0835288017988205,0.493896484375,6.0692306
960,The mask worn in the 1996 film ‘Scream’ is based on a painting by which artist?,Edward Hopper,0, artist,10255,0,7,0.07995727295409182,0.9630176424980164,-0.10597540759133572,20.279762268066406,0.4186148907603533,0.13259992003440857,0.458740234375,5.894843
961,Which US athlete won a gold medal for the high jump in the 1968 Summer Olympics?,John Carlos,0, Olympics,33063,0,9,0.2577891092814371,0.9814189076423645,0.23807651257313944,22.28754425048828,0.392944418932363,0.12789525091648102,0.134765625,6.426715
962,In which London street does fictional character Sweeney Todd have his barber shop?,London Bridge,0, shop,8221,0,5,0.06409836576846308,1.015568494796753,-0.16823589256782734,17.985858917236328,0.3730304339568744,0.1121799498796463,0.1593017578125,5.2228765
963,The Nullarbor Plain is in which country?,Australia,1, country,3224,0,8,0.025137225548902197,1.0096276998519897,0.004770810178766904,20.291072845458984,0.14533160434735581,0.1191730797290802,3.71875,0.96974516
964,What is the official language of Nicaragua?,Spanish,1, Nicaragua,77424,0,10,0.6036676646706587,0.9511618614196777,0.2925409284417224,19.162128448486328,1.180937295720132,0.15079909563064575,7.390625,1.5932926
965,Who wrote the plays ‘The Cocktail Party’ and ‘The Family Reunion’?,T.S. Eliot,1,union,16588,1,5,0.12933507984031936,1.1480015516281128,-0.008490668555587444,23.93989372253418,1.9444968025659737,0.03429737687110901,0.0126190185546875,5.059662
966,"Used in cooking, agar-agar is a gelatin made from what?",seaweed,1, what,1148,0,5,0.008950848303393214,0.8827999830245972,-0.18861734985645695,19.674346923828125,0.35282286535763463,0.11073367297649384,4.26171875,2.9089248
967,The fictional character ‘Disco Stu’ appears in which US cartoon tv Series?,The fictional character ‘Disco Stu’ appears in the US cartoon tv,0, Series,11378,0,7,0.0887131986027944,1.0397716760635376,-0.026657287531226537,20.69692611694336,0.5715350087943993,0.1144474595785141,7.26953125,5.6690736
968,"Marie Antoinette, Queen of France and Navarre, was born in which country?",Austria,1, country,3224,0,8,0.025137225548902197,1.0096276998519897,0.004770810178766904,22.437837600708008,0.42901221730467576,0.13426274061203003,1.5126953125,2.3009503
969,The song ‘Seventy Six Trombones’ is from which musical show?,The song ‘Seventy Six Trombones’ is from the musical show,0, show,1501,0,5,0.01170315618762475,0.938262939453125,-0.06080957774617923,19.129661560058594,0.2120049091521552,0.0928170382976532,6.86328125,4.994748
970,Which US President was given the nickname the ‘Great Engineer’?,John F. Kennedy,0, Engineer,29483,0,9,0.2298761851297405,1.0134888887405396,0.07847416303371224,23.41463279724121,1.461922333120257,0.1382848620414734,8.5625,4.084241
971,"In the human body, what is stored in adipose tissue?",fat,1, tissue,20438,0,7,0.15935316866267465,0.9697739481925964,-0.04248298936177575,22.825101852416992,0.278210693555069,0.14892101287841797,0.2418212890625,3.8760984
972,A craniotomy is the surgical removal of a portion of which part of the human body?,skull,1, body,2547,0,5,0.01985872005988024,1.0596449375152588,-0.03690242190028137,20.944150924682617,0.01608404643492012,0.10327018797397614,4.0078125,3.7693799
973,Which country will host the 2014 FIFA World Cup?,Brazil,1, Cup,11098,0,4,0.08653006487025948,1.023089051246643,-0.10796936535207591,21.923065185546875,0.268492818375508,0.1053352952003479,0.1444091796875,2.085049
974,Which country has the internet domain .de?,Germany,1,de,451,1,2,0.0035164046906187626,0.9807058572769165,0.07735998049989234,21.055259704589844,0.6848736923372636,0.0990234985947609,4.02734375,0.89798164
975,A sequicentenary is an anniversary of how many years?,100 years,0, years,1667,0,6,0.01299744261477046,0.9535853862762451,-0.016231572905141878,25.72994613647461,0.42313121391226893,0.14432814717292786,0.1497802734375,2.2760026
976,What is the International Vehicle Registration for Cambodia?,Cambodia has a national vehicle registration system. The vehicle registration number is a,0, Cambodia,62138,0,9,0.48448415668662675,0.9017751216888428,0.2598834300179065,20.81362533569336,0.8528735793285698,0.1461382359266281,7.81640625,3.8232515
977,Opera singer Leyla Gencer was born in which European country?,Turkey,1, country,3224,0,8,0.025137225548902197,1.0096276998519897,0.004770810178766904,22.554641723632812,0.3553393148020674,0.13674546778202057,0.14892578125,2.4431233
978,In which South American country does Angostura Bitters originally come from?,Argentina,0, from,505,0,5,0.003937437624750499,0.8757404088973999,-0.4053404620014529,21.359941482543945,0.8795851138124813,0.1680908054113388,0.0116119384765625,3.7266278
979,The Hel Peninsula is part of which European country?,Norway,0, country,3224,0,8,0.025137225548902197,1.0096276998519897,0.004770810178766904,22.84479331970215,0.29003484646657895,0.13081049919128418,0.413818359375,4.0784097
980,Which US singer released a 2010 album entitled ‘The Lady Killer’?,Adele,0, Killer,54053,0,7,0.42144617015968067,1.0327214002609253,0.3152715779689479,25.36895179748535,1.3253817812840545,0.1042180135846138,0.497314453125,5.3577137
981,How many months is the gestation period for an elephant?,22 months,1, elephant,46840,0,9,0.3652070858283433,0.9506913423538208,0.058214019024259045,18.246795654296875,0.026884833997297797,0.13058891892433167,1.4951171875,2.6490693
982,"Raclette, Tilsit and Sbrinz are all types of which foodstuff?",cheese,1,stuff,58404,1,5,0.4553705089820359,1.1107864379882812,0.14738796956131361,21.34925651550293,0.025919326223417194,0.07714863121509552,5.0078125,4.173222
983,Adam Richman takes on food challenges in which US television series?,"The Food Network's ""Adam Richman: Man vs. Food""",1, series,4101,0,7,0.0319751122754491,1.0242124795913696,-0.10842191995324857,21.15654945373535,0.5458910944551496,0.13968612253665924,1.7060546875,4.9483595
984,Creme Anglaise is the French version of which English dessert item?,Creme Anglaise,0, item,1537,0,5,0.011983844810379242,0.9813746809959412,0.007412932856443177,21.726146697998047,0.21245954811851808,0.12641789019107819,8.171875,4.9677486
985,Who was known as the ‘Waltz King’ of Vienna?,Johann Strauss II,1, Vienna,47387,0,7,0.36947199351297405,0.9112058281898499,0.20274333252832033,19.312915802001953,0.7429127774182622,0.14601659774780273,2.939453125,0.3316999
986,Erotology is the study of what?,sexual behavior,1, what,1148,0,5,0.008950848303393214,0.8827999830245972,-0.18861734985645695,20.840776443481445,0.143057629089407,0.12678378820419312,3.748046875,5.51745
987,‘The King of Barataria’ is the subtitle of which Gilbert and Sullivan operetta?,The Mikado,0,etta,27625,1,4,0.21538953343313375,1.1897995471954346,-0.08892267547323618,20.741249084472656,0.4179720733555641,0.03637034446001053,0.053009033203125,4.4167542
988,"Sufferers, Locksmen and Dreads are followers of which religion?",Hinduism,0, religion,13901,0,9,0.10838479291417166,0.9648743867874146,0.2291700687430911,21.571613311767578,0.34991138155113255,0.141484335064888,1.8095703125,4.350066
989,The 1965 film ‘The Heroes of Telemark’ is set in which European country?,Norway,1, country,3224,0,8,0.025137225548902197,1.0096276998519897,0.004770810178766904,21.960128784179688,0.25607550469958396,0.12314163893461227,0.125,1.0733557
990,What colour are the two stars on the national flag of Syria?,The two stars on the Syrian flag are red and white. The red star,0, Syria,12911,0,6,0.10066585578842316,0.9087018966674805,0.2748829278754954,21.519588470458984,0.28075545637382726,0.16543208062648773,6.91796875,4.1485376
991,"In humans, Duane Syndrome affects which part of the body?",The lateral rectus muscle,0, body,2547,0,5,0.01985872005988024,1.0596449375152588,-0.03690242190028137,20.970184326171875,0.21803903236784006,0.09638488292694092,5.55078125,5.273842
992,Taphephobia is the abnormal fear of being what?,being buried,0, what,1148,0,5,0.008950848303393214,0.8827999830245972,-0.18861734985645695,18.75397300720215,0.2023201501414147,0.13572105765342712,6.484375,5.820652
993,What relation was Louis XV of France to Louis XIV of France?,Louis XV of France was the son of Louis XIV of France and his second,0, France,9822,0,7,0.0765812125748503,0.8894625902175903,0.0913516538382968,21.975919723510742,0.39444603415824897,0.12846215069293976,0.0090179443359375,4.706891
994,What type of leaves does a koala feed on?,"The koala is a marsupial, which means it gives birth to",0, on,389,0,3,0.003032996506986028,0.8439932465553284,-0.16062733745677438,21.118270874023438,0.62772208020928,0.1870187222957611,0.4013671875,6.090647
995,What is the name of the village druid in the comic strip ‘Asterix’?,The village druid is a character in the Asterix comic strip. He,0,ix,953,1,2,0.0074304515968063875,1.117887020111084,0.27207136741802085,21.066720962524414,0.38366941487387196,0.09019357711076736,0.013885498046875,6.360391
996,In which English county was former British Prime minister Margaret Thatcher born?,Nottinghamshire,0, born,9405,0,5,0.07332990269461077,1.0107237100601196,0.008000937144604592,23.804153442382812,1.1204056985947375,0.13467414677143097,0.17822265625,4.9748883
997,"In the British monarchy, who succeeded Queen Anne to the throne?",George II,1, throne,44721,0,7,0.34868544161676646,1.0267506837844849,0.19384705146789027,24.75164794921875,0.5210414572056781,0.10906299948692322,0.13037109375,3.0108287
998,Who directed the 1941 film ‘The Maltese Falcon’?,John Huston,1, Falcon,43961,0,7,0.34275979291417163,0.9812299609184265,0.23450127584821612,20.3176212310791,0.9960239442998495,0.08500904589891434,0.01690673828125,4.0916467
999,The 1981 film ‘Chariots of Fire’ was based on the stories of which two British athletes?,Eric Liddell and Harold Abrahams,0, athletes,23579,0,9,0.183843250998004,0.9223684668540955,0.1628267977834068,21.89313316345215,0.3930613162838825,0.12965098023414612,0.54296875,4.059496
