id,question,model_answer,is_correct,anchor_str,token_id,token_is_suffix,token_len,token_id_rank,layer0_norm,layer0_kurtosis,final_norm,final_kurtosis,drift_cosine,surprisal,prediction_entropy
0,Who was the man behind The Chipmunks?,Ross Bagdasarian,0,unks,15655,1,4,0.12206056636726546,0.6700442433357239,0.0806457351237575,61.96308517456055,16.09854054958864,0.02426852285861969,0.95703125,1.4979945
1,Which Lloyd Webber musical premiered in the US on 10th December 1993?,Cats,0,3,18,1,1,0.0001403443113772455,0.4281560778617859,12.17687754194454,67.04298400878906,19.103219109267055,0.004322919063270092,2.171875,3.4558828
2,Who was the next British Prime Minister after Arthur Balfour?,Henry Campbell-Bannerman,1,our,414,1,3,0.0032279191616766466,0.5376834273338318,0.008251204893987563,65.39708709716797,12.006408969283523,0.003798459889367223,0.002361297607421875,3.4286108
3,Who had a 70s No 1 hit with Kiss You All Over?,Exile,1, Over,6193,0,5,0.04828624001996008,0.5588557124137878,0.3066837047657409,59.59135437011719,20.580955875448748,0.018532508984208107,0.0139617919921875,1.8528928
4,What claimed the life of singer Kathleen Ferrier?,Cancer,1,rier,7401,1,4,0.05770490269461078,0.6413266658782959,-0.17027838308774124,57.47602081298828,21.71236917862592,-0.018906431272625923,0.004985809326171875,2.2235262
5,Rita Coolidge sang the title song for which Bond film?,The Man with the Golden Gun.,0, film,4632,0,5,0.03611526946107784,0.5811712741851807,0.06832887555598699,63.155242919921875,12.16314197238142,0.006115610711276531,0.51708984375,3.2873142
6,What was the last US state to reintroduce alcohol after prohibition?,Mississippi,0, prohibition,50967,0,12,0.39738491766467066,0.7730213403701782,-0.07361263171164234,60.19609451293945,13.628801138601286,0.018213942646980286,0.6044921875,2.2142367
7,Which actress was voted Miss Greenwich Village in 1942?,Marilyn Monroe,0,2,17,1,1,0.00013254740518962076,0.4151184856891632,15.679016558039137,71.37867736816406,22.187496186206726,0.00029148487374186516,1.9951171875,4.7066016
8,What is the Japanese share index called?,Nikkei 225,1, called,2663,0,7,0.02076316117764471,0.5720611214637756,0.2294799170302313,58.21512985229492,16.106490375202515,0.017588064074516296,1.6494140625,1.4543921
9,What was the name of Michael Jackson's autobiography written in 1988?,Moonwalk,1,8,23,1,1,0.00017932884231536926,0.4591073989868164,3.455409406839226,67.57312774658203,18.790763626478377,0.006904167123138905,0.0239105224609375,0.34698996
10,In which decade did stereo records first go on sale?,1948,0, sale,6412,0,5,0.0499937624750499,0.6025267243385315,0.19394766177291745,63.87552261352539,18.150034286004473,0.0026523852720856667,0.0699462890625,2.0342603
11,In what year's Olympics were electric timing devices and a public-address system used for the first time?,1896,0, time,892,0,5,0.006954840319361277,0.46199557185173035,1.1567260448454713,68.00056457519531,21.398052751379954,0.03558158874511719,0.00498199462890625,1.3531058
12,Which volcano in Tanzania is the highest mountain in Africa?,Kilimanjaro,1, Africa,10384,0,7,0.08096307385229541,0.6058604717254639,-0.10592067734878707,66.02159118652344,17.163309900626654,0.016748763620853424,0.05938720703125,1.6926244
13,The flag of Libya is a plain rectangle of which color?,Red,0, color,1933,0,6,0.015071419660678643,0.5637041926383972,0.17548773144065555,60.423095703125,13.037068234748368,0.03374096751213074,0.41162109375,1.9893911
14,Of which African country is Niamey the capital?,Niger,1, capital,6864,0,8,0.053517964071856286,0.6120886206626892,0.048557260065774877,60.12009811401367,21.825435844858315,0.01726929470896721,0.0233154296875,0.47562152
15,Who was the director of the CIA from 1976-81?,George H. W. Bush,0,81,5932,1,2,0.04625124750499002,0.6285228729248047,0.062451170392720634,63.65119552612305,17.71877274963116,-0.0271149929612875,4.18359375,1.3884478
16,Which musical featured the song The Street Where You Live?,My Fair Lady,1, Live,11406,0,5,0.0889315119760479,0.5879952907562256,0.14254933873889053,65.41094970703125,20.181764696803903,0.02178509347140789,0.007717132568359375,0.46339688
17,"""Who was the target of the failed """"Bomb Plot"""" of 1944?""","""Adolf Hitler""",1,4,19,1,1,0.00014814121756487027,0.43821898102760315,8.538236203894131,74.92902374267578,20.279871798737688,-0.007048435974866152,0.078857421875,3.8651626
18,Who had an 80s No 1 hit with Hold On To The Nights?,REO Speedwagon,0, Nights,64643,0,7,0.5040154066866267,0.6903607845306396,-0.09509824844987591,62.48455047607422,12.074528701974598,0.02851579710841179,0.216552734375,3.2394502
19,Who directed the classic 30s western Stagecoach?,John Ford,1,coach,89193,1,5,0.6954294535928144,0.7210066914558411,-0.03337236697046109,65.71430969238281,15.770564337866247,-0.002712305635213852,0.039093017578125,0.24876276
20,Dave Gilmore and Roger Waters were in which rock group?,Pink Floyd,1, group,1912,0,6,0.014907684630738523,0.5209923386573792,0.27806041554698835,64.3841781616211,16.764637354982945,0.03753459453582764,1.9716796875,0.87887937
21,Which highway was Revisited in a classic 60s album by Bob Dylan?,Highway 61,1, Dylan,44458,0,6,0.3466348552894212,0.7865927219390869,0.03592992582539756,74.03945922851562,26.704198258591976,-0.02315063774585724,0.0728759765625,2.800271
22,Which was the only eastern bloc country to participate in the 1984 LA Olympics?,Romania,1, Olympics,33063,0,9,0.2577891092814371,0.7425734996795654,0.0014063366985399561,66.20860290527344,8.64440855224464,0.016165418550372124,0.2288818359375,2.1691241
23,Which 90s sci fi series with James Belushi was based on Bruce Wagner's comic strip of the same name?,The Adventures of Brisco County Jr.,0, name,836,0,5,0.006518213572854291,0.5297390818595886,0.43957559592739814,69.59789276123047,28.04966107485418,0.0165694672614336,0.0224761962890625,4.8139534
24,If I Were A Rich Man Was a big hit from which stage show?,Fiddler on the Roof,1, show,1501,0,5,0.01170315618762475,0.5223358869552612,0.26604452053276617,66.90715789794922,10.001389434187367,0.012273760512471199,2.09765625,1.4293555
25,Men Against the Sea and Pitcairn's Island were two sequels to what famous novel?,Moby Dick,0, novel,11775,0,6,0.09180857035928144,0.6437772512435913,-0.030008784978539094,63.885135650634766,7.54633213325871,0.009169639088213444,1.24609375,2.5946844
26,What was Truman Capote's last name before he was adopted by his stepfather?,Capote,0,father,23881,1,6,0.18619791666666666,0.68337482213974,0.09119532943285336,50.270965576171875,1.1342182947719746,-0.0094357430934906,0.28466796875,5.281172
27,"In Lewis Carroll's poem The Hunting of the Snark, what did the elusive, troublesome snark turn into to fool hunters?",A boojum,1, hunters,49073,0,8,0.3826175773453094,0.709494948387146,-0.005212917279839857,68.48356628417969,14.66220714648334,0.024106821045279503,2.875,3.312769
28,"In the Bible, who did the sun and moon stand still before?",Joshua 10:12-14,1, before,1603,0,7,0.012498440618762475,0.5347811579704285,0.8426860741774687,64.41566467285156,23.118307847498155,0.017214715480804443,6.18359375,2.1841285
29,What Michelle Pfeiffer movie got a boost from the Coolio song Gangsta's Paradise?,Dangerous Minds,1, Paradise,48691,0,9,0.3796391591816367,0.6631070375442505,0.02868086794431557,63.087303161621094,13.845208172496019,-0.018877636641263962,0.05108642578125,0.93136084
30,What was President Gerald Ford's middle name?,Ford,0, name,836,0,5,0.006518213572854291,0.5297390818595886,0.43957559592739814,54.22395324707031,18.455426973974774,0.03115258179605007,0.014617919921875,4.423866
31,Art Garfunkel trained for which profession although he didn't qualify?,Doctor,0, qualify,26456,0,8,0.2062749500998004,0.7292583584785461,-0.0925355141080706,70.25389862060547,21.100796713321092,-0.00028104986995458603,5.40625,4.0702677
32,Who was the last inmate of Spandau jail in Berlin?,Rudolf Hess,1, Berlin,20437,0,7,0.15934537175648703,0.6913197040557861,-0.0030010658674513024,66.6099624633789,10.760505286796553,0.008221901953220367,0.4228515625,0.68668956
33,What was Eddie Murphy's first movie?,The Nutty Professor,0, movie,5818,0,6,0.0453624001996008,0.6085036993026733,-0.00930383367345522,65.4060287475586,6.908495511280542,-0.024746917188167572,1.5419921875,2.9844422
34,In the 80s who wrote the novel Empire of The Sun?,J. G. Ballard,1, Sun,8219,0,4,0.06408277195608783,0.584061861038208,0.1465579991610455,65.10029602050781,10.568489978797349,0.00215326901525259,0.308837890625,0.61931646
35,Kagoshima international airport is in which country?,Japan,1, country,3224,0,8,0.025137225548902197,0.5815775990486145,-0.029940250572017657,61.74765396118164,7.015420404874545,0.008862292394042015,1.205078125,0.76358545
36,In which sport could the Pacers take on the Pistons?,Basketball,1, Pistons,95808,0,8,0.7470059880239521,0.7740368247032166,-0.027208967114458638,71.2352523803711,31.317450106873416,0.01254296861588955,6.1015625,2.251498
37,Kim Carnes' nine weeks at No 1 with Bette Davis Eyes was interrupted for one week by which song?,Physical by Olivia Newton-John,0, song,5609,0,5,0.04373284680638723,0.6174742579460144,0.09026178628710868,64.53699493408203,8.823621741616883,0.0071373144164681435,1.623046875,6.0276513
38,Where in Canada is the Lion's Gate bridge?,"Vancouver, British Columbia",1, bridge,14497,0,7,0.113031749001996,0.5813257694244385,0.048820359284578174,69.28561401367188,17.930035936710578,0.0036295228637754917,2.6484375,2.3521922
39,What was Walter Matthau's first movie?,The Odd Couple,0, movie,5818,0,6,0.0453624001996008,0.6085036993026733,-0.00930383367345522,62.870052337646484,5.394386778177173,-0.021208900958299637,2.017578125,4.8157973
40,Otis Barton was a pioneer in exploring where?,the deep sea,0, where,1405,0,6,0.010954653193612775,0.525569498538971,0.7714243287747125,56.3328742980957,10.057402426129721,0.02739497646689415,6.71484375,3.3117397
41,Where in England was actor Nigel Hawthorne born?,England,0, born,9405,0,5,0.07332990269461077,0.6366491317749023,-0.03312352725377199,61.64992904663086,24.816431235547487,-0.003163945395499468,0.34765625,4.341425
42,"What mythological beast has the head of a man, the body of a lion, and the tail and feet of a dragon?",The chimera,0, dragon,26161,0,7,0.2039748627744511,0.6695520281791687,0.10355575714209397,55.869991302490234,12.157947375406655,0.01928442344069481,1.9404296875,2.021258
43,"In Greek mythology, who were Arges, Brontes and Steropes?",Cyclopes,1,opes,19031,1,4,0.14838292165668662,0.6425884366035461,0.01875598513557808,58.27769088745117,9.934916799730514,0.007794961333274841,0.01407623291015625,1.0107527
44,Which musician founded the Red Hot Peppers?,Jelly Roll Morton,1,ppers,36623,1,5,0.28554609530938124,0.6896350383758545,-0.18163300746571887,63.85220718383789,9.322610963446422,-0.004355782177299261,0.0007762908935546875,4.346909
45,Where did the Shinning Path terrorists operate?,Peru,1, operate,14816,0,8,0.1155189620758483,0.6342668533325195,-0.08604950840060033,67.3197250366211,12.143810051591991,-0.0012231174623593688,1.2294921875,2.2684093
46,How old was Jimi Hendrix when he died?,27,1, died,8636,0,5,0.06733408183632734,0.6561166048049927,0.15446549478509874,66.95862579345703,15.279710398130415,-0.003939905669540167,0.388671875,1.8535911
47,Which Brit broke the land speed record in 1990 in Thrust 2?,Richard Noble,1,2,17,1,1,0.00013254740518962076,0.4151184856891632,15.679016558039137,67.2628173828125,6.384876118169489,0.020712656900286674,0.0253143310546875,0.5896158
48,In which state was Gene Vincent born?,Virginia,1, born,9405,0,5,0.07332990269461077,0.6366491317749023,-0.03312352725377199,63.627315521240234,18.872794469734522,-0.004710109904408455,0.1685791015625,1.4456689
49,How was the European Recovery Program in the 1940s more commonly known?,The Marshall Plan,1, known,3967,0,6,0.030930326846307386,0.613389253616333,0.10423862444127563,59.29121398925781,18.646501647630156,-0.0019819813314825296,0.1395263671875,1.605103
50,Brandon Lee died during the making of which movie?,The Crow,1, movie,5818,0,6,0.0453624001996008,0.6085036993026733,-0.00930383367345522,64.58439636230469,11.140454920597982,0.00026097032241523266,0.68701171875,1.0811105
51,Who had a 70s No 1 hit with Let's Do It Again?,The Staple Singers,1, Again,14077,0,6,0.10975704840319361,0.6197336912155151,0.14175977843964116,65.6132583618164,17.602276190169952,-0.0006846324540674686,0.06939697265625,2.4124258
52,Who had a Too Legit To Quit Tour?,MC Hammer,1, Tour,14986,0,5,0.1168444361277445,0.6295351386070251,-0.18585219574525347,64.14864349365234,11.927917279089607,0.02446957677602768,3.228515625,4.5933795
53,"""According to Rudyard Kipling what were the """"two imposters"""" to meet and treat the same day?""",Death and Taxes,0, day,1938,0,4,0.015110404191616767,0.5078856945037842,0.2941567168821311,73.83678436279297,37.58739573410884,0.01614830084145069,4.7890625,4.2154117
54,Who is the most successful UK solo artist in the USA?,Elton John,1, USA,7427,0,4,0.057907622255489025,0.6604152321815491,0.11077678103576138,60.03776168823242,3.665811517004438,0.0557231642305851,4.61328125,3.117104
55,Which country does the airline TAAG come from?,Angola,1, from,505,0,5,0.003937437624750499,0.4401754140853882,14.028446051219248,64.6709213256836,14.444387648898545,0.004180654417723417,0.0141143798828125,1.2976611
56,Which US No 1 single came from Diana Ross's platinum album Diana?,I'm Coming Out,0, Diana,45509,0,6,0.3548294036926148,0.7710561156272888,-0.04360369909011208,56.736934661865234,8.231211971287632,0.008322948589920998,3.89453125,3.2994432
57,River Phoenix died during the making of which movie?,My Own Private Idaho,0, movie,5818,0,6,0.0453624001996008,0.6085036993026733,-0.00930383367345522,62.14865493774414,10.805264160030084,-0.007547949440777302,0.6728515625,4.0051665
58,Which artist David was born in Bradford UK?,David Hockney,1, UK,6560,0,3,0.05114770459081836,0.6296750903129578,0.04499131911544296,73.17780303955078,27.25779032796893,-0.02383275143802166,4.15625,3.1145532
59,What is Mel Gibson's middle name?,Edward,0, name,836,0,5,0.006518213572854291,0.5297390818595886,0.43957559592739814,60.69632339477539,26.430221209903443,0.015806367620825768,0.0628662109375,5.408503
60,Richard Daley was mayor of which city for 21 years?,Chicago,1, years,1667,0,6,0.01299744261477046,0.5623549222946167,0.14070837083995658,73.73187255859375,22.076668277925656,0.03332459554076195,0.09173583984375,0.507774
61,"""In which movie did Garbo say, """"I want to be alone"""".""",Grand Hotel,1, alone,7636,0,6,0.059537175648702596,0.6405138969421387,0.115461135341131,84.92279052734375,48.61879876603836,0.011084585450589657,0.047149658203125,2.3073034
62,What is Osbert Lancaster best known for producing?,Cartoons,1, producing,17843,0,10,0.13912019710578843,0.6158599853515625,0.19667566703573103,66.94469451904297,12.241187065881254,0.018787067383527756,6.2890625,4.913991
63,Who was the defending champion when Martina Navratilova first won Wimbledon singles?,Virginia Wade,1, singles,17845,0,8,0.13913579091816367,0.7321464419364929,0.10226912793108234,66.1221694946289,10.244417846694576,-0.003526254091411829,3.34765625,2.708122
64,Who was the first US-born winner of golf's British Open?,Francis Ouimet,0, Open,5377,0,5,0.041923964570858285,0.5865859389305115,0.09311902534519989,63.71293258666992,12.921463059832925,0.04245983064174652,0.1055908203125,3.441399
65,In which country is the Sky Train Rail bridge?,China,0, bridge,14497,0,7,0.113031749001996,0.5813257694244385,0.048820359284578174,69.44499206542969,8.595252607137976,0.00522095151245594,12.0625,2.6953745
66,What was the Paramount Film Company originally called?,The Famous Players Film Company,1, called,2663,0,7,0.02076316117764471,0.5720611214637756,0.2294799170302313,61.15810012817383,24.52502209123929,0.03280490264296532,0.59619140625,3.2806115
67,Who was the first person after Scott to reach the South Pole overland?,Roald Amundsen,0,land,1974,1,4,0.015391092814371258,0.5246806144714355,0.1839605570430276,63.2337760925293,10.07076922968899,0.002757173730060458,0.169677734375,1.8138458
68,Which journalist first told the world about the My Lai massacre?,Seymour Hersh,1, massacre,49352,0,9,0.3847929141716567,0.8191520571708679,-0.12782197518534,70.99491882324219,20.482443131275026,0.016893399879336357,0.3740234375,2.1043904
69,What is the name of Terence and Shirley Conran's dress designer son?,Sebastian Conran,0, son,4538,0,4,0.03538236027944112,0.586106538772583,0.07036187349767165,66.35803985595703,15.863258195760018,0.004428009036928415,3.619140625,1.4967612
70,Which drink did The Spice Girls promote?,Pepsi,1, promote,12192,0,8,0.09505988023952096,0.6316155195236206,-0.03286343144672221,69.19669342041016,24.420073319800327,0.0370638333261013,3.791015625,3.0620773
71,Who was the youngest brother in the Beach Boys?,Dennis Wilson,0, Boys,30857,0,5,0.24058913423153694,0.6402666568756104,0.09296428037458337,60.68793487548828,9.849408785544126,-0.009069775231182575,0.1796875,1.3190005
72,Who first hosted Family Feud?,Richard Dawson,1,ud,664,1,2,0.005177145708582834,0.5107818841934204,0.1293624518853589,63.78422927856445,8.970611474488019,-0.004030647221952677,0.006168365478515625,4.2736797
73,What did the Lone Ranger's title Kemo Sabe mean in Apache?,"""Trusted friend""",0, Apache,9091,0,7,0.0708816741516966,0.7162767052650452,-0.07489507363948977,63.73388671875,5.869244241733012,0.019206980243325233,3.91015625,4.1478763
74,Who or what was Gentle Ben in the 60s TV series?,A bear,1, series,4101,0,7,0.0319751122754491,0.5697331428527832,0.08051452694083183,65.70147705078125,13.43536253217415,0.013346398249268532,0.81982421875,3.061624
75,Which 70s show was based on the British show Till Death Us Do Part?,All in the Family,1, Part,3744,0,5,0.029191616766467067,0.6168086528778076,0.027175804648356117,69.41040802001953,18.947468625297592,-0.010778799653053284,0.040252685546875,0.6541201
76,On what date in 1969 did Neil Armstrong first set foot on the Moon?,"July 20, 1969",1, Moon,17781,0,5,0.1386367889221557,0.6072588562965393,0.03755925728413656,63.1807861328125,17.706660903376598,-0.0037001674063503742,1.603515625,1.5791291
77,Bandar Seri Begawan International airport is in which country?,Brunei,1, country,3224,0,8,0.025137225548902197,0.5815775990486145,-0.029940250572017657,61.574527740478516,6.826098678587206,0.0032654497772455215,0.1884765625,1.0000714
78,What was the profession of Paul Strand (1890 - 1976)?,Photographer,1,6,21,1,1,0.00016373502994011975,0.45013076066970825,4.602042479779417,82.04598999023438,17.57328654618279,0.015135398134589195,0.0110931396484375,3.169182
79,Who had a 60s No 1 with Downtown?,Petula Clark,1, Downtown,44985,0,9,0.3507438248502994,0.7729227542877197,0.046343747861101736,47.586341857910156,4.137214737580783,0.06595362722873688,6.41796875,3.4333432
80,"Who was born first, Kiefer Sutherland or Christian Slater?",Kiefer Sutherland,1, Slater,98103,0,7,0.7648998877245509,0.7652445435523987,-0.0100469117323847,61.511104583740234,23.806280668196976,0.002712653251364827,0.58837890625,1.6432904
81,"To the nearest two, how many tennis Grand Slam titles did Jimmy Connors win?",8,0, win,3243,0,4,0.025285366766467067,0.5955174565315247,0.060912503194374246,69.90003967285156,26.285937566579257,0.025768950581550598,0.1650390625,2.1113956
82,Who was the Georgia Peach?,Ty Cobb,1, Peach,64695,0,6,0.5044208458083832,0.7597878575325012,0.06935248627058499,58.64272689819336,15.545372518059768,0.03876464068889618,5.390625,3.1186864
83,Who set fire to his guitar at the Monterey Pop festival in 19676?,Jimi Hendrix,1,76,4767,1,2,0.037167851796407185,0.6371464729309082,0.06153662366098489,64.6041488647461,26.00911146516524,0.020478809252381325,12.3046875,0.55590516
84,Della Street was whose secretary?,Perry Mason,1, secretary,19607,0,10,0.1528739396207585,0.6504329442977905,-0.0015434989963667434,67.14679718017578,15.100934646552442,0.004168719053268433,0.6279296875,1.2084731
85,"In music, who was Sweet and Innocent and Too Young?",The Beatles,0, Young,13566,0,6,0.10577282934131736,0.5851301550865173,0.04514813376115123,70.7314224243164,25.774153403563012,0.023509174585342407,1.84375,5.728316
86,Who is featured on Puff Daddy's Can't Hold Me Down?,Jennifer Lopez,0, Down,6419,0,5,0.05004834081836328,0.5707700252532959,0.10120980720390049,71.58079528808594,12.615735979041123,0.01861758343875408,0.405517578125,2.998475
87,What had Edmond Hillary worked at before taking up mountain climbing?,Edmond Hillary had worked as a beekeeper before taking up mountain climbing.,0, climbing,30608,0,9,0.23864770459081835,0.703960657119751,0.15708239206863883,66.77300262451172,13.4308734394927,0.017043758183717728,0.057220458984375,4.885198
88,In which American state is the Isabella Stewart Gardner Museum?,Massachusetts,1, Museum,16730,0,7,0.13044224051896208,0.6116723418235779,0.05943321344735297,67.3711166381836,12.703398082332152,0.0019273380748927593,0.30859375,0.7175324
89,Benina international airport is in which country?,Libya,1, country,3224,0,8,0.025137225548902197,0.5815775990486145,-0.029940250572017657,61.9654541015625,5.659300427732898,0.011593015864491463,1.44921875,2.1447766
90,Beloved in 1999 was whose first movie since The Color Purple in 1985?,Whoopi Goldberg,0,5,20,1,1,0.000155938123752495,0.4435957372188568,6.448620180684577,67.5210189819336,20.742683319457438,-0.011117291636765003,0.05621337890625,4.1109104
91,Which Star Trek star directed Three Men and a Baby?,Leonard Nimoy,1, Baby,21266,0,5,0.16580900698602793,0.6409874558448792,0.08061303803864561,66.63270568847656,19.759478319099408,-0.019344396889209747,0.1851806640625,2.313092
92,Which sitcom star appeared on the big screening The Object of My Affection?,Jennifer Aniston,1,ection,12181,1,6,0.09497411427145709,0.669342041015625,0.0725263754109795,79.23321533203125,29.38240151337631,0.012697013095021248,0.01532745361328125,2.876848
93,"""Which character did Julia """"Roberts play in Steven Spielberg's Hook?""",Tinkerbell,1, Hook,29271,0,5,0.22822324101796407,0.6503057479858398,-0.037807868037566195,77.83438110351562,24.717392815722814,0.023327665403485298,4.37890625,3.303573
94,Which US president did Anthony Hopkins play in a film whose title was simply his name?,Nixon,1, name,836,0,5,0.006518213572854291,0.5297390818595886,0.43957559592739814,69.29060363769531,14.264247653133019,0.01706450991332531,1.46875,2.314842
95,Which movie was a biopic about the life of David Helfgott?,Shine,1,ott,1751,1,3,0.013652382734530939,0.5631123781204224,-0.04681857830255076,64.17176818847656,15.736902918808571,0.03390955924987793,0.004302978515625,0.41800314
96,Which film director guested as the FBI Director in The Silence of the Lambs?,Jodie Foster,0,bs,1302,1,2,0.010151571856287425,0.5594311952590942,0.028857240016966657,69.87478637695312,19.599243165046843,0.0077085793018341064,0.0004973411560058594,2.8851502
97,In which sci fi classic did the space ship Nostromo first appear?,Alien,1, appear,5101,0,7,0.03977201846307385,0.6197941899299622,0.1770668271117195,67.78204345703125,23.382347874743136,-0.003241037018597126,0.395751953125,1.74992
98,Nigel Hawthorne was Oscar nominated for The Madness of which King?,George III,1, King,6342,0,5,0.04944797904191617,0.5733844041824341,0.1195531506167451,65.82743835449219,8.639673355895837,0.010241837240755558,1.4619140625,1.0820258
99,Which Swedish actress won the Best Supporting Actress Oscar for Murder on the Orient Express?,Ingrid Bergman,1, Express,17855,0,8,0.13921375998003993,0.6129188537597656,0.04859587422287159,66.616455078125,21.08412690576334,0.03126118332147598,0.005435943603515625,2.3218174
100,Which Oscar-nominated film had You Sexy Thing as its theme song?,The Full Monty,1, song,5609,0,5,0.04373284680638723,0.6174742579460144,0.09026178628710868,68.9344482421875,23.349420255163345,0.012272577732801437,0.326171875,5.7055125
101,Which Joan's career revived in Whatever Happened to Baby Jane?,Bette Davis,0, Jane,22195,0,5,0.17305233283433133,0.6915208697319031,0.017499800975793622,74.38795471191406,21.606153448831055,-0.004435651935636997,0.33935546875,2.5580716
102,Which much-loved actor won the Best Actor Oscar for The Philadelphia Story?,Jimmy Stewart,1, Story,15457,0,6,0.12051677894211577,0.5906473398208618,-0.01984106977243716,68.25404357910156,22.053516284486637,-0.010824155062437057,0.028656005859375,1.790971
103,Which legendary dancer was Oscar-nominated for The Towering Inferno?,Fred Astaire,1,no,2201,1,2,0.017160990518962076,0.5275432467460632,0.17609215533523415,66.78008270263672,14.681418064886849,0.00568452849984169,0.0010938644409179688,4.130097
104,What was the name of the brothel in The Best Little Whorehouse in Texas?,The Chicken Ranch,1, Texas,8421,0,6,0.06565774700598802,0.6660538911819458,0.02525379072453493,67.21788787841797,15.386520005894184,-0.0016077402979135513,0.027069091796875,3.130404
105,Who was the male star of the movie The Man of La Mancha?,Peter O'Toole,1,cha,6583,1,3,0.05132703343313373,0.5827198624610901,0.049360706037715474,66.98443603515625,16.905640731961473,-0.00953962467610836,0.00952911376953125,0.91812474
106,What relation is Joey Richardson to Vanessa Redgrave?,Joey Richardson is Vanessa Redgrave's daughter.,1,grave,77731,1,5,0.6060613148702595,0.7058145999908447,0.05767485286246021,66.58553314208984,21.971850014352125,0.020577076822519302,0.0374755859375,3.8934202
107,Melanie Molitor is the mom of which tennis world NO 1?,Serena Williams,0,1,16,1,1,0.000124750499001996,0.42005011439323425,23.616774104713258,65.01991271972656,6.015792585259067,0.0417354553937912,0.005950927734375,3.4797857
108,Marc Dutroux hit the headlines over a 'house of horrors' in which country?,Belgium,1, country,3224,0,8,0.025137225548902197,0.5815775990486145,-0.029940250572017657,61.44763946533203,15.420802561338647,0.024106314405798912,12.2890625,0.40778044
109,On which date in 1945 did Hitler take cyanide then shoot himself?,April 30,1, himself,5678,0,8,0.044270833333333336,0.567935585975647,0.15045029304743096,57.421234130859375,15.619325869560576,0.0015804246068000793,0.01007843017578125,1.2588346
110,In which river is the Boulder Dam?,Colorado,1, Dam,16758,0,4,0.13066055389221556,0.6748910546302795,0.05093968735816867,61.96931076049805,5.185081921686507,-0.018252728506922722,0.3837890625,1.0046114
111,"Which sports event was first held at Worcester, Massachusetts in 1927?",Basketball,0,7,22,1,1,0.00017153193612774452,0.45881280303001404,4.732605870981105,67.5916976928711,20.268388855452592,-0.005871474742889404,3.05078125,4.108469
112,In which European city is the Belvederen Gallery?,Rome,0, Gallery,19853,0,8,0.15479197854291418,0.6378920674324036,-0.035660235720652356,65.21764373779297,9.439676461130636,-0.008360857143998146,4.21875,3.0580976
113,How old was Woody Herman when he founded his own orchestra?,19,0, orchestra,69155,0,10,0.5391950474051896,0.7510631680488586,-0.12795796167733764,65.43550109863281,21.776341497455185,0.022091036662459373,3.130859375,2.0858443
114,For which movie did Katharine Hepburn win her second Oscar?,The African Queen,0, Oscar,31797,0,6,0.2479182260479042,0.7414454817771912,0.033537817819760285,63.0750846862793,12.932627633497454,0.018246494233608246,0.94677734375,2.326183
115,Who had a 60s No 1 hit with This Diamond Ring?,Gary Lewis and the Playboys,1, Ring,22249,0,5,0.17347336576846306,0.6043137907981873,-0.11254849407767242,64.34801483154297,17.191194609278664,0.008073028177022934,0.088623046875,2.1828055
116,The world was first aware of the Chernobyl disaster after detectors were triggered at a nuclear plant in which country?,Sweden,1, country,3224,0,8,0.025137225548902197,0.5815775990486145,-0.029940250572017657,57.061458587646484,11.78069635927866,0.003385494463145733,0.409912109375,1.6837345
117,In which country was the first permanent bungee jumping site situated?,New Zealand,1, situated,31183,0,9,0.2431309256487026,0.7609580755233765,0.07327460400822972,66.48839569091797,21.59331810390706,0.01403326541185379,7.40625,1.274836
118,Who succeeded Brezhnev as Soviet premier?,Andropov,1, premier,21134,0,8,0.16477981536926148,0.685016393661499,0.20897665964588175,61.61702346801758,15.703246977287609,0.004910486284643412,2.08203125,2.381357
119,In the late 60s Owen Finlay MacLaren pioneered what useful item for parents of small chldren?,Baby monitor,0,ren,1466,1,3,0.011430264471057884,0.5587915778160095,0.2633473911478337,65.58942413330078,19.403516752121917,-0.011199180968105793,0.009765625,4.823056
120,In which city's shipyard was Solidarity set up?,Gdansk,1, up,709,0,3,0.0055280064870259485,0.4738744795322418,1.8911046892239929,70.02658081054688,14.074599090277438,0.032326843589544296,0.0286102294921875,0.6302204
121,Which female singer was born on exactly the same day as impressionist Rich Little?,Cher,0, Little,15013,0,7,0.11705495259481039,0.6217308640480042,-0.001162888990881683,68.5126953125,21.112860147146595,0.02488834038376808,0.08880615234375,5.372689
122,What is Harrison Ford's real name?,Harrison Ford,1, name,836,0,5,0.006518213572854291,0.5297390818595886,0.43957559592739814,62.61626052856445,26.657834721619295,0.02305600233376026,0.18310546875,1.8158984
123,Who's home runs record did Mark McGwire break in the 1998 season?,Babe Ruth,0, season,3280,0,7,0.02557385229540918,0.5985687375068665,-0.1586346107443961,64.03304290771484,14.043963454559616,0.02186393551528454,0.4072265625,2.7511504
124,Who won baseball's first World Series of the 80s?,The New York Yankees,0,s,82,1,1,0.0006393463073852295,0.37801769375801086,5.454192677268129,71.82759094238281,23.467899973198566,0.015484100207686424,0.442626953125,2.9220424
125,What was Pete Sampras seeded when he won his first US Open?,11th,0, Open,5377,0,5,0.041923964570858285,0.5865859389305115,0.09311902534519989,72.3230972290039,8.058990762947657,0.03507252037525177,0.1324462890625,2.6859543
126,"""Which boxer famously said,"""" If I can't beat this bum take my name off the record books?""""""",Muhammad Ali,0, books,6603,0,6,0.05148297155688623,0.5774168372154236,0.1292069749749123,82.61419677734375,49.474562837230465,0.02020682394504547,2.533203125,3.4473798
127,Where did Jonathan Edwards set his 1995 triple jump world record?,Jonathan Edwards set his 1995 triple jump world record at the World Championships,0, record,3335,0,7,0.026002682135728542,0.5693257451057434,0.06151881202203713,64.12663269042969,11.934005747811126,-0.016195587813854218,0.02008056640625,5.3794284
128,"In baseball, where do the Orioles come from?",Baltimore,1, from,505,0,5,0.003937437624750499,0.4401754140853882,14.028446051219248,59.96644592285156,23.086493719134914,0.013152320869266987,0.1787109375,2.636316
129,The Naismith Award is presented in which sport?,Basketball,1, sport,10775,0,6,0.08401166417165669,0.6371663212776184,0.0664852962693887,66.77342987060547,6.094845892419958,0.04704471305012703,1.1552734375,0.9772742
130,Which cartoon and film character is the nickname of super athlete Michael Johnson?,The Flash,0, Johnson,11605,0,8,0.09048309630738523,0.5959086418151855,0.09088789151455412,66.66694641113281,20.48343881942964,0.030918125063180923,1.787109375,4.034331
131,For which team did Babe Ruth blast his last Major League home run?,The Boston Braves.,1, run,1629,0,4,0.012701160179640719,0.540267825126648,0.07196730836025189,66.33963775634766,20.054844146861438,0.01020017545670271,0.01922607421875,2.8323565
132,What was Warren Beatty's first movie?,Splendor in the Grass,1, movie,5818,0,6,0.0453624001996008,0.6085036993026733,-0.00930383367345522,63.4690055847168,6.455962276095381,-0.020896371454000473,1.990234375,2.6083167
133,"Which future Hollywood star got her break as Wonder Girl, Wonder Woman's sister Drusilla?",Lynda Carter,0,illa,6374,1,4,0.04969748003992016,0.5941974520683289,0.021778041543698556,47.362796783447266,0.9001708041931176,-0.026625312864780426,0.008453369140625,2.1172268
134,Mickey Braddock in the 50s series Circus Boy found fame with which surname in which pop band?,Mick Jagger,0, band,7200,0,5,0.0561377245508982,0.5615320801734924,0.11851660405779496,65.91744995117188,17.171937849641406,0.012087495997548103,1.857421875,4.966416
135,Which war veteran was Director of News & Special Events for ABC before find fame as a TV cop?,Jack Lord,0, cop,6293,0,4,0.049065930638722555,0.6610166430473328,-0.024621695365692364,63.11660385131836,8.621937660656013,0.022550849243998528,9.1484375,5.2263246
136,What US sitcom was the first exported to Britain?,I Love Lucy,0, Britain,13527,0,8,0.10546875,0.690456748008728,-0.016529573817119392,66.36884307861328,15.831071243360014,-0.0025560217909514904,1.896484375,2.316787
137,In Hanna and Barbera's TV cartoons base on The Addams Family who was the voice of Gomez?,John Astin,1, Gomez,63398,0,6,0.49430825848303395,0.7388700246810913,-0.026020639791672462,74.70221710205078,26.81244652489815,0.03277116268873215,0.54443359375,2.326624
138,Who was the only female victim to be killed off in the opening credit sequence in Police Squad?,The only female victim to be killed off in the opening credit sequence in Police,0, Squad,35807,0,6,0.27918381986027946,0.6969599723815918,0.09780935438840332,74.01017761230469,17.020550076579593,0.029305247589945793,1.359375,6.243437
139,Which US president won the Nobel Peace Prize in 1920?,Woodrow Wilson,1,0,15,1,1,0.00011695359281437126,0.43612298369407654,11.438582173458347,68.551025390625,20.212558308620558,0.03924325108528137,0.342529296875,1.8860229
140,Who beat Tim Henman in his first Wimbledon singles semifinal?,Pete Sampras,1,inal,992,1,4,0.007734530938123752,0.6068811416625977,-0.08874252235000757,69.45353698730469,9.614840003265236,0.022646760568022728,0.0208740234375,3.309519
141,What relation was Flo Jo to Jackie Joyner Kersee?,Flo Jo was Jackie Joyner Kersee’s best friend.,0,see,4151,1,3,0.03236495758483034,0.5988523960113525,0.06302844452322853,60.43490219116211,11.045697593921048,0.022431572899222374,0.02557373046875,3.034997
142,How long was swimmer Michelle Smith-de Bruin banned for attempting to manipulate a drugs test?,2 years,0, test,1296,0,5,0.010104790419161677,0.534979522228241,0.364047445973553,64.96092224121094,11.444983468953659,0.03150314837694168,0.045013427734375,3.0969522
143,Yuan Yuan was caught carrying drugs for which Chinese team?,Yuan Yuan was caught carrying drugs for which Chinese team?,0, team,2128,0,5,0.01659181636726547,0.572528064250946,0.15781971762508107,64.76803588867188,9.50719226684349,0.04303848743438721,7.76953125,4.7991343
144,Which grand slam did Pete Sampras not win in the 20th century?,French Open,1, century,9478,0,8,0.07389907684630738,0.6039600968360901,-0.0807233691109932,72.1209945678711,14.530770108822882,0.01016862690448761,0.066650390625,2.7507305
145,In which events did Gert Fredriksson win six Olympic gold medals?,Canoeing,1, medals,60082,0,7,0.46845371756487025,0.7369106411933899,-0.10261232180210067,68.13005065917969,16.355133316872262,0.013780783861875534,0.02960205078125,2.4724524
146,"How many of his 45 races did Mike Hawthorn, a former Formula One motor racing world champion, win?",3,1, win,3243,0,4,0.025285366766467067,0.5955174565315247,0.060912503194374246,68.22718811035156,21.797145456054373,0.022330787032842636,0.43505859375,2.6398323
147,On the Internet what is Spam?,Spam is the name given to unsolicited email messages. The term was coined,0, Spam,82767,0,5,0.6453265344311377,0.7243004441261292,-0.0764211605768037,65.50006866455078,6.763245816012473,-0.002639761660248041,9.5625,3.1078823
148,In which country did the Internet start?,The United States,1, start,1212,0,6,0.009449850299401198,0.5429527759552002,0.33573425547298275,68.72920989990234,12.254656040606628,0.035665348172187805,2.681640625,2.4560993
149,In which year was the Juilliard School founded in New York?,1905,1, York,4356,0,5,0.03396332335329341,0.6269503831863403,0.017605608310249377,73.96723937988281,27.986462330220128,0.029316391795873642,0.006683349609375,0.80045664
150,"Who wrote My Life and Loves in 1926, originally banned in the US?",Anais Nin,0, US,2326,0,3,0.01813560379241517,0.5825607776641846,0.060767047400021035,69.77782440185547,17.724327839767295,-0.001748917973600328,1.525390625,0.66842854
151,What was Blondie's last UK No 1 of the 80s?,Living in the Past,0,s,82,1,1,0.0006393463073852295,0.37801769375801086,5.454192677268129,64.81623840332031,16.302825659358202,0.01909898966550827,0.224609375,4.315878
152,"In baseball, where do the Royals come from?","Kansas City, Missouri",1, from,505,0,5,0.003937437624750499,0.4401754140853882,14.028446051219248,61.604217529296875,19.854094075298736,0.006271097809076309,0.10235595703125,2.2248094
153,What is the largest city in Ohio?,Columbus,0, Ohio,14689,0,5,0.11452875499001997,0.7304432392120361,-0.016487248433884272,59.82479476928711,12.925102295527134,0.01826668530702591,6.5703125,2.01728
154,In which decade of the 20th century was Anne Bancroft born?,1931,0, born,9405,0,5,0.07332990269461077,0.6366491317749023,-0.03312352725377199,65.83290100097656,19.712655205096777,-0.005825798958539963,0.1763916015625,1.5041159
155,The Suez Canal connects the Mediterranean Sea to which other Sea?,Red Sea,1, Sea,15379,0,4,0.11990862025948104,0.6118253469467163,-0.07327905148403424,56.58808898925781,8.44591318216432,0.028966024518013,4.49609375,1.541
156,Which rock star did Cindy Crawford name her first son after?,Rande Gerber,0, after,1306,0,6,0.010182759481037924,0.5263020396232605,0.8720002549793562,67.61491394042969,29.15946443974058,0.02463732287287712,0.1048583984375,4.3320866
157,Sun Yat Sen overthrew the emperor in which country establishing a republic after 2000 years of imperial rule?,China,1, rule,6037,0,5,0.04706992265469062,0.5682226419448853,0.2013166906838828,71.75187683105469,18.889238438844227,0.022121820598840714,0.1929931640625,0.64502954
158,Who designed the dress which made the most at Diana's dress auction?,Christian Dior,0, auction,21852,0,8,0.17037799401197604,0.6856266260147095,-0.07343294306739212,67.77473449707031,18.233261600774807,-0.004231845960021019,0.310791015625,5.3193493
159,Which Palestinian co-founded al Fatah in 1957?,Yasser Arafat,1,7,22,1,1,0.00017153193612774452,0.45881280303001404,4.732605870981105,65.79015350341797,21.40902729147331,-0.01947716996073723,2.037109375,1.245969
160,In which country was Earl Spencer's acrimonious divorce settlement heard?,England,0, heard,6755,0,6,0.05266810129740519,0.6242396235466003,0.11308837839633723,70.45730590820312,23.357668660707972,0.020423654466867447,5.125,2.9595206
161,"In which North African country was Mohammed Al-Fayed, owner of Harrods department store in London, born?",Egypt,1, born,9405,0,5,0.07332990269461077,0.6366491317749023,-0.03312352725377199,64.29696655273438,18.771268716047185,0.01097211055457592,0.12005615234375,0.6377951
162,Aung San Suu Kyi is a controversial leader in which country?,Myanmar,1, country,3224,0,8,0.025137225548902197,0.5815775990486145,-0.029940250572017657,65.42455291748047,12.421943852945034,0.014015932567417622,0.435791015625,0.8195706
163,Which of the founders of United Artists had the last name nearest the beginning of the alphabet?,Charlie Chaplin,1, alphabet,28890,0,9,0.22525261976047903,0.7396818995475769,0.005360049260706656,69.67304229736328,24.756428100600612,0.028848662972450256,0.03521728515625,2.1472607
164,"In La Cage Aux Folles, what was La Cage Aux Folles?",A musical,0,les,645,1,3,0.005029004491017964,0.48575595021247864,0.18128411805407074,71.3851089477539,31.502211818453937,0.014302357099950314,0.0016164779663085938,4.085916
165,Where was the Fiddler in the musical's title?,On the Roof,1, title,2316,0,6,0.01805763473053892,0.5715612769126892,0.11134849082962184,61.295936584472656,23.59098809648514,0.023819338530302048,5.46484375,4.8278074
166,South Pacific was set during which war?,World War II,1, war,4208,0,4,0.03280938123752495,0.5655595660209656,0.13640879703765618,64.56089782714844,12.69521088143834,0.03258826211094856,0.4326171875,1.2879242
167,What percentage of the earth's surface is covered by Europe?,2.0%,0, Europe,4606,0,7,0.0359125499001996,0.6283092498779297,-0.1481608721171881,58.49394607543945,14.179546312921929,0.026113267987966537,12.546875,1.8273398
168,Which European town gave its name to a Treaty which symbolizes closer economic links between European countries?,Maastricht,1, countries,5961,0,10,0.046477357784431135,0.6468831896781921,0.0549029767587732,75.76618957519531,21.792423111867333,0.01560153067111969,0.6806640625,3.3702052
169,Which home of champagne in France was also where the German High Command surrendered in WWII?,Reims,1, WWII,61130,0,5,0.476624875249501,0.7818208336830139,0.1093475593868507,65.25588989257812,15.890727621809724,0.009474348276853561,4.69921875,2.937394
170,Which was the first European city this century to open an underground railway system?,London,0, system,1887,0,7,0.014712761976047904,0.5276176333427429,0.04375462838889366,70.9263916015625,21.660941127982408,0.018580935895442963,2.529296875,2.9691093
171,Who first drew Mickey Mouse when ?Disney first supplied the voice?,Walt Disney,0, voice,7899,0,6,0.06158776197604791,0.5987948179244995,0.15921698557430064,69.23053741455078,18.198632106804958,0.019976869225502014,6.34375,3.0009964
172,Which actress wrote the novel The Last of the Really Great Whangdoodles?,Anne Bancroft,0,oodles,98221,1,6,0.7658199226546906,0.7140036821365356,-0.13570192199110176,71.32010650634766,27.55358992905124,0.010566264390945435,0.01467132568359375,3.4561703
173,Who was the star of the film based on the record Harper Valley PTA by Jeannie C Riley?,Jeannie C Riley,0, Riley,47935,0,6,0.3737446981037924,0.73027503490448,-0.002681618678451958,69.93575286865234,22.92383841132357,-0.016241077333688736,2.068359375,3.0609298
174,What color golf balls are used on the golf course in Antarctica?,White golf balls are used on the golf course in Antarctica. The reason for,0, Antarctica,72787,0,11,0.5675134106786427,0.7914465665817261,0.012167652318706423,62.67128372192383,18.138116884350534,0.019847527146339417,11.125,3.9850712
175,Throughout the 80s and 90s Phil Collins recorded on which record label?,Atlantic Records,1, label,2440,0,6,0.01902445109780439,0.5630298256874084,-0.07461111003088883,61.14790344238281,19.204915410204606,0.006887380965054035,0.08367919921875,2.3226755
176,On which label did Chuck Berry record in the 1950s and 1960s?,Chess Records,1,s,82,1,1,0.0006393463073852295,0.37801769375801086,5.454192677268129,69.54850006103516,24.22568664685981,0.008194318041205406,0.01491546630859375,2.083457
177,What was the name of Michael Jackson's second wife?,Debbie Rowe,1, wife,7555,0,5,0.05890562624750499,0.6450687646865845,0.008498882413961795,61.505699157714844,13.30572224714333,-0.015202388167381287,3.552734375,1.0027589
178,Which US city was named after a British Prime Minister?,London,0, Minister,9675,0,9,0.07543506736526946,0.655691385269165,-0.02089395658422255,62.90205764770508,17.44203097842737,0.023391537368297577,0.04364013671875,4.216008
179,"""Who said, To err is human but it feels divine?""""""",Alexander Pope,0, divine,30467,0,7,0.23754834081836326,0.7477802038192749,-0.04153222648916888,60.00579071044922,17.53501536896165,-0.0019225860014557838,0.1143798828125,5.421503
180,Which singer had a big 60s No 1 with Roses Are Red?,Bobby Vinton,1, Red,3816,0,4,0.029752994011976047,0.5881352424621582,0.11834547739940415,69.953125,7.316210931027287,0.011740228161215782,0.031829833984375,4.1085324
181,What are the international registration letters of a vehicle from Iceland?,The international registration letters of a vehicle from Iceland are ICE.,1, Iceland,39496,0,8,0.30794660678642716,0.7625413537025452,0.0776088164649078,69.58562469482422,15.793764446627751,0.006026197224855423,7.04296875,4.5599627
182,Where was the American venue of the Live Aid concert?,Philadelphia,1, concert,21497,0,8,0.16761009231536927,0.6874154806137085,-0.10472786643754484,63.777374267578125,12.775381771190956,0.00045499252155423164,0.81982421875,1.3125292
183,Which was the longest moon landing?,Apollo 17,1, landing,20948,0,8,0.16332959081836326,0.6995896697044373,0.0493239178809155,60.55548095703125,4.926458180874607,0.015032269060611725,2.107421875,2.611251
184,Who had the most expensive presidential inauguration ceremony of the 20th century?,Franklin D. Roosevelt,0, century,9478,0,8,0.07389907684630738,0.6039600968360901,-0.0807233691109932,68.82846069335938,23.20421492529953,0.005015068221837282,0.08306884765625,3.6472993
185,Who became Israel's head of state in 1993?,Yitzhak Rabin,0,3,18,1,1,0.0001403443113772455,0.4281560778617859,12.17687754194454,66.9803695678711,16.764212479912825,-0.01071987859904766,0.7822265625,1.6237707
186,"In WWII, who was the head of the Nazi party's security service?",Heinrich Himmler,0, service,2532,0,8,0.01974176646706587,0.5447962284088135,0.3688982043098803,65.8078842163086,10.284952054272935,0.010011217556893826,1.19140625,1.383592
187,Which President of the Philippines was deposed in 1986?,Ferdinand Marcos,1,6,21,1,1,0.00016373502994011975,0.45013076066970825,4.602042479779417,63.328861236572266,11.317940940352878,-0.006563147995620966,0.011260986328125,0.73334265
188,"What kind of disaster claimed some 100,000 lives in Armenia in 1988?",Earthquake,1,8,23,1,1,0.00017932884231536926,0.4591073989868164,3.455409406839226,58.65076446533203,11.622193041051906,0.0022155307233333588,0.035369873046875,1.0818733
189,Which state on the Gulf of Mexico is nearest the end of the alphabet?,Texas,1, alphabet,28890,0,9,0.22525261976047903,0.7396818995475769,0.005360049260706656,65.697021484375,14.595527348729707,0.029299553483724594,11.3046875,2.6730795
190,Truax Field international airport is in which US state?,Florida,0, state,1614,0,6,0.012584206586826347,0.5253990292549133,0.2482862492725042,64.65425109863281,9.936782830583535,0.0016980250366032124,0.6279296875,4.4504423
191,In what month was the attack on Pearl Harbor?,"December 7, 1941",1, Harbor,40282,0,7,0.3140749750499002,0.6604747176170349,0.06345164522900548,64.5948257446289,10.880001598439343,0.017885711044073105,0.09649658203125,1.3127837
192,Who did Dr. Crippen murder?,His wife,1, murder,10102,0,7,0.07876434630738523,0.6703723669052124,0.20961687771880655,64.92476654052734,25.89263610774118,0.004189302213490009,0.8310546875,1.886234
193,"In the 1904 Olympics, how many of the 23 track and field titles were won by Americans?",12,0, Americans,9053,0,10,0.07058539171656687,0.655805230140686,0.10564604674114442,62.01781463623047,24.637985842234286,0.016395818442106247,1.5166015625,3.2668786
194,The Black Hills lie between which two rivers?,The Black Hills lie between the Cheyenne and Belle Fourche Rivers.,0, rivers,36617,0,7,0.28549931387225547,0.7190476655960083,0.029169148152987212,61.57958984375,14.736106481954707,0.014815087430179119,1.05859375,1.6245438
195,In what year was the first in-flight movie shown on an internal flight in the USA.,1930,0, USA,7427,0,4,0.057907622255489025,0.6604152321815491,0.11077678103576138,61.70758056640625,16.73421169314004,0.020437093451619148,3.603515625,1.3022828
196,In which city was John Lennon murdered?,New York,1, murdered,32485,0,9,0.25328249750499005,0.7669605612754822,-0.06253125259200054,66.24971771240234,21.68367024722866,0.008126514963805676,1.392578125,1.4842688
197,How was President Kennedy assassinated?,"President Kennedy was assassinated by Lee Harvey Oswald on November 22,",0,inated,15846,1,6,0.1235497754491018,0.6600669026374817,0.07407442140327758,63.272090911865234,19.507039006817372,0.0251469649374485,0.002288818359375,3.1065516
198,Which caped crusader operated in Gotham City?,Batman,1, City,4409,0,5,0.03437655938123752,0.545894980430603,0.3616003754058146,71.97183227539062,23.61565543331945,-0.01843869872391224,0.432373046875,1.5857521
199,Who did Jack Ruby shoot in November 1963?,Lee Harvey Oswald,1,3,18,1,1,0.0001403443113772455,0.4281560778617859,12.17687754194454,65.49138641357422,18.264916961529128,-0.008587123826146126,0.00672149658203125,0.66201514
200,Who was the first American to travel faster than the speed of sound?,Chuck Yeager,1, sound,5222,0,6,0.040715444111776446,0.5855638384819031,0.07146827527436805,61.538299560546875,12.142459805662957,-0.002951870672404766,0.0202789306640625,0.77208626
201,Who was the first US president Barbara Walters interviewed?,Richard Nixon,1, interviewed,30147,0,12,0.23505333083832336,0.7280189394950867,-0.06016600584514942,64.78734588623047,19.487423049345942,0.001690218225121498,0.5009765625,3.1243582
202,Which orchestral conductor was married to one of the subjects of the film Hillary and Jackie?,Simon Rattle,0, Jackie,51965,0,7,0.40516623003992014,0.7814104557037354,0.0893986198729051,62.65192413330078,16.301495456082662,0.004797252826392651,0.0080718994140625,3.5567057
203,Which writer and politician became Lord Tweedsmuir?,John Buchan,1,uir,21581,1,3,0.16826503243512975,0.6720839738845825,0.08414670745901853,58.22761917114258,14.993668030324073,0.022842487320303917,0.00490570068359375,0.7339517
204,In what year was the first Tarzan novel published?,1912,0, published,4756,0,10,0.03708208582834331,0.6252653002738953,-0.03362107307915441,63.51707077026367,23.2683606433574,0.0005969736957922578,0.330322265625,0.9130049
205,In which country were motorized ambulances first used?,United States,0, used,1511,0,5,0.011781125249500998,0.5463594794273376,0.37222645489455086,62.775901794433594,11.006046206929996,0.03502749651670456,0.481689453125,3.12428
206,What is the Pacific terminus of the Trans Siberian Railway?,Vladivostok,1, Railway,55556,0,8,0.43316492015968067,0.6948733925819397,-0.07485929199335262,61.594085693359375,12.186848940739162,-0.0015095476992428303,1.17578125,2.6844454
207,What is the name of the mountain pass which lies between Pakistan and Afghanistan?,Khyber Pass,1, Afghanistan,21139,0,12,0.1648187999001996,0.7584830522537231,0.024392636115040833,65.0569839477539,12.365208600798297,-0.02729800157248974,2.2734375,2.2355256
208,"What is the name of the group of 1,196 islands in the North Indian Ocean, none bigger than five square miles?",Maldives,1, miles,8931,0,6,0.06963416916167664,0.6518120169639587,0.005514340149599395,64.21472930908203,23.28447322191841,0.03894119709730148,0.362060546875,2.0465562
209,Which Syrian city is said to be the oldest continually inhabited city in the world?,Damascus,1, world,1917,0,6,0.014946669161676647,0.5497031807899475,0.14756205722179283,70.15592193603516,26.46941420787956,-0.024735834449529648,0.006259918212890625,1.8623011
210,Who was king of France at the time of the French Revolution?,Louis XVI,1, Revolution,22910,0,11,0.17862712075848303,0.6209996938705444,0.13438071265324503,64.53036499023438,18.67032328519942,-0.008250944316387177,0.53125,1.063547
211,What is the principal language of Bulgaria?,Bulgarian,1, Bulgaria,59819,0,9,0.46640313123752497,0.7814505696296692,0.0621866716951609,55.257965087890625,14.447356367167227,0.008826060220599174,6.40234375,0.56158185
212,"What is the name of the cathedral in Red Square, Moscow?",St. Basil's Cathedral,1, Moscow,23223,0,7,0.18106755239520958,0.7464043498039246,-0.09139441150880634,63.213809967041016,14.433028102605906,0.015496729873120785,0.422119140625,1.4829557
213,Which country is known to its people as Suomen Tasavalta?,Finland,1,ta,2629,1,2,0.02049806636726547,0.5213707089424133,0.05603931963031794,66.33967590332031,16.82625724499093,4.979665391147137e-05,0.0027313232421875,0.31270972
214,Which crusade was led by Philip II Augustus of France and Richard I of England?,The Third Crusade,1, England,9635,0,8,0.07512319111776447,0.652515709400177,-0.04445903062586343,73.20146942138672,17.617729052902238,0.027841225266456604,0.012908935546875,2.007845
215,In which Netherlands city does the United Nations International Court of Justice sit?,The Hague,1, sit,2503,0,4,0.019515656187624752,0.6150896549224854,0.07858047805006008,61.77099609375,13.98661851275553,0.0036783372052013874,2.3671875,1.1544642
216,"In which battle did Harold II, the last Saxon king, lose his life?",Hastings,0, life,2324,0,5,0.01812000998003992,0.5485405921936035,0.39211096417341373,69.02072143554688,18.389658657827482,0.01820489764213562,0.3818359375,2.205901
217,Who proclaimed the People's Republic of China in 1949?,Mao Zedong,1,9,24,1,1,0.00018712574850299402,0.47291216254234314,2.9663261744251486,61.02668762207031,15.285840924312811,-0.015704398974776268,0.004283905029296875,0.47015366
218,"Which wife of Henry VIII had already married twice before she became queen, and married for a fourth time after Henry's death?",Anne Boleyn,0, death,4648,0,6,0.03624001996007984,0.5997304916381836,0.02356983276816571,68.1129379272461,30.866411669772646,0.017277704551815987,0.01287078857421875,1.4699687
219,In which country is the castle that gives the Habsburg dynasty its name?,Austria,0, name,836,0,5,0.006518213572854291,0.5297390818595886,0.43957559592739814,67.22845458984375,19.34718081741244,-0.011655701324343681,0.041595458984375,2.575466
220,In which parliament has the UK 87 seats for members who are elected for a five0-year term?,Scotland,0, term,4751,0,5,0.03704310129740519,0.5793826580047607,0.07971316670870054,69.26578521728516,14.386870878633005,0.02614523656666279,0.2156982421875,3.6142263
221,What was the former name of the British Green Party?,The Ecology Party,1, Party,8722,0,6,0.06800461576846308,0.6012024283409119,-0.017332083547173305,61.98927688598633,12.460884977958932,0.0313371904194355,1.4609375,2.3608983
222,"""What is the more common name of the """"simple plurality"""" system of voting?""",Plurality voting system,0, voting,16043,0,7,0.12508576596806387,0.6623630523681641,0.11145386909708144,63.52740478515625,9.928187436362096,0.01755417510867119,0.75927734375,2.7682931
223,What word for unthinking patriotism is derived from the name of one of Napoleon's admirers?,jingoism,0,ers,388,1,3,0.0030251996007984033,0.41625291109085083,0.9857535680151814,63.825347900390625,15.610259529137522,-0.0010349452495574951,0.705078125,1.8754411
224,Which builder of steam engines formed a successful partnership with Matthew Boulton?,James Watt,1,ton,783,1,3,0.00610497754491018,0.518864631652832,0.4384212802631806,66.01240539550781,20.88961211893955,0.016819065436720848,0.007007598876953125,0.6057568
225,What was the nickname of the French singer Edith Piaf?,The Little Sparrow,1,f,69,1,1,0.0005379865269461078,0.4499393105506897,1.8971064511199591,62.60454559326172,21.26184801058743,-0.002408680971711874,0.00511932373046875,2.180157
226,Whose birthday is celebrated by a public holiday on the third Monday in January in the USA?,Martin Luther King Jr.,1, USA,7427,0,4,0.057907622255489025,0.6604152321815491,0.11077678103576138,63.51143264770508,23.17048632803375,0.026313748210668564,1.8515625,1.1043167
227,What type of coal is brown and fibrous?,lignite,1,rous,27620,1,4,0.2153505489021956,0.7056708335876465,0.022041638995927038,59.575355529785156,5.881930826462211,-0.028176147490739822,0.0008769035339355469,1.9173518
228,What raw material is used for making glass?,Sand,1, glass,9168,0,6,0.07148203592814371,0.6013700366020203,0.06860853566694569,53.12362289428711,1.9255018301360867,0.01911374181509018,3.544921875,2.5121663
229,What kind of an organism is a truffle?,A truffle is a type of fungus.,1,uffle,13511,1,5,0.105343999500998,0.6904197931289673,-0.12542843770710554,54.791664123535156,1.9841706775568078,0.023753836750984192,2.3203125,2.9286623
230,What is the name of the strong material found in plant cell walls?,cellulose,1, walls,14620,0,6,0.11399076846307385,0.6379786729812622,0.13140855028660825,62.12482452392578,15.784906848394929,0.00035777874290943146,0.0109100341796875,1.8211973
231,What name is given to the change of state from liquid to gas?,Vaporization,0, gas,6962,0,4,0.05428206087824351,0.594758152961731,0.11491033279369489,53.57792663574219,7.977273591510299,0.003047782927751541,0.1904296875,2.2101278
232,"Which branch of science has four fundamental principles: addition, subtraction, multiplication, and division.",Mathematics,0, division,13096,0,9,0.10210828343313373,0.6213078498840332,0.07096024993084349,67.59125518798828,23.619843557249002,0.02357906475663185,0.0264129638671875,2.152508
233,What is the force that opposes the relative motion of two bodies that are in contact?,Friction,1, contact,3729,0,8,0.029074663173652694,0.5945748686790466,0.18763326275876446,48.66261672973633,14.336099319958603,0.020736753940582275,0.2763671875,1.3422914
234,What is the fastest animal on two legs?,The cheetah is the fastest animal on two legs. It can run,0, legs,14535,0,5,0.11332803143712575,0.6696717739105225,0.05813331107432651,63.857391357421875,18.317459763657425,0.024986131116747856,0.25341796875,3.1151319
235,What is the green pigment used by plants to trap sunlight?,chlorophyll,1, sunlight,40120,0,9,0.312811876247505,0.78083735704422,0.061198874794515135,48.12051773071289,5.888938563188004,-0.010639067739248276,3.08203125,1.1493812
236,What id the name given to the study of birds?,Ornithology,1, birds,20229,0,6,0.15772361526946108,0.6559556722640991,0.008281240008048307,55.49985122680664,5.651604526423689,0.0377415232360363,6.8125,0.7385134
237,"Of which reptile are there only two species, one living in the Mississippi and the other in China?",Alligator,1, China,5734,0,6,0.04470746007984032,0.6024841070175171,0.009383721993658778,65.63389587402344,15.955813786459181,0.03505810350179672,2.4375,2.482483
238,"What type of seaweed grows up to 100 meters in length, and is farmed for its alginates?",Kelp,1,ates,988,1,4,0.007703343313373253,0.4793282449245453,0.1557729729642019,62.63618087768555,9.35185542570696,0.029589541256427765,0.73046875,2.5170703
239,Where in a vertebrate would you find the protein myoglobin?,Myoglobin is found in the muscle cells of vertebrates. It is a,0,oglobin,94855,1,7,0.7395755364271457,0.7984606623649597,-0.011523045239862029,63.000274658203125,11.536901417423335,0.010866132564842701,0.43798828125,2.9680693
240,"What is the most abundant substance in the plant kingdom, which no mammal produces the enzyme to digest?",Cellulose,1, digest,21552,0,7,0.16803892215568864,0.6968575716018677,0.04367848045670053,69.06903076171875,18.20123952897729,-0.0009363973513245583,0.7734375,2.1769736
241,"Which family of insects has species named 'drivers', 'weavers', 'and even individuals called 'soldiers'?",Termites,0,iers,4918,1,4,0.03834518463073852,0.5754111409187317,0.02848247986792618,85.23365783691406,25.312094428127374,0.01332801952958107,0.0677490234375,2.660637
242,What name is given to the study of animal behavior?,Ethology,1, behavior,7865,0,9,0.061322667165668664,0.602281391620636,-0.03882203923257377,56.71141815185547,12.967874565581987,0.01492694579064846,1.494140625,1.5736798
243,Mosses are classified as belonging to which part of the plant kingdom?,Bryophyta,1, kingdom,26135,0,8,0.20377214321357284,0.6840842366218567,-0.09768831633675656,61.8720588684082,6.292127879979711,-0.0031987233087420464,0.1064453125,3.201675
244,"Which rodent rears its young, called kittens, in a nest called a drey?",The beaver,0,rey,8233,1,3,0.06419192864271457,0.618865966796875,0.18777262560514796,66.96263122558594,19.541996270813065,0.027827315032482147,0.0003001689910888672,3.7842643
245,What has a central vein called a midrib?,A leaf,1,rib,1936,1,3,0.015094810379241517,0.6673479080200195,-0.0038375950842954865,57.197357177734375,6.888157685095663,0.010611150413751602,0.0225372314453125,3.2642462
246,"Which mammal constructs a lodge in which to store food, rear young, and pass the winter?",beaver,1, winter,12688,0,7,0.09892714570858284,0.6515268683433533,-0.008948543734220937,62.15904235839844,8.19015143462551,0.014945145696401596,0.1541748046875,3.383179
247,What is the generic word for plants that grow in water or water-logged conditions?,aquatic plants,1, conditions,4787,0,11,0.03732378992015968,0.5948253273963928,0.026608303588581794,57.305389404296875,15.832930373170313,-0.001299381721764803,7.63671875,2.3929522
248,"Which teeth are the third molars, and are always the last to0 erupt?","Third molars, or wisdom teeth, are the last teeth to erupt,",1, erupt,44779,0,6,0.3491376621756487,0.7572399973869324,-0.002516082872139336,66.23712158203125,18.047806021081616,0.01524409931153059,0.59423828125,2.999491
249,What is secreted by the pancreas to regulate blood sugar levels?,Insulin,1, levels,5990,0,7,0.04670346806387225,0.5849916338920593,0.11034917209480133,61.98665237426758,16.497702306637144,-0.0030391651671379805,0.701171875,0.99757564
250,How many chambers has the heart?,The heart has four chambers. The two upper chambers are called the atria,1, heart,4851,0,6,0.037822791916167664,0.5861057043075562,0.06008415725545779,58.51646423339844,6.031241816633431,0.05613667517900467,1.69140625,2.213
251,What is the name of the large buttock and thigh muscle?,Gluteus maximus,1, muscle,16124,0,7,0.12571731536926148,0.6568329334259033,-0.022129542589383266,59.624237060546875,4.257006462928497,0.02112269029021263,0.52392578125,1.7556357
252,"When the egg is released from the ovary, what is left behind?",The corpus luteum,1, behind,4920,0,7,0.03836077844311377,0.604526937007904,0.3081467326990608,65.17953491210938,12.329016392852136,-0.001039191149175167,0.11651611328125,2.4977417
253,What is the scientific name for the heart's pacemaker?,SA node,1,emaker,59775,1,6,0.46606006736526945,0.7266885638237,-0.023285713745195835,55.32675552368164,1.7156444990905122,0.002656848169863224,0.00689697265625,2.560214
254,Which hormone helps control ovulation?,Estrogen,0,ulation,2987,1,7,0.02328935878243513,0.5687965750694275,0.07582211613216039,64.92003631591797,10.793813286521782,0.0034991279244422913,0.01666259765625,3.3798406
255,What is the second most common gas in the atmosphere?,nitrogen,0, atmosphere,16975,0,11,0.13235248253493015,0.6925658583641052,0.04132289002261258,62.82717514038086,13.745713074576571,-0.015347728505730629,0.6162109375,2.4746
256,What is the term for nutrient enrichment of lakes?,eutrophication,1, lakes,44236,0,6,0.34490394211576847,0.7166008353233337,-0.09158504105573106,55.37376022338867,4.984095360396782,0.004694206640124321,3.345703125,1.2186426
257,Five-legged creatures have damaged which 1250 mile long wonder of the world?,The Great Barrier Reef,1, world,1917,0,6,0.014946669161676647,0.5497031807899475,0.14756205722179283,71.90047454833984,21.566112816661835,-0.022516895085573196,0.396240234375,3.4711504
258,Which radioactive substance sometimes occurs naturally in spring water?,radon,1, water,3090,0,6,0.02409244011976048,0.5522401928901672,0.17167789123659016,63.92074966430664,11.108582962407649,-0.00638021994382143,0.30615234375,1.6136098
259,What is the approximate circumference of the earth?,"40,000 km",0, earth,9578,0,6,0.07467876746506986,0.611518383026123,-0.03991002080799211,61.74185562133789,12.61889458140443,0.0011378908529877663,0.8125,2.3326213
260,"Which common mineral is used to make casts, moulds, blackboard chalk and plaster of Paris?",Gypsum,1, Paris,12366,0,6,0.09641654191616766,0.6461977362632751,0.016551974394144242,49.87736892700195,3.0977025146438635,0.010698467493057251,0.802734375,1.8551729
261,What name was given to the invisible material once thought to occupy all space?,aether,1, space,3634,0,6,0.028333957085828344,0.5517454147338867,0.21050411267701374,49.24591827392578,12.872686152849166,0.026788435876369476,0.3525390625,2.0371096
262,From which areas of space can there be no escape?,Black holes,1, escape,12731,0,7,0.0992624126746507,0.6356724500656128,0.1102996169306425,57.06110382080078,8.533192839352482,0.006549335550516844,2.962890625,3.2258074
263,Who was the first man to walk on the Moon?,Neil Armstrong,1, Moon,17781,0,5,0.1386367889221557,0.6072588562965393,0.03755925728413656,58.96636199951172,16.871377147124576,-0.009188511408865452,2.671875,1.528755
264,Proteus and Nereid are moons of which planet?,Neptune,1, planet,11841,0,7,0.09232316616766467,0.6316602826118469,0.0784649358510765,60.05104064941406,8.982232958490453,-0.007174105383455753,0.114501953125,2.307468
265,What is the Milky Way?,The Milky Way is the galaxy that contains our solar system. It is a,1, Way,12424,0,4,0.0968687624750499,0.5726203918457031,-0.016642812257976924,61.15961456298828,5.509552951127128,0.015386519953608513,0.05133056640625,1.6667548
266,Which force is nothing more than the bending of space and time?,Gravity,1, time,892,0,5,0.006954840319361277,0.46199557185173035,1.1567260448454713,60.186561584472656,17.352304222654517,0.0507245697081089,0.0226593017578125,1.2724452
267,"Which star is as bright as 23 Suns, and is orbited by the Pup?",Rigel,0,up,455,1,2,0.0035475923153692615,0.5071316361427307,0.43859890036220994,43.94810485839844,0.6801665492345497,0.03137066587805748,6.70703125,3.281445
268,What are the three primary colours of light?,"Red, green, and blue",0, light,3177,0,6,0.024770770958083832,0.5565561056137085,0.3204359298363846,60.43218994140625,3.719829287593562,0.025120673701167107,0.0963134765625,2.1637173
269,In what film did Oprah Winfrey make her big screen acting debut?,The Color Purple,1, debut,17755,0,6,0.13843406936127745,0.7272073030471802,-0.11608827679788325,66.31365203857422,19.239962341472037,0.011433204635977745,0.01416015625,2.5336006
270,What is the second lightest chemical element?,Helium,1, element,2449,0,8,0.019094623253493013,0.5694347023963928,-0.008117923724606513,54.1607780456543,15.843216750777753,0.009108366444706917,0.01020050048828125,1.9230443
271,"Used in mathematics, what is the value of Pi to three decimal places?",3.142,1, places,7634,0,7,0.059521581836327345,0.5812534093856812,0.15920309414633893,65.83210754394531,29.819197925925756,0.002412373200058937,0.0279388427734375,1.6651425
272,"What colour is the number 10 on the door of 10 Downing Street? White, Yellow or Brown?",White,1, Brown,10690,0,6,0.08334892714570859,0.5731106400489807,0.12578773943225174,66.44515991210938,4.3697241970285035,0.029467619955539703,4.0390625,1.8087066
273,What was advertised with Eva Herzagovia using the slogan hello boys?,Cigarettes,0, boys,13305,0,5,0.10373783682634731,0.6148371696472168,0.07798179613996314,71.1549301147461,44.54061587309977,-0.005178325809538364,1.28125,6.0071406
274,What number in Bingo is sometimes referred to as Heinz varieties?,57,1, varieties,36680,0,10,0.28599051896207583,0.703152596950531,-0.08462309527591039,58.0078239440918,9.972197956674602,0.036757420748472214,7.984375,0.9712689
275,"As at March 2001, who holds the record for scoring the most league goals for the soccer team Arsenal?",Thierry Henry,0, Arsenal,33102,0,8,0.2580931886227545,0.7682530879974365,0.11813538213998998,67.00972747802734,17.940440891382664,0.03635715693235397,3.29296875,2.4982936
276,How many verses make up the national anthem God Save The Queen?,4,0, Queen,16657,0,6,0.12987306636726548,0.6333673596382141,0.0002602513303160414,65.8252944946289,15.69990482805158,0.008301975205540657,0.287353515625,2.6778197
277,What colour is the cross on the national flag of Switzerland?,Red,0, Switzerland,30221,0,12,0.2356303018962076,0.740097165107727,-0.0006579895987020024,65.1332778930664,17.609026903292374,0.003797906916588545,4.44140625,2.926189
278,Who was the American President when the Berlin Wall was constructed?,John F. Kennedy,1, constructed,20968,0,12,0.16348552894211577,0.6746767163276672,0.0200187731107766,66.64461517333984,22.153637081620506,0.020588459447026253,2.78125,2.190974
279,What is the minimum number of darts a person needs to throw to complete a leg from 501?,3,0,501,14408,1,3,0.11233782435129741,0.7042117118835449,-0.07627598286110437,58.28858184814453,3.2887829873857415,0.018651330843567848,3.041015625,1.6500996
280,What was the first British football team to win the European Cup?,Manchester United,0, Cup,11098,0,4,0.08653006487025948,0.6311128735542297,-0.0029099678739923363,61.02895736694336,7.283399847030358,0.07374268770217896,0.454833984375,2.8948424
281,What is the most popular natural attraction in Alaska?,Denali National Park,1, Alaska,28366,0,7,0.22116704091816367,0.7571129202842712,1.9244911878324444e-05,61.661251068115234,11.179657679524428,0.025277193635702133,6.53125,2.4160326
282,"What type of acid is extracted from the juice of lemons, oranges, limes, and grapefruit?",Citric acid,1,fruit,36698,1,5,0.2861308632734531,0.7160324454307556,0.009009063470507783,56.330440521240234,7.887252688668866,-0.017414763569831848,0.89208984375,0.944207
283,How many pieces are there in a standard set of dominoes?,28,1,es,288,1,2,0.002245508982035928,0.39322352409362793,0.8292722232535015,61.44290542602539,16.55802772609248,-0.007914597168564796,0.031280517578125,1.9235595
284,What is the acronym for the agency which provides co-operation between police forces worldwide?,Interpol,1, worldwide,15603,0,10,0.12165512724550898,0.7237740159034729,0.0755959593411557,64.87772369384766,25.167105924756548,-0.007333857007324696,5.2109375,1.1387352
285,"What were Benjy and Laska, which were sent into space in 1958?",Dogs,0,8,23,1,1,0.00017932884231536926,0.4591073989868164,3.455409406839226,62.82420349121094,11.03263631538069,0.008419234305620193,1.6650390625,3.830639
286,In what year in the 20th century was the Miss World contest held for the first time?,1951,1, time,892,0,5,0.006954840319361277,0.46199557185173035,1.1567260448454713,69.83907318115234,22.32748476222255,0.03190011531114578,0.005809783935546875,1.159605
287,In which year was the Encyclopedia Britannica first published?,1768,1, published,4756,0,10,0.03708208582834331,0.6252653002738953,-0.03362107307915441,62.12006759643555,14.732098244723854,0.008022655732929707,0.09759521484375,0.7330989
288,"On the London Underground, which is the only line to connect at some point with every other line on the system?",The Circle Line,0, system,1887,0,7,0.014712761976047904,0.5276176333427429,0.04375462838889366,67.27340698242188,22.44667494033244,0.019962653517723083,0.99267578125,2.3743458
289,Who wrote The Importance Of Being Earnest?,Oscar Wilde,1,est,478,1,3,0.0037269211576846308,0.5202765464782715,0.227053653724262,71.48609161376953,16.20052063380393,-0.014457709155976772,0.0005593299865722656,1.2227165
290,"Thomas Edison, who invented the lightbulb, was afraid of the dark?","True. Edison was afraid of the dark, and he was also afraid of",1, dark,6453,0,5,0.05031343562874251,0.6264715790748596,-0.08756932432658271,61.71907424926758,15.076371110409681,0.004269671626389027,0.109130859375,3.7434597
291,Taphephobia is the fear of losing your teeth?,Taphephobia is the fear of being buried alive.,0, teeth,18311,0,6,0.1427691492015968,0.6939935088157654,-0.06795561046337317,62.275150299072266,14.109141142259713,0.03039376251399517,6.859375,5.0052137
292,The letter t is the second most common letter used in the English language?,The letter t is the second most common letter used in the English language.,0, language,4221,0,9,0.032910741017964075,0.583701491355896,0.07293674141096851,70.51163482666016,12.490559548363645,0.01546845119446516,0.28466796875,3.8804715
293,"The invention of what in 1867, made Alfred Nobel famous?",dynamite,1, famous,11495,0,7,0.0896254366267465,0.695499837398529,-0.01400340573856651,54.75282669067383,15.35382458601979,0.028658824041485786,1.4228515625,1.4411426
294,What is the most populated city in America?,New York City,1, America,5270,0,8,0.04108969560878244,0.5691947340965271,0.09984393803774072,65.95256805419922,16.20426131128479,-0.007609037682414055,6.3359375,1.464812
295,What is the only letter of the alphabet which does not appear in any of the names of the 50 American states?,Q,1, states,5415,0,7,0.042220247005988025,0.5628953576087952,0.07897841892113311,63.392032623291016,22.714316109693254,0.028155632317066193,0.07843017578125,2.043071
296,What was the Spice Girls' debut single called?,Wannabe,1, called,2663,0,7,0.02076316117764471,0.5720611214637756,0.2294799170302313,62.865150451660156,28.97795896873828,0.021698690950870514,2.01953125,0.9806645
297,What are the only two musical notes which have no flats?,C and B,0, flats,61457,0,6,0.4791744635728543,0.7397884130477905,-0.028082785473938277,61.8431396484375,11.688852253386525,0.021730253472924232,4.96484375,2.7124193
298,"From which country do French fries originate? France, Belgium or Switzerland?",Belgium,0, Switzerland,30221,0,12,0.2356303018962076,0.740097165107727,-0.0006579895987020024,70.89158630371094,21.58918779022185,0.014137962833046913,4.56640625,2.2809546
299,For what novel did J. K. Rowling win the 1999 Whitbread Children's book of the year award?,Harry Potter and the Philosopher's Stone,0, award,10292,0,6,0.08024575848303393,0.62408047914505,0.13130513817678935,66.19723510742188,23.809301807316075,0.011953887529671192,0.385498046875,0.7130992
300,What is the longest word can be typed using only the top row of letters on a typewriter?,Typewriter,1,ewriter,73580,1,7,0.5736963572854291,0.7370667457580566,0.09236815435772483,57.68170928955078,9.969672337986285,0.03530418500304222,0.03253173828125,6.069791
301,In which city would you find O'Hare International Airport?,Chicago,1, Airport,21348,0,8,0.16644835329341318,0.6975895762443542,-0.006654284473522232,66.63956451416016,22.89412326943393,0.006573419086635113,0.062042236328125,1.0398082
302,Which Asian country was once called Siam?,Thailand,1,iam,5038,1,3,0.039280813373253495,0.6104069352149963,-0.050139616647248086,63.061187744140625,22.25017649854411,0.011910295113921165,0.2490234375,0.4441905
303,What are the names of Donald Duck's three nephews?,"Huey, Dewey, and Louie",1,ews,28844,1,3,0.2248939620758483,0.6276416182518005,0.06987550248012209,59.92801284790039,12.865799697708946,0.010369041934609413,4.279613494873047e-05,1.270917
304,"In which 1993 film does a boy called Jonah write to a woman called Annie, asking her to meet his father at the Empire State building on St. Valentine's Day?",Sleepless in Seattle,1, Day,6187,0,4,0.04823945858283433,0.533270001411438,0.3580779332914088,68.08316040039062,14.690815883478436,0.03651725500822067,0.292724609375,2.1659875
305,Who had a top ten hit in 1988 with Valentine?,Cliff Richard,0, Valentine,39869,0,10,0.31085485279441116,0.7209590673446655,0.16293162098196978,49.99613952636719,3.703711609372607,0.019732864573597908,11.390625,5.2750044
306,What is the second most common word in written English?,the,0, English,6498,0,8,0.05066429640718563,0.6239328384399414,0.06630956246604214,57.87070083618164,7.318319329158999,0.02350335195660591,0.5224609375,2.726112
307,"In which arcade game, would you find ghosts called Inky, Pinky, Blinky and Clyde?",Pac-Man,1, Clyde,91494,0,6,0.7133701347305389,0.7960500121116638,-0.03311075420418064,67.55940246582031,17.907501544388616,-0.004121232777833939,0.045166015625,0.40901026
308,"More commonly known as the thigh bone, what is the medical name for the longest bone in the human body?",femur,1, body,2547,0,5,0.01985872005988024,0.5649644732475281,0.10948540115892724,63.22178649902344,22.57459332110408,0.023455902934074402,0.02392578125,1.75195
309,"What word is used to describe someone who is neither left or right handed, but can use both hands with equal ease?",ambidextrous,1, ease,14553,0,5,0.11346837574850299,0.660318911075592,0.05754605227077114,60.005855560302734,20.193715425720903,0.0032371366396546364,2.1953125,0.6612813
310,"Which cult film, starring Harrison Ford, was based on the story Do Androids Dream of Electric Sheep?",Blade Runner,1, Sheep,84008,0,6,0.6550024950099801,0.7493866682052612,-0.010798939572235877,73.95960998535156,14.421477803475803,0.012357449159026146,0.0390625,1.1150869
311,"Which ITV magazine style show ran from 1968 to 1980 and featured presenters including Jenny Hanley, Mick Robertson and Tommy Boyd?",Tiswas,0, Boyd,63721,0,5,0.4968266591816367,0.7081231474876404,-0.018038327599650295,69.57612609863281,20.89320343931647,0.011689398437738419,0.1475830078125,3.6596785
312,Which type of animal was Robin Hood in the Disney cartoon film 'Robin Hood'?,Fox,1, Hood,36443,0,5,0.2841426521956088,0.68819260597229,-0.01736618089898423,70.66787719726562,12.862403591507766,0.02185007557272911,0.01412200927734375,1.5855693
313,Who provided the voice for Bob The Builder on his number one hit Can We Fix It?,Neil Morrissey,1, It,1102,0,3,0.008592190618762475,0.4722847044467926,1.4970489650181191,69.33167266845703,12.943432723157768,0.023686524480581284,0.0662841796875,4.44906
314,Which actor received 4 million dollars for his 10 minutes on screen in the film Superman?,Christopher Reeve,0, Superman,38809,0,9,0.30259013223552894,0.7937228083610535,0.00324215032826336,66.65667724609375,8.912543171552294,0.01865650713443756,4.5234375,2.9672358
315,"Who directed the films Thelma and Louise, Hannibal and Black Hawk Down?",Ridley Scott,1, Down,6419,0,5,0.05004834081836328,0.5707700252532959,0.10120980720390049,65.4906234741211,26.450218486933046,0.01633104681968689,0.07183837890625,0.39140382
316,"Which serial killer is the subject of the films A Study In Terror, Murder By Decree and From Hell?",Jack the Ripper,1, Hell,24830,0,5,0.19359718063872255,0.6393179893493652,0.16110141567670588,71.44310760498047,20.421743178813013,0.013515735045075417,0.00782012939453125,0.21187273
317,"In cricket, what is the score of 111 known as?",A century,0, as,439,0,3,0.0034228418163672653,0.4202515780925751,6.3126085249739425,59.89169692993164,13.985527733787219,0.013346384279429913,0.026641845703125,3.1911395
318,"Who wrote the novels About A Boy, How To Be Good and High Fidelity?",Nick Hornby,1,idelity,46201,1,7,0.3602248627744511,0.7631913423538208,-0.04870830340499843,71.81275177001953,22.06300688776163,0.005316644906997681,0.0007219314575195312,0.5373957
319,"With which game would you use a squidger, a circular disc between 25mm and 51 mm?",Squash,0, mm,9653,0,3,0.07526353542914171,0.6053245663642883,0.06224371278589791,75.67097473144531,16.78294024172753,0.031287044286727905,2.64453125,4.899837
320,The melody for which famous song was written by sisters and school teachers Patty and Mildred Hill in Kentucky in 1893?,Happy Birthday to You,1,3,18,1,1,0.0001403443113772455,0.4281560778617859,12.17687754194454,67.62657928466797,28.84490997220405,-0.012631316669285297,0.2919921875,1.4584477
321,What is the most common pub name in the UK?,The Red Lion,1, UK,6560,0,3,0.05114770459081836,0.6296750903129578,0.04499131911544296,66.13970184326172,19.12469785642612,-0.022273525595664978,1.7802734375,2.218354
322,What is the name of Kevin the teenager's friend played by Kathy Burke in a series of sketches with Harry Enfield?,Kevin the Teenager,0,field,2630,1,5,0.020505863273453093,0.5575699210166931,-0.016632222490949644,71.04978942871094,15.930214003612772,0.005928466096520424,0.0023975372314453125,4.5155663
323,"What seven letter word, beginning with the letters 'Ra' is a palindrome?",Rarararararara,0, palindrome,74197,0,11,0.5785070484031936,0.7562854290008545,-0.07716711890813066,63.81538772583008,19.646211578824566,0.021130090579390526,5.46484375,3.865132
324,Which fruit can go in the middle of the word aped to make a new word?,pear,1, word,3492,0,5,0.02722679640718563,0.563395619392395,0.2272863172269739,68.55250549316406,17.991582102773233,-0.014449899084866047,0.111572265625,4.9424567
325,How many scottish football league teams names end in United?,4,0, United,3723,0,7,0.029027881736526946,0.5749613046646118,0.1966423621385287,64.2214126586914,18.94062811031066,0.05266104266047478,3.72265625,2.9809296
326,Who had a top ten hit in the UK with Cupid in 1961?,Sam Cooke,1,1,16,1,1,0.000124750499001996,0.42005011439323425,23.616774104713258,62.72987365722656,18.33660883570744,0.026507575064897537,1.7978515625,3.971812
327,The theme tune to which TV show starts with the line Stick a pony in me pocket?,The Flintstones,0, pocket,18301,0,7,0.14269118013972057,0.665397584438324,-0.02061837393428423,75.47296905517578,18.324430640542857,0.008887352421879768,3.501953125,5.2350593
328,What word is given to a point in tennis which has to be replayed?,Deuce,0,ed,291,1,2,0.0022688997005988025,0.38422343134880066,1.1537881037352564,67.05650329589844,23.283696664562065,0.004491530358791351,0.0006070137023925781,2.1480012
329,How many episodes of Prisoner: Cell Block H were made?,692,1, made,1903,0,5,0.0148375124750499,0.5369464159011841,0.34046955681671554,63.65087890625,16.799302094455445,0.016815857961773872,1.5498046875,2.300462
330,Who is the last English-born player to win the men's singles title at Wimbledon?,Fred Perry,1, Wimbledon,91257,0,10,0.7115222679640718,0.8002857565879822,0.04125806393019227,60.4245719909668,13.243502693523752,0.024337466806173325,0.08258056640625,2.971048
331,"Which famous painter's surname was Harmenzoon van Rijn which translated as son of Harmen, of the Rhine?",Rembrandt,1,ine,483,1,3,0.0037659056886227547,0.4784199297428131,0.3414206780375184,67.47648620605469,15.860951176259462,0.024355512112379074,0.0009832382202148438,0.4183291
332,"In 1976, which gymnast scored 7 maximum scores of 10 as she won three gold medals, one silver and one bronze?",Nadia Comaneci,1, bronze,40907,0,7,0.31894804141716565,0.7330689430236816,-0.05428690614075338,78.11631774902344,28.422261221830958,-0.009398327209055424,0.02044677734375,0.8553444
333,"In years and days, how old was Luigina Giavotti when she won a silver medal in gymnastics in 1928, and is still the youngest medal winner today?",11 years and 327 days,0, today,3432,0,6,0.026758982035928143,0.587024450302124,0.1060046190103292,72.08692932128906,27.739526394147408,0.028500616550445557,6.94921875,2.7592783
334,Which Eastenders actor has played the policeman Nick Rowan on TV?,John Altman,0, TV,6007,0,3,0.046836015469061874,0.6153083443641663,-0.106677263961382,65.82730865478516,7.916603649310559,0.026427818462252617,5.52734375,4.998544
335,"What type of animal was Boris, the subject of a song by The Who?",A bear,0, Who,10699,0,4,0.08341909930139721,0.5915205478668213,0.23717384647741957,60.825382232666016,10.040072184076513,0.010682567954063416,2.203125,3.991242
336,Which brand of beer does Homer Simpson drink regularly?,Duff,1, regularly,15870,0,10,0.12373690119760479,0.7009000778198242,0.10433463948600519,71.23564147949219,31.1259237950014,0.0018843673169612885,5.66796875,1.2268897
337,From which animal does Haggis come?,Sheep,1, come,2586,0,5,0.020162799401197605,0.5484355688095093,-0.0816256674117346,69.03399658203125,22.779559518786254,0.052527010440826416,0.9423828125,3.0784984
338,"In which country was Marie Curie born? Poland, Austria or Switzerland?",Poland,1, Switzerland,30221,0,12,0.2356303018962076,0.740097165107727,-0.0006579895987020024,65.66996765136719,11.432203249727344,0.01686704531311989,3.30859375,0.82522947
339,"What is the most common blood type in humans? A, B or O?",O,1, O,507,0,2,0.003953031437125749,0.5048325657844543,1.1001558605719728,61.62743377685547,5.061152131288168,0.008497774600982666,0.55859375,1.8872833
340,Which P is the correct technical term for the art of making and displaying fireworks?,Pyrotechnics,1, fireworks,52933,0,10,0.4127136352295409,0.8236516714096069,-0.00011783066666559705,62.035850524902344,15.407074031548113,-0.007811918389052153,9.359375,1.3028909
341,Which King did Guy Fawkes attempt to kill with his gunpowder plot?,James I,1, plot,7234,0,5,0.056402819361277445,0.6089656352996826,0.15539030724987946,71.73800659179688,14.888571746938464,0.008936522528529167,0.142578125,1.1209543
342,In which film was the song White Christmas first sung?,Holiday Inn,1, sung,40439,0,5,0.3152990893213573,0.7321595549583435,0.10651002941190812,63.570831298828125,12.368707118335088,0.01342611014842987,1.2763671875,1.3719063
343,Which Pop Idol had a number one hit in 2004 called All This Time?,Will Young,0, Time,4212,0,5,0.032840568862275446,0.5023987889289856,0.5752723077583224,70.52825164794922,21.0192651294464,0.049153830856084824,0.0309295654296875,4.138174
344,"Which Channel 4 TV show's presenters included Mark Lamarr, Amanda De Cadenet and Terry Christian?",The Word,1, Christian,9052,0,10,0.07057759481037924,0.619142472743988,0.001988243440417925,64.2007064819336,25.712756519933794,0.0250015277415514,0.156005859375,2.2724893
345,What is the name of the device made of wood and horsehair that is used to play a violin?,A violin is a stringed instrument that is played with a bow. The,1, violin,63137,0,7,0.49227326596806387,0.7964629530906677,-0.052137986902569544,56.780113220214844,5.570343155557815,0.008198854513466358,0.890625,2.5277805
346,What colour is the bottom stripe on the U.S. flag?,Red,1, flag,5292,0,5,0.04126122754491018,0.6116909384727478,0.10343544097682988,61.921180725097656,17.183590512226164,0.02696821838617325,0.11553955078125,2.2052672
347,What is the name given to the largest bee in a hive?,Queen bee,1, hive,66607,0,5,0.5193285304391217,0.7465031743049622,0.06515743975371624,58.79041290283203,8.160578681060246,-0.001239759149029851,0.8603515625,1.8566753
348,Who won the Ladies singles title at Wimbledon in 2004?,Maria Sharapova,1,4,19,1,1,0.00014814121756487027,0.43821898102760315,8.538236203894131,62.9324836730957,9.369758745669253,0.007255976088345051,1.658203125,1.431388
349,What is the alcoholic ingredient of Irish coffee?,Whiskey,1, coffee,11033,0,7,0.08602326596806387,0.6610051393508911,0.06705209734510653,60.8697395324707,8.998738645817065,0.023404743522405624,1.287109375,2.3936362
350,In which year did St George die?,303 AD,1, die,2815,0,4,0.021948290918163672,0.5532010197639465,0.1905641946196237,63.54579162597656,13.034905584382383,0.0005421321839094162,9.4296875,2.4041018
351,What are the names of the Four Horseman of the Apocalypse?,"The Four Horseman of the Apocalypse are named War, Famine, Pest",0, Apocalypse,80297,0,11,0.6260681761477046,0.7409107685089111,0.038460698403167015,67.24162292480469,10.686441158243593,0.008793540298938751,0.1160888671875,3.3155959
352,Who is the Vice-President for George W Bush?,Dick Cheney,1, Bush,14409,0,5,0.11234562125748503,0.6811105608940125,0.010958013177908565,67.88822174072266,16.011228341221514,0.028841380029916763,1.78125,1.40297
353,"Which film sees Clint Eastwood, Tommy Lee Jones, James Garner and Donald Sutherland as retired astronauts?",Space Cowboys,1, astronauts,69522,0,11,0.5420565119760479,0.7897958755493164,0.07556419572992068,62.54984664916992,12.384772234078618,0.01648114062845707,7.0703125,1.0331349
354,"In a standard deck of cards, how many Kings have a moustache?",0,0,ache,1815,1,4,0.014151384730538922,0.6234872341156006,-0.03084356305590008,62.43848419189453,12.859072528199277,0.019609563052654266,0.002002716064453125,2.2188725
355,"According to the film Gremlins, if you are looking after a Gremlin you should not feed him after midnight, not get him wet and not expose him to what?",bright light,1, what,1148,0,5,0.008950848303393214,0.5466995239257812,0.9156777585603155,58.0998649597168,8.895780646421166,0.013731001876294613,1.80078125,1.8924682
356,The Canary Islands are named after what animal?,canaries,0, animal,10065,0,7,0.07847586077844311,0.6162844896316528,-0.01569413881283488,62.227787017822266,8.963941236983139,0.004893115721642971,3.044921875,3.129108
357,In which capital city would you find Charles Bridge and Wenceslas Square?,Prague,1, Square,15992,0,7,0.12468812375249501,0.5939249396324158,-0.034931723364079126,69.6943588256836,17.74697715955508,0.019188394770026207,0.047515869140625,0.49597508
358,What was the surname of the woman who was the inspiration behind the Rolling Stones song Angie?,Jagger,0, Angie,100029,0,6,0.7799167290419161,0.7836862206459045,0.014322545784905216,62.6988410949707,19.632738627532532,0.009903604164719582,3.6328125,3.6498966
359,What is the final event in a decathlon?,"The 1,500-meter run",0,athlon,78017,1,6,0.6082912300399201,0.7695291042327881,0.02212869589689337,58.67983627319336,6.190413495219673,0.03529830649495125,3.21875,2.899572
360,"Peter Simple, Jack Horner and Ben Nevis have all won which famous sporting event?",The Boat Race,0, event,1567,0,6,0.012217751996007983,0.5512568950653076,0.10779141048620167,65.46050262451172,13.268047624586899,0.04262016713619232,0.609375,4.21068
361,What is the largest city in Turkey?,Istanbul,1, Turkey,17442,0,7,0.1359936377245509,0.6697269678115845,-0.047958460506484446,57.95580291748047,13.97160981119281,0.02280988171696663,5.25,1.0689359
362,Who bought Chelsea football club for £1 in 1982?,Ken Bates,1,2,17,1,1,0.00013254740518962076,0.4151184856891632,15.679016558039137,65.84169006347656,19.58568675569146,0.006471672095358372,0.10272216796875,2.2494478
363,"In 1998, which director's Oscar acceptance speech included the line I'm king of the world?",James Cameron,1, world,1917,0,6,0.014946669161676647,0.5497031807899475,0.14756205722179283,67.50823211669922,18.907797407763198,-0.01157568022608757,0.03717041015625,1.2721322
364,What nationality was the painter Vincent Van Gogh?,Dutch,1,ogh,65036,1,3,0.5070795908183633,0.7254158854484558,-0.02594781765331522,60.589385986328125,19.889622785510458,0.024950901046395302,0.004726409912109375,0.8543077
365,Which film features the characters Sally Albright and Harry Burns?,When Harry Met Sally,1, Burns,51016,0,6,0.39776696606786427,0.7095108032226562,-0.08406825151589548,64.05408477783203,15.353129211344715,0.012378417886793613,0.056488037109375,0.6036347
366,Which act won the Eurovision Song Contest for the United Kingdom singing Love Shine A Light?,Katrina and the Waves,1, Light,8828,0,6,0.0688310878243513,0.5725975632667542,0.24337144922527143,73.42642211914062,21.497088661005062,0.028286607936024666,0.0291290283203125,0.9520307
367,Which English word comes from an old French word meaning sour wine?,vinegar,1, wine,13378,0,5,0.10430701097804392,0.6426005959510803,0.07602704154056461,64.8517074584961,17.047121994432125,0.011120729148387909,2.755859375,2.1889377
368,"Which team beat American Samoa 31-0 in a qualifying match for the 2002 World Cup, but still failed to qualify?",Australia.,1, qualify,26456,0,8,0.2062749500998004,0.7292583584785461,-0.0925355141080706,74.14749145507812,23.7629959752713,-0.009766311384737492,0.323974609375,1.4472861
369,What was the name of Roland Rat's gerbil friend?,Reggie,0, friend,4333,0,7,0.03378399451097804,0.6221650242805481,0.08068767387036502,69.39691162109375,15.716415790060505,0.005234935320913792,2.908203125,5.416931
370,Which animal has the longest gestation period at around 22 months?,The elephant,1, months,4038,0,7,0.03148390718562874,0.6050173044204712,0.10108901642090329,71.27500915527344,15.252321474477618,0.026046644896268845,0.07598876953125,3.24551
371,What name is given to the home of a beaver?,lodge,1,aver,7403,1,4,0.057720496506986026,0.6101215481758118,-0.0615255070287275,53.3919677734375,4.669131078684401,0.026373473927378654,2.1875,2.5524147
372,What name is given to a baby marsupial?,joey,1,ial,532,1,3,0.004147954091816368,0.545544445514679,-0.010815184133258438,57.46015548706055,1.9668405314485229,-0.006060102954506874,0.019073486328125,2.1069167
373,Who dated actress Elizabeth Hurley between 2000 and 2001 and denied he was the father of her son born in 2002 before a DNA test proved otherwise?,Hugh Grant,0, otherwise,6062,0,10,0.047264845309381236,0.6469756364822388,-0.01631358800038374,66.0188980102539,23.92997096997757,-0.015500981360673904,1.2138671875,2.2350023
374,What type of animal is the star of the 2005 film Racing Stripes?,A zebra,1,ipes,9100,1,4,0.07095184630738523,0.6455910801887512,-0.07014499231594362,59.06178283691406,17.820513897513102,0.02980763092637062,0.0016527175903320312,2.5498435
375,Author Dick Francis is famous for writing novels based around which sport?,Horse racing,1, sport,10775,0,6,0.08401166417165669,0.6371663212776184,0.0664852962693887,63.399192810058594,10.46293700815335,0.046320632100105286,0.4150390625,1.9026304
376,Which Scottish newspaper features the Broons and Oor Wullie?,The Sunday Post,1,ie,648,1,2,0.005052395209580838,0.44366297125816345,0.5361690305999613,67.85999298095703,12.044218075416047,0.019822537899017334,0.0223846435546875,1.4082856
377,Which famous book features the character of Bob Cratchit?,A Christmas Carol,1,it,275,1,2,0.0021441492015968062,0.4482269287109375,0.7119802279071243,64.22772979736328,17.657746005826578,0.0014995667152106762,0.0223541259765625,1.5634521
378,Which act has had more Christmas number one singles than any other?,The Beatles,1, other,1023,0,6,0.00797623502994012,0.5338029265403748,1.0249009673604341,69.86759948730469,26.061794967997088,0.006224463693797588,0.0188446044921875,4.742185
379,Which Christmas song includes the line It seems so long since I could say 'sister Susie sitting on a thistle'?,I Saw Mommy Kissing Santa Claus,0,istle,29400,1,5,0.22922904191616766,0.7040927410125732,0.013871487270553207,73.11268615722656,11.180240930309814,0.014037605375051498,0.1029052734375,3.9829245
380,Which British footballer has the most number of International caps?,Bobby Moore,0, caps,19079,0,5,0.1487571731536926,0.6475784778594971,-0.08231631657017902,69.34432220458984,12.813155070646806,0.011294815689325333,0.69921875,2.6176565
381,Who holds a trumpet on the album cover of Sgt. Pepper's Lonely Hearts Club Band by The Beatles?,John Lennon,0, Beatles,55957,0,8,0.4362914795409182,0.8328332304954529,-0.08054616799607084,66.9437255859375,21.663634798576204,0.00821642205119133,0.006397247314453125,4.0109663
382,Which song begins with the line The taxman's taken all my dough?,"The Beatles, ""Taxman""",0, dough,31452,0,6,0.24522829341317365,0.7619879245758057,0.0052393965957815425,83.86236572265625,16.513966298848544,0.007643841207027435,0.5576171875,3.276163
383,The Kray twins were convicted of the murder of George Cornell in the East End of London in 1966. What was the name of the pub in which he was shot?,The Blind Beggar,1, shot,6689,0,5,0.05215350548902196,0.5821839570999146,0.0509272380213317,70.97994232177734,21.28925693109622,0.03695491701364517,1.1416015625,1.1649257
384,Who composed the musical theme for the Pink Panther?,Henry Mancini,1, Panther,59612,0,8,0.46478917165668665,0.774324357509613,0.08934693521632209,56.686302185058594,4.625483247953949,0.014514140784740448,0.039886474609375,0.46661016
385,"Who was the cartoon adversary of Pixie and Dixie, who would often say I hate those meeces to pieces?",Mr. Jinks,0, pieces,9863,0,7,0.07690088572854291,0.6332336664199829,0.0302566063292371,77.8049545288086,31.62626665213503,-0.004983927588909864,0.2139892578125,1.1972266
386,Which actress married Dennis Quaid on Valentine's Day in 1991?,Meg Ryan,1,1,16,1,1,0.000124750499001996,0.42005011439323425,23.616774104713258,68.71233367919922,27.30704158906408,0.016270726919174194,0.05279541015625,0.38131285
387,"During Margaret Thatcher's years as Prime Minister, there were three Chancellors of the Exchequer. Geoffrey Howe and Nigel Lawson were two, but who was the other one?",John Major,1, one,832,0,4,0.006487025948103792,0.4752676784992218,1.7172249269168285,65.07508087158203,16.617223685203722,0.0009214505553245544,2.107421875,2.855137
388,Buddy Holly and the Big Bopper were two of the three musicians who died in a plane crash in February 1959. Who was the other one?,Ritchie Valens,1, one,832,0,4,0.006487025948103792,0.4752676784992218,1.7172249269168285,64.01182556152344,17.54165386071586,0.026475094258785248,2.005859375,1.2617457
389,"Fruit, cricket and horseshoe are varieties of what type of animal?",Invertebrates,0, animal,10065,0,7,0.07847586077844311,0.6162844896316528,-0.01569413881283488,62.130855560302734,3.297299463745186,0.0007411479018628597,5.05078125,2.4550629
390,"Apart from being warm blooded and giving birth to live young, what do mammals produce to differentiate them from other families of animals?",Mammals produce milk to feed their young.,1, animals,10099,0,8,0.07874095558882235,0.6199109554290771,0.00807185381481057,67.79139709472656,21.01739774076875,-0.0054459646344184875,0.76171875,2.839211
391,To which poet does Il Postino deliver mail?,Pablo Neruda,1, mail,8232,0,5,0.06418413173652694,0.6171047687530518,0.06321374312492312,65.71604919433594,17.366217010888512,0.03621026501059532,1.4765625,0.8892232
392,"Which scientist was Time magazine's ""Person of the 20th Century""?",Albert Einstein,1, Century,28200,0,8,0.21987275449101795,0.6473545432090759,0.13524659825605312,76.1547622680664,19.40969501029627,-0.0013425572542473674,0.765625,1.1004562
393,What was the nickname given to premiership footballer Neil Ruddock?,The Tank,0,ock,1197,1,3,0.009332896706586826,0.5584985613822937,-0.11590861109261352,64.32438659667969,15.554689281818806,0.0195610411465168,0.01348876953125,4.456019
394,The Ducati is manufactured in which city and what country?,"Ducati is manufactured in Bologna, Italy.",1, country,3224,0,8,0.025137225548902197,0.5815775990486145,-0.029940250572017657,71.20195770263672,13.723303780784924,0.025569498538970947,5.33984375,2.9471872
395,Wayne Rooney signed for Manchester United from which other Premiership Club?,Everton,1, Club,10349,0,5,0.08069018213572854,0.5834368467330933,0.2659449084811323,70.05274963378906,18.54381861247232,0.00843427050858736,2.884765625,0.39697543
396,The Yalu river forms a sort of natural border between China and which of its neighbours?,North Korea,1, neighbours,36956,0,11,0.2881424650698603,0.6970455050468445,-0.02077199275969832,65.5119857788086,19.80184470132744,0.018663056194782257,1.095703125,1.9929601
397,Which stand-up comedian presents 8 Out Of 10 Cats and Distraction?,Jimmy Carr,1,raction,16597,1,7,0.129405251996008,0.6797127723693848,-0.055061705833216124,48.90700912475586,2.2775674054642163,0.0358327180147171,0.271240234375,1.7167232
398,"Name the game show, presented by Leslie Grantham and Melinda Messenger, where contestants were set physical and mental challenges?",The Crystal Maze,0, challenges,11774,0,11,0.09180077345309381,0.6425263285636902,0.06957889343307766,69.78360748291016,13.65683000499185,0.014039218425750732,0.1561279296875,5.060363
399,Who presented Family Fortunes in the two years between Bob Monkhouse and Les Dennis?,Bruce Forsyth,0, Dennis,35727,0,7,0.27856006736526945,0.7446880340576172,-0.04814725415281762,64.82260131835938,8.981176460270122,-0.02717217430472374,1.2548828125,4.968487
400,For what did Einstien gat Nobel prize in Physics?,For his work on the photoelectric effect,1, Physics,28415,0,8,0.22154908932135728,0.6452907919883728,0.022692608481063914,71.42757415771484,15.217564291036748,0.0003889526706188917,1.4072265625,3.589053
401,Which planet has moons named after Shakespearean characters?,Uranus,1, characters,5885,0,11,0.045884792914171656,0.635482668876648,0.11467928472712119,63.09440612792969,11.233252599145262,-0.00542552350088954,0.060455322265625,1.2478521
402,"Who was part man, part machine, all cop and hailed from a futuristic Detroit?",Robocop,1, Detroit,20344,0,8,0.15862025948103792,0.7684115171432495,0.029085817160971583,65.0074691772461,7.358825102552693,0.040524620562791824,3.986328125,1.6113205
403,Who dubbed Miss Piggy's singing voice in The Muppet Movie?,Pearl Bailey,0, Movie,14270,0,6,0.11126185129740519,0.6569772958755493,0.07780645476160641,67.69791412353516,21.972514838940036,0.02337900549173355,1.51953125,4.3686247
404,"Who wrote the Bourne trilogy of books, made into movies starring Matt Damon?",Robert Ludlum,1, Damon,73349,0,6,0.5718952719560878,0.7860026955604553,-0.04341539069406375,66.99917602539062,26.692927170634995,0.016398005187511444,0.01477813720703125,0.85375476
405,"The Bible tells of 3 wise men visiting Jesus after his birth, but in which of the Gospels does this appear?",Matthew,1, appear,5101,0,7,0.03977201846307385,0.6197941899299622,0.1770668271117195,72.07548522949219,24.723448302120588,0.0008668447844684124,1.6279296875,2.2101805
406,"Athos and Porthos are two of the 3 musketeers, name the other one.",Aramis,1, one,832,0,4,0.006487025948103792,0.4752676784992218,1.7172249269168285,63.82963943481445,12.376246404033244,0.016572562977671623,0.52685546875,1.1933697
407,What is the name of the small fifth claw called on the side of a dog's foot ?,dewclaw,1, foot,4579,0,5,0.03570203343313373,0.6028401851654053,0.061219155008577886,60.390193939208984,5.439132795987842,0.03291671350598335,1.28515625,1.6939656
408,What is the name of the plastic bit on the end of shoelaces?,Aglet,1,aces,2492,1,4,0.019429890219560878,0.5973278880119324,0.16067400821456346,58.44001007080078,14.833052733369936,0.019847704097628593,0.004787445068359375,1.752673
409,The river Danube flows into which sea?,The Black Sea,1, sea,9581,0,4,0.07470215818363274,0.6095331311225891,0.003281067598384535,55.597084045410156,8.741201097825993,-0.01685424894094467,0.53369140625,1.5720727
410,Anna Nicole Smith was controversially married to which oil billionaire?,J. Howard Marshall,1, billionaire,47794,0,12,0.37264533433133734,0.8162604570388794,-0.05275824052465383,61.974430084228516,1.8531647766733492,0.02785668894648552,2.501953125,1.352072
411,Wayne Rooney scored his first senior goal against which club?,Everton,0, club,6469,0,5,0.05043818612774451,0.5769211053848267,0.11739647716868395,63.97507095336914,9.135850978813298,0.025615699589252472,2.76953125,3.7047052
412,How meny times have Liverpool won the Europion Cup?,6,0, Cup,11098,0,4,0.08653006487025948,0.6311128735542297,-0.0029099678739923363,67.17216491699219,11.692195730730493,0.0319201834499836,1.1748046875,2.3734562
413,The Sign Of Four was a detective story written by which author?,Sir Arthur Conan Doyle,1, author,3229,0,7,0.02517621007984032,0.6071709394454956,0.08563081663431626,62.53192901611328,10.317738130462105,2.215139102190733e-05,2.220703125,1.711853
414,Who was the author of 'The Old Curiosity Shop'?,Charles Dickens,1, Shop,14355,0,5,0.1119245883233533,0.6076260209083557,-0.03953612160403708,75.38683319091797,14.773067092243497,0.03674106299877167,0.061370849609375,0.42407045
415,In which sport or pastime can you see nose walking?,Polo,0, walking,11689,0,8,0.09113803642714571,0.641647219657898,-0.03427274977717687,61.71113204956055,14.312444494335256,0.008023004978895187,9.1015625,4.5187387
416,What sport or pastime would you be playing if your balls were black and blue and your opponent's were red and yellow?,Ping Pong.,0, yellow,14071,0,7,0.10971026696606787,0.661662220954895,0.010295222787712888,67.6224136352539,24.201943230040072,0.02573225274682045,1.419921875,5.1263256
417,The age of the railway began in which year with the introduction of the Liverpool-Manchester line?,1830,1, line,1584,0,5,0.012350299401197605,0.5172016620635986,0.7344040993723606,74.54817962646484,17.733179058384955,0.011732075363397598,0.76123046875,0.49459067
418,Who played Frankenstein in the 1994 film of the same name?,Kenneth Branagh,1, name,836,0,5,0.006518213572854291,0.5297390818595886,0.43957559592739814,63.748077392578125,17.386335949261568,0.017559468746185303,0.0343017578125,2.4679947
419,Who was the first person to sell one million records?,Elvis Presley,0, records,7576,0,8,0.05906936127744511,0.6003631949424744,-0.07271316307539077,65.86444091796875,19.271706371406086,0.020575568079948425,1.435546875,4.7315903
420,"In Greek mythology, where do righteous souls go after death?",Elysium,0, death,4648,0,6,0.03624001996007984,0.5997304916381836,0.02356983276816571,60.06366729736328,21.891547815414274,0.0248944703489542,0.189208984375,3.0584602
421,What is the scientific name given to tea?,Camellia sinensis,1, tea,15600,0,4,0.1216317365269461,0.6697564125061035,0.11030004426746043,48.10040283203125,0.7744482861852755,0.02798215113580227,14.4140625,2.8900094
422,"In the 1999 film Stuart Little, who plays the part of Mrs Eleanor Little?",Geena Davis,1, Little,15013,0,7,0.11705495259481039,0.6217308640480042,-0.001162888990881683,70.17891693115234,18.986681203769873,0.02844724990427494,0.045013427734375,3.0904765
423,Suger Mice was a 1987 single for which British rock band?,The Smiths,0, band,7200,0,5,0.0561377245508982,0.5615320801734924,0.11851660405779496,60.11792755126953,13.14360346976708,0.005764287430793047,0.54248046875,3.7672935
424,In which decade were ZIP codes introduced in the USA?,1960s,1, USA,7427,0,4,0.057907622255489025,0.6604152321815491,0.11077678103576138,65.90579986572266,17.60737350391878,0.022191083058714867,1.9169921875,1.5157226
425,What are the shape-shifting foxes of the Japanese folklore?,KITSUNE,1, folklore,98969,0,9,0.771652008483034,0.794884443283081,-0.016771903317439385,61.66762161254883,7.061269637638871,-0.0037813163362443447,1.51953125,1.9929844
426,In Greek mythology who was the twin of Polydeuces?,Castor,1,uces,63371,1,4,0.49409774201596807,0.6666795015335083,0.05407344060486796,59.4763069152832,8.503531571277907,0.014409013092517853,0.0340576171875,0.7460971
427,Which film features the Dawes Tomes Mousley Grubbs Fidelity Fiduciary Bank?,The Big Lebowski,0, Bank,8715,0,5,0.0679500374251497,0.602026104927063,0.03796813328754123,63.31806564331055,24.9440014782991,0.021128766238689423,2.166015625,5.8480597
428,What is Robin Williams character called in Good Morning Vietnam?,Adrian Cronauer,1, Vietnam,23315,0,8,0.18178486776447106,0.7269547581672668,0.11370714092682155,64.84243774414062,13.84380621723157,0.02409140206873417,0.412841796875,1.5244877
429,Who plays Cruella de Vil in the 1996 live action version of 101 Dalmations?,Glenn Close,1,ations,811,1,6,0.006323290918163672,0.46172747015953064,0.1700361799030392,69.75996398925781,19.85023134259891,-0.005402568727731705,1.80859375,0.51128775
430,Who stars in the 2008 movie Seven Pounds?,Will Smith,1,ounds,3171,1,5,0.024723989520958084,0.6171067357063293,-0.08966081829336758,61.96739959716797,19.003883700570928,-0.016026614233851433,0.0008363723754882812,0.6195051
431,Marilyn Monroe starred in the Seven Year Itch. Who directed it?,Billy Wilder,1, it,433,0,3,0.003376060379241517,0.450239896774292,4.153688968962389,64.73463439941406,21.18206327941296,0.00480719655752182,1.611328125,0.85521805
432,On Red Nose Day 2001 who won Celebrity Big Brother?,Jack Dee,1, Brother,27445,0,8,0.21398609031936128,0.6662291884422302,0.07666934939884085,67.11759948730469,11.633279535192775,0.025718269869685173,0.08349609375,5.2279716
433,What is the name of the London Underground station in EastEnders?,Liverpool Street,0,ers,388,1,3,0.0030251996007984033,0.41625291109085083,0.9857535680151814,61.82304382324219,7.297473344266711,0.024449218064546585,0.0017642974853515625,4.627982
434,How many runs did Donald Bradman score in his last ever test match innings?,19,0, innings,36100,0,8,0.2814683133732535,0.7625159621238708,-0.02160610217663539,70.42923736572266,16.036613663443173,-0.0026856146287173033,2.017578125,1.0962673
435,"Nicknamed the cannibal, who is the only rider to have won all three jerseys in the same year in the Tour de France?",Lance Armstrong,0, France,9822,0,7,0.0765812125748503,0.6364389061927795,-0.13025251161936957,68.8239974975586,13.781615575683077,-0.012491206638514996,0.007373809814453125,2.6303654
436,Whose arch nemisis is the Red Skull?,Captain America,0, Skull,61891,0,6,0.48255832085828343,0.7576071619987488,-0.011274018822030829,65.76100158691406,19.857851499241825,0.009807595983147621,0.298095703125,0.43578723
437,By what name is comic book villain Oswald Chesterfield Cobblepot better known?,The Penguin,1, known,3967,0,6,0.030930326846307386,0.613389253616333,0.10423862444127563,64.52182006835938,30.225486645706397,-0.008231185376644135,0.01081085205078125,1.339665
438,"First appearing on TV in 1967, which detective solved all of his crimes sitting down?",Columbo,0, down,1523,0,5,0.011874688123752496,0.5305365920066833,0.8137488482284012,66.52536010742188,20.398815606711533,0.022372551262378693,3.677734375,3.2573247
439,How many times was Wyatt Earp shot?,3 times,0, shot,6689,0,5,0.05215350548902196,0.5821839570999146,0.0509272380213317,61.31690979003906,20.664873892575958,0.04572296887636185,3.083984375,3.6927204
440,Which famous cowboy was created by George W. Trendle?,The Lone Ranger,1,le,273,1,2,0.0021285553892215568,0.45811036229133606,0.6600268760956345,65.49669647216797,24.922881066790584,-0.009401898831129074,0.01110076904296875,2.5444996
441,"The pub with the longest name in the UK has how many letters in it? 55, 75 or 95?",95,0,95,2721,1,2,0.021215381736526946,0.6329350471496582,0.13458127344059534,69.444580078125,5.693212499703996,0.012642226181924343,1.1884765625,0.82691157
442,Which movie starred Michael Caine as a murderous transvestite psychiatrist?,Sleuth,0, psychiatrist,73969,0,13,0.5767293537924152,0.7811367511749268,0.0426898542195393,70.77189636230469,19.804965107064277,0.014878809452056885,7.11328125,2.619269
443,"In 1961, who famously scored six goals in a match but still ended up on the losing team in a FA Cup tie?",Jimmy Greaves,0, tie,18623,0,4,0.14520178393213573,0.6207174062728882,0.045550495421272874,73.7725601196289,17.63611498767506,0.021978840231895447,2.984375,4.204011
444,Which economist wrote The Wealth Of Nations?,Adam Smith,1, Nations,19687,0,8,0.15349769211576847,0.6693916916847229,-0.0814933527848134,70.06048583984375,13.790858025528909,-0.015113433822989464,0.015716552734375,1.092728
445,Macbeth belonged to which royal house or dynasty?,Macbeth belonged to the house of Moray.,0, dynasty,67946,0,8,0.5297685878243513,0.7702870965003967,0.04427765903345682,68.82042694091797,23.697460163462967,0.018166370689868927,0.400390625,3.7752512
446,"Was James II known as: James The Bald, Fiery Face, or The Red King?",James The Bald,0, King,6342,0,5,0.04944797904191617,0.5733844041824341,0.1195531506167451,67.37446594238281,18.06849016881903,0.012517297640442848,2.49609375,1.4533099
447,"In Harry Potter And The Goblet Of Fire, which dragon did Harry have to defeat?",The Hungarian Horntail,1, defeat,18506,0,7,0.14428954590818363,0.6801060438156128,0.0381473471081355,68.64435577392578,26.22260889061365,0.007522257976233959,1.72265625,3.2994199
448,What is the full name of the train robber played by Phil Collins in a 1988 movie?,Jesse James,0, movie,5818,0,6,0.0453624001996008,0.6085036993026733,-0.00930383367345522,63.64841842651367,8.180467439268112,0.014336355961859226,0.74365234375,4.7056694
449,Tony Hadley was the lead singer with which 1980s new romantic band?,Spandau Ballet,1, band,7200,0,5,0.0561377245508982,0.5615320801734924,0.11851660405779496,60.24195861816406,14.286124505727244,0.004800755530595779,0.59033203125,0.74689853
450,What was the surname of the butler played by Gordon Jackson in Upstairs Downstairs?,Hudson,1,stairs,31234,1,6,0.24352856786427146,0.753787636756897,0.028039135215825794,64.27622985839844,17.623251439913062,-0.002963228616863489,0.0007061958312988281,0.89849937
451,Which Jackson appeared in Celebrity Big Brother in January 2009?,Michael,0,9,24,1,1,0.00018712574850299402,0.47291216254234314,2.9663261744251486,67.19298553466797,19.080278083595225,0.008200149051845074,3.443359375,4.2170897
452,Who was the seventh president of the United States?,Andrew Jackson,1, States,4273,0,7,0.03331618013972056,0.5657405853271484,0.14822343269120442,66.52032470703125,16.22606990401109,0.037088535726070404,0.04095458984375,0.8440731
453,"In which country are the Angel Falls, the highest waterfall in the world?",Venezuela,1, world,1917,0,6,0.014946669161676647,0.5497031807899475,0.14756205722179283,68.82908630371094,20.68232121930209,-0.017419660463929176,0.010040283203125,0.77639407
454,"The 1955 comedy movie We're No Angels centred on three escaped convicts. Peter Ustinov and Aldo Ray were two, but who played the third?",Humphrey Bogart,1, third,4948,0,6,0.03857909181636727,0.6000951528549194,0.2037162187264152,69.6343994140625,15.7983524135316,0.017865750938653946,0.1900634765625,2.1911829
455,Who played King Arthur in the 1967 musical film Camelot?,Richard Burton,0,ot,354,1,2,0.0027601047904191617,0.4741794764995575,0.5828663693741589,63.580440521240234,18.529214537100135,0.0064215282909572124,0.00036025047302246094,0.6826786
456,Which country grows the largest number of mangoes?,India,1,es,288,1,2,0.002245508982035928,0.39322352409362793,0.8292722232535015,71.70770263671875,15.501178258650707,-0.0015639937482774258,0.0867919921875,0.73158157
457,Ecuador has a border with Peru and which other country ?,Colombia,1, country,3224,0,8,0.025137225548902197,0.5815775990486145,-0.029940250572017657,56.4754638671875,6.694567098661764,0.010976635850965977,0.15185546875,0.55410844
458,"In 2009, who was convicted of the murder of Lana Clarkson?",Phil Spector,1, Clarkson,94294,0,9,0.7352014720558883,0.811396062374115,-0.030344461916837595,59.48760986328125,22.396847655966933,0.020290054380893707,0.1263427734375,1.4022217
459,"The left side of the heart pumps blood to all parts of the body, but the right side pumps blood to which organ in particular?",The right side of the heart pumps blood to the lungs.,1, particular,4040,0,11,0.03149950099800399,0.615761399269104,0.3386872353053092,68.46897888183594,24.2124775306858,-0.012420128099620342,0.1346435546875,1.5650692
460,Which cartoon character lives in a pineapple under the sea?,Spongebob Squarepants,1, sea,9581,0,4,0.07470215818363274,0.6095331311225891,0.003281067598384535,72.79080200195312,25.819497970463917,-0.02421809546649456,0.009979248046875,0.7747355
461,"Which serial killer hanged himself in Wakefield Prison in January 2004, four years after being found guilty of 15 murders?",Harold Shipman,1, murders,43086,0,8,0.3359375,0.747986376285553,0.004023817349807501,63.913818359375,20.775080179180577,0.007829452864825726,0.37255859375,2.6961567
462,What public school did the Duke of Edinburgh and Prince Charles attend?,Eton College,0, attend,9604,0,7,0.0748814870259481,0.6546223759651184,-0.0041049688339112045,60.56689453125,22.813448658212547,0.005740318447351456,0.1832275390625,2.4806347
463,"If it was Phil Mickelson in 2006, Zach Johnson in 2007, and Trevor Immelman in 2008, who was it in 2009?","The 2009 Masters was won by Angel Cabrera, who became the",1,9,24,1,1,0.00018712574850299402,0.47291216254234314,2.9663261744251486,65.69886016845703,21.854674601434564,0.00019232078921049833,0.211181640625,4.7054524
464,Red Stripe lager comes from which country?,Jamaica,1, country,3224,0,8,0.025137225548902197,0.5815775990486145,-0.029940250572017657,63.09517288208008,12.715330953412904,0.010434290394186974,0.2376708984375,2.842353
465,Which architect was known as the Wizard of the Dome?,Michelangelo,0, Dome,69545,0,5,0.5422358408183633,0.7109881639480591,-0.1528755131566295,70.47119903564453,20.911909112219206,0.006264232564717531,9.1171875,4.6858706
466,What is the name of the Salvador Dali painting that shows clocks oozing over a landscape?,The Persistence of Memory,1, landscape,18921,0,10,0.1475252619760479,0.6758041977882385,0.028966005222780478,66.94847869873047,11.372978647367946,-0.012131989002227783,2.947265625,1.8830861
467,In what year did Edward Vlll abdicate?,1936,1,icate,8630,1,5,0.0672873003992016,0.6601747274398804,-0.012833639080321202,61.868125915527344,12.185564262528601,0.02967221476137638,0.0192108154296875,0.8021589
468,Which well known couple live at Bagshot Park in Surrey?,Prince Edward and Sophie Rhys-Jones,0, Surrey,68064,0,7,0.530688622754491,0.7937850952148438,0.04274757076942404,70.25527954101562,23.4469985385526,0.002047489397227764,2.0703125,2.5088873
469,Which notorious murderer lived at 10 Rillington Place?,John Christie,1, Place,11004,0,6,0.08579715568862276,0.577863335609436,0.15361736472707532,64.95455932617188,13.058578327568345,0.00287025049328804,0.1485595703125,0.6356467
470,Who killed Lee harvey Oswald?,Jack Ruby,1, Oswald,90450,0,7,0.7052301646706587,0.7875558137893677,0.0074734962401081795,62.09437942504883,17.030552577540742,0.0017799604684114456,1.7705078125,3.074988
471,Who killed Robert F Kennedy?,Sirhan Sirhan,1, Kennedy,24573,0,8,0.191593375748503,0.6522090435028076,0.05711573496779376,61.679019927978516,14.796294860828795,0.03733965754508972,0.84912109375,1.8188623
472,Who killed Jean Paul Marat?,Charlotte Corday,1,at,266,1,2,0.002073977045908184,0.4358365833759308,1.1405942058179512,61.366905212402344,15.152663059710214,-0.0026610372588038445,0.0030517578125,2.6495774
473,What was the name of the kangaroo often mistaken by Sylvester the cat to be a giant mouse?,Marvin the Martian,0, mouse,8814,0,6,0.06872193113772455,0.6467466950416565,-0.08986168968165842,61.79378890991211,5.71188605116407,0.038598209619522095,0.30859375,3.2222073
474,Gjetost is the national cheese of which country?,Norway,1, country,3224,0,8,0.025137225548902197,0.5815775990486145,-0.029940250572017657,61.63948440551758,15.88239739273283,0.006790231913328171,0.260498046875,0.39092317
475,A youngberry is a cross between a dewberry and what else?,a blackberry,1, else,775,0,5,0.006042602295409182,0.5894289016723633,0.23273207480844782,64.90153503417969,21.284020265277835,0.0023368545807898045,2.962890625,2.5627823
476,Who is Arthur Wellesley better known as?,Duke of Wellington,1, as,439,0,3,0.0034228418163672653,0.4202515780925751,6.3126085249739425,66.38484191894531,21.283301875379863,0.02349875122308731,0.01131439208984375,1.9005046
477,Which town in East Sussex now stands on the site of the battle of Hastings?,Battle,1, Hastings,79844,0,9,0.6225361776447106,0.7573110461235046,0.025400681998668517,66.57778930664062,12.243919717673064,0.018101198598742485,0.297607421875,1.2796084
478,"Which 1986 Peter Weir movie and based on a Paul Theroux novel starred Harrison Ford, Helen Mirren and River Phoenix?",The Mosquito Coast,1, Phoenix,23503,0,8,0.1832506861277445,0.7288286685943604,0.045896388033512814,68.1446304321289,22.3301601331274,0.00966322049498558,0.036285400390625,1.7676969
479,What is the name of CS Lewis' 7 book fantasy?,The Chronicles of Narnia,1, fantasy,18884,0,8,0.14723677644710578,0.6888203620910645,0.0792583759627683,65.37168884277344,11.122249709019618,0.03591079264879227,2.9140625,1.4764447
480,Name the tv series about FBI agent Don Eppes and his mathematical genius brother Charlie,NUMB3RS,1, Charlie,25972,0,8,0.20250124750499002,0.7064016461372375,0.023485406817600474,59.04511642456055,9.502171963072966,0.0064263176172971725,0.49853515625,1.3636487
481,All children except one grow up.,A,0, up,709,0,3,0.0055280064870259485,0.4738744795322418,1.8911046892239929,59.7598876953125,15.118589986921684,0.025439782068133354,1.234375,4.2072253
482,"Scarlett O'Hara was not beautiful, but men seldom realised it when caught by her charm as the Tarleton twins were",A,0, were,1051,0,5,0.008194548403193613,0.48068490624427795,2.6820216261820438,62.421146392822266,14.152566535174877,0.0014638544525951147,1.9013671875,3.7865453
483,Which horse racing jockey was sometimes referred to as the long fellow?,John Longden,0, fellow,12637,0,7,0.09852950349301397,0.670796811580658,-0.01461423580820842,69.47731018066406,32.195598099156584,-0.01291076373308897,5.25390625,6.1896687
484,Who is the patron saint of lost causes?,St. Jude,1, causes,11384,0,7,0.08875998003992017,0.6199937462806702,0.18375164475961547,63.788856506347656,27.50134654762459,-0.021845757961273193,0.888671875,2.1605387
485,True or False: Sharks do not blink?,True,1, blink,34231,0,6,0.26689589570858285,0.7387999296188354,-0.015473432117208752,60.27482986450195,11.523995806008863,0.04057580232620239,7.140625,1.184828
486,Which `B` was the name of the mechanical shark used in the original `Jaws` film?,Bruce,1, film,4632,0,5,0.03611526946107784,0.5811712741851807,0.06832887555598699,67.02554321289062,14.360621455124054,-0.0009388281032443047,1.6787109375,1.7156247
487,"The American legal drama Shark ran from Sept 06 to May 08. Who starred in the title role, playing Sebastian Stark?",James Woods,1, Stark,47849,0,6,0.3730741641716567,0.7110723853111267,-0.055618790577125043,67.36579132080078,19.35539619870738,-0.00813144352287054,0.0031585693359375,0.9270972
488,Which Italian fashion designer was shot dead on the steps of his Miami mansion in 1997?,Gianni Versace,1,7,22,1,1,0.00017153193612774452,0.45881280303001404,4.732605870981105,68.7650375366211,22.83658150422706,-0.012479518540203571,0.0672607421875,0.24438567
489,Who was famous for popularising the 'little black dress' in the 1920s?,Coco Chanel,1,s,82,1,1,0.0006393463073852295,0.37801769375801086,5.454192677268129,64.59136962890625,14.635693167771013,0.017349187284708023,0.2061767578125,0.3677427
490,Who designed Madonna's wedding dress for her marriage to Guy Ritchie?,John Galliano,0,ie,648,1,2,0.005052395209580838,0.44366297125816345,0.5361690305999613,67.14109802246094,29.64832380868618,0.016147416085004807,0.0035953521728515625,2.4530427
491,"Meryl Streep's character, Miranda, in the 2006 film The Devil Wears Prada was based on the editor-in-chief of which fashion magazine?",Anna Wintour,0, magazine,14756,0,9,0.11505114770459082,0.6266400218009949,0.11249264925190472,63.1436882019043,12.130715181340905,-0.023144133388996124,0.043548583984375,1.496601
492,"In the TV show Camberwick Green, who lived in Colly's Mill?",Mr. Crayfish,0, Mill,8384,0,5,0.06536926147704591,0.6093115210533142,-0.06429232458291967,64.32926940917969,7.026422111027761,0.015311529859900475,7.3359375,5.219919
493,Which part of the human body produces insulin?,The pancreas,1, insulin,32152,0,8,0.250686127744511,0.7861078381538391,0.06317553499081985,61.97797393798828,8.471613183583026,0.016836760565638542,4.234375,1.8532573
494,Who played Dr. Doug Ross on the TV show E.R.?,George Clooney,1,.R,2056,1,2,0.016030439121756487,0.49991747736930847,0.0911538348469092,91.03926849365234,32.230668609603306,-0.005234838463366032,0.038238525390625,1.64982
495,Who played the role of Kate Flax in the 1990 film Mermaids?,Cher,0,maids,98250,1,5,0.7660460329341318,0.761006236076355,-0.042564288845528875,66.9434814453125,23.56371628982574,0.024736104533076286,0.03936767578125,1.828052
496,Who played the character Mrs. Merton on TV?,Caroline Aherne,1, TV,6007,0,3,0.046836015469061874,0.6153083443641663,-0.106677263961382,60.38569641113281,4.651395328333891,0.033610519021749496,4.01171875,2.9624608
497,What nationality was three time Olympic gold medallist in figure skating Sonja Henie?,Norwegian,1,ie,648,1,2,0.005052395209580838,0.44366297125816345,0.5361690305999613,61.50971221923828,14.916809640181832,0.030321242287755013,0.035491943359375,0.74219155
498,At which Winter Olympic host city would you find the Cresta Run?,"St. Moritz, Switzerland",1, Run,6588,0,4,0.05136601796407186,0.5938448309898376,0.12397640315826886,64.34947204589844,6.924888458952479,0.031841956079006195,0.325927734375,1.4332491
499,What kind of an animal is a wireworm?,A wireworm is a type of beetle larva.,0,worm,56741,1,4,0.442404253992016,0.693825900554657,0.141545365108247,58.0158805847168,6.34227141458874,0.020055973902344704,1.9326171875,2.942596
500,What are the flat treeless plains of Argentina called?,pampas,1, called,2663,0,7,0.02076316117764471,0.5720611214637756,0.2294799170302313,57.49375534057617,11.169705265119735,-0.0005366513505578041,0.7958984375,1.8919809
501,Which Canadian born  actress was the star in the movie Barb Wire?,Pamela Anderson,1, Wire,19940,0,5,0.15547030938123751,0.6306607127189636,0.04907285732230582,69.71886444091797,16.534851565110966,-0.004483415745198727,1.69921875,0.5370343
502,"Which 2004 ""puppet"" movie, made by the makers of South Park, satirises Americas politics and jingoism?",Team America: World Police,1,ism,2191,1,3,0.017083021457085828,0.536453902721405,0.048437251389573,72.33177947998047,26.0406246778474,-0.001716877450235188,0.2802734375,0.2894778
503,"Which river originates in the Taurus Mountains, and flows through Syria and Iraq?",Euphrates,1, Iraq,11340,0,5,0.08841691616766467,0.7397233843803406,0.08485004736302759,58.58564758300781,15.73403173650797,0.0006034336984157562,0.8134765625,1.7331116
504,"Following success at the 1979 election whose party conference speeech included the lines 'you turn if you want to, the lady's not for turning'?",Margaret Thatcher,1, turning,13353,0,8,0.1041120883233533,0.6184802651405334,0.22125738699463549,74.26812744140625,29.213277510776102,-0.010255794040858746,0.063232421875,1.0303501
505,"In the run up to the 1997 election, Tony Blair outlined his parties' three priorities for office, can you name them?","Education, education, education.",1, them,1124,0,5,0.00876372255489022,0.5227315425872803,1.5370249902855146,68.08058166503906,20.85854143955082,0.029640719294548035,0.81005859375,3.3898487
506,Which snooker player was simply known as 'The Grinder'?,Steve Davis,0, Grinder,69600,0,8,0.5426646706586826,0.7401227355003357,0.08373469526807531,81.14771270751953,23.61237614236907,0.02769343927502632,6.1796875,3.3529468
507,Which former West Indian fast bowler was known as 'Whispering Death'?,Michael Holding,1, Death,16290,0,6,0.1270116017964072,0.5950841307640076,0.13498089722347295,81.2223892211914,25.314872969256363,0.010919058695435524,0.055328369140625,3.0929708
508,Which Eastenders character had a dog called Willy?,Pat Evans,0,ly,398,1,2,0.0031031686626746507,0.46566131711006165,0.1971970250722208,58.0184326171875,12.369361747855626,0.007052935194224119,1.38671875,5.310999
509,In which year did the first episode of Minder take place?,1984,0, place,2035,0,6,0.015866704091816366,0.5338093638420105,0.26056174191691994,68.53970336914062,21.949614750050973,-0.026751192286610603,0.00872802734375,0.97631335
510,What was the name of the cat in Rising Damp?,Rigsby,0,amp,1141,1,3,0.00889626996007984,0.5770504474639893,0.17398280242392739,60.04316329956055,10.555794854705992,-0.0036727185361087322,0.0018625259399414062,3.440581
511,"Which comedy written by Johnny Speight which first aired in 1965, featured a fervent West Ham supporter?",Till Death Us Do Part,1, supporter,37563,0,10,0.2928751871257485,0.7324894070625305,-0.07694033775249798,66.39586639404297,7.785157881326262,0.012499802745878696,1.35546875,0.68098205
512,"What was the name of the comedy written by Ray Galton, Alan Simpson which aired 57 episodes?",Steptoe and Son,1, episodes,18243,0,9,0.14223895958083832,0.6716628074645996,-0.052742781333738,72.6135482788086,22.014049791279437,0.018553664907813072,0.630859375,1.1211872
513,Bonar Law is the only Prime Minister not born in the UK. In which country was he born?,Canada,1, born,9405,0,5,0.07332990269461077,0.6366491317749023,-0.03312352725377199,64.8456802368164,17.88730306047357,0.007646853104233742,0.0157623291015625,1.6399121
514,Who lives in the Hundred Acre Wood?,Winnie the Pooh,1, Wood,12404,0,5,0.09671282435129741,0.5983532667160034,0.08568186126715194,66.81493377685547,17.80497564771851,0.014614502899348736,0.10516357421875,0.4599904
515,"If you heard the catchphrase ""They're great"" what would expect to be advertised?",A new movie,0, advertised,46841,0,11,0.36521488273453095,0.7448689937591553,0.13574026056943955,69.12001037597656,24.597853480657385,0.019728265702724457,2.162109375,6.7838526
516,How many times was Boris Becker runner-up in the Men's Singles at Wimbledon?,3 times,0, Wimbledon,91257,0,10,0.7115222679640718,0.8002857565879822,0.04125806393019227,64.22978210449219,9.855324725310762,0.04061303287744522,0.16064453125,2.3214376
517,How many times did Steffi Graf win the Ladies Singles at Wimbledon?,7 times,1, Wimbledon,91257,0,10,0.7115222679640718,0.8002857565879822,0.04125806393019227,62.81479263305664,10.050145151749227,0.030518827959895134,0.1341552734375,1.6567988
518,"In which postcode area are the Wimbledon Championships held? SW15, SW17 or SW19?",SW19,1,19,777,1,2,0.006058196107784431,0.5441439151763916,0.44659430386930543,63.22807312011719,7.691309077156934,0.018944229930639267,0.25439453125,0.55997604
519,Who did Top of the Pops mistakenly portray in a Dexys Midnight Runners song?,Jesus Christ,0, song,5609,0,5,0.04373284680638723,0.6174742579460144,0.09026178628710868,65.72023010253906,7.59415558366142,0.013311546295881271,3.513671875,6.072844
520,What story introduced the Cybermen?,The Tenth Planet,1,men,5794,1,3,0.045175274451097806,0.5567584037780762,0.16290753130827884,59.20894241333008,9.733052314701146,0.010158581659197807,0.3701171875,2.3802817
521,Who played the tenth Doctor?,David Tennant,1, Doctor,19150,0,7,0.14931075349301398,0.6553251147270203,-0.0811596368751033,66.37162017822266,17.943711132833677,0.027918167412281036,1.0419921875,1.5940558
522,"How many Rings of Power were there, in total?","There were 20 Rings of Power, 9 for the Elves,",1, total,2860,0,6,0.022299151696606786,0.6044113636016846,0.005018616121519326,71.49861907958984,27.980753683853077,0.016130827367305756,0.82763671875,3.4531898
523,Which common colour can also be known as heliotrope?,Blue,0,pe,375,1,2,0.0029238398203592815,0.5285149812698364,0.07562870360977758,59.4106559753418,12.185375627701688,0.017538662999868393,0.0017261505126953125,2.9323719
524,Which golf shot is the opposite of a slice?,A hook,1, slice,16363,0,6,0.1275807759481038,0.6360177993774414,0.10998627644485204,60.90852737426758,17.25091850806253,0.015003422275185585,3.42578125,2.5357149
525,Which actress left Eastenders for Hollywood only to flop as The Bionic Woman?,Barbara Windsor,0, Woman,25525,0,6,0.19901603043912175,0.6248636841773987,0.08411671969620738,72.68492126464844,18.747334360715445,-0.0231187641620636,0.153564453125,4.2528567
526,"In Only Fools And Horses, Rodney Trotter shares his middle name with which London football club?",Rodney Trotter shares his middle name with Arsenal.,0, club,6469,0,5,0.05043818612774451,0.5769211053848267,0.11739647716868395,67.16009521484375,9.905491543867944,0.0518786683678627,0.587890625,5.238629
527,"How were Dr Stantz, Dr Spengler and Dr Venkman better known in the 1980's?",The Ghostbusters,1,'s,596,1,2,0.004646956087824351,0.4440951347351074,5.461801851250508,69.89897918701172,11.479380705247163,0.005943798925727606,1.615234375,2.0163841
528,General Charles de Gaulle was French President 1959 to 1969. Who succeeded him?,Georges Pompidou,1, him,1461,0,4,0.01139127994011976,0.5316384434700012,0.9852185469902857,68.82162475585938,22.63818599423637,0.027724463492631912,0.0721435546875,2.9847984
529,"When Mr Benn was looking for an adventure, what type of shop did he visit?",Antique shop,0, visit,4034,0,6,0.031452719560878244,0.6060025691986084,0.0482581980695338,68.3803939819336,34.77790944357578,0.00959659181535244,1.8125,4.971255
530,"What is the name of the enzyme usually added to milk to coagulate it, to make ""curds and whey""?",rennin,0,y,88,1,1,0.0006861277445109781,0.40208134055137634,2.0212330554751237,70.99806213378906,12.971878823657791,0.015608949586749077,0.0010347366333007812,1.2708248
531,Which cheese shares its name with a Guiness Premiership rugby team that play at Welford Road?,Leicester,1, Road,9728,0,5,0.07584830339321358,0.566717803478241,0.06059389875388188,66.67916870117188,14.955499430708514,0.007032876834273338,0.087646484375,1.3649623
532,Where in London were the first escalators installed in 1898?,The London Underground,0,8,23,1,1,0.00017932884231536926,0.4591073989868164,3.455409406839226,68.22407531738281,18.811799563403518,0.0004737796261906624,0.37353515625,3.788306
533,"In what year was the first episode of Doctor Who broadcast? 1959, 1963 or 1967?",1963,1,7,22,1,1,0.00017153193612774452,0.45881280303001404,4.732605870981105,65.48487091064453,8.56572678528721,0.005163188092410564,2.267578125,0.6385827
534,What is the name of the company that owned the spaceship Red Dwarf?,Blue Midget,0, Dwarf,80830,0,6,0.6302239271457086,0.7361679673194885,-0.013976785242762357,61.48775100708008,9.346547460406251,-0.002183380536735058,1.9345703125,4.230281
535,"Which character has been played by Jack Lord, Cec Linder, Rik Van Nutter, Norman Burton, David Hedison, John Terry, David Hedison and Jeffrey Wright?",James Bond,0, Wright,27839,0,7,0.21705807135728544,0.6459203362464905,-0.041817548574868635,70.99739074707031,26.197826156418603,0.009986072778701782,0.44970703125,2.243638
536,Name the magician who first introduced us to Basil Brush.,Peter Brough,0, Brush,34088,0,6,0.2657809381237525,0.6760965585708618,0.03125278982962154,65.7874755859375,13.019215798697715,0.03325201943516731,2.38671875,5.6892676
537,Who was the only Prime Minister of Britain to be assassinated?,Spencer Perceval,1,inated,15846,1,6,0.1235497754491018,0.6600669026374817,0.07407442140327758,61.91789627075195,19.386676401462502,0.018434464931488037,0.0010099411010742188,3.4424777
538,What is the name of the chain of islands in the southwestern Philippines?,the Visayan Islands,0, Philippines,26363,0,12,0.2055498378243513,0.7396664023399353,-0.025891676355564996,57.27367401123047,5.120230865280369,0.016780568286776543,7.578125,2.921489
539,What was the name of the ferry that capsized after leaving Zeebrugge in 1987,Herald of Free Enterprise,1,7,22,1,1,0.00017153193612774452,0.45881280303001404,4.732605870981105,67.89472961425781,12.718522785294615,-0.0013562343083322048,0.015289306640625,1.7639647
540,The Flying Pickets were a British vocal group who had Christmas no1 hit in 1983. What was the title of the song.,Only You.,1, song,5609,0,5,0.04373284680638723,0.6174742579460144,0.09026178628710868,72.24211120605469,14.523209499153136,0.00574831385165453,0.50146484375,0.82653445
541,"In Risk, what colour is Europe?",Green,0, Europe,4606,0,7,0.0359125499001996,0.6283092498779297,-0.1481608721171881,66.87776947021484,14.494311336488643,0.025915764272212982,11.296875,3.3228986
542,Which British band named themselves after a South African football team?,The Beatles,0, team,2128,0,5,0.01659181636726547,0.572528064250946,0.15781971762508107,69.575927734375,16.944204879351602,-0.011851118877530098,0.65625,3.4369023
543,How many female P.Ms have there been?,1,1, been,1027,0,5,0.00800742265469062,0.5256564021110535,1.1247302241796202,69.58013916015625,25.637637799165795,-0.015272756107151508,0.0389404296875,3.5397036
544,"Newspapers come is various sizes, broadsheet being the largest, and tabloid being smaller, but what name is given to the smallest size.",Broadsheet,0, size,1404,0,5,0.01094685628742515,0.5584614872932434,0.17219791031694376,73.0221939086914,15.746335464770127,0.030433662235736847,1.267578125,4.624306
545,Which wedding anniversary is celebrated with paper,1st,1, paper,5684,0,6,0.044317614770459084,0.5772360563278198,0.15885622043744707,55.751670837402344,1.845706266147972,0.03729328140616417,3.76171875,1.1224489
546,"Which American female rap artist, film & television actress release a song called Paper in 1998",Missy Elliott,0,8,23,1,1,0.00017932884231536926,0.4591073989868164,3.455409406839226,74.3702163696289,17.795697151303838,-0.007095083594322205,2.146484375,3.3455446
547,Who won the 2010 Giro D'Italia?,Ivan Basso,1,alia,19379,1,4,0.15109624500998003,0.647926926612854,-0.08629914468336075,69.53617858886719,16.47914701307566,0.023562055081129074,0.0017337799072265625,1.62996
548,"In the Commonwealth games in Delhi, which British athlete won the mens 200m gold medal?",Usain Bolt,0, medal,37712,0,6,0.2940369261477046,0.6975415945053101,0.08798675782668619,71.5996322631836,10.321518569627463,0.0003290795721113682,0.4345703125,4.111653
549,"Which singer picked up three Ivor Novello awards in May, including songwriter of the year for her hit single, The Fear?",Lily Allen,1, Fear,43067,0,5,0.33578935878243515,0.677643895149231,0.09828265702827998,68.06380462646484,20.68596411392633,0.013526948168873787,2.8046875,1.7819259
550,Which American singer was born Eleanora Fagan?,Billie Holiday,1,agan,18851,1,4,0.14697947854291418,0.6479056477546692,0.01555262549736014,54.051246643066406,5.2251844101619636,0.0009284401312470436,0.01129150390625,0.83317167
551,Which famous woman in history had a cottage in Shottery in Warwickshire?,Anne Hathaway,1,shire,15255,1,5,0.11894180389221556,0.6789973974227905,-0.11086996576379748,72.00141906738281,16.564426696567594,0.007734000217169523,0.020751953125,2.2344153
552,Who sang the theme song for the TV show 'Rawhide'?,Frankie Laine,1,hide,8727,1,4,0.0680436002994012,0.6695799827575684,0.006994179645708254,82.60153198242188,21.86715086876652,0.018445856869220734,0.0250244140625,2.0765202
553,Which sea lies between Italy and the former Yugoslavia?,Adriatic Sea,1, Yugoslavia,97877,0,11,0.7631377869261478,0.7867023944854736,0.18178134647994826,63.965511322021484,11.907949123703279,0.03144175559282303,0.0460205078125,0.7637093
554,In which country is the region Dalmatia?,Croatia,1,ia,689,1,2,0.005372068363273453,0.43699848651885986,0.7122269781400199,71.92102813720703,18.231411530950993,0.011188040487468243,0.05426025390625,1.4263569
555,Who was known as the Great Lover of the Silent Screen?,Rudolph Valentino,1, Screen,14275,0,7,0.11130083582834331,0.6147547960281372,0.008590464873698966,69.83806610107422,13.916817685649914,-0.013347955420613289,2.345703125,0.614855
556,"Which actor plays Cate Blanchett's father in the 2004 film ""The Missing"", a story set in 19th century New Mexico where the father works with estranged daughter Blanchett to get her kidnapped child back?",Tommy Lee Jones,1, back,1203,0,5,0.009379678143712575,0.5439560413360596,0.610213172098383,73.28460693359375,29.18234122756747,0.03570500761270523,0.059478759765625,2.8652208
557,How is Frances Gumm the actress better known?,Frances Gumm is better known as Judy Garland.,1, known,3967,0,6,0.030930326846307386,0.613389253616333,0.10423862444127563,67.2958755493164,19.25479102206913,-0.009444819763302803,0.0251617431640625,2.4374664
558,"Who won the Best Actress Oscar for the 1988 film, The Accused?",Jodie Foster,1,used,2656,1,4,0.020708582834331336,0.5822640657424927,0.021550731364598175,66.3171615600586,22.672694460473192,0.005537820979952812,0.72021484375,0.2156133
559,"Which  constellation contains many bright shining stars, such as Regulus?",Leo,0,ulus,19990,1,4,0.15586015469061876,0.6544552445411682,-0.0012510956880977808,67.72452545166016,11.918868153967258,0.007831014692783356,0.00577545166015625,2.832159
560,"Which London river, now flowing underground, rises in Hampstead, flows through St. Pancras, down Farringdon Street and enters the Thames by Blackfriars Bridge?",The Fleet.,0, Bridge,20467,0,7,0.15957927894211577,0.60542893409729,0.12440454818071478,58.61082077026367,18.75367709942746,0.024150889366865158,0.72265625,1.7888545
561,-Day in 1944 was the greatest sea-bourn invasion in history. What was the code name for the operation?,Operation Overlord,1, operation,5784,0,10,0.045097305389221555,0.5924039483070374,-0.14167797872342325,68.79815673828125,12.182608261281688,0.011593278497457504,2.0078125,2.2363033
562,On which island are the Cuillin Hills?,Skye,1, Hills,25964,0,6,0.202438872255489,0.6334326863288879,0.2198076809922096,69.91483306884766,16.11720967557924,0.010157112963497639,2.12109375,2.6443663
563,"Which dancer has only one notable film cameo, appearing with Sean Connery in the 1979 movie The First Great Train Robbery, breaking into a guarded station office.",Fred Astaire,0, office,5274,0,7,0.04112088323353293,0.5860574245452881,0.09766708099783772,66.42562103271484,11.591189592300166,0.009452572092413902,5.59375,4.9501057
564,What was the first name of the character played by John Travolta in Saturday Night Fever.,Tony Manero.,1, Fever,85001,0,6,0.6627448228542914,0.6794208288192749,-0.0030270225742290435,62.31319808959961,17.88898390147369,0.029396947473287582,0.01026153564453125,0.2922949
565,In which 1969 movie did Michael Caine appear with his brother Stanley.,Zulu.,0, Stanley,31552,0,8,0.24600798403193613,0.6724578142166138,0.08323458147774021,42.387977600097656,4.1924768084706665,0.008271223865449429,0.8818359375,2.9877093
566,"In 1969, a man was stabbed to death by a member of the Hell's Angels at a Rolling Stones concert. Where was the concert held?","Altamont Speedway, California",1, held,5762,0,5,0.044925773453093815,0.5940515995025635,0.08463886870017667,62.949371337890625,22.944987779190118,0.02855055034160614,0.434326171875,1.3361816
567,"How long does it take, approximately, for light to travel from the Sun to the Earth?",It takes light about 8 minutes to travel from the Sun to the Earth,1, Earth,9420,0,6,0.07344685628742514,0.5943634510040283,0.11436994471206896,60.94755172729492,14.493593395637369,0.007623356766998768,0.034423828125,3.0479348
568,"A Long Island Iced Tea is a cocktail based on vodka, gin, tequila, and which other spirit?",rum,1, spirit,9090,0,7,0.07087387724550898,0.6378456354141235,-0.0315176828565531,64.9439697265625,10.228536755501066,-0.0026062731631100178,2.666015625,2.240574
569,Anellini pasta is what type of shape?,Tube,0, shape,6211,0,6,0.04842658433133733,0.5937402844429016,0.0005590321289998812,64.8172607421875,14.530352718678738,0.026589469984173775,4.73828125,5.4548426
570,A Cuba Libre is based on which spirit,Rum,1, spirit,9090,0,7,0.07087387724550898,0.6378456354141235,-0.0315176828565531,59.78041458129883,6.8700908937816685,-0.001372847706079483,1.728515625,0.41421893
571,Which company were responsible for the production of the Spitfire?,Supermarine,1,fire,11029,1,4,0.08599207834331338,0.6192793846130371,-0.05138919454446045,70.32374572753906,11.64363269883793,0.007539958693087101,0.0498046875,2.2602715
572,"The lyric Always sunny in a rich man's world', is from which song?",Money for Nothing by Dire Straits,0, song,5609,0,5,0.04373284680638723,0.6174742579460144,0.09026178628710868,64.9151611328125,8.440974148195615,0.02415456622838974,1.3037109375,4.6150546
573,Who won the men's singles title at Wimbledon in 1987?,Pat Cash,1,7,22,1,1,0.00017153193612774452,0.45881280303001404,4.732605870981105,60.1887321472168,12.745824109546142,0.009395474568009377,2.921875,1.8099439
574,Who made Victor Krum's wand?,Albus Dumbledore,0, wand,29810,0,5,0.23242577345309381,0.7366961240768433,-0.06182899058738789,64.30414581298828,10.919681029806462,-0.004704413935542107,3.970703125,5.118034
575,What kind of creature is Firenze?,Firenze is a female unicorn.,0,nze,85549,1,3,0.6670175274451098,0.7213823795318604,0.01015192112118779,63.093040466308594,22.49021916403531,0.00498171616345644,6.97265625,4.715636
576,What building in Scotland is said to house the Holy Grail and features prominently at the end of The Da Vinci Code?,Rosslyn Chapel,1, Code,6247,0,5,0.048707272954091815,0.5600767135620117,0.09496978493428543,63.89194869995117,12.03301278345893,-0.005024611484259367,0.032470703125,3.2315378
577,In which sitcom did Penelope Wilton play the wife of Richard Briers?,Ever Decreasing Circles,1,riers,17740,1,5,0.13831711576846306,0.647599458694458,-0.03236135785993577,61.69712448120117,11.200547056512786,-0.027734439820051193,0.0009546279907226562,1.7505636
578,Who plays the role of Bubble in Absolutely Fabulous?,Joanna Lumley,0,ulous,13850,1,5,0.10798715069860279,0.6968204975128174,-0.10568124667748613,63.13575744628906,11.295823170793076,0.01469361037015915,0.01678466796875,3.250504
579,"Which cockney private detective, co-created by Terry Venables, was portrayed on TV by Nicholas Ball?",Jonathan Creek,0, Ball,13131,0,5,0.1023811751497006,0.5941012501716614,0.262519673669535,66.36128997802734,23.592777291112547,0.01064540445804596,2.6796875,5.5315623
580,Who in 1975 became the first black man to win a Wimbledon singles title?,Arthur Ashe,1, title,2316,0,6,0.01805763473053892,0.5715612769126892,0.11134849082962184,61.63197326660156,15.821945494129988,0.04107178375124931,0.2060546875,0.77466094
581,Which South African fast bowler had the nickname White Lightning,Allan Donald,1, Lightning,34944,0,10,0.27245508982035926,0.7002454400062561,-0.09055641337922538,67.53275299072266,24.622473820136957,8.553126826882362e-05,0.3154296875,1.9575853
582,"In 1953, Edmund Hillary was half of the famous pair to first do what?",climb Mount Everest,0, what,1148,0,5,0.008950848303393214,0.5466995239257812,0.9156777585603155,57.7697868347168,10.08513771114549,0.026913641020655632,0.09906005859375,2.8054805
583,Another name for the Holy Wars between the  Christian states of Europe against the Saracens,Crusades,1,ens,729,1,3,0.005683944610778443,0.5019235610961914,0.14942137655140897,65.64934539794922,9.07114807557183,0.01868724450469017,0.023101806640625,1.0029408
584,1986 film starring Goldie Hawn as a High School football coach.,Wildcats,1, coach,7395,0,6,0.05765812125748503,0.6397646069526672,0.06502525961522343,64.51197814941406,16.914916240462443,0.018763646483421326,0.239013671875,1.240865
585,"Who was the 16th president of the U.S.A.,assasinated in 1865",Abraham Lincoln,1,5,20,1,1,0.000155938123752495,0.4435957372188568,6.448620180684577,74.04722595214844,21.460059186758027,-0.008191308006644249,0.00927734375,1.2500472
586,"Which Italian explorer had ships named Nina, Pinta and Santa Maria?",Christopher Columbus,1, Maria,23880,0,6,0.18619011976047903,0.7144002914428711,-0.04417931420811394,66.94613647460938,20.571303619420412,-0.0083236088976264,0.0186920166015625,1.4727339
587,Who had chart hits which included Annie`s Song and Rocky Mountain High?,John Denver,1, High,5234,0,5,0.04080900698602794,0.5831783413887024,0.22629546791957855,69.55130004882812,24.63510638507826,0.02206295356154442,0.146728515625,1.3342149
588,"Which cartoon series featured the characters Lion-o, Cheetera, Tygra and Snarf/",Thundercats,0,arf,60326,1,3,0.4703561626746507,0.7182426452636719,-0.05336678886297497,70.52435302734375,18.924921851191773,-0.002901497995480895,0.045440673828125,1.2741331
589,"Who was the leader of the gang whose members included Benny the Ball ,Brain and Choo Choo?",Al Capone,0,oo,2689,1,2,0.020965880738522954,0.5607478022575378,0.104367716101192,50.422645568847656,8.69501297135988,-0.009716208092868328,0.002323150634765625,6.0969596
590,Which famous resident resides at Highgrove House?,Prince Charles,1, House,4783,0,6,0.037292602295409184,0.5322558879852295,0.27602118930985187,69.73345184326172,13.47206866666075,0.01583557017147541,0.43505859375,1.6408995
591,What is the currency of India?,Indian Rupee,1, India,6890,0,6,0.05372068363273453,0.6296852231025696,0.2006908665703988,65.4954833984375,13.638776889457578,-0.007335260510444641,3.0234375,1.7774515
592,How many avenues radiate from the Arc de Triomphe?,12,1,he,383,1,2,0.0029862150698602794,0.5124801993370056,0.5111185884704046,60.58857727050781,14.126829254486637,0.008871189318597317,0.0004143714904785156,2.307553
593,In which country is Dubrovnik?,Croatia,1,nik,22212,1,3,0.17318488023952097,0.6177536249160767,-0.06774802311417849,64.3160400390625,8.790422144116121,0.03415185585618019,0.0430908203125,0.6614694
594,"The Dakar Rally (previously known as the Paris Dakar rally) is an annual event, but of which country is Dakar the capital city?",Senegal,1, city,3363,0,5,0.026220995508982037,0.5559373497962952,0.14293474176572296,74.33048248291016,21.886896625017297,-0.015968168154358864,1.830078125,0.4893923
595,The Miller Brewing Company got its start in what U.S. city?,"Milwaukee, Wisconsin. The Miller Brewing Company was founded in 1855 in",1, city,3363,0,5,0.026220995508982037,0.5559373497962952,0.14293474176572296,62.37031173706055,13.227616580334423,0.004776987247169018,0.9814453125,2.2697651
596,Who did Simple Simon meet on his way to the fair?,The devil.,0, fair,6762,0,5,0.05272267964071856,0.6131969690322876,0.04166865807797793,64.0785140991211,16.599288893964484,0.03547558933496475,0.498779296875,3.389592
597,Which cartoon strip character first appeared in The Beano in 1951?,Dennis the Menace,1,1,16,1,1,0.000124750499001996,0.42005011439323425,23.616774104713258,70.81936645507812,23.98149225125635,0.02856888249516487,3.32421875,3.0324132
598,"The Asian Tsunami or Boxing day tsunami that hit Thailand, Indonesia and many other countries happened in what year?",2004,1, year,1060,0,5,0.008264720558882235,0.53254234790802,0.25691224690969294,64.89629364013672,14.187766255981472,0.04229661449790001,0.32958984375,1.2892685
599,"Following that year's April Budget, Alderman Sir Cuthbert Ackroyd, who later became Lord Mayor of London, bought the first what on 1 November 1956?",The first London bus ticket was sold on 1 November 1956.,0,6,21,1,1,0.00016373502994011975,0.45013076066970825,4.602042479779417,67.96055603027344,28.68426611511787,0.002668572124093771,2.09765625,7.1775064
600,"Produced between 1970 and 1974, what is a Bond Bug?",A British microcar,1, Bug,31601,0,4,0.24639003243512975,0.6597661972045898,-0.11090860446315709,61.59022903442383,10.212371555956933,0.007877463474869728,6.69140625,3.7728493
601,What was Jacques Cousteau's mobile oceonagraphic laboratory.,Calypso,1, laboratory,27692,0,11,0.2159119261477046,0.6541264057159424,-0.05379072584705069,61.875770568847656,10.647118143427019,0.002430497668683529,0.83740234375,1.3494749
602,What is the name of the helicopter used to transport the President of the United States,Marine One,1, States,4273,0,7,0.03331618013972056,0.5657405853271484,0.14822343269120442,65.8582763671875,14.814739997667367,0.020620083436369896,0.0012912750244140625,2.578746
603,Which queen consort of England is associated with Hever Castle in Kent?,Anne Boleyn,1, Kent,18206,0,5,0.1419504740518962,0.7003829479217529,0.0075963168745132315,67.79502868652344,17.652190395269177,0.026683460921049118,0.10626220703125,0.74964076
604,What was the capital of the United States between 1785 and 1790??,New York City,1,0,15,1,1,0.00011695359281437126,0.43612298369407654,11.438582173458347,62.73382568359375,19.92653063841824,0.025763822719454765,0.395751953125,2.337236
605,Which country does the drink Cinzano come from?,Italy,1, from,505,0,5,0.003937437624750499,0.4401754140853882,14.028446051219248,65.86064147949219,16.734127180141645,0.009286992251873016,0.007572174072265625,1.1722269
606,Which fictional girls' boarding school was created by the cartoonist Ronald Searle,St Trinian's,1,le,273,1,2,0.0021285553892215568,0.45811036229133606,0.6600268760956345,64.23363494873047,26.985819484801016,-0.019126206636428833,0.0016164779663085938,1.4219877
607,Who played the character Mr Chips in the 2002 TV adaptation of Goodbye Mr Chips,James Corden,0, Chips,87768,0,6,0.6843188622754491,0.6919817328453064,-0.15493466595152894,74.39962005615234,22.793959481162297,-0.021992642432451248,0.151611328125,3.265647
608,Rarely is the question asked: Is our children learning?,"No, they are not.",0, learning,6975,0,9,0.05438342065868264,0.5766749978065491,0.06270182295895133,75.36935424804688,24.600127616201824,-0.0014044707641005516,1.24609375,6.210505
609,"Are you going to come quietly, or do I have to use earplugs?","I'm going to come quietly. You're a cop. I saw """,0,ugs,13602,1,3,0.10605351796407185,0.6078335046768188,0.0325023169977352,73.70955657958984,33.14380661837917,-0.0029052880126982927,0.00020742416381835938,5.0713735
610,Which shipping forecast area is directly north of German Bight?,Dogger Bank,0,ight,492,1,4,0.003836077844311377,0.565540075302124,-0.005401915337704732,65.04442596435547,18.399373378363876,-0.006060196552425623,0.00020575523376464844,2.0069761
611,By what name did Samuel Langhorne Clemens publish his novels under?,Mark Twain,1, under,1234,0,6,0.009621382235528941,0.5526779890060425,0.48518372415231337,56.3944206237793,16.985571296543338,0.03333166614174843,3.390625,0.41480923
612,Who wrote the novel Rasselas in a single week in 1759 to pay for his mother's funeral?,Samuel Johnson,1, funeral,32079,0,8,0.2501169535928144,0.7540901303291321,0.052187387797502094,52.103858947753906,8.240422756529352,-3.6493875086307526e-06,1.6435546875,0.5778002
613,Who painted Girl with a Pearl Earring?,Johannes Vermeer,1,arring,20450,1,6,0.15944673153692615,0.6787604689598083,0.01013622394232394,69.41105651855469,18.082919173282416,0.013032687827944756,0.0439453125,1.3915838
614,What is 1009 when expressed as Roman Numerals?,MIV,0,als,1147,1,3,0.008943051397205588,0.49710237979888916,0.12038507078510197,63.96811294555664,9.972594069491153,0.025253435596823692,0.001491546630859375,2.174971
615,Who had hits with Go Now and Nights in White Satin?,The Moody Blues,1,in,258,1,2,0.0020116017964071854,0.4041803479194641,3.5561164539552896,64.381103515625,22.522112674112854,0.03770619258284569,0.0008792877197265625,1.0932968
616,Which statesman was known as the Iron Chancellor?,Otto von Bismarck,1, Chancellor,48063,0,11,0.3747427020958084,0.7461484670639038,-0.04474436880837107,69.30587768554688,16.977222818558143,-0.01346786692738533,2.919921875,1.1904447
617,What was left in Pandora's Box after all the evil escaped?,Hope,1, escaped,28883,0,8,0.22519804141716568,0.6924635171890259,0.03820228500516176,63.4835090637207,18.90546857457808,0.02529151178896427,2.3359375,0.86160016
618,What type of bird was the first released by Noah?,A dove,0, Noah,43084,0,5,0.33592190618762474,0.7617873549461365,-0.0860489349164717,62.35137176513672,18.495445539437473,0.0005805399268865585,5.54296875,3.0871067
619,What is the state capital of Florida?,Tallahassee,1, Florida,9784,0,8,0.07628493013972056,0.6674214601516724,0.0052458061517599575,63.85027313232422,24.53755645430415,0.012073390185832977,4.26171875,0.7297198
620,Who was sacked as the Beatles' drummer and replaced by Ringo Starr?,Pete Best,1, Starr,76122,0,6,0.5935160928143712,0.7301746010780334,-0.03505098920770999,64.89612579345703,20.411693479156277,0.008120748214423656,0.13037109375,0.4199819
621,In which is Shakespeare's plays are the title character's last words the rest is silence?,Hamlet,1, silence,21847,0,8,0.17033900948103792,0.7146379351615906,-0.03582681828562828,76.27815246582031,41.27459359634987,0.008772043511271477,0.6982421875,2.2335923
622,"Tsar Nicholas I abidacated in 1917, who was the other monarch to abdicate during this period?",Kaiser Wilhelm II,0, period,4261,0,7,0.03322261726546906,0.5764756202697754,0.12882566879779755,69.6384048461914,19.359336257854995,0.022074099630117416,1.294921875,3.1424828
623,"Which Roman Emperor was allegedy killed by his wife, Aggripina, in AD54?",Claudius,1,54,4370,1,2,0.03407248003992016,0.6194782853126526,0.13767215274989786,67.51226043701172,13.366295472352647,0.022505022585392,4.9140625,1.4811736
624,Whose last words were Et Tu Brute according to Shakespeare?,Julius Caesar,1, Shakespeare,42482,0,12,0.3312281686626746,0.7746182084083557,0.09753367536575963,68.80636596679688,8.793717026501627,0.027911407873034477,0.65576171875,1.2215613
625,Mel Gibson (1990) and Kenneth Branagh (1996) have both played which character in movies?,Hamlet,1, movies,9698,0,7,0.07561439620758482,0.6548466086387634,0.01875233596255388,72.56346130371094,14.20807997425322,0.017625462263822556,2.1640625,1.5873781
626,"The original United Artists film studio was founded in 1919 by D.W. Griffith, Mary Pickford, Douglas Fairbanks and who else?",Charlie Chaplin.,1, else,775,0,5,0.006042602295409182,0.5894289016723633,0.23273207480844782,63.19411087036133,21.96907049174525,0.003387304488569498,0.400390625,1.0295743
627,Which Holiday movie favourite featured a character called Kevin McCallister?,Home Alone,1,ister,1601,1,5,0.012482846806387225,0.5886583924293518,-0.14525932071255632,71.65628051757812,21.318504595621256,0.0005217671860009432,0.0037994384765625,0.7863169
628,Who was the author of Pygmalion'?,George Bernard Shaw,1,ion,290,1,3,0.0022611027944111775,0.4962543249130249,0.15736715576311555,71.8508071899414,6.6376303465531965,0.009271509014070034,0.005367279052734375,0.91858697
629,"Who was the third President of the USA, following on from George Washington and John Adams was also famed for his numerous inventions?",Thomas Jefferson,1, inventions,85149,0,11,0.6638987649700598,0.769729495048523,-0.0022845543422538306,71.73851013183594,20.83332351286084,0.01624429039657116,1.9365234375,1.0554209
630,What is the minimum age of someone running for the office of President of the United States?,35 years old,0, States,4273,0,7,0.03331618013972056,0.5657405853271484,0.14822343269120442,64.9212646484375,14.580156083905866,0.016070229932665825,0.00872802734375,2.342025
631,England won the 1966 World Cup beating Germany 4-2. Hurst scored 3 of England's goals who scored the other?,Hurst scored 3 of England's goals who scored the other?,0, other,1023,0,6,0.00797623502994012,0.5338029265403748,1.0249009673604341,72.92476654052734,9.952195234885576,0.018581559881567955,0.416748046875,3.2103298
632,From which 1960s sci-fi movie did 1980s pop sensation Duran Duran take their name from a character from the movie?,Barbarella,1, movie,5818,0,6,0.0453624001996008,0.6085036993026733,-0.00930383367345522,60.2906379699707,4.274363942800788,0.02188647724688053,0.658203125,2.8791482
633,What year did E.T. Hit the cinema screen?,1982,1, screen,4264,0,7,0.03324600798403193,0.5778858065605164,-0.12150527291784341,68.34243774414062,14.458449850422465,0.006567793898284435,4.1640625,0.9390936
634,The Red Sea is connected to the Indian Ocean by which gulf ?,Gulf of Aden,1,ulf,14643,1,3,0.11417009730538923,0.6779628992080688,-0.05007410828771519,55.231170654296875,14.098325352515598,-0.00625219102948904,0.03070068359375,0.84365755
635,The Red Setter is more properly known by which name?,Irish Setter,1, name,836,0,5,0.006518213572854291,0.5297390818595886,0.43957559592739814,68.44844055175781,13.669020356644552,0.03355789929628372,1.7470703125,3.970534
636,What was the name of the World War I fighter ace nicknamed the Red Baron?,Manfred von Richthofen,1, Baron,54007,0,6,0.4210875124750499,0.71770840883255,0.05907751453780152,64.50592041015625,19.367745228999375,-0.001024720724672079,0.0406494140625,0.8771004
637,What is the capital of the U.S. state of Connecticut?,Hartford,1, Connecticut,31461,0,12,0.24529846556886228,0.7719374895095825,0.10050436663899687,61.16845703125,19.889595801862797,0.018447117879986763,4.3671875,0.3866104
638,What was founded by Ferdinand II of Aragon and Isabella I of Castile to keep Catholic orthodoxy as the major religion of their kingdoms?,the Spanish Inquisition,1, kingdoms,96506,0,9,0.7524482285429142,0.7789719700813293,-0.13300501719434843,65.42203521728516,19.19280366491011,0.009802447631955147,0.88427734375,1.435764
639,"In golf, what name is given to a score of three under par on a given hole?",Albatross,1, hole,14512,0,5,0.11314870259481039,0.5975886583328247,0.10102617076674525,66.3294448852539,20.02255329222359,0.04684475064277649,0.037506103515625,2.2839437
640,"In dentistry, what is the name given to hardened dental plaque?",Calculus,0, plaque,61464,0,7,0.47922904191616766,0.7667070031166077,0.0250667895031218,62.38166427612305,6.087802524669899,-0.005710278637707233,1.064453125,1.2276824
641,Which singer played the Goblin King Jareth in the film Labyrinth'?,David Bowie,1,abyrinth,62630,1,8,0.48832023453093815,0.7775925397872925,0.040320180915001114,83.28740692138672,17.61349475871972,0.013573432341217995,0.003570556640625,0.71859217
642,Who played Aunty Entity' in the film 'Mad Max Beyond the Thunderdome'?,Tina Turner,1,ome,638,1,3,0.00497442614770459,0.5510410666465759,0.03419181660233939,78.55883026123047,19.87499228639542,0.01960964873433113,0.0029697418212890625,0.4494621
643,"Name the fantasy movie directed by Terry Gilliam, where 6 dwarves have stolen a map.",The Adventures of Baron Munchausen,0, map,2472,0,4,0.019273952095808383,0.5391477942466736,0.16644434346458947,56.84648513793945,10.387415617625756,-0.006327037233859301,2.83984375,1.6315897
644,"Which TV comedy had characters McLaren, Blanco & Warren",The Jeffersons,0, Warren,26713,0,7,0.20827875499001997,0.6687759160995483,-0.038122270038647876,63.660682678222656,25.050827845188195,0.029833851382136345,8.5625,6.0655274
645,In which TV series would you find an Eagle Transporter,Thunderbirds,0,er,261,1,2,0.00203499251497006,0.4126031994819641,1.4247973031838699,64.71288299560547,18.62219524412093,-0.013365352526307106,0.072509765625,3.4850042
646,Which jazz saxophonist was nicknamed Bird,Charlie Parker,1, Bird,24214,0,5,0.1887942864271457,0.6313315033912659,-0.029995098108280605,56.38297653198242,7.406609611211776,0.02632402814924717,2.3203125,0.69516456
647,Which patriotic Irving Berlin song includes the line  From the mountains to the prairie to the oceans white with foam ?,God Bless America,1, foam,32183,0,5,0.25092783183632733,0.7576725482940674,0.08828278619468888,83.68445587158203,23.163585558004637,0.017389589920639992,0.00911712646484375,2.664855
648,Who created the Miss World pageant?,Eric Morley,1,ant,519,1,3,0.004046594311377246,0.4920385479927063,0.16453604044014325,64.15567779541016,21.12448658978313,-0.023174647241830826,0.0145416259765625,2.2655904
649,In Egyptian myth who was the God of chaos and disorder?,Set,0, disorder,19823,0,9,0.15455807135728544,0.6642924547195435,0.0343032166463666,66.12114715576172,22.30928005315069,-0.028271352872252464,3.07421875,1.798086
650,What type of creature is a Painted Dragon?,Reptile,0, Dragon,16537,0,7,0.1289374376247505,0.6461560130119324,-0.011301364816787896,58.544254302978516,4.6299422567608275,0.015663286671042442,7.75390625,3.2079072
651,Which method of painting consists of applying pigment to wet plaster?,Plaster painting,0, plaster,63027,0,8,0.49141560628742514,0.7881488800048828,0.0010367812741001181,62.856605529785156,8.527131065303633,0.02917425148189068,0.52587890625,5.8863535
652,Who is credited with the discovery of the tomb of King Tutankhamen in 1922?,Howard Carter,1,2,17,1,1,0.00013254740518962076,0.4151184856891632,15.679016558039137,64.01428985595703,18.743285763120696,0.01176359597593546,0.056243896484375,0.74156743
653,The King of Wishful Thinking was a hit song used during the opening credits of the movie Pretty Woman. Who sang it?,Duran Duran,0, it,433,0,3,0.003376060379241517,0.450239896774292,4.153688968962389,66.82393646240234,19.37754860040909,0.0268655177205801,0.7412109375,4.056205
654,"What dish, especially popular in parts of Wales and the English Midlands,  is traditionally made from pig's heart, liver and fatty belly meat or bacon minced together, with herbs added for flavouring and sometimes bread crumbs",Black pudding,0, crumbs,97677,0,7,0.7615784056886228,0.7696953415870667,-0.05297245389092442,42.7962760925293,3.1262897411273736,-0.02436593733727932,2.41796875,2.2021935
655,What was the name of Shari Lewis' sassy sock puppet?,Lamb Chop,1, puppet,50548,0,7,0.39411801397205587,0.7721681594848633,0.07797342423753983,64.83927917480469,4.263937742326324,0.023442480713129044,0.061279296875,0.56632423
656,Captain Corelli's mandolin is a book a film set in which country,Greece,1, country,3224,0,8,0.025137225548902197,0.5815775990486145,-0.029940250572017657,66.318603515625,8.880420175253889,0.01994350738823414,2.41015625,1.5642688
657,The Bull is the village pub in an everyday tale of country folk. In which village is The Bull?,Hamelin,0, Bull,22353,0,5,0.17428424401197604,0.6484624147415161,-0.01955606844876323,69.60669708251953,12.964916006947671,0.014506155624985695,0.050140380859375,4.0276527
658,What is the second biggest city in the UK?,Birmingham,1, UK,6560,0,3,0.05114770459081836,0.6296750903129578,0.04499131911544296,62.216243743896484,11.436123737590027,-0.018772587180137634,3.427734375,2.1396623
659,Who was the second wife of Henry VIII?,Anne Boleyn,1, VIII,58333,0,5,0.45481692864271456,0.7345930933952332,-0.014538138973691161,60.66975402832031,16.96526277357013,0.006727478001266718,0.2978515625,1.4283243
660,Which actor does the interviewing in 'Interview with a Vampire'?,Tom Cruise,0, Vampire,61214,0,8,0.47727981536926145,0.757400631904602,0.07758053852612301,81.81596374511719,16.70739476929458,0.0024771378375589848,0.7197265625,2.4804273
661,What is the southernmost city in USA,Miami,0, USA,7427,0,4,0.057907622255489025,0.6604152321815491,0.11077678103576138,63.40898895263672,13.095762293710504,0.03547077625989914,8.2421875,2.6203265
662,"In Vladimir Nabokov's book ""Lolita"", what is Lolita's real name?",Dolores Haze,1, name,836,0,5,0.006518213572854291,0.5297390818595886,0.43957559592739814,64.2783432006836,21.404987849282094,0.026226706802845,0.32568359375,1.4730971
663,"Which Shakespeare play tells the story of Prospero, the rightful Duke of Milan?",The Tempest,1, Milan,39855,0,6,0.3107456961077844,0.7423182129859924,-0.055102527100650445,53.13631820678711,9.521306885717548,0.022251615300774574,0.0023975372314453125,0.7325962
664,Which RAF fighter-bomber was built by the Panavia partnership?,Tornado,0, partnership,15664,0,12,0.12213073852295409,0.6542850136756897,0.13110704043442034,62.090087890625,12.174068423167896,0.012770709581673145,4.1953125,1.2865132
665,What was the name of the sixth studio album released by Prince and the Revolution in June of 1984?,Purple Rain,1,4,19,1,1,0.00014814121756487027,0.43821898102760315,8.538236203894131,61.340084075927734,21.157738256592204,0.007493490818887949,0.07623291015625,0.39111134
666,The undersurface of a person's foot or of a shoe?,sole,1, shoe,30077,0,5,0.23450754740518961,0.7139572501182556,0.006921239066472129,62.85640335083008,6.323370402070223,0.025716111063957214,1.15234375,2.4228382
667,In which film series would you expect to film Katniss Everdeen and Peeta Malark?,The Hunger Games,1,ark,847,1,3,0.006603979540918164,0.5655405521392822,-0.06830016798139527,68.62748718261719,17.040682947085116,0.004049799405038357,0.2088623046875,2.0353842
668,"""Rodney you plonka"" and ""This time next year we'll be millionaires"" are catchphrases from which well-known television sitcom?",Only Fools and Horses,1, sitcom,81466,0,7,0.635182759481038,0.7957218885421753,0.03896892552118292,65.91976165771484,12.795835958007748,0.03579627349972725,3.669921875,4.014639
669,What did my true love bring to me on the Sixth Day of Christmas?,Six geese a-laying.,0, Christmas,10280,0,10,0.08015219560878244,0.6585047245025635,0.008410934663453773,65.65535736083984,13.166637441073537,0.01131343562155962,0.0701904296875,2.751399
670,Louis Smith won an individual silver medal in gymnastics at the 2012 London Olympics. For what discipline?,Pommel horse,1, discipline,26434,0,11,0.20610341816367264,0.6738247871398926,0.09654269694790774,56.10958480834961,7.742492626117205,0.01960931159555912,6.4296875,3.5332437
671,What animal did Reggie Perrin think of every time his Mother-in-law was mentioned?,A rat,0, mentioned,9932,0,10,0.07743887225548902,0.6303358674049377,0.01808175452995142,67.67681121826172,35.36839237265155,0.00682599563151598,0.7587890625,4.2652144
672,Which former prime minister appeared on the Morecambe and Wise Christmas Special in 1978?,Harold Wilson,1,8,23,1,1,0.00017932884231536926,0.4591073989868164,3.455409406839226,68.94668579101562,19.002041773718336,-0.007430312689393759,5.15234375,2.264592
673,"Where does the infamous ""Streif"" downhill ski race take place?",Austria,0, place,2035,0,6,0.015866704091816366,0.5338093638420105,0.26056174191691994,63.18544387817383,23.96037124012349,-0.006569168530404568,0.00408935546875,1.9124075
674,What song was a hit for Tom Jones and Cerys Matthews in 1999?,Mama Told Me Not to Come,0,9,24,1,1,0.00018712574850299402,0.47291216254234314,2.9663261744251486,64.20911407470703,18.9937405315698,-0.004849535413086414,0.02899169921875,3.7180603
675,How many lines are there in a sonnet?,There are 14 lines in a sonnet.,1,net,4816,1,3,0.0375499001996008,0.5648190379142761,-0.04250437432954435,57.26167678833008,11.446742996774876,-0.008951473981142044,2.57421875,2.2707715
676,What is the American version of Strictly Come Dancing called?,Dancing with the Stars,1, called,2663,0,7,0.02076316117764471,0.5720611214637756,0.2294799170302313,62.88673400878906,20.95665978439946,0.023103708401322365,0.363037109375,0.554487
677,What is the lightest metal under standard conditions?,Lithium,1, conditions,4787,0,11,0.03732378992015968,0.5948253273963928,0.026608303588581794,58.07778549194336,15.929291129256665,-0.024811765179038048,0.0404052734375,1.4361787
678,What artist designed the logo for Chupa Chups lollipops?,Salvador Dali,1,ops,3806,1,3,0.0296750249500998,0.5753653645515442,0.057336299517105616,67.81615447998047,19.696277572668322,0.025016402825713158,0.00032830238342285156,1.5305191
679,"What is being built in the Olympic Park, that will be the world's longest and tallest of its kind?",A cable car,0, kind,3169,0,5,0.024708395708582836,0.5541694164276123,0.2119175139826952,67.34567260742188,21.81362851570518,0.013392329216003418,0.1708984375,3.3213065
680,In the 'Jungle Book' what type of creature was 'Bagheera'?,Panther,1,era,2473,1,3,0.01928174900199601,0.5418699383735657,0.06277352929277846,77.28177642822266,20.385581018179717,0.014750481583178043,0.0024204254150390625,2.324394
681,What was the first Beatles film?,A Hard Day's Night,1, film,4632,0,5,0.03611526946107784,0.5811712741851807,0.06832887555598699,56.69181442260742,4.919153768972113,0.010367613285779953,5.20703125,1.3188965
682,What was the name of the Liverpool nightclub where the Beatles regularly played?,The Cavern Club,1, played,6476,0,7,0.05049276447105788,0.5984339714050293,0.05289729320983527,58.691741943359375,3.852777057906043,0.039115794003009796,0.97265625,1.1670547
683,How many US states are prefixed by the word New?,2,0, New,1561,0,4,0.012170970558882235,0.5475355386734009,0.21584298041926697,60.389892578125,17.928418217257843,0.025372348725795746,3.6640625,2.3461187
684,"Although he never won an Oscar for best director, one of Hitchcock's films did win an Oscar for best picture. What was the film?",Psycho,0, film,4632,0,5,0.03611526946107784,0.5811712741851807,0.06832887555598699,69.88453674316406,14.968530423363646,0.02083710953593254,1.064453125,2.8504841
685,In which New York borough would you find Hell’s Kitchen?,Manhattan,1, Kitchen,19915,0,8,0.1552753867265469,0.6516574025154114,0.04835124816491376,64.09803009033203,14.201411967965285,0.0075889332219958305,0.033477783203125,1.4156598
686,Which airline is nicknamed ‘The Flying Kangaroo’?,Qantas,1,aroo,76865,1,4,0.5993091941117764,0.7370703816413879,-0.031151753704036,77.25963592529297,16.319990577314407,0.005940045230090618,0.01261138916015625,0.9062937
687,Which cartoon character had the maiden name ‘Slaghoople’?,Mr. Burns,0,ople,1184,1,4,0.009231536926147704,0.6912881135940552,-0.03876312320909037,64.50664520263672,12.292737566109052,0.01295439526438713,0.1832275390625,4.1502376
688,‘Think Different’ is an advertising slogan for which company?,Apple Inc.,1, company,2883,0,8,0.022478480538922156,0.5714662075042725,0.023078336349162676,64.6243896484375,11.945843000032992,0.028812654316425323,1.0888671875,0.5631923
689,Which ‘A’ is a calculating frame with sliding balls on wires?,Ans. (a) Ans. (a) Ans. (a),0, wires,36108,0,6,0.2815306886227545,0.6968446969985962,0.04972399224955204,72.44322204589844,18.448478976633208,0.03080953285098076,2.029296875,3.2114952
690,The rowan tree is also known as the Mountain ‘what’?,Ash,1,what,12840,1,4,0.1001122754491018,0.6053911447525024,0.2436176023581611,63.53277587890625,7.063602689484828,0.06426933407783508,1.572265625,1.138923
691,Which ‘A’ means in the open air?,A,0, air,3805,0,4,0.029667228043912176,0.5782206654548645,0.19608945701979064,46.988399505615234,1.4686917863378168,0.025201713666319847,5.171875,5.126103
692,Buenos Aires is the capital of which South American country?,Argentina,1, country,3224,0,8,0.025137225548902197,0.5815775990486145,-0.029940250572017657,63.422237396240234,15.571577428693889,0.00603066710755229,0.147216796875,0.5080494
693,Apiculture is the raising and care of which creatures?,bees,1, creatures,20566,0,10,0.16035117265469062,0.7122650742530823,-0.02068810851316316,63.8797492980957,19.02493089148888,-0.006230832543224096,3.90234375,1.642616
694,What is the capital of Indonesia?,Jakarta,1, Indonesia,24922,0,10,0.19431449600798403,0.7101908922195435,-0.055603325898905265,58.30581283569336,15.861263661455382,-0.0010464945808053017,5.6640625,0.8570804
695,Which vegetable was the first to be canned?,Corn,0, canned,64114,0,7,0.49989084331337325,0.7967110872268677,-0.00469673915285318,61.200923919677734,12.587190178037964,0.003670734353363514,4.2265625,3.1376123
696,"In computers, the X-Y Position Indicator for a Display System is now known as what?",mouse,0, what,1148,0,5,0.008950848303393214,0.5466995239257812,0.9156777585603155,50.71611785888672,8.922062445770111,0.07523822784423828,3.296875,2.6025653
697,The Khyber Pass is approximately how many miles long?,27 miles,0, long,1317,0,5,0.010268525449101796,0.5672539472579956,0.1513193046352268,64.57952880859375,18.87486163696982,0.02528657391667366,0.321533203125,1.4960272
698,"Which fruit did Nell Gwynn, mistress of King Charles II, sell in Drury Lane?",Apples,0, Lane,27109,0,5,0.21136632984031936,0.6468995809555054,-0.04252136880271751,62.123111724853516,4.197873706832268,0.01905731111764908,0.057830810546875,3.4400718
699,The town of Tobermory is on which Scottish island?,Mull,1, island,13218,0,7,0.10305950598802395,0.6019701957702637,0.08297470831995302,63.340816497802734,16.066219892775973,0.012313582934439182,0.320556640625,1.7855749
700,"In the novel ‘Wuthering Heights’ by Emily Bronte, Catherine’s father found Heathcliffe on the streets of which English city?",Liverpool,1, city,3363,0,5,0.026220995508982037,0.5559373497962952,0.14293474176572296,63.3475227355957,12.470983121584707,-0.0014755092561244965,0.7783203125,1.5216255
701,Which Asian country hosted its first Formula One Grand Prix motor race in October 2010?,India,0,0,15,1,1,0.00011695359281437126,0.43612298369407654,11.438582173458347,61.876529693603516,20.232382470810723,0.032807834446430206,2.958984375,1.5156964
702,"In UK currency, how many sides does a twenty pence piece have?",12,0, have,617,0,5,0.004810691117764471,0.46660658717155457,2.7431092078292787,65.27574157714844,22.282400392015102,0.024045487865805626,0.0275115966796875,2.639211
703,"In humans, otalgia, is the medical term for what?",earache,1, what,1148,0,5,0.008950848303393214,0.5466995239257812,0.9156777585603155,54.975830078125,9.60971384948759,0.036858685314655304,2.578125,1.6295207
704,"British MP, Diane Abbott, learned to play which musical instrument in the tv series ‘Play It Again’?",Piano,1, Again,14077,0,6,0.10975704840319361,0.6197336912155151,0.14175977843964116,56.76318359375,3.3377923622460735,0.0071962554939091206,0.5986328125,3.859433
705,Cristina Fernandez de Kirchner became President of which South American country in December 2007?,Argentina,1,7,22,1,1,0.00017153193612774452,0.45881280303001404,4.732605870981105,62.23225402832031,13.838842950265335,0.0017736188601702452,0.006809234619140625,0.29239887
706,"In Greek mythology, what was the name of the nymph who fell in love with Narcissus, but who was said to have pined away when her love was not returned, leaving only her voice?",Echo,1, voice,7899,0,6,0.06158776197604791,0.5987948179244995,0.15921698557430064,57.04849624633789,5.209864876930235,0.020114555954933167,3.93359375,0.26963222
707,The Marquesas Islands lie in which ocean?,Pacific Ocean,1, ocean,18435,0,6,0.14373596556886228,0.6727168560028076,-0.07333001163637842,57.48667907714844,5.96617207715326,0.03484531119465828,0.487060546875,1.6076816
708,Keflavik is the main international airport of which country?,Iceland,1, country,3224,0,8,0.025137225548902197,0.5815775990486145,-0.029940250572017657,62.02772903442383,10.227478362871445,0.008107639849185944,0.298583984375,0.6074074
709,Which British artist’s works include ‘The First Real Target’?,Damien Hirst,0, Target,13791,0,7,0.10752713323353294,0.6176534295082092,0.08073054740846342,60.3948974609375,9.498182537417735,-0.0037595797330141068,7.56640625,4.369685
710,Which King of England sold Dunkirk to Louis XIV of France?,Charles II,1, France,9822,0,7,0.0765812125748503,0.6364389061927795,-0.13025251161936957,71.02953338623047,26.794524798874544,-0.005382091738283634,0.0120086669921875,1.0993
711,What was the middle name of US actor James Dean?,James Byron Dean,1, Dean,25028,0,5,0.19514096806387227,0.6423949003219604,0.1864486107478598,62.245948791503906,19.090943802277707,0.007926223799586296,1.3125,5.792913
712,Which French author wrote the fairy tales ‘Little Red Riding Hood’ ‘Sleeping Beauty’ and ‘Puss in Boots’?,Charles Perrault,1, Boots,46568,0,6,0.3630863273453094,0.7030153870582581,-0.018890020531610485,82.0302505493164,26.87487727260482,0.010942205786705017,0.0301971435546875,0.20837666
713,Author J.R.R. Tolkien was born in which country?,England,0, country,3224,0,8,0.025137225548902197,0.5815775990486145,-0.029940250572017657,62.110294342041016,13.727134251275643,0.009947225451469421,0.462158203125,1.6666772
714,The pilgrim route to Santiago de Compostela in Northern Spain is known as the ‘Way’ of which saint?,St. James,1, saint,36959,0,6,0.28816585578842313,0.7409306764602661,0.023465333976226077,63.7981071472168,15.961084709033127,0.007727805525064468,2.419921875,1.9334327
715,Peter O’Sullevan was a BBC commentator for which sport?,Horse racing,1, sport,10775,0,6,0.08401166417165669,0.6371663212776184,0.0664852962693887,65.63552856445312,12.214586554027353,0.053825750946998596,0.89111328125,1.3237185
716,Who was the first Hanover King of England?,George I,1, England,9635,0,8,0.07512319111776447,0.652515709400177,-0.04445903062586343,66.62186431884766,16.1005265947467,0.020171983167529106,0.1973876953125,0.7635094
717,Which group released an album in 1986 entitled ‘The Queen is Dead’?,The Smiths,1, Dead,15371,0,5,0.11984624500998003,0.6076045632362366,-0.0736470060257397,80.87136840820312,21.001535457010828,0.0076570468954741955,0.1177978515625,0.9372126
718,Which British Prime Minister said of Downing Street ‘One of the most precious jewels in the national heritage’?,Harold Wilson,0, heritage,28948,0,9,0.22570484031936128,0.67652428150177,0.07503248816304442,75.93904113769531,22.804411559878282,0.032350093126297,1.380859375,2.936955
719,Antigonus is a character in which Shakespeare play?,Antigonus is a character in Shakespeare's play The Winter's Tale.,1, play,1514,0,5,0.011804515968063872,0.5396367311477661,0.17820956963482715,64.35062408447266,16.043825953700765,0.001313020708039403,2.09765625,3.5976026
720,Which British monarch famously said ‘I don’t wish to open windows into men’s souls’?,Queen Victoria,0, souls,35826,0,6,0.2793319610778443,0.706315279006958,-0.006376439911282894,82.28919982910156,25.40998845934512,0.026769209653139114,0.021484375,2.3576076
721,Which bodily fluid is collected in a lachrymatory?,Tears,1,atory,5382,1,5,0.041962949101796404,0.6056470274925232,-0.15874951268693982,47.332237243652344,0.7960795583473694,0.029843097552657127,1.7607421875,2.657091
722,Which British singer played Jareth the Goblin King in the 1986 film ‘Labyrinth’?,David Bowie,1,abyrinth,62630,1,8,0.48832023453093815,0.7775925397872925,0.040320180915001114,81.63397216796875,19.70544528212427,0.01726236566901207,0.002346038818359375,0.9801549
723,Golfer Ernie Els was born in which country?,South Africa,1, country,3224,0,8,0.025137225548902197,0.5815775990486145,-0.029940250572017657,64.22756958007812,12.810607100326205,0.013166597113013268,0.2449951171875,0.58588046
724,Aconcagua is the highest mountain in which mountain range?,Andes,1, range,2134,0,6,0.01663859780439122,0.5493118762969971,0.16059852338259661,60.9057502746582,11.873411939243374,0.0434887520968914,0.165283203125,1.8596809
725,The 1987 film ‘Cry Freedom’ is a biographical drama about which South African civil rights leader?,Steve Biko,1, leader,7808,0,7,0.06087824351297405,0.6056051254272461,0.09357262615837891,63.582542419433594,7.0558143800929205,-0.009106573648750782,1.3447265625,1.3275704
726,Which British actress played Valerie in the 1997 film ‘Nil By Mouth’?,Kathy Burke,1, Mouth,66255,0,6,0.5165840194610778,0.6752676367759705,-0.08840779243235586,84.05068969726562,22.2161245510736,0.009989655576646328,0.00479888916015625,1.8337653
727,"What was the name of the Brazilian player who won the Women’s Singles Finals at Wimbledon in 1959, 1960 and 1964?",Maria Bueno,1,4,19,1,1,0.00014814121756487027,0.43821898102760315,8.538236203894131,67.73133087158203,13.577244187349372,0.013731827028095722,3.88671875,0.68444955
728,"Apart from English, what is the official language of Canada?",French,1, Canada,7008,0,7,0.05464071856287425,0.6306069493293762,0.012857813571417687,61.426002502441406,17.363672151044632,0.036070603877305984,4.66015625,0.75013906
729,What is the name of the steam locomotive which set the world speed record in July 1938 by reaching 126 mph on the East Coast Mainline  in England?,Mallard,1, England,9635,0,8,0.07512319111776447,0.652515709400177,-0.04445903062586343,69.96780395507812,19.82897386175092,0.03265539929270744,0.89013671875,2.2939985
730,Singer and musician Bono called which venue ‘Rock and roll’s great cathedral’?,Madison Square Garden,1, cathedral,80250,0,10,0.6257017215568862,0.7919328212738037,-0.011425923830773677,74.06546020507812,13.826381574597772,-0.001241571269929409,0.62451171875,3.1891334
731,What type of creature is a bufflehead?,bird,0,head,2025,1,4,0.01578873502994012,0.5606463551521301,-0.09599509747983603,61.136962890625,6.7734128659902275,0.017871055752038956,0.04400634765625,3.1078448
732,The 1950’s Mau Mau uprising was against the British occupation of which country?,Kenya,1, country,3224,0,8,0.025137225548902197,0.5815775990486145,-0.029940250572017657,60.9338493347168,16.500264005985642,0.01444736123085022,1.029296875,0.6276805
733,What is a positively charged ion called?,A positively charged ion is called a cation.,1, called,2663,0,7,0.02076316117764471,0.5720611214637756,0.2294799170302313,51.730430603027344,4.671308167853727,0.005005888175219297,0.41064453125,2.390326
734,Which 5th/6th Century Buddhist monk is described in Chinese texts as ‘The Blue-Eyed Barbarian’?,Bodhidharma,1,ian,1122,1,3,0.00874812874251497,0.4859299957752228,0.13654091060555507,74.9483642578125,4.5593337202691275,0.016917316243052483,0.0015840530395507812,3.8528714
735,In which part of the human body is the limbic system?,The limbic system is located in the brain.,1, system,1887,0,7,0.014712761976047904,0.5276176333427429,0.04375462838889366,64.6551284790039,13.126483638562473,0.013682493008673191,0.019866943359375,2.9896338
736,Which year saw the only hijacking of a British commercial flight?,1982,0, flight,11213,0,7,0.08742670908183632,0.6090288162231445,-0.029735423334618982,66.16686248779297,10.698294295045155,0.01425047218799591,2.623046875,0.99290794
737,What was the name of the Cunard ocean liner which was launched on 20th September 1906?,RMS Lusitania,0,6,21,1,1,0.00016373502994011975,0.45013076066970825,4.602042479779417,63.441829681396484,16.75062816673994,0.01463987585157156,4.08203125,2.3042803
738,Which European city had the world’s first birth control clinic?,Amsterdam,1, clinic,28913,0,7,0.22543194860279442,0.691414475440979,0.012941112511291042,64.16336059570312,15.565625015057236,0.0007937275804579258,0.058074951171875,2.3507469
739,In which James Bond film does actress Jane Seymour play Solitaire?,Live and Let Die,1,itaire,60224,1,6,0.46956087824351295,0.7524299025535583,0.09617932264240059,68.63825225830078,23.05312811669587,0.006155821494758129,0.03314208984375,2.6994271
740,What type of creature is a tanager?,bird,1,anager,8347,1,6,0.0650807759481038,0.7236183881759644,0.08678655016573211,57.87512969970703,5.124237379778078,-0.01733681745827198,5.58203125,2.9006343
741,"In ‘Follow That Camel’, the fourteenth Carry On film, Sid James was replaced by which US actor?",Jim Dale,0, actor,12360,0,6,0.09636976047904192,0.6464459300041199,-0.04216969825913752,67.2024917602539,7.163809663392966,0.01643580198287964,0.6904296875,4.7307057
742,"A mahout is a person who works, tends and rides which animal?",Elephant,1, animal,10065,0,7,0.07847586077844311,0.6162844896316528,-0.01569413881283488,66.52961730957031,10.310639131476497,0.013338700868189335,2.8828125,1.6711211
743,How many medals did the United States win at the 2010 Winter Olympics?,37,1, Olympics,33063,0,9,0.2577891092814371,0.7425734996795654,0.0014063366985399561,61.93803024291992,13.251744461911777,0.01816660538315773,0.1639404296875,2.2211363
744,‘The Weeping Woman’ is the work of which artist?,Pablo Picasso,1, artist,10255,0,7,0.07995727295409182,0.6258434057235718,-0.013912558515330353,66.4157485961914,10.213548737005738,0.02985226921737194,1.20703125,3.334217
745,The Koppen System is a classification system for what?,climate,1, what,1148,0,5,0.008950848303393214,0.5466995239257812,0.9156777585603155,53.61150360107422,5.704314242233281,0.02936263382434845,0.67822265625,1.8461262
746,"In humans, a hemispherectomy is the removal of half of the what?",brain,1, what,1148,0,5,0.008950848303393214,0.5466995239257812,0.9156777585603155,52.668575286865234,5.883952944577681,0.028172923251986504,1.2255859375,1.9775093
747,"In Greek mythology, Tiresias disclosed the crimes of who?",Oedipus,1, who,889,0,4,0.006931449600798403,0.5194312334060669,0.9101216780340731,57.30730438232422,20.738467154317238,0.04253440350294113,4.609375,1.7470154
748,The United Nations University is based in which Asian city?,Tokyo,1, city,3363,0,5,0.026220995508982037,0.5559373497962952,0.14293474176572296,66.34140014648438,12.501286661973479,0.0024354206398129463,2.0078125,1.2816993
749,What is the name of the iron hook which is attached to the pole used by fisherman to land a heavy fish?,Gaff,1, fish,7795,0,5,0.06077688373253493,0.591380774974823,0.0742746872902349,66.13531494140625,12.925652251426289,0.017831716686487198,0.407958984375,2.8241282
750,Which English singer/songwriter/musician wrote the Tremeloes hit ‘Here Comes My Baby’ at the age of eighteen?,Cat Stevens,1, eighteen,63134,0,9,0.492249875249501,0.7150388360023499,-0.0020707057379532046,68.89228057861328,22.982579931948667,-0.0013260950800031424,5.19921875,1.3672757
751,Mearth was the name of the child of which US tv characters?,"Mearth was the name of the child of the US tv characters, Mr",0, characters,5885,0,11,0.045884792914171656,0.635482668876648,0.11467928472712119,62.984004974365234,16.401787506089963,0.006184906233102083,6.9296875,6.1044335
752,In which state of the US is it illegal to mis-pronounce the name of the state?,Arkansas,1, state,1614,0,6,0.012584206586826347,0.5253990292549133,0.2482862492725042,55.33616638183594,6.804696550515539,0.031608063727617264,0.53466796875,3.7982798
753,The Strawberry Museum in the town of Wepion is in which country?,Belgium,1, country,3224,0,8,0.025137225548902197,0.5815775990486145,-0.029940250572017657,61.685401916503906,13.655251023995916,0.012047626078128815,0.349365234375,0.5597984
754,The Hotel Matignon is the official residence of the Prime Minister of which European country?,France,1, country,3224,0,8,0.025137225548902197,0.5815775990486145,-0.029940250572017657,60.972084045410156,18.598632410498087,0.004152886103838682,0.17578125,0.7390311
755,Which British politician became Member of Parliament for Epping in October 1924?,Winston Churchill,1,4,19,1,1,0.00014814121756487027,0.43821898102760315,8.538236203894131,66.4091796875,22.780731663822458,-0.0005820617079734802,0.93359375,2.9730155
756,‘The Crafty Cockney’ was the nickname of which British darts player?,Eric Bristow,1, player,2851,0,7,0.022228979540918164,0.5841721892356873,0.037691997700874946,63.51728057861328,12.401423652498892,0.01623631827533245,0.172607421875,2.623773
757,Which famous jewellers makes the Super Bowl Trophy?,Tiffany & Co.,1, Trophy,56204,0,7,0.43821731536926145,0.6958107948303223,0.10305423090132804,71.40106964111328,16.891175113227984,0.02931918576359749,3.447265625,1.3036749
758,"Bedloe’s Island in New York Harbour, is the former name of which island?",Liberty Island,1, island,13218,0,7,0.10305950598802395,0.6019701957702637,0.08297470831995302,65.13638305664062,7.950598753195747,0.007223020773380995,3.16796875,2.653588
759,What is the name of the Jewish spring festival which celebrates the exodus of the Israelites from Egypt?,Passover,1, Egypt,15212,0,6,0.1186065369261477,0.6704380512237549,-0.11205143329737588,67.24602508544922,15.601155622396078,-0.019375687465071678,0.209228515625,0.7121965
760,Sadler’s Wells Ballet and the Vic-Wells Ballet were the previous names of which British ballet company?,Royal Ballet,1, company,2883,0,8,0.022478480538922156,0.5714662075042725,0.023078336349162676,65.51770782470703,15.413370088807582,0.018316706642508507,0.1629638671875,1.6673098
761,The roller coaster ride called Rita is located at which English theme park?,Six Flags Great America,0, park,6246,0,5,0.04869947604790419,0.5740103721618652,0.02446156319476822,61.723716735839844,14.582623199042914,0.02455061860382557,0.03741455078125,3.931277
762,Which is the first written single word number in which the letter ‘A’ appears?,A,0, appears,8111,0,8,0.06324070608782435,0.6250721216201782,0.09002633800011184,73.2887191772461,25.973343833842776,0.0011088738683611155,3.064453125,5.301307
763,In which year did Margaret Thatcher become British Prime Minister?,1979,1, Minister,9675,0,9,0.07543506736526946,0.655691385269165,-0.02089395658422255,65.61054992675781,23.356439411286743,0.009159584529697895,0.06439208984375,1.0150092
764,"In January 1957, Russell Endean became the first batsman to be dismissed from a test cricket match for doing what?",obstructing the field,0, what,1148,0,5,0.008950848303393214,0.5466995239257812,0.9156777585603155,56.58900833129883,11.864389863634605,0.010428977198898792,0.0640869140625,4.507393
765,What type of animal is a dik-dik?,dik-dik is a type of antelope.,1,ik,1609,1,2,0.012545222055888223,0.4899229407310486,0.32217154269320636,57.971153259277344,4.7447466527390185,0.01100575365126133,0.001178741455078125,3.1590023
766,"Isoprene, Butyl and Nitrile are all types of which substance?",Rubber,1, substance,20278,0,10,0.1581056636726547,0.6651532053947449,-0.04024084868290867,65.2904281616211,10.382444327486885,0.004747090861201286,2.974609375,3.0963876
767,Taka is the basic monetary unit of which country?,Bangladesh,1, country,3224,0,8,0.025137225548902197,0.5815775990486145,-0.029940250572017657,63.055946350097656,11.356610969576078,-0.00023640505969524384,0.3134765625,1.1073782
768,Who does Emilio Estevez play in the 1988 film ‘Young Guns’?,Billy the Kid,1, Guns,60565,0,5,0.47221962325349304,0.7041447758674622,0.002474070816959273,72.47518920898438,13.317488021959,-0.017981242388486862,0.01078033447265625,2.1246052
769,Which Mediterranean island gained independence in 1959 under the presidency of Archbishop Makarios?,Cyprus,1,arios,10308,1,5,0.08037050898203593,0.6505669951438904,0.16731798577414647,71.70169067382812,16.82020321589132,-0.011986365541815758,0.005046844482421875,0.8030001
770,"In medicine, chromotopsia is the term for abnormally coloured what?",vision,1, what,1148,0,5,0.008950848303393214,0.5466995239257812,0.9156777585603155,53.06238555908203,10.506384892188954,0.03168279677629471,2.955078125,1.962701
771,Wanlockhead is the highest village in which European country?,Scotland,1, country,3224,0,8,0.025137225548902197,0.5815775990486145,-0.029940250572017657,65.41596221923828,13.070388537483112,0.0028238873928785324,0.256591796875,2.3765962
772,Which European country hosted the 1956 Winter Olympic Games?,Austria,0, Games,11871,0,6,0.09255707335329341,0.607715904712677,0.14435487123175506,66.9017105102539,17.82165709124075,0.018798828125,0.252197265625,2.0272088
773,‘Lofsongur’ is the national anthem of which country?,Sweden,0, country,3224,0,8,0.025137225548902197,0.5815775990486145,-0.029940250572017657,63.22129440307617,11.557712617631047,0.006138574797660112,0.69140625,4.3900747
774,"In Roman mythology, what was the name of the brother slain by Romulus?",Remus,1,ulus,19990,1,4,0.15586015469061876,0.6544552445411682,-0.0012510956880977808,65.8078384399414,24.203561904015913,0.00022510625422000885,0.00860595703125,0.16779986
775,"In 1951, which European country saw the abdication of King Leopold lll in favour of his son Baudouin?",Belgium,1,in,258,1,2,0.0020116017964071854,0.4041803479194641,3.5561164539552896,73.74238586425781,21.636866656538224,0.05834473669528961,0.0019407272338867188,0.46181768
776,In medicine the MMR vaccination gives protection against which diseases?,"Measles, mumps and rubella",1, diseases,19338,0,9,0.15077657185628743,0.6719731688499451,0.11120571602119922,68.80438995361328,11.041677483359827,0.011991506442427635,1.97265625,2.489818
777,A saluki is which type of animal?,Mammal,0, animal,10065,0,7,0.07847586077844311,0.6162844896316528,-0.01569413881283488,61.69135665893555,7.447324187107313,0.005587802268564701,2.361328125,3.3940666
778,"What disease was Robert the Bruce, King of Scotland, said to have died of in 1329?",leprosy,1,9,24,1,1,0.00018712574850299402,0.47291216254234314,2.9663261744251486,66.23108673095703,22.67607445787573,0.011641916818916798,0.020721435546875,2.52666
779,‘Divine Wind’ is the English translation of which Japanese word?,Kamikaze,1, word,3492,0,5,0.02722679640718563,0.563395619392395,0.2272863172269739,66.17774200439453,5.684273200411035,-0.005085919518023729,0.98828125,0.56925005
780,Which Flemish Baroque painter’s Antwerp home is now a museum?,Rubens,1, museum,24925,0,7,0.1943378867265469,0.6301646828651428,-0.14066127561591735,58.90420150756836,7.3356968624326555,0.018708474934101105,0.21142578125,2.0735645
781,"In medicine, epiphora affects which part of the human body?",The eyes,1, body,2547,0,5,0.01985872005988024,0.5649644732475281,0.10948540115892724,67.53360748291016,15.255455353591778,0.038262173533439636,0.259033203125,3.4618683
782,What nationality was 19th Century author Hans Christian Anderson?,Danish,1, Anderson,21293,0,9,0.16601952345309381,0.6475570201873779,0.11567739743091066,63.224674224853516,16.586315857789966,-0.011587045155465603,1.8837890625,0.48139736
783,Umberto ll was the last king of which European country?,Italy,1, country,3224,0,8,0.025137225548902197,0.5815775990486145,-0.029940250572017657,64.94628143310547,12.1274021171412,0.005529769696295261,0.41162109375,0.91998494
784,Which US singing duo started out under the names Caesar and Cleo?,The Carpenters,0,o,78,1,1,0.0006081586826347306,0.40663841366767883,2.2272368190195246,67.2443618774414,23.598710255324573,0.023862570524215698,0.480224609375,4.1752295
785,"Fidel Castro, former President of Cuba, ordered which board game to be destroyed when he took power?",Monopoly,1, power,2410,0,6,0.018790543912175647,0.5576359629631042,0.21852410529248933,75.71955108642578,26.787689921645594,0.011671310290694237,0.86328125,1.7000755
786,Which creature features on the label of a Bacardi rum bottle?,A bat,1, bottle,16893,0,7,0.1317131362275449,0.6520709991455078,-0.07145600203952807,72.20207977294922,25.11557038506316,-0.0005996228428557515,0.0304107666015625,3.9290547
787,"According to the Bible, who was the only apostle to witness the crucifixion of Jesus?",John,1, Jesus,10811,0,6,0.08429235279441118,0.6751222610473633,0.00043251260994070506,69.72979736328125,24.479047749945554,0.04790496453642845,0.0958251953125,2.2770202
788,"Who played the role of Caligula in the 1976 UK tv series ‘I, Claudius’?",John Hurt,1,ius,9334,1,3,0.07277632235528943,0.5690369606018066,0.051007674920533486,79.79097747802734,21.400773874696476,0.008578960783779621,0.0031490325927734375,1.6305664
789,What colour is the cross on the national flag of Denmark?,Red,0, Denmark,35440,0,8,0.2763223552894212,0.7539176940917969,0.03009361878795147,65.85665893554688,16.207280617182924,0.019553840160369873,5.07421875,2.67658
790,Who wrote the 1963 novel ‘The Spy Who Came in From the Cold’?,John le Carre,1, Cold,24062,0,5,0.18760915668662675,0.6473667621612549,0.07527473260204953,79.0615005493164,20.004552224757834,0.012322455644607544,0.01461029052734375,0.47200817
791,"Composite, Shield and Cinder Cone are all types of what?",Volcanoes,1, what,1148,0,5,0.008950848303393214,0.5466995239257812,0.9156777585603155,64.03824615478516,12.600050108804226,0.028772158548235893,0.7705078125,1.0423306
792,Mouldwarp is an old name for which creature?,Squirrel,0, creature,17661,0,9,0.1377011601796407,0.6926455497741699,0.04286357198418855,64.21929931640625,13.128930083068322,0.010217896662652493,5.48046875,3.577892
793,What is the name of Humphrey Bogart’s character in the film ‘Casablanca’?,Rick Blaine,1,ca,936,1,2,0.007297904191616767,0.5201687812805176,0.11296071473915292,74.55107116699219,22.28844519896964,0.012838735245168209,0.000335693359375,0.33567235
794,What is the US state capital of Louisiana?,Baton Rouge,1, Louisiana,29974,0,10,0.23370446606786427,0.7829837799072266,-0.01146108840242377,65.32740783691406,15.061911330670931,0.0021897589322179556,5.1484375,1.6860487
795,What is the title of the 1996 Oscar-winning documentary about the Muhammad Ali and George Foreman 1974 ‘Rumble in the Jungle’ fight in Zaire?,When We Were Kings,1,aire,12267,1,4,0.09564464820359281,0.6111557483673096,0.08080138114887747,68.12446594238281,11.3114244288545,0.009624756872653961,0.0011491775512695312,0.51192945
796,The Battle of Vimy Ridge took place in which country during World War l?,France,1, l,326,0,2,0.0025417914171656686,0.5071321129798889,0.9148266379687962,65.55780792236328,12.319021434717238,0.021166035905480385,6.94921875,1.1891584
797,What colour is ‘Mr Man’ Mr Strong’s hat?,Red,0, hat,9072,0,4,0.07073353293413173,0.6059466004371643,-0.10369674812282836,71.58081817626953,21.682872429905487,0.010749143548309803,6.42578125,3.4986422
798,What are the first names of art duo Proesch and Passmore?,Gilbert and George,1,more,6518,1,4,0.050820234530938126,0.5998764634132385,0.20344096764403385,58.040428161621094,8.200689894041384,-0.010099006816744804,0.61669921875,4.5102954
799,What was is the name of Penelope Pitstop’s car in the children’s tv cartoon series ‘Wacky Races’?,The Ant Hill Mob,1, Races,98200,0,6,0.7656561876247505,0.715295672416687,0.051189327098573045,77.14618682861328,19.44132785126796,0.03025818057358265,0.0926513671875,1.8590444
800,The Wang River is in which Asian country?,Thailand,1, country,3224,0,8,0.025137225548902197,0.5815775990486145,-0.029940250572017657,58.19873809814453,12.111822614776893,-0.001599051058292389,0.159423828125,1.8975122
801,Which tennis player was known as the Rockhampton Rocket?,Rod Laver,1, Rocket,40318,0,7,0.3143556636726547,0.6762250065803528,-0.10533392021807275,67.05059814453125,17.262715290400653,0.02080385759472847,0.268798828125,3.902809
802,The ports of Puck and Jastarnia are in which European country?,Poland,1, country,3224,0,8,0.025137225548902197,0.5815775990486145,-0.029940250572017657,61.81012725830078,10.650413612953605,0.0019283886067569256,0.380615234375,0.734007
803,Which famous racehorse won Australia’s Melbourne Cup in 1930?,Phar Lap,1,0,15,1,1,0.00011695359281437126,0.43612298369407654,11.438582173458347,67.1216049194336,23.147967767936002,0.042029883712530136,0.1795654296875,3.2458155
804,Amr Shabana from Egypt is famous for playing which sport?,Squash,1, sport,10775,0,6,0.08401166417165669,0.6371663212776184,0.0664852962693887,64.59382629394531,7.323346153454802,0.03720074146986008,1.3935546875,0.8122077
805,How many pounds are in a UK (long) ton?,2240 pounds,1, ton,8941,0,4,0.06971213822355289,0.6548932790756226,-0.031000687521557158,58.81024169921875,11.362106247595014,0.027533968910574913,0.051483154296875,1.9614416
806,Cobweb is a fairy in which Shakespeare play?,A Midsummer Night's Dream,1, play,1514,0,5,0.011804515968063872,0.5396367311477661,0.17820956963482715,62.03567123413086,14.106551681058,0.013350965455174446,1.6328125,2.21824
807,Apimania is an obsession with which creatures?,Ants,0, creatures,20566,0,10,0.16035117265469062,0.7122650742530823,-0.02068810851316316,61.978363037109375,15.309576852458349,0.004359498154371977,12.2421875,2.1940434
808,"In 1216, English monarch King John was said to have lost the crown jewels while crossing which body of water?",The English Channel,0, water,3090,0,6,0.02409244011976048,0.5522401928901672,0.17167789123659016,63.483116149902344,20.663708278274825,-0.00011308351531624794,0.00479888916015625,2.9194746
809,Which British playwright was killed with a hammer by his lover Keith Haliwell in 1967?,Joe Orton,1,7,22,1,1,0.00017153193612774452,0.45881280303001404,4.732605870981105,66.91320037841797,23.967872194474868,-0.006675140466541052,0.88330078125,3.0660832
810,What is the nickname of baseball star Jimmie Foxx?,The Beast,0,xx,4239,1,2,0.03305108532934132,0.6441893577575684,-0.09473036008347702,58.27591323852539,13.801661271168932,0.005708496086299419,0.0016632080078125,2.601555
811,The Free Officers Movement was composed of young junior army officers committed to unseating the monarchy of which African country?,Egypt,1, country,3224,0,8,0.025137225548902197,0.5815775990486145,-0.029940250572017657,63.17850112915039,23.787795517173244,0.013311080634593964,0.2474365234375,0.89605176
812,"In which year was the storming of the Bastille, which started the French Revolution?",1789,1, Revolution,22910,0,11,0.17862712075848303,0.6209996938705444,0.13438071265324503,60.37818908691406,11.01344603446513,0.012885119765996933,0.260009765625,1.4676068
813,Who was the first poet to be buried at Poet’s Corner in London’s Westminster Abbey?,Geoffrey Chaucer,1, Abbey,65555,0,6,0.5111261851297405,0.7543689608573914,-0.10407878488968292,59.864803314208984,15.955536960035378,0.020562782883644104,0.032684326171875,0.95066106
814,‘The Night of the Long Knives’ refers to which leader eliminating many of his political enemies?,Adolf Hitler,1, enemies,14207,0,8,0.11077064620758482,0.745988667011261,0.014889503812805405,70.62210083007812,17.856717154600688,0.021135881543159485,2.486328125,1.7802619
815,Hans Holbein the Younger was court painter to which English monarch?,Henry VIII,1, monarch,63854,0,8,0.4978636477045908,0.779888927936554,-0.010569702747545318,64.01331329345703,16.534387829181096,0.015307801775634289,0.99755859375,1.3091675
816,Who was the illustrator for most of Roald Dahl’s stories for children?,Quentin Blake,1, children,2911,0,9,0.022696793912175647,0.5776908993721008,0.04753618148325467,69.39041137695312,28.60987610690436,0.01425096020102501,0.16162109375,1.0287479
817,The 1958 film ‘Gigi’ was based on the novel by which French author?,Colette,1, author,3229,0,7,0.02517621007984032,0.6071709394454956,0.08563081663431626,62.77165985107422,5.5411246638316225,0.012199575081467628,1.0966796875,0.8137036
818,‘Back to Bedlam’ was the debut album for which British singer?,Amy Winehouse,0, singer,23597,0,7,0.18398359530938124,0.6955779194831848,0.02365144554688481,65.88607025146484,9.814276605365222,0.02302592061460018,0.93408203125,1.3377937
819,Which US gangster was released from Alcatraz prison in November 1939?,Al Capone,1,9,24,1,1,0.00018712574850299402,0.47291216254234314,2.9663261744251486,66.81196594238281,21.218096034687076,0.004286172799766064,0.2724609375,1.3334678
820,The fictional characters William Dobbin and Rawdon Crawley appear in which novel?,Vanity Fair,1, novel,11775,0,6,0.09180857035928144,0.6437772512435913,-0.030008784978539094,63.07156753540039,6.232040719758359,0.03324897587299347,1.56640625,2.4103491
821,Who does the commentary in the UK tv programme ‘Come Dine With Me’?,Dave Lamb,1, Me,2206,0,3,0.0171999750499002,0.5505589842796326,0.08689769077982801,78.3664779663086,20.810649614435395,0.02982133999466896,0.028961181640625,1.7267597
822,Hidrosis is the medical term for which bodily function?,sweating,1, function,734,0,9,0.005722929141716567,0.5439918637275696,0.19673346225784183,64.42219543457031,13.690280585539803,-0.002014495898038149,0.681640625,1.1114641
823,The town of Honiton in Devon is famous for producing what?,lace,1, what,1148,0,5,0.008950848303393214,0.5466995239257812,0.9156777585603155,64.97481536865234,6.300306625483909,0.05741326883435249,0.86181640625,2.02418
824,Which two colours make up the national flag of Greenland?,Red and white,0, Greenland,73778,0,10,0.5752401447105788,0.8023204803466797,-0.06005074169555735,66.3770980834961,16.992277797726786,-0.02051929570734501,6.44921875,2.3482985
825,Which national team beat Hungary 4-2 to win the 1938 FIFA World Cup?,Italy,1, Cup,11098,0,4,0.08653006487025948,0.6311128735542297,-0.0029099678739923363,71.37337493896484,10.802493193429983,0.03705435246229172,0.01381683349609375,1.8230653
826,"Yellow-pine, Uinta and Lodgepole are all types of which animal?",pine,0, animal,10065,0,7,0.07847586077844311,0.6162844896316528,-0.01569413881283488,55.86809539794922,1.799597673804989,0.01795944944024086,8.5390625,2.4473705
827,Who plays Daphne in the 2002 film ‘Scooby-Doo’?,LINDSAY LOHAN,0,oo,2689,1,2,0.020965880738522954,0.5607478022575378,0.104367716101192,75.24104309082031,10.169430138202644,0.012250430881977081,0.001956939697265625,2.6924417
828,The Euro is divided into how many cents?,100,1, cents,31291,0,6,0.24397299151696608,0.7294988632202148,0.16151276644833334,60.49619674682617,14.858154561980328,-0.007281792350113392,2.341796875,1.9486309
829,In the NATO phonetic alphabet which word represents the letter ‘C’?,CHARLIE,1,C,34,1,1,0.00026509481037924153,0.4536570608615875,3.162622644418673,66.71189880371094,20.641032859461685,0.015212027356028557,3.21875,2.3364315
830,Which former RAF pilot wrote the novel ‘Airport’?,Arthur Hailey,1,Airport,84213,1,7,0.6566008607784432,0.7010815143585205,-0.12815982594905329,73.48406219482422,13.780863940107487,0.011519970372319221,8.4375,0.3447446
831,A creance is the name of the long fine cord used in which sport?,Horseback riding,0, sport,10775,0,6,0.08401166417165669,0.6371663212776184,0.0664852962693887,67.14339447021484,12.07835704311141,0.03469396010041237,2.80859375,4.443746
832,"In the UK tv series ‘Mr Bean’, what model car does Mr Bean drive?",Mini,1, drive,6678,0,6,0.052067739520958084,0.5598761439323425,0.1206962027814793,66.96026611328125,25.254170095244685,0.012194542214274406,0.31884765625,3.227365
833,Rodolfo and Mimi are the main characters in which opera by Giacomo Puccini?,La Boheme,1,ini,6729,1,3,0.05246538173652695,0.5415288805961609,0.1063567115133659,67.48082733154297,17.497825125650177,0.0003253980539739132,0.0023403167724609375,1.7088796
834,In which year did it become compulsory to wear seat belts in front seats of cars in the UK?,1983,1, UK,6560,0,3,0.05114770459081836,0.6296750903129578,0.04499131911544296,63.39811706542969,15.19185804295514,-0.02685781568288803,0.332275390625,1.1196538
835,Which country was invaded by Iraq in 1990?,Kuwait,1,0,15,1,1,0.00011695359281437126,0.43612298369407654,11.438582173458347,67.86194610595703,10.097656127296606,0.04665272310376167,0.1322021484375,0.58360296
836,The Oroville Dam is in which US state?,California,1, state,1614,0,6,0.012584206586826347,0.5253990292549133,0.2482862492725042,60.59204864501953,12.228864018607242,0.009586992673575878,0.1824951171875,0.46390486
837,What was the name of the Prime Minister of Egypt who was assassinated in 1910?,Boutros Ghali,1,0,15,1,1,0.00011695359281437126,0.43612298369407654,11.438582173458347,65.1467056274414,25.26261835349355,0.01996394619345665,2.671875,3.2498353
838,The OK Corral is in which US town?,Tombstone,1, town,6424,0,5,0.050087325349301395,0.6007175445556641,-0.06385776585199388,63.29779052734375,12.276332298533303,0.007372119463980198,3.919921875,0.7863053
839,"In Greek mythology, Amphitrite, queen of the sea, was the wife of which god?",Poseidon,1, god,10087,0,4,0.07864739271457086,0.643366277217865,-0.06426868913000883,61.79844284057617,8.928607490345074,0.01823270693421364,1.1083984375,0.8358615
840,On which part of the body would a mukluk be worn?,Feet,1, worn,24634,0,5,0.1920689870259481,0.728670597076416,-0.05843091631933861,67.0193099975586,16.166602589785384,0.03406139835715294,0.257568359375,2.7295625
841,Sandygate Road football and cricket stadium is in which English city?,Manchester,0, city,3363,0,5,0.026220995508982037,0.5559373497962952,0.14293474176572296,63.91164016723633,8.225945578210634,0.007577711250633001,0.2366943359375,3.128534
842,How many hundredweight are in a UK ton?,20 hundredweight,1, ton,8941,0,4,0.06971213822355289,0.6548932790756226,-0.031000687521557158,61.792137145996094,9.959325513070963,0.035337191075086594,0.2958984375,2.1433651
843,"Smoky, Leaf-nosed and Vesper are all species of which creature?",Bat,1, creature,17661,0,9,0.1377011601796407,0.6926455497741699,0.04286357198418855,61.268863677978516,14.110901278178218,0.01705407351255417,7.296875,1.8306122
844,‘Make Them Wait’ is rhyming slang for which Bingo number?,2,0, number,1396,0,7,0.010884481037924151,0.5232681035995483,0.35823016663559715,65.25206756591797,10.664691257065614,0.04794958233833313,4.40234375,4.901865
845,How many stars are on the national flag of Liberia?,11,1, Liberia,84625,0,8,0.6598131861277445,0.7978503108024597,-0.1230681654518131,63.81521987915039,17.46749498298771,0.02832602709531784,4.984375,2.3456073
846,What is the US state capital of Idaho?,Boise,1, Idaho,40687,0,6,0.3172327220558882,0.7841075658798218,-0.045994364656491094,62.972042083740234,14.87201200179021,-0.009044485166668892,4.1953125,1.0146801
847,"In the children’s tv cartoon series, who is Inspector Gadget’s arch enemy?",Dr. Claw,1, enemy,9354,0,6,0.07293226047904192,0.6972935795783997,0.06781424589865459,60.96463394165039,6.8959709870107435,0.03154037520289421,2.240234375,1.3496488
848,Astrakhan is the curly hair of which young animal?,Goat,0, animal,10065,0,7,0.07847586077844311,0.6162844896316528,-0.01569413881283488,65.6795883178711,11.359683722543583,0.013524001464247704,0.68212890625,3.9581804
849,Nguyen Tan Dung became Prime Minister of which country in June 2006?,Vietnam,1,6,21,1,1,0.00016373502994011975,0.45013076066970825,4.602042479779417,59.287357330322266,11.932017537979839,0.005341603420674801,0.004756927490234375,0.42275548
850,Boll weevil cause damage to which crop?,Cotton,1, crop,19641,0,5,0.15313903443113772,0.6485687494277954,-0.022854695244307166,65.19713592529297,3.925155038300214,0.029661240056157112,0.865234375,1.3493593
851,What type of creature is a Dog Face?,Dog Face is a type of fish.,0, Face,19109,0,5,0.14899108033932135,0.6009068489074707,-0.03638532919182769,44.734764099121094,0.8360635422132252,0.025626620277762413,7.90234375,3.960469
852,Which city hosted the 1992 Summer Olympic Games?,Barcelona,1, Games,11871,0,6,0.09255707335329341,0.607715904712677,0.14435487123175506,67.42059326171875,18.316798434583866,0.026162728667259216,0.292236328125,0.42061168
853,Steve Martin and which other actor hosted the 2010 Academy Awards?,Alec Baldwin,1, Awards,23488,0,7,0.18313373253493015,0.6030895113945007,-0.004311610067694538,65.19441223144531,9.730919741427238,0.02469916269183159,0.0251617431640625,0.64501107
854,"Which British monarch founded the Yeomen of the Guard, originally as a royal bodyguard?",Henry VIII,1,guard,27190,1,5,0.21199787924151697,0.6442201137542725,-0.05138149304390405,64.86698150634766,14.192326239745345,0.028821684420108795,0.039031982421875,1.4566818
855,Which member of the British royal family married on the 29th April 2011?,"Prince William, Duke of Cambridge",1,1,16,1,1,0.000124750499001996,0.42005011439323425,23.616774104713258,66.72163391113281,28.883789387581803,0.027217676863074303,0.0123291015625,1.2667634
856,Which Italian fashion designer launched the first virtual online museum in December 2011?,Giorgio Armani,0,1,16,1,1,0.000124750499001996,0.42005011439323425,23.616774104713258,69.87531280517578,15.969687302414886,0.014676237478852272,1.669921875,2.4231684
857,"In Greek mythology, who was the first wife of Aegeus?",Medea,0,us,355,1,2,0.0027679016966067863,0.44594258069992065,0.9829269033077788,58.48124694824219,14.06760124636666,-0.004855718929320574,0.08660888671875,1.2625198
858,Which breed of dog is Marley in the 2008 film ‘Marley and Me’?,Labrador Retriever,1, Me,2206,0,3,0.0171999750499002,0.5505589842796326,0.08689769077982801,85.26100158691406,22.48382075882383,0.028008904308080673,0.08709716796875,2.224224
859,‘Giovedi’ is the Italian word for which day of the week?,Thursday,1, week,2046,0,5,0.01595247005988024,0.5520151257514954,0.025752371701289967,68.45873260498047,19.177821500817405,0.04015686735510826,0.0509033203125,0.35616964
860,How many stars are on the national flag of New Zealand?,4,1, Zealand,17340,0,8,0.13519835329341318,0.7421469688415527,0.009821071877089249,63.36268997192383,19.846218813185594,0.014809465035796165,0.04010009765625,2.951605
861,Scatology is the scientific study of what?,Feces,1, what,1148,0,5,0.008950848303393214,0.5466995239257812,0.9156777585603155,52.41044616699219,5.019534757884593,0.03985128924250603,1.42578125,2.633728
862,La Paz is the administrative capital of which South American country?,Bolivia,1, country,3224,0,8,0.025137225548902197,0.5815775990486145,-0.029940250572017657,62.94419479370117,12.859637032217876,0.008511315099895,0.146240234375,0.7533015
863,"In the game of Bingo, ‘Get up and run’ represents which number?",75,0, number,1396,0,7,0.010884481037924151,0.5232681035995483,0.35823016663559715,53.223289489746094,4.459653169865934,0.05082441121339798,9.828125,2.6256225
864,"In February 1938, Roberto M. Ortiz became President of which South American country?",Argentina,1, country,3224,0,8,0.025137225548902197,0.5815775990486145,-0.029940250572017657,61.962005615234375,18.66389803455163,0.012283015996217728,0.330322265625,1.2104015
865,Which poet wrote ‘The Lake Isle of Innisfree’?,William Butler Yeats,1,free,10816,1,4,0.0843313373253493,0.6028537750244141,0.19717182524611365,81.93709564208984,23.4766962495331,0.001610097475349903,0.004779815673828125,1.0463965
866,In September 2006 the government of Prime Minister Thaksin Shinawatra was overthrown in which Asian country?,Thailand,1, country,3224,0,8,0.025137225548902197,0.5815775990486145,-0.029940250572017657,64.96987915039062,16.88625628555332,0.012167606502771378,0.184814453125,0.33156022
867,Who wrote the 1930’s novel ‘Tender is the Night’?,F. Scott Fitzgerald,1, Night,13120,0,6,0.10229540918163672,0.575807511806488,0.07648463965717056,76.64894104003906,18.27861220864888,0.019116481766104698,0.344482421875,0.7650066
868,Maria Fitzherbert was ‘married’ to which British monarch?,George IV,1, monarch,63854,0,8,0.4978636477045908,0.779888927936554,-0.010569702747545318,60.19761657714844,11.940347765818268,0.031412072479724884,1.521484375,1.1585823
869,Amarelo is Portuguese for which colour?,Yellow,1, colour,12745,0,7,0.09937156936127745,0.6120606660842896,0.09681527018595171,64.37629699707031,8.689665975815439,0.05503924563527107,1.8583984375,0.7708664
870,"On a standard dartboard, which number lies opposite number 4?",11,0,4,19,1,1,0.00014814121756487027,0.43821898102760315,8.538236203894131,56.036685943603516,5.902569494295777,0.036852434277534485,2.94921875,1.052396
871,Mount Chimborazo is in which South American country?,Ecuador,1, country,3224,0,8,0.025137225548902197,0.5815775990486145,-0.029940250572017657,61.91611099243164,15.158026249184356,0.009125258773565292,0.1494140625,0.6710824
872,What is the basic monetary unit of Israel?,The shekel,1, Israel,6921,0,7,0.0539623877245509,0.6559180617332458,-0.1417398668771055,58.522613525390625,13.056333494460898,0.045594483613967896,8.2578125,1.8796877
873,In which European country is Lake Ree?,Switzerland,0, Ree,57921,0,4,0.4516046032934132,0.7541446685791016,0.14477647548339645,50.719635009765625,1.896721433330792,0.0411476269364357,15.046875,3.317713
874,Who wrote the poem ‘The Lady of the Lake’?,Sir Walter Scott,1, Lake,11940,0,5,0.09309505988023951,0.5963345766067505,0.2500821514062346,78.01170349121094,21.109538096751855,0.006430801935493946,0.125,1.1524369
875,"Henry Blake, Charles Winchester and Father Mulcahy are all characters in which US tv series?",MASH,0, series,4101,0,7,0.0319751122754491,0.5697331428527832,0.08051452694083183,66.50204467773438,7.103116918783584,0.009285093285143375,0.6201171875,1.2669454
876,‘Obey your thirst’ is the advertising slogan for which soft drink?,Coca-Cola,0, drink,7172,0,6,0.055919411177644714,0.6231512427330017,0.18403150955524383,65.32475280761719,6.05320840413744,0.022284645587205887,0.06646728515625,2.8206353
877,Selenology is the scientific study of which celestial body?,Moon,1, body,2547,0,5,0.01985872005988024,0.5649644732475281,0.10948540115892724,64.73307037353516,10.20873671834358,0.02841474860906601,0.322265625,2.0376887
878,‘A crutch and a duck’ is the term for which bingo number?,1,0, number,1396,0,7,0.010884481037924151,0.5232681035995483,0.35823016663559715,62.64070129394531,6.700288196532227,0.030375709757208824,6.5546875,2.319346
879,"Spud, Shot and Hand are all types of what?",Ammunition,0, what,1148,0,5,0.008950848303393214,0.5466995239257812,0.9156777585603155,62.2086067199707,36.924483785265,0.03997009992599487,1.892578125,6.9617376
880,"In the game ‘Metal Gear Solid’,who is the twin brother of Solid Snake?",Liquid Snake,1, Snake,40756,0,6,0.31777070858283435,0.6960200071334839,0.06142169144427845,70.04715728759766,15.43875637957802,0.013947132043540478,0.0877685546875,0.41412494
881,What did fictional detective Sherlock Holmes keep in the toe of his Persian slipper?,A magnifying glass,0,per,716,1,3,0.005582584830339321,0.5500527620315552,0.09788110783549664,57.78535842895508,14.32998214341982,0.02157280407845974,0.0007429122924804688,2.7612088
882,Which creatures are used as croquet balls in the novel ‘Alice’s Adventures in Wonderland’?,Hedgehogs,1, Wonderland,90024,0,11,0.7019086826347305,0.7744059562683105,-0.07651484223818672,85.37525177001953,23.63773957170784,0.002752218395471573,0.0170440673828125,4.454227
883,Which Spanish artist painted the series known as ‘Fantasy and Invention’ in the 18th century?,Goya,1, century,9478,0,8,0.07389907684630738,0.6039600968360901,-0.0807233691109932,71.39529418945312,16.834806133383985,0.016507480293512344,0.10479736328125,1.9164338
884,‘Mucke’ is the Serbo-Croatian name for which UK tv series?,Midsomer Murders,0, series,4101,0,7,0.0319751122754491,0.5697331428527832,0.08051452694083183,65.67191314697266,19.622974674162187,0.02899610623717308,1.955078125,4.069499
885,"Comedian, actor and director Melvin Kaminsky is better known by what name?",Mel Brooks,1, name,836,0,5,0.006518213572854291,0.5297390818595886,0.43957559592739814,62.157135009765625,12.535093866439436,0.028733940795063972,0.98974609375,0.29114676
886,The Belgian beer ‘Kriek’ is flavoured with which fruit?,Cherries,1, fruit,14098,0,6,0.10992078343313373,0.6340775489807129,0.02323979448436786,63.613582611083984,3.754026748115616,0.01775532215833664,1.5439453125,2.0515883
887,The Forest of Arden is in which English county?,Warwickshire,1, county,14189,0,7,0.11063030189620758,0.6368503570556641,0.07753287490906002,62.80392074584961,15.911022702598153,0.023909917101264,1.54296875,2.153649
888,Louis Reard created which two-piece item of clothing in 1946?,The bikini,1,6,21,1,1,0.00016373502994011975,0.45013076066970825,4.602042479779417,69.91634368896484,17.835124643195737,-0.00754165556281805,0.0222015380859375,2.5757358
889,What colour are the flowers of a hawkbit plant?,Yellow,1, plant,6136,0,6,0.04784181636726547,0.5810360908508301,-0.021018597799933314,64.39151000976562,7.9656377507015765,-0.021984415128827095,2.8515625,2.5610123
890,In which British city is the Jewry Wall Museum?,Leicester,1, Museum,16730,0,7,0.13044224051896208,0.6116723418235779,0.05943321344735297,64.45339965820312,10.553063050904916,0.01289849542081356,0.98291015625,0.9093434
891,What is the main ingredient of borscht soup?,Beets,1, soup,19724,0,5,0.1537861776447106,0.6739902496337891,0.03070766303855965,61.85908508300781,8.912845305191848,0.019427942112088203,2.1875,2.19803
892,Thanatology is the scientific study of what?,Death,1, what,1148,0,5,0.008950848303393214,0.5466995239257812,0.9156777585603155,53.06068420410156,8.007758933196069,0.028851499781012535,2.962890625,1.4330816
893,Which author wrote ‘I came form Des Moines. Somebody had to.’ in their book ‘The Lost Continent’?,Bill Bryson,1, Continent,98845,0,10,0.7706851921157685,0.7228825688362122,-0.15152575034027294,79.54803466796875,13.675192227851248,0.003414466744288802,1.1806640625,1.014471
894,Which actor succeeded Marlon Brando as head of the Corleone family in the Godfather films?,Al Pacino,1, films,12631,0,6,0.09848272205588822,0.6132380366325378,0.15989810747730981,67.09150695800781,21.41519429678502,-0.0011983306612819433,2.55859375,1.1058649
895,"Brown, American Rainbow and Cutthroat are all types of which fish?",Trout,1, fish,7795,0,5,0.06077688373253493,0.591380774974823,0.0742746872902349,60.13343811035156,3.0455185870529204,0.032351866364479065,1.248046875,0.98378754
896,Who designed St Paul’s Cathedral in London?,Sir Christopher Wren,1, London,7295,0,7,0.056878430638722555,0.6329309940338135,0.019770199066270422,66.00198364257812,18.23462862502492,-0.000830376404337585,0.132568359375,1.310749
897,What colour is the liqueur ‘Parfait d’Amour’?,Green,0,our,414,1,3,0.0032279191616766466,0.5376834273338318,0.008251204893987563,74.24968719482422,11.95621317286462,0.0036234422586858273,0.0076751708984375,3.7789862
898,What is the name of the clarified butter used in Indian cookery?,Ghee,1,ery,727,1,3,0.005668350798403193,0.5657051801681519,0.06270226576632654,62.493072509765625,11.811992524119596,0.0177057683467865,0.0069122314453125,0.7216865
899,"In the 2005 Julian Barnes novel ‘Arthur and George’, who is Arthur?","Arthur is Arthur Conan Doyle, the creator of Sherlock Holmes.",1, Arthur,28686,0,7,0.2236620508982036,0.7170559763908386,-0.03195728030832079,48.615169525146484,2.2064912002510075,0.042886748909950256,2.8828125,2.7067127
900,"In humans, epicondylitis affects which part of the body?",elbow,1, body,2547,0,5,0.01985872005988024,0.5649644732475281,0.10948540115892724,69.7967758178711,9.769579661595115,0.03960740566253662,1.662109375,3.5375438
901,The UEFA (Union of European Football Associations) was founded in which European country in 1954?,Switzerland,1,4,19,1,1,0.00014814121756487027,0.43821898102760315,8.538236203894131,69.3779525756836,18.229730096772958,-0.014525134116411209,0.02227783203125,1.7593536
902,From which 1968 film did English band Duran Duran take their name?,Barbarella,1, name,836,0,5,0.006518213572854291,0.5297390818595886,0.43957559592739814,65.85856628417969,24.973994716945892,0.03420465067028999,0.032257080078125,2.0609417
903,The ‘La Scala Opera House’ is in which European city?,Milan,1, city,3363,0,5,0.026220995508982037,0.5559373497962952,0.14293474176572296,64.7679672241211,11.58401982709931,-0.0072433827444911,0.9599609375,1.4844326
904,Who is the lead singer of the English band ‘The Specials’?,Terry Hall,1,s,82,1,1,0.0006393463073852295,0.37801769375801086,5.454192677268129,72.90596771240234,13.762726819739989,-0.004959183745086193,0.0183868408203125,3.6597402
905,"Elvis Presley’s manager, Andreas Cornelis van Kujik, was better known by what name?",Colonel Tom Parker,1, name,836,0,5,0.006518213572854291,0.5297390818595886,0.43957559592739814,65.65514373779297,17.708080869749324,0.027721093967556953,0.74755859375,1.84122
906,The Transandine Railway runs between which two South American countries?,Argentina and Chile,0, countries,5961,0,10,0.046477357784431135,0.6468831896781921,0.0549029767587732,63.334373474121094,15.86200211235817,0.01565268263220787,0.4111328125,1.9664358
907,"Sinology is the study of the language, history and culture of which country?",China,1, country,3224,0,8,0.025137225548902197,0.5815775990486145,-0.029940250572017657,65.61115264892578,11.263390419828124,0.016263537108898163,1.0126953125,1.3330581
908,"On the human body, a keloid is a type of what?",scar,1, what,1148,0,5,0.008950848303393214,0.5466995239257812,0.9156777585603155,55.966041564941406,8.174307119770333,0.03618207573890686,0.8984375,1.9451643
909,"In the British military, a bombadier is equivalent to which other rank?",Corporal,1, rank,7222,0,5,0.05630925648702595,0.6110078692436218,0.06471635280293242,63.13173294067383,12.282775100314886,0.0039856694638729095,1.1591796875,3.8736117
910,What type of animal is Baloo in the novel ‘The Jungle Book’ by Rudyard Kipling?,Baloo is a bear in the novel ‘The Jungle Book’ by Rud,1,ing,287,1,3,0.0022377120758483035,0.36381977796554565,1.4519602286728635,61.59843444824219,20.460357758571572,0.009083319455385208,0.0004417896270751953,1.8466941
911,Tirana is the capital of which European country?,Albania,1, country,3224,0,8,0.025137225548902197,0.5815775990486145,-0.029940250572017657,64.3886489868164,12.704633704149456,0.0037370496429502964,0.155029296875,0.5698041
912,"In our solar system, which is the sixth planet from the sun?",Saturn,1, sun,7160,0,4,0.05582584830339321,0.6287608742713928,0.0099468500835731,55.635986328125,13.81717910743684,0.004838853143155575,0.47119140625,2.036304
913,Composer Giacomo Puccini died leaving which opera unfinished?,Turandot,1, unfinished,64716,0,11,0.5045845808383234,0.7779754400253296,0.12147405709296288,63.68943786621094,15.345934380377091,0.01934472844004631,0.268798828125,3.3746219
914,"King Louie, Akela and Ziggy are all characters in which Disney film?",The Jungle Book,1, film,4632,0,5,0.03611526946107784,0.5811712741851807,0.06832887555598699,63.72660827636719,5.319342531732579,0.013922936283051968,1.4716796875,1.4123038
915,‘Impossible is nothing’ is the motto of which sportswear company?,Adidas,1, company,2883,0,8,0.022478480538922156,0.5714662075042725,0.023078336349162676,63.918128967285156,9.15178601558633,0.031565792858600616,0.8564453125,2.4473603
916,Who wrote the play ‘The Iceman Cometh’?,Eugene O’Neill,1,eth,774,1,3,0.006034805389221557,0.5680822134017944,-0.08431565100288108,77.47337341308594,15.439785739748462,0.003707482013851404,6.794929504394531e-05,0.7741809
917,"Which children’s playground game is sometimes called ‘Fivestones’, ‘Knucklebones’ or ‘Snobs’?",Jacks,1,obs,5598,1,3,0.04364708083832335,0.6259262561798096,0.12336821053049851,69.59984588623047,8.962931987441902,-0.006121390033513308,7.13671875,2.5583355
918,Mr and Mrs Potato Head appear in which film franchise?,Toy Story,1, franchise,19562,0,10,0.15252307884231536,0.727947473526001,-0.07848151429118078,63.56560134887695,15.320482557659929,-0.0018154396675527096,3.2578125,1.4464558
919,How many square stickers are on each face of a classic Rubik’s Cube?,9,1, Cube,43692,0,5,0.3406624251497006,0.6851511001586914,0.07308977649858539,57.24092102050781,6.41912088140622,0.022800173610448837,0.452392578125,1.503732
920,Who composed the ballet ‘Swan Lake’?,Tchaikovsky,1, Lake,11940,0,5,0.09309505988023951,0.5963345766067505,0.2500821514062346,76.42035675048828,16.62612148021896,0.008034581318497658,0.1663818359375,1.8628538
921,"In 1818, British obstetrician James Blundell performed the first successful human what?",blood transfusion,1, what,1148,0,5,0.008950848303393214,0.5466995239257812,0.9156777585603155,49.23036575317383,7.435908719692867,0.04427602142095566,2.56640625,2.2996995
922,"In cooking, 190 degrees Celsius is the equivalent to which Gas Mark?",Gas Mark 6,0, Mark,4488,0,5,0.03499251497005988,0.6000516414642334,-0.05518595855812647,67.47516632080078,5.853234493870781,0.00902765803039074,0.429443359375,1.6841971
923,What do the interior angles of a hexagon add up to in degrees?,720 degrees,1, degrees,12628,0,8,0.09845933133732535,0.6456930637359619,0.1280076718725227,54.57774353027344,13.544076997072509,0.044360846281051636,0.344482421875,1.2840108
924,The roe of lumpfish is used as a substitute for which delicacy?,Caviar,1,acy,2826,1,3,0.022034056886227546,0.5957072973251343,-0.054866131985959576,67.70118713378906,11.385729711641792,0.01790909841656685,0.01238250732421875,1.3621051
925,"In Vermont, USA, there is an old law stating that it is illegal for women to wear what without their husbands written consent?",Pantyhose,0, consent,14771,0,8,0.11516810129740519,0.6778972148895264,0.0660304131663545,60.47781753540039,23.76290874747057,0.013523178175091743,1.7685546875,4.1457696
926,"In medicine, algology is the study of what?",pain,1, what,1148,0,5,0.008950848303393214,0.5466995239257812,0.9156777585603155,57.80966567993164,17.670589897962234,0.025836853310465813,0.71044921875,1.079601
927,How many imperial gallons are in a firkin?,9 imperial gallons,1,kin,8148,1,3,0.06352919161676647,0.5676912069320679,0.10720974339763067,61.471717834472656,9.548914381516447,0.029733333736658096,0.00725555419921875,2.259276
928,The meibomian gland is found in which part of the human body?,The meibomian gland is found in the eyelid.,1, body,2547,0,5,0.01985872005988024,0.5649644732475281,0.10948540115892724,66.8593521118164,12.79963657922943,0.046057987958192825,2.458984375,2.7677052
929,The Manuel M.Torres Dam is the largest hydro plant in which country?,Brazil,0, country,3224,0,8,0.025137225548902197,0.5815775990486145,-0.029940250572017657,63.581424713134766,11.650423358693303,-0.0004161684773862362,0.90869140625,3.0037155
930,Which British swimmer won Olympic Gold Medals in 2008 in the 400 and 800 m freestyle?,Rebecca Adlington,1,estyle,38483,1,6,0.3000483408183633,0.7613891959190369,-0.14167858439220815,72.62503814697266,7.712541509873944,0.012344954535365105,0.01666259765625,0.8372482
931,"In the NATO phonetic alphabet, which word represents the letter I?",India,1, I,358,0,2,0.0027912924151696607,0.4329982399940491,6.758279991301288,56.60367965698242,17.05965711178272,0.01568782702088356,4.44921875,0.7336283
932,"Which US author wrote ‘The Naked and the Dead’, based on his military service in World War II?",Norman Mailer,1, II,8105,0,3,0.0631939246506986,0.5756290555000305,0.11704903910798414,72.29324340820312,17.36348493532993,0.001944077550433576,0.1358642578125,0.43161613
933,Which Brooklyn-born author had parents named Malachy and Angela?,J.D. Salinger,0, Angela,38243,0,7,0.2981770833333333,0.784233033657074,0.0885831728318327,47.62157440185547,1.308327533089356,0.010065320879220963,6.5703125,4.1136503
934,What is the title of the 1944 film starring Barbara Stanwyck as the wife who seduces an insurance salesman into killing her husband?,Double Indemnity,1, husband,10177,0,8,0.07934911427145709,0.6881235241889954,0.1553847936168533,65.29937744140625,26.81674686305976,0.0039946818724274635,0.203369140625,1.1980067
935,"What is the nickname of Thierry Guetta, the French-born street-artist?",Mr. Brainwash,1,artist,19135,1,6,0.1491937999001996,0.6920042037963867,-0.02383420378318224,63.253623962402344,3.2920923118512047,0.009996166452765465,0.0390625,1.980627
936,Wolf Mankowitz wrote the 1953 novel ‘A Kid For Two….’what’?,Farthings,1,what,12840,1,4,0.1001122754491018,0.6053911447525024,0.2436176023581611,63.135128021240234,18.691315107346085,0.023055333644151688,8.0390625,0.43626577
937,What is the name of a triangle which has sides unequal in length?,Scalene Triangle,1, length,3160,0,7,0.02463822355289421,0.5739907026290894,0.09192570454254012,60.153053283691406,16.461070833654535,0.0056844535283744335,0.057342529296875,1.5560488
938,‘Quicksilver’ is another name for which metallic element?,Mercury,1, element,2449,0,8,0.019094623253493013,0.5694347023963928,-0.008117923724606513,61.45404052734375,12.43857714608293,0.010616513900458813,0.13037109375,0.7615942
939,"What is the name of the Japanese dish of bite-sized pieces of raw fish served with dipping sauces, vegetables and wasabi?",Sushi,0,abi,26140,1,3,0.203811127744511,0.6431784629821777,0.06821200286201545,57.72202682495117,3.441121085913097,0.011641936376690865,0.0400390625,0.9936533
940,Who is recognised as Britain’s first Prime Minister?,Sir Robert Walpole,1, Minister,9675,0,9,0.07543506736526946,0.655691385269165,-0.02089395658422255,67.68940734863281,20.074544869778205,0.01890413649380207,0.0946044921875,2.2198226
941,"In the human body, which bone connects the humerus with the calvicle?",The clavicle connects the humerus with the calvicle.,0,icle,2045,1,4,0.015944673153692614,0.6403563618659973,-0.08559303261104034,63.18783187866211,7.5792658475204835,0.030228890478610992,3.943359375,2.6932464
942,The Cuatro Torres Business Area is in which European city?,"Madrid, Spain",1, city,3363,0,5,0.026220995508982037,0.5559373497962952,0.14293474176572296,62.78485107421875,11.419648074822113,-0.006812287028878927,0.7373046875,0.5388624
943,The first issue of which British children’s comic was published in April 1950?,The Dandy,0,0,15,1,1,0.00011695359281437126,0.43612298369407654,11.438582173458347,62.98212432861328,21.601201259603485,0.026902031153440475,1.71484375,3.002689
944,"The 1951 ‘Treaty of Peace With Japan’ which served to officially end World War II, is commonly known as what?",The Treaty of San Francisco,1, what,1148,0,5,0.008950848303393214,0.5466995239257812,0.9156777585603155,55.96102523803711,7.918646123971724,0.04334961995482445,2.615234375,1.5677298
945,The Tumut Hydroelectric Power Station is in which Australian state?,New South Wales,1, state,1614,0,6,0.012584206586826347,0.5253990292549133,0.2482862492725042,61.90517807006836,13.678779896154214,0.0057122474536299706,0.315673828125,1.3648044
946,Who always holds the title of the Supreme Governor of the Church of England?,The British Monarch,1, England,9635,0,8,0.07512319111776447,0.652515709400177,-0.04445903062586343,67.02796173095703,20.170362847217255,0.014885706827044487,0.00711822509765625,1.5119226
947,How many players are on the field in a baseball team?,9,1, team,2128,0,5,0.01659181636726547,0.572528064250946,0.15781971762508107,65.14380645751953,13.610347192559146,-0.002590486779808998,3.42578125,2.0609245
948,"In the poem ‘Monday’s Child’, what is Wednesday’s child full of?",Woe.,1, of,315,0,3,0.0024560254491017963,0.3623559772968292,60.74136637022427,65.04285430908203,18.115101444166896,0.020786907523870468,0.016326904296875,3.0029848
949,"In London in 1788, the ‘Daily Universal Register’ was relaunched as which newspaper?",The Times,1, newspaper,17222,0,10,0.13427831836327345,0.6855064630508423,0.08724712441147275,63.4008903503418,13.384071634766165,-0.005673523992300034,0.76953125,1.2614133
950,Which clothing chain was founded by brothers Clemens and August Brenninkmeijer in 1841?,H&M,0,1,16,1,1,0.000124750499001996,0.42005011439323425,23.616774104713258,67.25775909423828,21.770369258956194,0.018356233835220337,0.705078125,1.7064422
951,Falange was the name given to several political movements and parties dating from the 1930’s in which European country?,Spain,1, country,3224,0,8,0.025137225548902197,0.5815775990486145,-0.029940250572017657,61.371665954589844,14.599460288180463,0.01630213111639023,0.344482421875,1.296575
952,"In the novel ‘Jane Eyre’ by Charlotte Bronte, what is the name of Mr Rochester’s first wife?",Bertha Mason,1, wife,7555,0,5,0.05890562624750499,0.6450687646865845,0.008498882413961795,64.89044952392578,16.761758367608582,-0.00783257931470871,0.0232696533203125,2.4805696
953,"Which fictional character is the subject of George Frampton’s bronze statue in Kensington Gardens, London?",Peter Pan,1, London,7295,0,7,0.056878430638722555,0.6329309940338135,0.019770199066270422,64.72391510009766,14.63918206504626,0.011337453499436378,0.218017578125,0.7403079
954,Who wrote the novel ‘The Prime of Miss Jean Brodie’?,Muriel Spark,1,die,27591,1,3,0.2151244386227545,0.6261536478996277,0.04800175658548422,77.42090606689453,20.688784387523533,-0.012093544006347656,0.006809234619140625,0.5555567
955,Sindh is a province of which Asian country?,Pakistan,1, country,3224,0,8,0.025137225548902197,0.5815775990486145,-0.029940250572017657,61.89841079711914,12.05536989171322,0.0075903162360191345,0.09979248046875,0.66200113
956,Madame de Pompadour and Madame du Barry were mistresses of which French King?,Louis XV,1, King,6342,0,5,0.04944797904191617,0.5733844041824341,0.1195531506167451,61.32321548461914,14.919632681261945,0.01698765531182289,1.9072265625,1.7434067
957,Odontology is the scientific study of what?,Teeth,1, what,1148,0,5,0.008950848303393214,0.5466995239257812,0.9156777585603155,55.142303466796875,8.00805923931395,0.04123540222644806,1.2275390625,1.3843714
958,The wine ‘Bull’s Blood’ of Eger is produced in which country?,Hungary,1, country,3224,0,8,0.025137225548902197,0.5815775990486145,-0.029940250572017657,62.68366241455078,10.321795569350645,-0.003401835449039936,0.53125,0.63021487
959,The 1932 film ‘The Mask of Fu Manchu’ revolves around Fu Manchu’s quest for the sword and mask of which historical figure?,Genghis Khan,1, figure,7216,0,7,0.0562624750499002,0.5995916128158569,0.09123455257862556,64.99658966064453,10.033478991243234,-0.006999379489570856,0.57861328125,0.6651399
960,The mask worn in the 1996 film ‘Scream’ is based on a painting by which artist?,Edvard Munch,1, artist,10255,0,7,0.07995727295409182,0.6258434057235718,-0.013912558515330353,63.67902374267578,13.030414809270042,0.024052852764725685,0.72021484375,1.5960919
961,Which US athlete won a gold medal for the high jump in the 1968 Summer Olympics?,Dick Fosbury,1, Olympics,33063,0,9,0.2577891092814371,0.7425734996795654,0.0014063366985399561,70.05048370361328,17.772501355197257,0.008581457659602165,0.0814208984375,0.9328886
962,In which London street does fictional character Sweeney Todd have his barber shop?,Fleet Street,1, shop,8221,0,5,0.06409836576846308,0.583496630191803,-0.06266088373384404,65.0374755859375,7.502435615099751,0.01005224697291851,0.0960693359375,0.5186992
963,The Nullarbor Plain is in which country?,Australia,1, country,3224,0,8,0.025137225548902197,0.5815775990486145,-0.029940250572017657,59.781517028808594,12.072840640226193,0.0070249056443572044,1.28515625,0.52574867
964,What is the official language of Nicaragua?,Spanish,1, Nicaragua,77424,0,10,0.6036676646706587,0.8135988712310791,-0.10347622646717536,58.590911865234375,17.565321584710162,0.0058808946050703526,6.4375,0.7144336
965,Who wrote the plays ‘The Cocktail Party’ and ‘The Family Reunion’?,T.S. Eliot,1,union,16588,1,5,0.12933507984031936,0.637391984462738,-0.05714572181568167,82.35107421875,23.694780323608814,-0.0022359564900398254,0.0015382766723632812,0.875548
966,"Used in cooking, agar-agar is a gelatin made from what?",seaweed,1, what,1148,0,5,0.008950848303393214,0.5466995239257812,0.9156777585603155,65.2359848022461,5.471038794414163,0.04263724014163017,0.80517578125,1.7292944
967,The fictional character ‘Disco Stu’ appears in which US cartoon tv Series?,The Simpsons,1, Series,11378,0,7,0.0887131986027944,0.5917181968688965,0.04196955680911607,65.36099243164062,11.414468519171944,0.01602545753121376,6.578125,1.2492718
968,"Marie Antoinette, Queen of France and Navarre, was born in which country?",Austria,1, country,3224,0,8,0.025137225548902197,0.5815775990486145,-0.029940250572017657,61.96294403076172,12.773702077728577,0.007596297189593315,1.2568359375,0.76902205
969,The song ‘Seventy Six Trombones’ is from which musical show?,The Music Man,1, show,1501,0,5,0.01170315618762475,0.5223358869552612,0.26604452053276617,66.47325134277344,9.764291737578379,0.021673306822776794,4.8359375,1.1632701
970,Which US President was given the nickname the ‘Great Engineer’?,Thomas Jefferson,0, Engineer,29483,0,9,0.2298761851297405,0.6800762414932251,-0.016509945178935226,72.00065612792969,13.291591151949174,0.04222850874066353,7.390625,3.2120302
971,"In the human body, what is stored in adipose tissue?",Energy,0, tissue,20438,0,7,0.15935316866267465,0.6625291705131531,-0.10449800922175712,67.5232162475586,10.690373576726344,0.007074059918522835,0.162841796875,3.30481
972,A craniotomy is the surgical removal of a portion of which part of the human body?,skull,1, body,2547,0,5,0.01985872005988024,0.5649644732475281,0.10948540115892724,62.501155853271484,12.440915440918557,0.0471903420984745,1.9140625,2.4526544
973,Which country will host the 2014 FIFA World Cup?,Brazil,1, Cup,11098,0,4,0.08653006487025948,0.6311128735542297,-0.0029099678739923363,67.99899291992188,10.501944028103663,0.04064039885997772,0.1365966796875,0.5560178
974,Which country has the internet domain .de?,Germany,1,de,451,1,2,0.0035164046906187626,0.4950558841228485,0.2545819012735704,67.98544311523438,10.595084011021061,0.0026274831034243107,4.70703125,0.9393001
975,A sequicentenary is an anniversary of how many years?,100,0, years,1667,0,6,0.01299744261477046,0.5623549222946167,0.14070837083995658,68.55033111572266,17.73173191762959,0.020806148648262024,0.03826904296875,0.8046042
976,What is the International Vehicle Registration for Cambodia?,Cambodia uses the international vehicle registration code KH.,1, Cambodia,62138,0,9,0.48448415668662675,0.7975500822067261,0.02872877001969254,61.654930114746094,10.858832602831848,0.024820100516080856,6.30078125,2.9338932
977,Opera singer Leyla Gencer was born in which European country?,Turkey,1, country,3224,0,8,0.025137225548902197,0.5815775990486145,-0.029940250572017657,63.570919036865234,17.1294346200983,0.00859682448208332,0.36865234375,0.6374327
978,In which South American country does Angostura Bitters originally come from?,Venezuela,1, from,505,0,5,0.003937437624750499,0.4401754140853882,14.028446051219248,69.02220153808594,23.023383470170714,-0.009320763871073723,0.0072784423828125,1.5021503
979,The Hel Peninsula is part of which European country?,Poland,1, country,3224,0,8,0.025137225548902197,0.5815775990486145,-0.029940250572017657,63.09198760986328,14.152247675554243,0.004953982774168253,0.2344970703125,1.3536301
980,Which US singer released a 2010 album entitled ‘The Lady Killer’?,Cee Lo Green,1, Killer,54053,0,7,0.42144617015968067,0.6814213395118713,0.09445029963500895,74.6014633178711,20.726059175011702,-0.007955186069011688,1.7294921875,0.30247143
981,How many months is the gestation period for an elephant?,22 months,1, elephant,46840,0,9,0.3652070858283433,0.7376217246055603,-0.1088527237089405,55.00725555419922,4.205708478743654,0.011329538188874722,0.67333984375,2.139471
982,"Raclette, Tilsit and Sbrinz are all types of which foodstuff?",Cheese,1,stuff,58404,1,5,0.4553705089820359,0.6815946102142334,-0.0359149501840732,65.63530731201172,9.119822510657038,-0.018917709589004517,6.28125,1.0598712
983,Adam Richman takes on food challenges in which US television series?,Man v. Food,1, series,4101,0,7,0.0319751122754491,0.5697331428527832,0.08051452694083183,62.1361083984375,9.660020853735311,0.0010820371098816395,0.75146484375,0.6266806
984,Creme Anglaise is the French version of which English dessert item?,Custard,1, item,1537,0,5,0.011983844810379242,0.5827702879905701,0.008059847585894175,66.41593933105469,11.08293116680853,0.016673894599080086,4.84765625,1.5138783
985,Who was known as the ‘Waltz King’ of Vienna?,Johann Strauss II,1, Vienna,47387,0,7,0.36947199351297405,0.7815412878990173,-0.06219956957503259,61.16262435913086,7.597469587525518,0.007765977643430233,1.3486328125,0.8289055
986,Erotology is the study of what?,Sex,1, what,1148,0,5,0.008950848303393214,0.5466995239257812,0.9156777585603155,55.14299392700195,10.879802014411856,0.03312865272164345,4.296875,1.6972891
987,‘The King of Barataria’ is the subtitle of which Gilbert and Sullivan operetta?,The Pirates of Penzance,0,etta,27625,1,4,0.21538953343313375,0.6512575745582581,-0.06603449883959289,66.22732543945312,12.070117396558553,0.006164932623505592,0.0228118896484375,0.9608527
988,"Sufferers, Locksmen and Dreads are followers of which religion?",Rastafarianism,1, religion,13901,0,9,0.10838479291417166,0.6777947545051575,-0.05625913199233956,65.37478637695312,10.112756994609365,0.011470894329249859,0.68701171875,0.6741105
989,The 1965 film ‘The Heroes of Telemark’ is set in which European country?,Norway,1, country,3224,0,8,0.025137225548902197,0.5815775990486145,-0.029940250572017657,65.64105224609375,13.355963482370534,0.00817623920738697,0.161865234375,0.42782983
990,What colour are the two stars on the national flag of Syria?,Red and white,0, Syria,12911,0,6,0.10066585578842316,0.7221125960350037,-0.07564673088713292,66.37372589111328,16.789920840157457,0.03557818382978439,7.76953125,2.950136
991,"In humans, Duane Syndrome affects which part of the body?",Eye,1, body,2547,0,5,0.01985872005988024,0.5649644732475281,0.10948540115892724,65.68463134765625,8.89976584018306,0.057606469839811325,6.94140625,3.91661
992,Taphephobia is the abnormal fear of being what?,buried alive,1, what,1148,0,5,0.008950848303393214,0.5466995239257812,0.9156777585603155,53.16587829589844,15.599748764216162,0.032570019364356995,6.8203125,2.1470044
993,What relation was Louis XV of France to Louis XIV of France?,Louis XV was the great-grandson of Louis XIV.,1, France,9822,0,7,0.0765812125748503,0.6364389061927795,-0.13025251161936957,61.89623260498047,15.235324628645685,0.00028474198188632727,0.036956787109375,3.3019571
994,What type of leaves does a koala feed on?,Eucalyptus,1, on,389,0,3,0.003032996506986028,0.4056946635246277,16.116157548771202,61.846343994140625,12.84692613334349,0.006811375729739666,0.1397705078125,2.6750987
995,What is the name of the village druid in the comic strip ‘Asterix’?,Getafix,1,ix,953,1,2,0.0074304515968063875,0.544217050075531,0.0807862987422836,67.64405822753906,7.591140360634155,0.006918869912624359,0.0230255126953125,2.4563732
996,In which English county was former British Prime minister Margaret Thatcher born?,Lincolnshire,1, born,9405,0,5,0.07332990269461077,0.6366491317749023,-0.03312352725377199,62.571380615234375,23.787001669911056,-0.010780265554785728,0.1568603515625,2.8870695
997,"In the British monarchy, who succeeded Queen Anne to the throne?",George I,1, throne,44721,0,7,0.34868544161676646,0.770455539226532,-0.006258300985421794,68.35066223144531,31.995198404307494,-0.0022497782483696938,0.071044921875,2.3877544
998,Who directed the 1941 film ‘The Maltese Falcon’?,John Huston,1, Falcon,43961,0,7,0.34275979291417163,0.7593947052955627,-0.10627460916445619,77.06802368164062,19.746982170885797,-0.006010797806084156,0.048370361328125,0.5770804
999,The 1981 film ‘Chariots of Fire’ was based on the stories of which two British athletes?,Harold Abrahams and Eric Liddell,1, athletes,23579,0,9,0.183843250998004,0.7542633414268494,-0.01931246377856244,65.35040283203125,10.683631836686645,-0.0007183137349784374,0.5576171875,2.2214112
