id,question,model_answer,is_correct,anchor_str,token_id,token_is_suffix,token_len,token_id_rank,layer0_norm,layer0_kurtosis,final_norm,final_kurtosis,drift_cosine,surprisal,prediction_entropy
0,Who was the man behind The Chipmunks?,"Ross Bagdasarian, Sr.",0,s,28713,1,1,0.89728125,0.0851113349199295,11.082898152002013,34.452396392822266,3.9500225594412353,0.054341305047273636,1.037109375,1.4226068
1,Which Lloyd Webber musical premiered in the US on 10th December 1993?,Sunset Boulevard,1,3,28770,1,1,0.8990625,0.10815463215112686,4.973169342116167,32.09797286987305,15.06316283725803,0.0545356348156929,1.9931640625,1.0301595
2,Who was the next British Prime Minister after Arthur Balfour?,H. H. Asquith,0,our,423,1,3,0.01321875,0.14326457679271698,0.10430467068275107,34.366668701171875,39.18258945009243,0.0013689659535884857,0.0012159347534179688,2.9408307
3,Who had a 70s No 1 hit with Kiss You All Over?,Exile,1,Over,5235,1,4,0.16359375,0.15067343413829803,0.26671597495346866,31.085941314697266,36.63156674057434,0.017558421939611435,0.004245758056640625,0.76813155
4,What claimed the life of singer Kathleen Ferrier?,Cancer,1,rier,5118,1,4,0.1599375,0.1604992300271988,-0.0846356650225375,29.815811157226562,54.21619133244061,0.012423141859471798,0.0008053779602050781,3.2352057
5,Rita Coolidge sang the title song for which Bond film?,The Spy Who Loved Me,0,film,2966,1,4,0.0926875,0.1493862271308899,0.09332058518563846,29.49580192565918,6.35315049553296,0.06714162230491638,0.5546875,1.4922588
6,What was the last US state to reintroduce alcohol after prohibition?,Mississippi,0,ition,685,1,5,0.02140625,0.1362655758857727,0.031290927872193564,34.138336181640625,14.171049459187977,0.02722218818962574,0.00276947021484375,2.3584187
7,Which actress was voted Miss Greenwich Village in 1942?,Marilyn Monroe,0,2,28750,1,1,0.8984375,0.09560004621744156,12.700038032380993,32.257781982421875,95.72423211751452,0.03053046390414238,2.32421875,4.6972895
8,What is the Japanese share index called?,Nikkei,1,called,1987,1,6,0.06209375,0.14868496358394623,0.0634729304677153,30.331069946289062,75.08121036083755,0.0351821705698967,1.5205078125,1.9368469
9,What was the name of Michael Jackson's autobiography written in 1988?,Moonwalk,1,8,28783,1,1,0.89946875,0.11777491122484207,2.9366294901669194,33.64443588256836,50.122824634699015,0.02924787998199463,0.1588134765625,0.56727904
10,In which decade did stereo records first go on sale?,The 1950s,0,sale,7796,1,4,0.243625,0.16889534890651703,0.08405266912376907,33.90247344970703,49.067289394810444,0.0627310648560524,0.03228759765625,1.5514343
11,In what year's Olympics were electric timing devices and a public-address system used for the first time?,1924,0,time,727,1,4,0.02271875,0.1280067265033722,1.0381019598900787,33.941978454589844,146.7279254308272,0.037929993122816086,0.005138397216796875,1.5554934
12,Which volcano in Tanzania is the highest mountain in Africa?,Mount Kilimanjaro,1,Africa,7710,1,6,0.2409375,0.16760295629501343,-0.01659371835774648,33.379234313964844,68.86045515274236,0.04621288180351257,0.05670166015625,1.772169
13,The flag of Libya is a plain rectangle of which color?,Red,0,color,3181,1,5,0.09940625,0.15207096934318542,-0.13332034599001608,31.61362648010254,5.350901201707989,0.07894133031368256,0.654296875,2.660436
14,Of which African country is Niamey the capital?,Niger,1,capital,5565,1,7,0.17390625,0.1670822948217392,0.01664608583469418,30.232633590698242,93.58320196187422,0.04051851108670235,0.028472900390625,0.35488918
15,Who was the director of the CIA from 1976-81?,George H.W. Bush,0,1,28740,1,1,0.898125,0.08999229967594147,22.604681436265473,31.62748146057129,116.7673763540398,0.06378475576639175,0.049407958984375,2.2644763
16,Which musical featured the song The Street Where You Live?,My Fair Lady,1,Live,11635,1,4,0.36359375,0.15525104105472565,0.06057911516008119,31.87667465209961,37.88510765970933,0.042150288820266724,0.007415771484375,0.2512236
17,"""Who was the target of the failed """"Bomb Plot"""" of 1944?""","""The target of the failed """"Bomb Plot"""" of 19",0,4,28781,1,1,0.89940625,0.11096087843179703,5.235415710549141,33.16836929321289,77.54088600673813,0.037369538098573685,1.6943359375,2.9362087
18,Who had an 80s No 1 hit with Hold On To The Nights?,Richard Marx.,1,ights,3152,1,5,0.0985,0.14764858782291412,-0.0173742280361342,30.912927627563477,17.088087856339264,0.022282062098383904,0.0114898681640625,0.7608642
19,Who directed the classic 30s western Stagecoach?,John Ford,1,ach,595,1,3,0.01859375,0.1377892792224884,0.16972968040004321,30.35598373413086,7.437998394737868,0.017503660172224045,0.0003116130828857422,1.5606987
20,Dave Gilmore and Roger Waters were in which rock group?,Pink Floyd,1,group,2071,1,5,0.06471875,0.14168262481689453,0.36122937897663965,31.301176071166992,22.58155565389247,0.04659438505768776,1.1611328125,0.6484627
21,Which highway was Revisited in a classic 60s album by Bob Dylan?,Highway 61,1,Dylan,24288,1,5,0.759,0.18640393018722534,-0.02767870827833585,31.021820068359375,57.35505370513467,0.049588076770305634,0.09649658203125,2.2510664
22,Which was the only eastern bloc country to participate in the 1984 LA Olympics?,The Soviet Union,0,Olympics,21351,1,8,0.66721875,0.1910732239484787,-0.005036192645518689,30.72140121459961,7.535823659035234,0.07236379384994507,0.2491455078125,2.828898
23,Which 90s sci fi series with James Belushi was based on Bruce Wagner's comic strip of the same name?,Max Headroom.,0,name,1141,1,4,0.03565625,0.14552322030067444,0.29171659735460986,32.40401840209961,101.49261490470917,0.025383755564689636,0.04071044921875,4.736901
24,If I Were A Rich Man Was a big hit from which stage show?,Fiddler on the Roof,1,show,1347,1,4,0.04209375,0.13766995072364807,0.46124066764097815,30.828147888183594,17.075939643519312,0.070550836622715,1.28515625,0.91561764
25,Men Against the Sea and Pitcairn's Island were two sequels to what famous novel?,Mutiny on the Bounty,1,novel,7092,1,5,0.221625,0.16711890697479248,-0.05285279292208367,31.17685317993164,7.51289693438137,0.05579879879951477,1.783203125,2.3287446
26,What was Truman Capote's last name before he was adopted by his stepfather?,Schuster.,0,father,13385,1,6,0.41828125,0.1808796226978302,0.007389930975861159,30.04051971435547,1.2715279036073985,0.02697901800274849,0.276123046875,3.9417975
27,"In Lewis Carroll's poem The Hunting of the Snark, what did the elusive, troublesome snark turn into to fool hunters?",A boot.,0,ters,1532,1,4,0.047875,0.12298000603914261,0.3522337584466473,32.30613708496094,8.20422891047268,0.02873333916068077,0.0225677490234375,2.8183196
28,"In the Bible, who did the sun and moon stand still before?",Joshua,1,before,1159,1,6,0.03621875,0.14459708333015442,0.2765414383331537,29.71930503845215,4.5262312098297155,0.0653608962893486,5.2109375,1.9047137
29,What Michelle Pfeiffer movie got a boost from the Coolio song Gangsta's Paradise?,Batman Returns.,0,ise,864,1,3,0.027,0.12631845474243164,0.40882991105101896,31.561588287353516,26.791403138312813,0.015235988423228264,0.00177001953125,2.5924911
30,What was President Gerald Ford's middle name?,Leslie,0,name,1141,1,4,0.03565625,0.14552322030067444,0.29171659735460986,31.641952514648438,97.514788235668,0.03281140699982643,0.03021240234375,4.1819177
31,Art Garfunkel trained for which profession although he didn't qualify?,He trained to be a lawyer.,0,qualify,23549,1,7,0.73590625,0.1825881004333496,-0.0273686294922717,33.969337463378906,16.281154261533086,0.041694384068250656,6.34765625,5.2217603
32,Who was the last inmate of Spandau jail in Berlin?,Rudolf Hess,1,Berlin,8430,1,6,0.2634375,0.18588143587112427,0.019450492054263968,32.12131118774414,6.008533242891039,0.050686269998550415,0.2841796875,2.149702
33,What was Eddie Murphy's first movie?,"Eddie Murphy's first movie was ""48 Hrs.""",0,movie,5994,1,5,0.1873125,0.15886923670768738,0.05496205405907695,32.65317153930664,2.6650662663682017,0.06476649641990662,1.3603515625,3.9390562
34,In the 80s who wrote the novel Empire of The Sun?,J.G. Ballard,1,Sun,7057,1,3,0.22053125,0.15615791082382202,-0.05797227294026719,32.7303352355957,65.10601862485692,0.03791479766368866,0.143310546875,1.6379554
35,Kagoshima international airport is in which country?,Japan,1,country,2939,1,7,0.09184375,0.15374206006526947,0.058572916305953626,30.5332088470459,32.97970444823297,0.022696252912282944,1.8876953125,1.3623432
36,In which sport could the Pacers take on the Pistons?,In the NBA.,0,ons,1053,1,3,0.03290625,0.12362118810415268,0.37105459681607833,32.51874542236328,55.485886493312854,0.022648140788078308,0.0029010772705078125,5.145946
37,Kim Carnes' nine weeks at No 1 with Bette Davis Eyes was interrupted for one week by which song?,The Safety Dance by Men Without Hats,0,song,4034,1,4,0.1260625,0.16108457744121552,0.14920452584730448,30.778518676757812,2.463445325840321,0.059117697179317474,1.3955078125,5.920802
38,Where in Canada is the Lion's Gate bridge?,"Vancouver, British Columbia",1,bridge,9850,1,6,0.3078125,0.15540136396884918,0.013893373743131043,32.28745651245117,58.16045021414482,0.02408137172460556,3.48828125,2.712722
39,What was Walter Matthau's first movie?,"The first movie Walter Matthau appeared in was ""The Enchanted",0,movie,5994,1,5,0.1873125,0.15886923670768738,0.05496205405907695,32.478736877441406,2.520642141966084,0.0642239898443222,1.689453125,4.6048784
40,Otis Barton was a pioneer in exploring where?,The Marianas Trench,0,where,970,1,5,0.0303125,0.13541290163993835,0.6024815142844551,30.269289016723633,3.3878368427783565,0.07313717156648636,8.8515625,2.0704322
41,Where in England was actor Nigel Hawthorne born?,Leicester,0,born,5381,1,4,0.16815625,0.1670810431241989,-0.023673717997434007,31.439006805419922,136.2181120956369,0.046171605587005615,0.343505859375,5.3648915
42,"What mythological beast has the head of a man, the body of a lion, and the tail and feet of a dragon?",The griffin.,0,dragon,18984,1,6,0.59325,0.17350345849990845,-0.04881978122172992,28.808595657348633,60.47505564155758,0.05151284486055374,1.044921875,2.7231698
43,"In Greek mythology, who were Arges, Brontes and Steropes?",The Cyclopes.,1,opes,14336,1,4,0.448,0.1671578288078308,-0.05458931249961907,30.50218391418457,10.689903958447635,0.009165097028017044,0.09075927734375,2.7680674
44,Which musician founded the Red Hot Peppers?,Louis Armstrong,0,ers,404,1,3,0.012625,0.10076282173395157,2.0766270015810573,31.036041259765625,3.2934962000901136,0.05362635850906372,0.0003147125244140625,4.257403
45,Where did the Shinning Path terrorists operate?,Peru,1,operate,13858,1,7,0.4330625,0.16647452116012573,0.017021936715313046,36.02867889404297,44.033213087319325,0.050796329975128174,4.6328125,2.8212507
46,How old was Jimi Hendrix when he died?,27,1,died,4847,1,4,0.15146875,0.15961048007011414,0.022341845080637412,31.728084564208984,76.39782381847385,0.0408267043530941,0.47216796875,2.0163867
47,Which Brit broke the land speed record in 1990 in Thrust 2?,Richard Noble,1,2,28750,1,1,0.8984375,0.09560004621744156,12.700038032380993,34.13962936401367,1.1927624088507178,0.048714399337768555,0.047943115234375,0.6403525
48,In which state was Gene Vincent born?,"Norfolk, Virginia",1,born,5381,1,4,0.16815625,0.1670810431241989,-0.023673717997434007,30.97719955444336,88.70801527827554,0.039295494556427,0.6455078125,1.2764825
49,How was the European Recovery Program in the 1940s more commonly known?,The Marshall Plan,1,known,2651,1,5,0.08284375,0.16103975474834442,0.11954078704618842,32.70332336425781,71.31348014840498,0.04538146033883095,0.254638671875,1.5705063
50,Brandon Lee died during the making of which movie?,The Crow,1,movie,5994,1,5,0.1873125,0.15886923670768738,0.05496205405907695,29.611467361450195,2.974836213950568,0.057746175676584244,0.9453125,1.4350997
51,Who had a 70s No 1 hit with Let's Do It Again?,The Stylistics.,0,Again,9706,1,5,0.3033125,0.16999328136444092,0.11898054974636674,31.47891616821289,16.604135257017003,0.031589046120643616,0.64990234375,1.676876
52,Who had a Too Legit To Quit Tour?,Vanilla Ice,0,Tour,7113,1,4,0.22228125,0.16331736743450165,0.19788493670131668,33.841209411621094,3.00611406154447,0.0894479900598526,4.84765625,3.2923052
53,"""According to Rudyard Kipling what were the """"two imposters"""" to meet and treat the same day?""","""The two imposters to meet and treat the same day are the",0,day,1370,1,3,0.0428125,0.13690224289894104,0.528204779302683,35.54659652709961,118.5778585035771,0.03867413476109505,5.8359375,3.6447017
54,Who is the most successful UK solo artist in the USA?,Elton John,1,USA,7035,1,3,0.21984375,0.17421266436576843,-0.09176086055291499,32.73728561401367,2.1887911289741773,0.03898315876722336,2.708984375,4.3581643
55,Which country does the airline TAAG come from?,Angola,1,from,477,1,4,0.01490625,0.1141120195388794,3.4431198425318135,30.230762481689453,77.8935989814494,0.0227550957351923,0.00870513916015625,0.9411876
56,Which US No 1 single came from Diana Ross's platinum album Diana?,Upside Down,1,Diana,24728,1,5,0.77275,0.20107577741146088,-0.049875364708742875,31.69737434387207,1.0567716796464532,0.02832123637199402,2.275390625,3.1609976
57,River Phoenix died during the making of which movie?,Dark Blood,1,movie,5994,1,5,0.1873125,0.15886923670768738,0.05496205405907695,29.832271575927734,4.151462187261275,0.07779597491025925,1.19140625,1.1886299
58,Which artist David was born in Bradford UK?,David Hockney,1,UK,6194,1,2,0.1935625,0.16705481708049774,0.1197294374898421,36.42470932006836,64.85111484562054,0.08642056584358215,4.625,2.1444528
59,What is Mel Gibson's middle name?,René,0,name,1141,1,4,0.03565625,0.14552322030067444,0.29171659735460986,28.960664749145508,28.0910708235442,0.037473030388355255,0.023193359375,4.7330813
60,Richard Daley was mayor of which city for 21 years?,Chicago,1,years,1267,1,5,0.03959375,0.14706529676914215,0.20872755839692436,33.81020736694336,56.0830606967043,0.0391203835606575,0.06402587890625,0.403665
61,"""In which movie did Garbo say, """"I want to be alone"""".""","""Grand Hotel""",1,alone,4411,1,5,0.13784375,0.17858465015888214,0.05689312296224536,39.449256896972656,54.05004294145537,0.03372446447610855,0.0252685546875,3.149756
62,What is Osbert Lancaster best known for producing?,Architectural drawings,0,producing,15345,1,9,0.47953125,0.15682460367679596,0.03348900546018774,28.376420974731445,5.774511346183235,0.040327079594135284,10.328125,4.417176
63,Who was the defending champion when Martina Navratilova first won Wimbledon singles?,Evonne Goolagong.,0,singles,16975,1,7,0.53046875,0.1834775060415268,-0.0504187129166076,35.19036865234375,20.240564822694544,0.04813984036445618,4.953125,3.3153913
64,Who was the first US-born winner of golf's British Open?,Bobby Jones,0,Open,5629,1,4,0.17590625,0.1539371907711029,-0.02242615620485111,31.976104736328125,18.833775184285184,0.049820609390735626,0.0205230712890625,4.7190666
65,In which country is the Sky Train Rail bridge?,Thailand,0,bridge,9850,1,6,0.3078125,0.15540136396884918,0.013893373743131043,36.36599349975586,26.523461217548164,0.03920144587755203,8.5859375,4.0276046
66,What was the Paramount Film Company originally called?,The Famous Players Film Company,1,called,1987,1,6,0.06209375,0.14868496358394623,0.0634729304677153,33.145809173583984,189.42524324510748,0.031223755329847336,0.92236328125,2.5740638
67,Who was the first person after Scott to reach the South Pole overland?,Roald Amundsen,0,land,1207,1,4,0.03771875,0.13946697115898132,0.42412587507020705,33.02996063232422,15.813223801851318,0.03339458629488945,0.2578125,2.6624625
68,Which journalist first told the world about the My Lai massacre?,Seymour Hersh,1,acre,20383,1,4,0.63696875,0.1817093938589096,0.04720356268798609,32.4365234375,8.024088073962982,0.03569638729095459,0.00336456298828125,2.41111
69,What is the name of Terence and Shirley Conran's dress designer son?,Jasper Conran,1,son,1966,1,3,0.0614375,0.16056351363658905,0.047580201455101,33.37126159667969,25.96462572779139,0.0440102219581604,4.6640625,4.285186
70,Which drink did The Spice Girls promote?,Pepsi,1,promote,11711,1,7,0.36596875,0.16626141965389252,0.14598352638231615,33.78712844848633,25.83802744886976,0.06105545535683632,4.05859375,2.6438491
71,Who was the youngest brother in the Beach Boys?,Carl Wilson.,1,Boys,20344,1,4,0.63575,0.1700720191001892,0.09724548947797818,30.516462326049805,2.124199369190123,0.024081574752926826,0.1334228515625,2.125526
72,Who first hosted Family Feud?,Richard Dawson,1,ud,554,1,2,0.0173125,0.13950617611408234,0.17693430284478495,29.879619598388672,5.89452573434246,0.045506879687309265,0.0005598068237304688,0.7854659
73,What did the Lone Ranger's title Kemo Sabe mean in Apache?,"""Trusty Scout""",0,Apache,8958,1,6,0.2799375,0.18906913697719574,0.06926510485041737,31.38947868347168,2.2035946206745436,0.059655338525772095,4.12109375,3.7822504
74,Who or what was Gentle Ben in the 60s TV series?,A bear.,1,series,3518,1,6,0.1099375,0.1595558226108551,0.018003659085646717,34.50042724609375,1.0546335703257181,0.020404556766152382,0.97412109375,3.1613493
75,Which 70s show was based on the British show Till Death Us Do Part?,All in the Family,1,Part,2914,1,4,0.0910625,0.16100652515888214,0.11728539788929826,30.944412231445312,61.289827126752584,0.019678870216012,0.0042877197265625,0.5204922
76,On what date in 1969 did Neil Armstrong first set foot on the Moon?,"July 20, 1969",1,Moon,14629,1,4,0.45715625,0.16808414459228516,0.010743726372107076,31.309917449951172,19.373862880036167,0.0696939006447792,1.369140625,1.8953093
77,Bandar Seri Begawan International airport is in which country?,Brunei,1,country,2939,1,7,0.09184375,0.15374206006526947,0.058572916305953626,29.5495662689209,20.24860785946593,0.02306293696165085,0.2763671875,1.3022304
78,What was the profession of Paul Strand (1890 - 1976)?,Photographer,1,6,28784,1,1,0.8995,0.11648011207580566,2.45120141876082,38.02472686767578,264.8274432411282,0.03764745965600014,0.005290985107421875,3.1568508
79,Who had a 60s No 1 with Downtown?,Petula Clark.,1,own,656,1,3,0.0205,0.14711906015872955,0.07128584998644394,32.14978790283203,1.20165807161814,0.0695432797074318,0.015655517578125,0.79348147
80,"Who was born first, Kiefer Sutherland or Christian Slater?",Kiefer Sutherland.,1,ater,795,1,4,0.02484375,0.1484694927930832,0.25969195612891705,30.022441864013672,307.31254931161897,0.011438094079494476,0.0007600784301757812,1.783788
81,"To the nearest two, how many tennis Grand Slam titles did Jimmy Connors win?",8,0,win,3108,1,3,0.097125,0.15672045946121216,0.08270254024189283,32.88361740112305,67.64066994572345,0.028589369729161263,0.275390625,1.405507
82,Who was the Georgia Peach?,The Georgia Peach was a nickname for the famous baseball player Ty C,1,ach,595,1,3,0.01859375,0.1377892792224884,0.16972968040004321,31.511280059814453,3.655078436090686,0.04543199762701988,0.109619140625,5.623061
83,Who set fire to his guitar at the Monterey Pop festival in 19676?,Jimi Hendrix,1,6,28784,1,1,0.8995,0.11648011207580566,2.45120141876082,30.16790771484375,31.87262124647679,0.059081096202135086,13.4296875,0.62505144
84,Della Street was whose secretary?,Perry Mason’s,1,secretary,16916,1,9,0.528625,0.16872604191303253,0.2615661465116723,29.93721580505371,10.632382018553855,0.0438886433839798,0.418212890625,1.6518255
85,"In music, who was Sweet and Innocent and Too Young?",The Shirelles.,0,Young,9465,1,5,0.29578125,0.1592353880405426,0.07159974634645438,37.294734954833984,84.10448796781888,0.05355151742696762,1.783203125,5.674393
86,Who is featured on Puff Daddy's Can't Hold Me Down?,The song Can't Hold Me Down is a song by P,0,Down,8560,1,4,0.2675,0.15175479650497437,0.013048278864059792,37.25907897949219,26.300555363558374,0.0068298387341201305,0.70654296875,4.7810287
87,What had Edmond Hillary worked at before taking up mountain climbing?,Beekeeping.,1,climbing,20873,1,8,0.65228125,0.17396382987499237,-0.0343665086331808,32.3602180480957,28.538773325855598,0.07426224648952484,0.061614990234375,2.5638149
88,In which American state is the Isabella Stewart Gardner Museum?,Massachusetts,1,Museum,8770,1,6,0.2740625,0.1643339991569519,0.10862027229277649,32.640289306640625,13.283904012915475,0.0855354443192482,0.08831787109375,1.4547783
89,Benina international airport is in which country?,Benina international airport is in Libya.,1,country,2939,1,7,0.09184375,0.15374206006526947,0.058572916305953626,30.67816734313965,13.146997342035018,0.021040568128228188,0.578125,2.5663776
90,Beloved in 1999 was whose first movie since The Color Purple in 1985?,Whoopi Goldberg,0,5,28782,1,1,0.8994375,0.11167574673891068,4.674151874858757,32.57390213012695,118.62552631556711,0.06616652011871338,0.034515380859375,1.8581727
91,Which Star Trek star directed Three Men and a Baby?,Leonard Nimoy,1,Baby,18719,1,4,0.58496875,0.16630414128303528,0.0543292469897696,30.205923080444336,22.32563790636179,0.043430689722299576,0.1527099609375,3.4004653
92,Which sitcom star appeared on the big screening The Object of My Affection?,Jennifer Aniston,1,ection,10101,1,6,0.31565625,0.18783460557460785,-0.056370959469723037,32.10480880737305,55.09584949109242,0.027153555303812027,0.0233001708984375,4.330531
93,"""Which character did Julia """"Roberts play in Steven Spielberg's Hook?""","""Julia Roberts played the role of Tinkerbell in Steven",1,Hook,26154,1,4,0.8173125,0.17368605732917786,-0.15287192099334312,34.76810073852539,120.79139422240743,0.049435026943683624,2.0078125,3.0310078
94,Which US president did Anthony Hopkins play in a film whose title was simply his name?,Richard Nixon.,1,name,1141,1,4,0.03565625,0.14552322030067444,0.29171659735460986,30.575084686279297,14.214909934897346,0.04978635162115097,0.83447265625,2.554684
95,Which movie was a biopic about the life of David Helfgott?,Shine,1,ott,1562,1,3,0.0488125,0.15418237447738647,0.11710954296931364,29.156925201416016,58.589878006702904,0.01948496326804161,0.0012302398681640625,0.76278144
96,Which film director guested as the FBI Director in The Silence of the Lambs?,Jonathan Demme,0,s,28713,1,1,0.89728125,0.0851113349199295,11.082898152002013,30.33283805847168,45.712985271022724,0.038269586861133575,0.002613067626953125,1.9903436
97,In which sci fi classic did the space ship Nostromo first appear?,Alien,1,appear,4305,1,6,0.13453125,0.16224566102027893,0.08858824299418533,33.412010192871094,71.12774438998761,0.05030088871717453,0.60009765625,2.3736718
98,Nigel Hawthorne was Oscar nominated for The Madness of which King?,George III,1,King,4041,1,4,0.12628125,0.15283514559268951,0.15453818148524556,33.36470413208008,37.145729952343075,0.06633632630109787,0.4169921875,1.2381244
99,Which Swedish actress won the Best Supporting Actress Oscar for Murder on the Orient Express?,Ingrid Bergman,1,Express,16722,1,7,0.5225625,0.16824395954608917,0.11916314870311329,31.392377853393555,65.51217681865245,0.026462119072675705,0.0020923614501953125,0.26393357
100,Which Oscar-nominated film had You Sexy Thing as its theme song?,The Full Monty,1,song,4034,1,4,0.1260625,0.16108457744121552,0.14920452584730448,31.903493881225586,66.31643074015314,0.05344366282224655,0.43359375,4.409885
101,Which Joan's career revived in Whatever Happened to Baby Jane?,Bette Davis.,0,Jane,10805,1,4,0.33765625,0.1794944405555725,-0.006247535655723002,33.118507385253906,16.73402009336282,0.013494200073182583,0.0028362274169921875,3.793131
102,Which much-loved actor won the Best Actor Oscar for The Philadelphia Story?,Cary Grant,0,Story,13689,1,5,0.42778125,0.16350257396697998,0.10334653389935378,31.02640724182129,24.395645814115284,0.04467146843671799,0.003055572509765625,1.6761371
103,Which legendary dancer was Oscar-nominated for The Towering Inferno?,Cyd Charisse,0,no,1510,1,2,0.0471875,0.13857829570770264,0.17253589242691625,31.048887252807617,62.28425583852071,-0.011707494035363197,0.00028228759765625,3.812988
104,What was the name of the brothel in The Best Little Whorehouse in Texas?,The Chicken Ranch.,1,Texas,7826,1,5,0.2445625,0.17607028782367706,-0.05319873071160108,31.642566680908203,28.012473225718082,0.0639859214425087,0.0088958740234375,0.97153896
105,Who was the male star of the movie The Man of La Mancha?,Peter O’Toole,1,cha,8136,1,3,0.25425,0.1633782833814621,0.004190788241158483,30.30099105834961,47.95724789730279,0.020588601008057594,0.003337860107421875,2.305099
106,What relation is Joey Richardson to Vanessa Redgrave?,Joey Richardson is Vanessa Redgrave's daughter.,1,ave,458,1,3,0.0143125,0.14443062245845795,0.10901452828768976,33.1404914855957,161.0431579052857,0.012279567308723927,0.0004184246063232422,3.9536977
107,Melanie Molitor is the mom of which tennis world NO 1?,Roger Federer,0,1,28740,1,1,0.898125,0.08999229967594147,22.604681436265473,34.51176834106445,3.3797749303430207,0.016735082492232323,0.11651611328125,2.4785042
108,Marc Dutroux hit the headlines over a 'house of horrors' in which country?,Belgium,1,country,2939,1,7,0.09184375,0.15374206006526947,0.058572916305953626,29.118324279785156,13.243246896546516,0.04875487834215164,13.90625,0.93755245
109,On which date in 1945 did Hitler take cyanide then shoot himself?,"April 30, 1945",1,himself,2722,1,7,0.0850625,0.15163758397102356,0.003872352434282078,31.644912719726562,12.560564204101984,0.030516212806105614,0.035736083984375,2.049427
110,In which river is the Boulder Dam?,Colorado River,1,Dam,8474,1,3,0.2648125,0.16548718512058258,-0.06849281533447771,32.20006561279297,11.507862284906674,0.04428040236234665,0.32080078125,1.5176537
111,"Which sports event was first held at Worcester, Massachusetts in 1927?",The Boston Marathon,0,7,28787,1,1,0.89959375,0.1223420798778534,2.558214583906545,31.890525817871094,87.07501874441694,0.03990498557686806,3.4375,3.7922697
112,In which European city is the Belvederen Gallery?,Vienna,1,Gallery,16597,1,7,0.51865625,0.1753244400024414,0.06374541015474966,35.594425201416016,40.48405172397397,0.05239706486463547,5.34765625,0.9959983
113,How old was Woody Herman when he founded his own orchestra?,19 years old.,0,chestra,18357,1,7,0.57365625,0.1928035318851471,-0.011227052046345332,31.185985565185547,44.12512363494295,0.016890360042452812,0.0018758773803710938,2.8176365
114,For which movie did Katharine Hepburn win her second Oscar?,Guess Who’s Coming to Dinner,0,Oscar,18650,1,5,0.5828125,0.18388250470161438,0.06373398034142363,32.21320724487305,16.937569192386803,0.046319473534822464,0.998046875,1.7009317
115,Who had a 60s No 1 hit with This Diamond Ring?,Gary Lewis and the Playboys.,1,Ring,18705,1,4,0.58453125,0.1658790409564972,0.021658070777136995,30.867141723632812,49.22909792303755,0.029420951381325722,0.00872802734375,0.6402992
116,The world was first aware of the Chernobyl disaster after detectors were triggered at a nuclear plant in which country?,Sweden,1,country,2939,1,7,0.09184375,0.15374206006526947,0.058572916305953626,29.65232276916504,12.36246322136674,0.02918156236410141,0.339111328125,1.2946273
117,In which country was the first permanent bungee jumping site situated?,New Zealand,1,situated,22725,1,8,0.71015625,0.1918504536151886,-0.05305978854591897,33.08533477783203,155.8512109924184,0.05692416802048683,7.44921875,2.3199947
118,Who succeeded Brezhnev as Soviet premier?,Kosygin,0,premier,9877,1,7,0.30865625,0.17852286994457245,0.2914671962691253,31.767147064208984,80.78737872399158,0.018397009000182152,2.962890625,2.7178216
119,In the late 60s Owen Finlay MacLaren pioneered what useful item for parents of small chldren?,The Maclaren stroller,0,ren,951,1,3,0.02971875,0.1480121612548828,0.10847105941184942,33.29249954223633,109.36235361664005,0.029850060120224953,0.0110626220703125,3.9987664
120,In which city's shipyard was Solidarity set up?,Gdansk,1,up,582,1,2,0.0181875,0.12565790116786957,1.7299355908570906,31.400192260742188,47.77842558490863,-0.003077475819736719,0.2442626953125,1.8559732
121,Which female singer was born on exactly the same day as impressionist Rich Little?,Dolly Parton,0,Little,9999,1,6,0.31246875,0.16388310492038727,-0.025554349818634137,28.347143173217773,18.69354552796508,0.0635555237531662,0.022186279296875,5.4275956
122,What is Harrison Ford's real name?,Harrison Ford.,1,name,1141,1,4,0.03565625,0.14552322030067444,0.29171659735460986,30.310413360595703,23.402784778971533,0.04944055899977684,0.828125,2.99516
123,Who's home runs record did Mark McGwire break in the 1998 season?,Roger Maris,1,season,3302,1,6,0.1031875,0.15186500549316406,0.24000298528341757,33.822025299072266,32.91224767845502,0.061743155121803284,0.456298828125,0.7727427
124,Who won baseball's first World Series of the 80s?,The Philadelphia Phillies.,1,s,28713,1,1,0.89728125,0.0851113349199295,11.082898152002013,30.527128219604492,36.36910480553731,0.030103929340839386,0.52587890625,2.4039748
125,What was Pete Sampras seeded when he won his first US Open?,17,0,Open,5629,1,4,0.17590625,0.1539371907711029,-0.02242615620485111,35.36695861816406,6.105058107503876,0.023125290870666504,0.024871826171875,2.0666656
126,"""Which boxer famously said,"""" If I can't beat this bum take my name off the record books?""""""","""Jack Dempsey""",0,books,4796,1,5,0.149875,0.15125349164009094,0.034078102154348144,40.4026985168457,228.2664457213622,0.0259561687707901,1.9306640625,4.128749
127,Where did Jonathan Edwards set his 1995 triple jump world record?,"Gothenburg, Sweden",1,record,2395,1,6,0.07484375,0.1559746265411377,0.07633194992684045,31.00981330871582,1.5392926827555549,0.05315067991614342,0.051727294921875,2.0075667
128,"In baseball, where do the Orioles come from?",From the Orient.,0,from,477,1,4,0.01490625,0.1141120195388794,3.4431198425318135,32.125484466552734,105.78949721345381,0.03037809208035469,0.83154296875,4.523715
129,The Naismith Award is presented in which sport?,Basketball,1,sport,8198,1,5,0.2561875,0.16961884498596191,-0.08202677211131482,29.299287796020508,8.681882991771808,0.03567851334810257,0.35986328125,0.8076015
130,Which cartoon and film character is the nickname of super athlete Michael Johnson?,The Flash,0,Johnson,9370,1,7,0.2928125,0.1728239804506302,0.16577794958247116,29.746383666992188,117.41777401105534,0.05257289111614227,1.861328125,3.034855
131,For which team did Babe Ruth blast his last Major League home run?,The Boston Braves,1,run,1482,1,3,0.0463125,0.14349877834320068,0.14599085942881285,31.76266860961914,10.48577530892108,-0.016878366470336914,0.0182037353515625,1.1394669
132,What was Warren Beatty's first movie?,Splendor in the Grass.,1,movie,5994,1,5,0.1873125,0.15886923670768738,0.05496205405907695,32.36943817138672,2.471931244855935,0.06962819397449493,1.59375,3.9207842
133,"Which future Hollywood star got her break as Wonder Girl, Wonder Woman's sister Drusilla?",Lynda Carter,0,illa,4534,1,4,0.1416875,0.16107064485549927,0.08872863804517861,31.44110679626465,1.9513803018678608,0.029843609780073166,0.15771484375,2.0662231
134,Mickey Braddock in the 50s series Circus Boy found fame with which surname in which pop band?,The Monkees,0,band,4028,1,4,0.125875,0.14943943917751312,0.054370692894950334,32.28035354614258,24.21335385781063,0.05590417981147766,2.44921875,5.4853287
135,Which war veteran was Director of News & Special Events for ABC before find fame as a TV cop?,Dick Wolf,0,cop,5029,1,3,0.15715625,0.16797776520252228,0.07546960957961968,31.396472930908203,0.9393940284916638,0.10185942053794861,6.3828125,4.676655
136,What US sitcom was the first exported to Britain?,The Honeymooners,0,Britain,10174,1,7,0.3179375,0.18162867426872253,0.0367141383540277,31.99655532836914,23.573829739114945,0.05043413117527962,2.169921875,3.2045126
137,In Hanna and Barbera's TV cartoons base on The Addams Family who was the voice of Gomez?,John Astin,1,z,28764,1,1,0.898875,0.11487612873315811,1.9778807753116592,38.194671630859375,45.34989317460521,-0.01267368532717228,0.000232696533203125,2.833295
138,Who was the only female victim to be killed off in the opening credit sequence in Police Squad?,The woman who was killed by the exploding cigar.,0,Squad,16756,1,5,0.523625,0.1861349195241928,-0.02646830829427893,35.52988052368164,18.91691308900309,0.04381273686885834,1.056640625,5.549295
139,Which US president won the Nobel Peace Prize in 1920?,Woodrow Wilson,1,0,28734,1,1,0.8979375,0.10093215107917786,11.205680145366498,32.70271682739258,54.210977733311715,0.04895772412419319,3.255859375,1.0280766
140,Who beat Tim Henman in his first Wimbledon singles semifinal?,Goran Ivanisevic.,0,inal,1475,1,4,0.04609375,0.15248726308345795,-0.02717328389867335,33.682945251464844,3.1853885607997503,0.0018830993212759495,0.01551055908203125,3.823888
141,What relation was Flo Jo to Jackie Joyner Kersee?,They were both track and field athletes.,0,see,3245,1,3,0.10140625,0.1522354930639267,0.08797280336604762,30.853710174560547,36.476049409412475,0.026467718183994293,0.1134033203125,3.800622
142,How long was swimmer Michelle Smith-de Bruin banned for attempting to manipulate a drugs test?,2 years,0,test,1369,1,4,0.04278125,0.14596299827098846,0.09690906479340589,31.22233009338379,3.0292294553278323,0.056761451065540314,0.08258056640625,3.2549791
143,Yuan Yuan was caught carrying drugs for which Chinese team?,China,0,team,1918,1,4,0.0599375,0.15035144984722137,0.15420768382671746,34.65040969848633,7.71884344611704,0.10076193511486053,7.8828125,4.320319
144,Which grand slam did Pete Sampras not win in the 20th century?,The French Open,1,century,5445,1,7,0.17015625,0.15888069570064545,-0.04470914776685353,29.798980712890625,116.84451828761591,0.054508939385414124,0.11175537109375,2.5926912
145,In which events did Gert Fredriksson win six Olympic gold medals?,Speed skating,0,als,973,1,3,0.03040625,0.12250661104917526,0.3037976231356563,34.73562240600586,42.11752834650295,0.01469898410141468,0.0005221366882324219,3.8721375
146,"How many of his 45 races did Mike Hawthorn, a former Formula One motor racing world champion, win?",1,0,win,3108,1,3,0.097125,0.15672045946121216,0.08270254024189283,31.92734146118164,45.8803828816484,0.04866879805922508,0.76171875,2.7993557
147,On the Internet what is Spam?,Spam is the term used to describe unsolicited email.,0,am,314,1,2,0.0098125,0.11928156763315201,1.754030283874215,34.15180969238281,0.9517923027021884,0.07697166502475739,1.048828125,3.576085
148,In which country did the Internet start?,United States,1,start,1149,1,5,0.03590625,0.1467498391866684,0.3688857421551357,33.98058319091797,18.78813347795516,0.09074930101633072,2.603515625,3.413213
149,In which year was the Juilliard School founded in New York?,1905,1,York,2726,1,4,0.0851875,0.17180390655994415,-0.022004657067037137,41.15639877319336,399.3394113802715,0.058651119470596313,0.002338409423828125,0.968147
150,"Who wrote My Life and Loves in 1926, originally banned in the US?",Frank Harris,1,US,2223,1,2,0.06946875,0.15632058680057526,0.01761242333828772,35.23473358154297,48.55137108444819,0.06554898619651794,1.7509765625,3.744998
151,What was Blondie's last UK No 1 of the 80s?,Maria,0,s,28713,1,1,0.89728125,0.0851113349199295,11.082898152002013,30.835460662841797,7.2626133531906305,0.019015345722436905,0.2437744140625,3.235257
152,"In baseball, where do the Royals come from?",Kansas City.,1,from,477,1,4,0.01490625,0.1141120195388794,3.4431198425318135,33.076358795166016,110.23149665439475,0.03064219281077385,0.360107421875,3.2662055
153,What is the largest city in Ohio?,Columbus,0,Ohio,13834,1,4,0.4323125,0.18668098747730255,0.018922189298885783,26.938589096069336,5.944637220017896,0.02988330088555813,5.921875,0.8225068
154,In which decade of the 20th century was Anne Bancroft born?,1930s,1,born,5381,1,4,0.16815625,0.1670810431241989,-0.023673717997434007,31.832866668701172,103.78497333962785,0.044550053775310516,0.3974609375,1.4215922
155,The Suez Canal connects the Mediterranean Sea to which other Sea?,The Red Sea,1,Sea,11759,1,3,0.36746875,0.16577592492103577,0.06895002542832174,32.0489387512207,20.5525828538665,0.06708583980798721,4.078125,1.1940594
156,Which rock star did Cindy Crawford name her first son after?,Bono,0,after,1024,1,5,0.032,0.14031583070755005,0.5981267966414081,31.321243286132812,152.297377482517,0.03064887225627899,0.0875244140625,4.125823
157,Sun Yat Sen overthrew the emperor in which country establishing a republic after 2000 years of imperial rule?,China,1,rule,5918,1,4,0.1849375,0.15661221742630005,-0.08731120841505025,34.646202087402344,95.82368061812164,0.0325847789645195,0.152099609375,0.6813779
158,Who designed the dress which made the most at Diana's dress auction?,Catherine Walker,0,auction,25029,1,7,0.78215625,0.1781688779592514,0.01125987043590193,31.484928131103516,12.673400818092855,0.07895252108573914,0.85791015625,4.15808
159,Which Palestinian co-founded al Fatah in 1957?,Yasser Arafat,1,7,28787,1,1,0.89959375,0.1223420798778534,2.558214583906545,32.42930603027344,52.19979506096868,0.05598076432943344,2.1796875,2.6296968
160,In which country was Earl Spencer's acrimonious divorce settlement heard?,"The divorce of Charles Spencer, 9th Earl Spencer, and",0,heard,3364,1,5,0.105125,0.1655563861131668,-0.05246823186367511,33.39955520629883,33.8903823540482,0.034142397344112396,3.9296875,4.1384726
161,"In which North African country was Mohammed Al-Fayed, owner of Harrods department store in London, born?",Egypt,1,born,5381,1,4,0.16815625,0.1670810431241989,-0.023673717997434007,31.062658309936523,66.98231984610351,0.055977143347263336,0.267578125,0.9101403
162,Aung San Suu Kyi is a controversial leader in which country?,Myanmar,1,country,2939,1,7,0.09184375,0.15374206006526947,0.058572916305953626,30.57611083984375,36.33759950776792,0.008195526897907257,0.2177734375,1.0010166
163,Which of the founders of United Artists had the last name nearest the beginning of the alphabet?,Mary Pickford,0,phabet,26311,1,6,0.82221875,0.20048418641090393,0.03682320792531746,29.777673721313477,24.62557458083411,0.02872069552540779,0.0006670951843261719,4.482675
164,"In La Cage Aux Folles, what was La Cage Aux Folles?",A gay nightclub.,1,es,274,1,2,0.0085625,0.095347560942173,2.597369204297567,32.58623504638672,5.241940384096358,0.008647747337818146,0.0007915496826171875,2.6224492
165,Where was the Fiddler in the musical's title?,"The Fiddler was Tevye, the main character.",0,title,3941,1,5,0.12315625,0.1557992398738861,0.2008857919427567,28.14590835571289,2.5809736799168332,0.05668759346008301,5.453125,3.7208295
166,South Pacific was set during which war?,World War II,1,war,1496,1,3,0.04675,0.15314339101314545,0.24785590073223274,30.99489974975586,8.048749556023429,0.068308524787426,0.59130859375,1.1148993
167,What percentage of the earth's surface is covered by Europe?,2.2%,0,Europe,3401,1,6,0.10628125,0.1675654500722885,0.030495026864256314,29.19837760925293,103.00714033026358,0.054233014583587646,10.578125,2.4233994
168,Which European town gave its name to a Treaty which symbolizes closer economic links between European countries?,Maastricht,1,countries,5780,1,9,0.180625,0.17196039855480194,0.014511368643289835,31.95041847229004,58.023901084910904,0.004790641833096743,0.7197265625,3.62344
169,Which home of champagne in France was also where the German High Command surrendered in WWII?,Reims,1,II,2559,1,2,0.07996875,0.16264595091342926,0.09365511685377692,33.36870193481445,103.7244892718952,0.02094196155667305,0.54638671875,1.4648728
170,Which was the first European city this century to open an underground railway system?,Budapest,0,system,1587,1,6,0.04959375,0.14660130441188812,0.12485709567494752,34.59711456298828,8.466457061755003,0.03541671484708786,1.8037109375,4.061747
171,Who first drew Mickey Mouse when ?Disney first supplied the voice?,Walt Disney,0,voice,3441,1,5,0.10753125,0.1660790592432022,-0.15194394115794196,35.1625862121582,19.450154932314938,0.07901624590158463,4.0078125,4.2125735
172,Which actress wrote the novel The Last of the Really Great Whangdoodles?,Julie Andrews,1,les,867,1,3,0.02709375,0.1196967363357544,0.7551548407557083,29.618144989013672,64.81807581140274,0.022757969796657562,0.00859832763671875,0.8729349
173,Who was the star of the film based on the record Harper Valley PTA by Jeannie C Riley?,Barbara Eden,1,iley,13891,1,4,0.43409375,0.1723170429468155,-0.06552863848881163,32.38068389892578,55.272370016667644,0.021953165531158447,0.01007843017578125,2.349944
174,What color golf balls are used on the golf course in Antarctica?,Snow balls.,0,ica,1286,1,3,0.0401875,0.14026224613189697,0.29256832379785136,32.77455139160156,66.57912182783596,0.03949235379695892,0.0001691579818725586,3.8953438
175,Throughout the 80s and 90s Phil Collins recorded on which record label?,Atlantic Records,1,label,3870,1,5,0.1209375,0.1554623246192932,0.048330180540474554,29.300823211669922,4.145666662494161,0.036355383694171906,0.265869140625,1.2262231
176,On which label did Chuck Berry record in the 1950s and 1960s?,Chess Records,1,s,28713,1,1,0.89728125,0.0851113349199295,11.082898152002013,33.749481201171875,136.8366756008025,0.03843556344509125,0.00601959228515625,0.8102787
177,What was the name of Michael Jackson's second wife?,Debbie Rowe,1,wife,4285,1,4,0.13390625,0.17393790185451508,-0.016665720833509035,29.45145606994629,1.8597380057164505,0.047143854200839996,2.154296875,2.1107461
178,Which US city was named after a British Prime Minister?,Washington DC,0,Minister,8241,1,8,0.25753125,0.16786861419677734,0.006728810007853081,33.28812789916992,14.781822864837725,0.033452317118644714,0.0263214111328125,4.3860807
179,"""Who said, To err is human but it feels divine?""""""","""To err is human, but it feels divine"" is a quote by",0,divine,20428,1,6,0.638375,0.19240190088748932,0.00028268563671529634,34.685768127441406,105.02960921937013,0.037290073931217194,0.00978851318359375,4.2415605
180,Which singer had a big 60s No 1 with Roses Are Red?,Bobby Vee,0,Red,3690,1,3,0.1153125,0.15583747625350952,0.11231600535735264,34.393218994140625,19.762477272611775,0.028257250785827637,0.03515625,3.7818213
181,What are the international registration letters of a vehicle from Iceland?,Iceland uses the international registration code IS.,1,and,391,1,3,0.01221875,0.1251918375492096,0.7966769616068641,30.76146125793457,10.495022384420695,0.008590569719672203,0.0001811981201171875,3.5348175
182,Where was the American venue of the Live Aid concert?,"JFK Stadium in Philadelphia, Pennsylvania.",1,concert,14560,1,7,0.455,0.17552140355110168,0.05709569941141979,31.462556838989258,2.4782011392061483,0.06430576741695404,0.6611328125,2.555486
183,Which was the longest moon landing?,"Apollo 17, which landed on the moon for 7",1,landing,14378,1,7,0.4493125,0.1740501970052719,-0.07080169005986692,31.459070205688477,4.170338704123113,0.06062157452106476,2.099609375,2.4480553
184,Who had the most expensive presidential inauguration ceremony of the 20th century?,Franklin D. Roosevelt.,0,century,5445,1,7,0.17015625,0.15888069570064545,-0.04470914776685353,33.020267486572266,132.62521840892998,0.05026835948228836,0.156982421875,3.8511138
185,Who became Israel's head of state in 1993?,Ezer Weizman,1,3,28770,1,1,0.8990625,0.10815463215112686,4.973169342116167,32.54283142089844,123.1317559936147,0.06659217178821564,0.451171875,2.5699682
186,"In WWII, who was the head of the Nazi party's security service?",Heinrich Himmler,0,service,2372,1,7,0.074125,0.14461751282215118,0.027640776150373192,35.62153244018555,3.386088582269598,0.03446236625313759,1.359375,2.7696855
187,Which President of the Philippines was deposed in 1986?,Ferdinand Marcos,1,6,28784,1,1,0.8995,0.11648011207580566,2.45120141876082,34.8312873840332,4.071955301164377,0.0485004186630249,0.035919189453125,1.0460027
188,"What kind of disaster claimed some 100,000 lives in Armenia in 1988?",Earthquake,1,8,28783,1,1,0.89946875,0.11777491122484207,2.9366294901669194,31.091733932495117,140.3714907804971,0.04191312566399574,0.028350830078125,1.685562
189,Which state on the Gulf of Mexico is nearest the end of the alphabet?,Florida,0,phabet,26311,1,6,0.82221875,0.20048418641090393,0.03682320792531746,30.938745498657227,11.029615959843332,0.03322210907936096,0.296875,3.027435
190,Truax Field international airport is in which US state?,Wisconsin,1,state,1665,1,5,0.05203125,0.14091920852661133,-0.04320145055994251,29.228973388671875,53.763927456616614,0.039363689720630646,0.231689453125,1.3458203
191,In what month was the attack on Pearl Harbor?,December,1,Harbor,28700,1,6,0.896875,0.19413971900939941,-0.05577514969585673,32.693599700927734,5.216493170911539,0.027620337903499603,0.0136260986328125,1.5431309
192,Who did Dr. Crippen murder?,His wife.,1,murder,6832,1,6,0.2135,0.17778727412223816,0.01893422038919379,32.76586151123047,81.84758527875479,0.07715066522359848,1.853515625,1.741043
193,"In the 1904 Olympics, how many of the 23 track and field titles were won by Americans?",11,0,Americans,8165,1,9,0.25515625,0.17432039976119995,-0.006796390001700736,30.778093338012695,11.344966357916055,0.055818066000938416,1.2607421875,2.1619804
194,The Black Hills lie between which two rivers?,The Black Hills lie between the Missouri River and the Cheyenne River.,0,rivers,24582,1,6,0.7681875,0.18467412889003754,-0.03176382645803377,30.501205444335938,39.40759063494134,0.03435318544507027,1.81640625,2.172933
195,In what year was the first in-flight movie shown on an internal flight in the USA.,1921,0,USA,7035,1,3,0.21984375,0.17421266436576843,-0.09176086055291499,31.56058120727539,101.56216752716102,0.05857033655047417,2.123046875,2.1305077
196,In which city was John Lennon murdered?,New York City,1,murdered,21304,1,8,0.66575,0.19255588948726654,-0.0954110212728283,30.852909088134766,25.038611586323977,0.059709254652261734,3.458984375,0.79133546
197,How was President Kennedy assassinated?,He was shot by a lone gunman.,1,inated,5499,1,6,0.17184375,0.15209347009658813,0.06203492283997347,33.735782623291016,83.82559381959481,0.008626127615571022,0.01248931884765625,4.032369
198,Which caped crusader operated in Gotham City?,Batman,1,City,3805,1,4,0.11890625,0.14628452062606812,0.15420763893838574,35.276432037353516,31.131698991268827,0.045802172273397446,0.2125244140625,1.5211595
199,Who did Jack Ruby shoot in November 1963?,Lee Harvey Oswald,1,3,28770,1,1,0.8990625,0.10815463215112686,4.973169342116167,33.84843063354492,84.68891316996695,0.05680026113986969,0.00655364990234375,1.753354
200,Who was the first American to travel faster than the speed of sound?,Chuck Yeager,1,sound,2622,1,5,0.0819375,0.15833492577075958,0.12453674609309306,31.26705551147461,14.856021762868622,0.05523469299077988,0.0784912109375,3.2398202
201,Who was the first US president Barbara Walters interviewed?,Richard Nixon,1,interviewed,28178,1,11,0.8805625,0.18356090784072876,-0.08762747646994562,31.837886810302734,33.15683616276445,0.040189847350120544,0.2342529296875,3.4702492
202,Which orchestral conductor was married to one of the subjects of the film Hillary and Jackie?,Sir Simon Rattle,0,Jackie,28057,1,6,0.87678125,0.1940135359764099,-0.03698053854072292,30.065439224243164,8.537181999347998,0.0482192263007164,0.292724609375,4.733942
203,Which writer and politician became Lord Tweedsmuir?,John Buchan,1,ir,361,1,2,0.01128125,0.12982316315174103,0.8036227445223401,29.151071548461914,48.196570622240145,0.003164924681186676,0.0009446144104003906,0.9133396
204,In what year was the first Tarzan novel published?,1912,0,published,4775,1,9,0.14921875,0.16513016819953918,0.0020616637506929436,33.32578659057617,115.51134691515759,0.03611709550023079,0.28125,1.8785335
205,In which country were motorized ambulances first used?,France,1,used,1307,1,4,0.04084375,0.14530517160892487,0.1491957805782742,35.92235565185547,29.25524695497692,0.09032787382602692,0.5029296875,3.652838
206,What is the Pacific terminus of the Trans Siberian Railway?,Vladivostok,1,Railway,22687,1,7,0.70896875,0.18627189099788666,0.02087116968840874,32.88979721069336,17.0965130797378,0.03540988266468048,0.64697265625,1.4921374
207,What is the name of the mountain pass which lies between Pakistan and Afghanistan?,Khyber Pass,1,Afghanistan,19756,1,11,0.617375,0.19527941942214966,0.02152458165903237,32.49930953979492,24.184972426209413,0.02397676557302475,1.2724609375,2.3694758
208,"What is the name of the group of 1,196 islands in the North Indian Ocean, none bigger than five square miles?",The Maldives.,1,miles,6052,1,5,0.189125,0.1698160469532013,0.00864089589675654,32.40657043457031,56.7328715787376,0.041784416884183884,0.111572265625,1.7306526
209,Which Syrian city is said to be the oldest continually inhabited city in the world?,Damascus,1,world,1526,1,5,0.0476875,0.14886119961738586,0.25374329807128415,33.2886848449707,104.23589959600871,0.006297562271356583,0.01043701171875,1.0701683
210,Who was king of France at the time of the French Revolution?,Louis XVI,1,Revolution,13850,1,10,0.4328125,0.1737835556268692,-0.009951801125843485,31.646615982055664,60.44127694362804,0.03185994178056717,0.156005859375,1.4139411
211,What is the principal language of Bulgaria?,Bulgarian,1,ia,515,1,2,0.01609375,0.11571965366601944,1.3167131456947256,29.866783142089844,54.76700822263396,0.01761557348072529,0.0291595458984375,1.1600714
212,"What is the name of the cathedral in Red Square, Moscow?",The Cathedral of the Assumption of the Virgin Mary,0,Moscow,17293,1,6,0.54040625,0.19564421474933624,0.0445541146613575,30.46158218383789,43.161066540186624,0.053002409636974335,0.3046875,2.2726882
213,Which country is known to its people as Suomen Tasavalta?,Finland,1,ta,1100,1,2,0.034375,0.13215073943138123,0.33206849189631304,32.52208709716797,91.83515642764499,0.05527416616678238,0.0017251968383789062,0.40177527
214,Which crusade was led by Philip II Augustus of France and Richard I of England?,Third Crusade,1,England,5783,1,7,0.18071875,0.17811132967472076,0.1944246037547459,31.551715850830078,92.45004639563992,0.027728930115699768,0.00423431396484375,1.5391726
215,In which Netherlands city does the United Nations International Court of Justice sit?,The Hague,1,sit,1943,1,3,0.06071875,0.16300612688064575,0.01189098539334843,31.748828887939453,12.01266315730832,0.07423782348632812,1.5439453125,0.6013866
216,"In which battle did Harold II, the last Saxon king, lose his life?",Battle of Hastings,1,life,1411,1,4,0.04409375,0.1447669118642807,0.21645477793999346,30.462575912475586,14.832286401065716,0.038266878575086594,0.215576171875,1.9496938
217,Who proclaimed the People's Republic of China in 1949?,Mao Zedong,1,9,28774,1,1,0.8991875,0.12219323962926865,2.515278630533314,32.479976654052734,123.32689440971049,0.041118230670690536,0.002368927001953125,1.2819357
218,"Which wife of Henry VIII had already married twice before she became queen, and married for a fourth time after Henry's death?",Catherine Parr,1,death,3168,1,5,0.099,0.15980660915374756,-0.047759203560942876,31.40766143798828,181.59971785684763,0.049925852566957474,0.01678466796875,1.8281285
219,In which country is the castle that gives the Habsburg dynasty its name?,Austria,0,name,1141,1,4,0.03565625,0.14552322030067444,0.29171659735460986,31.927547454833984,36.9725937231767,0.04410580173134804,0.08782958984375,1.5259107
220,In which parliament has the UK 87 seats for members who are elected for a five0-year term?,European Parliament,1,term,1850,1,4,0.0578125,0.155422180891037,0.0659348335614025,33.77779769897461,47.11168348624439,0.034714072942733765,0.1905517578125,2.2784567
221,What was the former name of the British Green Party?,The Ecology Party,1,Party,6636,1,5,0.207375,0.15888167917728424,0.10228218146736179,31.319780349731445,13.020116257098213,0.06796012818813324,0.39013671875,1.914881
222,"""What is the more common name of the """"simple plurality"""" system of voting?""","""First-past-the-post""",1,voting,17035,1,6,0.53234375,0.1717364639043808,-0.05569748834982846,32.672996520996094,10.359913731347323,0.07088197767734528,2.150390625,2.857877
223,What word for unthinking patriotism is derived from the name of one of Napoleon's admirers?,Bonapartism,0,ers,404,1,3,0.012625,0.10076282173395157,2.0766270015810573,32.13831329345703,77.96785847165596,0.036891788244247437,1.6396484375,1.9432011
224,Which builder of steam engines formed a successful partnership with Matthew Boulton?,James Watt,1,ton,1158,1,3,0.0361875,0.13524819910526276,0.5632278960718247,31.370710372924805,24.75707490340991,0.020825469866394997,0.00015020370483398438,0.7487017
225,What was the nickname of the French singer Edith Piaf?,La Môme Piaf,0,f,28722,1,1,0.8975625,0.11596011370420456,1.4193264796397296,30.32669448852539,106.81305238842185,0.05895344167947769,0.0010271072387695312,1.6896015
226,Whose birthday is celebrated by a public holiday on the third Monday in January in the USA?,Martin Luther King Jr.,1,USA,7035,1,3,0.21984375,0.17421266436576843,-0.09176086055291499,32.25502395629883,167.6082564395643,0.05929393693804741,2.01171875,1.2415847
227,What type of coal is brown and fibrous?,Lignite,1,rous,20162,1,4,0.6300625,0.18251532316207886,-0.12649271820481456,32.95317077636719,32.20463149225853,0.02213343419134617,0.0047454833984375,1.3911914
228,What raw material is used for making glass?,Sand,1,glass,5252,1,5,0.164125,0.1632380187511444,0.03525429847215733,33.20311737060547,2.2211504792218513,0.06838332116603851,4.80859375,2.4825766
229,What kind of an organism is a truffle?,A fungus.,1,uffle,17752,1,5,0.55475,0.18762417137622833,-0.07305959279125762,28.611093521118164,2.8194719955360092,0.022502265870571136,2.15625,2.364052
230,What is the name of the strong material found in plant cell walls?,Cellulose,1,walls,8133,1,5,0.25415625,0.17315129935741425,0.0068969862659495895,31.015398025512695,37.60070294730562,0.03542235866189003,0.05462646484375,1.0382699
231,What name is given to the change of state from liquid to gas?,Evaporation,1,gas,5135,1,3,0.16046875,0.1638813316822052,0.07990537986898882,31.77080535888672,8.050158241281153,0.034949030727148056,1.1083984375,1.9717388
232,"Which branch of science has four fundamental principles: addition, subtraction, multiplication, and division.",Cooking,0,division,9652,1,8,0.301625,0.1602470576763153,0.0906851286344077,32.12710952758789,258.39705145727265,0.037122733891010284,0.03009033203125,4.806576
233,What is the force that opposes the relative motion of two bodies that are in contact?,Frictional force,1,contact,3754,1,7,0.1173125,0.1579672247171402,0.012953590034368023,31.55927085876465,11.279816678292434,0.05677970126271248,0.2274169921875,2.1346502
234,What is the fastest animal on two legs?,A human.,0,legs,7969,1,4,0.24903125,0.17188586294651031,0.055191026540633015,30.79706573486328,40.72178231898464,0.05704953894019127,0.1016845703125,3.9183853
235,What is the green pigment used by plants to trap sunlight?,Chlorophyll,1,sunlight,22950,1,8,0.7171875,0.20162418484687805,-0.12804170870008846,30.944936752319336,6.583627020680627,0.06275651603937149,1.4091796875,1.0175881
236,What id the name given to the study of birds?,Ornithology,1,birds,12780,1,5,0.399375,0.1671614646911621,-0.03996874497628555,29.53742790222168,15.385580549220077,0.07256690412759781,6.28125,0.9900668
237,"Of which reptile are there only two species, one living in the Mississippi and the other in China?",The Chinese alligator and the American alligator.,1,China,5077,1,5,0.15865625,0.16446851193904877,0.03172209784950519,29.474721908569336,58.97773558895343,0.05870455503463745,4.0703125,2.9077425
238,"What type of seaweed grows up to 100 meters in length, and is farmed for its alginates?",Kombu.,0,ates,1002,1,4,0.0313125,0.11956750601530075,0.7970685723006024,32.787681579589844,6.066181705149381,0.03662751242518425,0.90869140625,3.7279818
239,Where in a vertebrate would you find the protein myoglobin?,In the muscle cells.,0,in,262,1,2,0.0081875,0.10492095351219177,4.3250367020890765,30.395729064941406,9.411533635076477,0.0059736184775829315,0.0010652542114257812,3.0061123
240,"What is the most abundant substance in the plant kingdom, which no mammal produces the enzyme to digest?",Cellulose.,1,digest,18922,1,6,0.5913125,0.184962198138237,-0.06391808564731827,33.731380462646484,10.942447480350712,0.058968447148799896,0.50244140625,1.2886481
241,"Which family of insects has species named 'drivers', 'weavers', 'and even individuals called 'soldiers'?",Ants,1,iers,3378,1,4,0.1055625,0.15479791164398193,0.05670484744451665,41.15864181518555,338.9615608188686,0.009013115428388119,0.397705078125,3.317066
242,What name is given to the study of animal behavior?,Ethology,1,behavior,6174,1,8,0.1929375,0.1603056639432907,0.2343004631186303,30.73395538330078,36.5816190197948,0.08350393176078796,1.3125,0.9108441
243,Mosses are classified as belonging to which part of the plant kingdom?,Mosses are classified as belonging to the plant kingdom.,0,kingdom,17782,1,7,0.5556875,0.17545412480831146,-0.1249003892619811,31.638071060180664,2.520690131923331,0.06057056784629822,0.052490234375,3.6355023
244,"Which rodent rears its young, called kittens, in a nest called a drey?",The squirrel.,1,rey,6439,1,3,0.20121875,0.16096651554107666,0.08786689478520238,29.490310668945312,3.842442082638292,0.06312447041273117,0.2489013671875,2.0578117
245,What has a central vein called a midrib?,A leaf.,1,rib,758,1,3,0.0236875,0.1604154109954834,0.10800088424806376,29.81072425842285,25.785796745119697,0.03670782595872879,0.89794921875,1.8405273
246,"Which mammal constructs a lodge in which to store food, rear young, and pass the winter?",The beaver.,1,winter,8539,1,6,0.26684375,0.1734693944454193,0.12184539462700483,29.322093963623047,2.4882196514817414,0.08344660699367523,0.1236572265625,1.8256519
247,What is the generic word for plants that grow in water or water-logged conditions?,Hydrophytes,1,conditions,4331,1,10,0.13534375,0.15489499270915985,0.13018417495246792,31.534664154052734,93.98480656658045,0.035362206399440765,3.267578125,2.3063157
248,"Which teeth are the third molars, and are always the last to0 erupt?",The third molars are the wisdom teeth. They are the last teeth to,1,upt,20413,1,3,0.63790625,0.1830466240644455,0.07814315882573242,34.857234954833984,60.146190183447196,0.051750946789979935,0.0158233642578125,2.22849
249,What is secreted by the pancreas to regulate blood sugar levels?,Insulin,1,levels,6157,1,6,0.19240625,0.15542744100093842,0.03876956600762371,32.52585983276367,92.97632522724487,0.053204089403152466,0.87646484375,1.0174422
250,How many chambers has the heart?,Four,1,heart,3031,1,5,0.09471875,0.15969029068946838,0.317245676530137,31.542095184326172,24.48021104141389,0.04594232141971588,1.4208984375,2.2547932
251,What is the name of the large buttock and thigh muscle?,The gluteus maximus.,1,muscle,14540,1,6,0.454375,0.16842244565486908,0.0990185298971431,32.91310501098633,4.822902932903014,0.0753256157040596,0.68603515625,1.4465975
252,"When the egg is released from the ovary, what is left behind?",The follicle.,0,behind,2910,1,6,0.0909375,0.16155949234962463,0.2041048896115294,32.96782684326172,10.2281331798153,0.02637915313243866,0.734375,2.5145028
253,What is the scientific name for the heart's pacemaker?,The sinoatrial node (SA node).,1,aker,4776,1,4,0.14925,0.15199193358421326,-0.005384009112469279,32.6973876953125,11.878659378789676,0.040421340614557266,0.00732421875,2.0623698
254,Which hormone helps control ovulation?,Follicle-stimulating hormone (FSH),0,ulation,2677,1,7,0.08365625,0.145757257938385,0.008855582917490334,31.50287628173828,38.466230379763445,0.02310222201049328,0.01059722900390625,2.231167
255,What is the second most common gas in the atmosphere?,Nitrogen,0,atmosphere,13789,1,10,0.43090625,0.17906028032302856,-0.04197905128481283,31.57499885559082,37.540987625632354,0.021907862275838852,1.4814453125,2.5362387
256,What is the term for nutrient enrichment of lakes?,Eutrophication,1,akes,1593,1,4,0.04978125,0.14357785880565643,0.12702393861775851,32.18840026855469,48.30527723277343,0.02962472289800644,0.150390625,2.2425914
257,Five-legged creatures have damaged which 1250 mile long wonder of the world?,The Great Wall of China,0,world,1526,1,5,0.0476875,0.14886119961738586,0.25374329807128415,33.011322021484375,61.496695117401615,0.036675773561000824,0.294189453125,3.4736276
258,Which radioactive substance sometimes occurs naturally in spring water?,Radon,1,water,2130,1,5,0.0665625,0.14859886467456818,0.09716595069491651,30.145830154418945,3.3224918872373923,0.06626874953508377,0.184814453125,1.5241302
259,What is the approximate circumference of the earth?,"40,000 km",0,earth,6340,1,5,0.198125,0.1669333577156067,0.1837841000408118,31.255027770996094,10.824457877828758,0.06946799159049988,1.1513671875,2.3467183
260,"Which common mineral is used to make casts, moulds, blackboard chalk and plaster of Paris?",Gypsum,1,Paris,5465,1,5,0.17078125,0.17816200852394104,-0.0318458937445536,29.416475296020508,7.354010897798718,0.030634619295597076,0.255859375,1.2720115
261,What name was given to the invisible material once thought to occupy all space?,Aether,1,space,2764,1,5,0.086375,0.1504301130771637,0.17023747455874716,29.816179275512695,4.149738913863703,0.06891494989395142,0.6083984375,2.0642529
262,From which areas of space can there be no escape?,From the area of space that is the future.,0,escape,8957,1,6,0.27990625,0.17411616444587708,0.0005941774322235638,31.320749282836914,2.168937081786841,0.11340861022472382,3.310546875,4.255086
263,Who was the first man to walk on the Moon?,Neil Armstrong,1,Moon,14629,1,4,0.45715625,0.16808414459228516,0.010743726372107076,30.893003463745117,55.09648337130505,0.07633942365646362,1.904296875,1.5679195
264,Proteus and Nereid are moons of which planet?,Neptune,1,planet,9873,1,6,0.30853125,0.17400841414928436,-0.06378767709683597,31.568851470947266,46.19787943174374,0.04930611699819565,0.289306640625,2.0679688
265,What is the Milky Way?,The Milky Way is the galaxy that our solar system is a part of,1,Way,9168,1,3,0.2865,0.1602567583322525,0.012258367024319927,30.632802963256836,4.176763413350447,0.01501032430678606,0.032958984375,1.9647882
266,Which force is nothing more than the bending of space and time?,Gravity,1,time,727,1,4,0.02271875,0.1280067265033722,1.0381019598900787,31.0093994140625,23.19260880701113,0.03688151016831398,0.062408447265625,0.90312785
267,"Which star is as bright as 23 Suns, and is orbited by the Pup?",Betelgeuse.,0,up,715,1,2,0.02234375,0.12632842361927032,0.655649467220627,26.867616653442383,0.4081586711440406,0.05096207559108734,4.484375,3.7451324
268,What are the three primary colours of light?,"Red, Green and Blue.",0,light,2061,1,5,0.06440625,0.1527632623910904,0.01706683926364949,32.316097259521484,7.111453044763445,0.07646721601486206,0.464111328125,1.5224063
269,In what film did Oprah Winfrey make her big screen acting debut?,The Color Purple,1,debut,9928,1,5,0.31025,0.18569104373455048,-0.10896124226637482,30.884366989135742,47.12068254104396,0.05046060308814049,0.00986480712890625,1.382905
270,What is the second lightest chemical element?,Hydrogen,0,element,2442,1,7,0.0763125,0.15775391459465027,-0.09129826038016287,28.339323043823242,6.9468130605188545,0.03633918613195419,0.08685302734375,1.8778545
271,"Used in mathematics, what is the value of Pi to three decimal places?",3.142,1,places,5563,1,6,0.17384375,0.1559607833623886,0.05005071293984953,34.348854064941406,46.88648459762932,0.04469648376107216,0.038970947265625,0.87093925
272,"What colour is the number 10 on the door of 10 Downing Street? White, Yellow or Brown?",White,1,Brown,8364,1,5,0.261375,0.15906037390232086,-0.003302904752018776,35.75028991699219,109.83598445977587,0.02635626122355461,3.22265625,3.8113253
273,What was advertised with Eva Herzagovia using the slogan hello boys?,Eva Herzagovia was a model who was used in a series of,0,boys,8066,1,4,0.2520625,0.16050177812576294,-0.04823963804909992,39.38180160522461,159.10044033044403,0.052269794046878815,3.77734375,5.1909733
274,What number in Bingo is sometimes referred to as Heinz varieties?,57,1,varieties,27610,1,9,0.8628125,0.19145742058753967,0.024321278559258364,32.150821685791016,26.569050629886707,0.07155356556177139,8.734375,1.4015961
275,"As at March 2001, who holds the record for scoring the most league goals for the soccer team Arsenal?",Ian Wright,1,senal,22792,1,5,0.71225,0.20017975568771362,-0.0009767438881835844,35.4328727722168,113.35447171551921,0.029307972639799118,0.00832366943359375,2.919516
276,How many verses make up the national anthem God Save The Queen?,3,1,Queen,10224,1,5,0.3195,0.16718780994415283,-0.009631324663478935,32.83477783203125,49.75993897742884,0.04195496439933777,0.09613037109375,3.1008751
277,What colour is the cross on the national flag of Switzerland?,Red.,0,Switzerland,22491,1,11,0.70284375,0.19708339869976044,-0.010986584712334047,29.852588653564453,53.87514799588318,0.059675607830286026,4.3125,3.240798
278,Who was the American President when the Berlin Wall was constructed?,Dwight D. Eisenhower,0,constructed,13379,1,11,0.41809375,0.1721450239419937,-0.011330940995086358,32.319908142089844,66.06896133120004,0.04865734651684761,3.060546875,2.416804
279,What is the minimum number of darts a person needs to throw to complete a leg from 501?,3,0,1,28740,1,1,0.898125,0.08999229967594147,22.604681436265473,32.2133903503418,0.6469527785443416,0.04879378154873848,0.0217132568359375,1.6495897
280,What was the first British football team to win the European Cup?,Manchester United,0,Cup,7440,1,3,0.2325,0.169691801071167,0.09632917175864053,32.31003952026367,8.45744441128724,0.07282465696334839,0.0955810546875,2.9780316
281,What is the most popular natural attraction in Alaska?,The Northern Lights.,0,Alaska,23956,1,6,0.748625,0.19214051961898804,0.050158720033969484,29.244916915893555,7.000563189680795,0.07610822468996048,5.375,3.5817435
282,"What type of acid is extracted from the juice of lemons, oranges, limes, and grapefruit?",Citric acid.,1,ruit,6424,1,4,0.20075,0.17494671046733856,-0.1279523030504639,32.775394439697266,30.25018469776242,0.030893642455339432,0.78369140625,1.2422843
283,How many pieces are there in a standard set of dominoes?,28,1,es,274,1,2,0.0085625,0.095347560942173,2.597369204297567,33.681793212890625,87.62900432125846,0.026381297037005424,0.0215911865234375,1.5445623
284,What is the acronym for the agency which provides co-operation between police forces worldwide?,Interpol.,1,worldwide,15245,1,9,0.47640625,0.18447670340538025,0.042690552357044,33.136051177978516,117.34195934224304,0.04080946743488312,4.9140625,1.5525025
285,"What were Benjy and Laska, which were sent into space in 1958?",Hamsters,0,8,28783,1,1,0.89946875,0.11777491122484207,2.9366294901669194,31.545557022094727,18.236051655160363,0.04831964895129204,1.1591796875,3.7248745
286,In what year in the 20th century was the Miss World contest held for the first time?,1951,1,time,727,1,4,0.02271875,0.1280067265033722,1.0381019598900787,34.77914047241211,74.6858754305047,0.018746089190244675,0.01023101806640625,0.7041062
287,In which year was the Encyclopedia Britannica first published?,1768,1,published,4775,1,9,0.14921875,0.16513016819953918,0.0020616637506929436,32.714176177978516,93.5598135870539,0.03594919666647911,0.08331298828125,0.7873525
288,"On the London Underground, which is the only line to connect at some point with every other line on the system?",The Circle Line.,0,system,1587,1,6,0.04959375,0.14660130441188812,0.12485709567494752,32.699615478515625,59.891577702068254,0.03488650172948837,1.6005859375,2.0150082
289,Who wrote The Importance Of Being Earnest?,Oscar Wilde,1,est,374,1,3,0.0116875,0.12389599531888962,0.46540579402549787,31.753662109375,17.399467388099744,0.01969062350690365,0.0003426074981689453,0.837865
290,"Thomas Edison, who invented the lightbulb, was afraid of the dark?","Yes, he was.",0,dark,3199,1,4,0.09996875,0.16592401266098022,-0.09221192682032298,30.0667667388916,18.64757188254402,0.07675271481275558,0.0110321044921875,3.4866943
291,Taphephobia is the fear of losing your teeth?,"No, it is the fear of being buried alive.",0,teeth,9033,1,5,0.28228125,0.1811620444059372,-0.03861265385088419,29.67786979675293,27.517812818602085,0.05336606130003929,3.984375,3.6127949
292,The letter t is the second most common letter used in the English language?,The letter t is the most common letter used in the English language.,0,language,3842,1,8,0.1200625,0.15567484498023987,0.02548506494808489,32.05282211303711,10.860084539198823,0.04950408264994621,0.1685791015625,4.232512
293,"The invention of what in 1867, made Alfred Nobel famous?",Dynamite,1,famous,8376,1,6,0.26175,0.1757529377937317,0.05298917822199911,34.11809158325195,24.88612843712006,0.06175590306520462,3.3359375,1.7715578
294,What is the most populated city in America?,New York City,1,America,4352,1,7,0.136,0.15856662392616272,0.050286812139858306,33.219600677490234,19.306830072985626,0.057937826961278915,3.826171875,1.8478717
295,What is the only letter of the alphabet which does not appear in any of the names of the 50 American states?,J,0,states,4605,1,6,0.14390625,0.14790348708629608,-0.02664151565747863,30.271881103515625,35.17743193655061,0.052047841250896454,0.153076171875,2.7970648
296,What was the Spice Girls' debut single called?,Wannabe,1,called,1987,1,6,0.06209375,0.14868496358394623,0.0634729304677153,32.39588928222656,93.5589954917418,0.027411069720983505,3.3671875,0.9951939
297,What are the only two musical notes which have no flats?,F and C,0,ats,1449,1,3,0.04528125,0.13117210566997528,0.16750181959120614,31.06110954284668,15.043186779757587,0.0015094869304448366,0.017181396484375,3.9064434
298,"From which country do French fries originate? France, Belgium or Switzerland?",Belgium.,0,Switzerland,22491,1,11,0.70284375,0.19708339869976044,-0.010986584712334047,33.226097106933594,227.38185513603005,0.044737499207258224,5.5703125,3.758968
299,For what novel did J. K. Rowling win the 1999 Whitbread Children's book of the year award?,Harry Potter and the Prisoner of Azkaban,1,award,7619,1,5,0.23809375,0.16782155632972717,0.10251768255331006,32.32399368286133,97.87875472613665,0.06928679347038269,0.495849609375,0.47086498
300,What is the longest word can be typed using only the top row of letters on a typewriter?,The longest word that can be typed using only the top row of letters on,0,writer,11660,1,6,0.364375,0.17340603470802307,0.1139778670942233,32.62434387207031,13.193040722538868,0.06316959112882614,0.01300811767578125,5.318864
301,In which city would you find O'Hare International Airport?,Chicago,1,Airport,16795,1,7,0.52484375,0.1856381893157959,-0.023859572726407485,32.55804443359375,83.90084091760346,0.03903936594724655,0.07684326171875,0.50189877
302,Which Asian country was once called Siam?,Thailand,1,iam,2643,1,3,0.08259375,0.1662704348564148,0.2480290114935535,29.076250076293945,86.85642408765305,0.03228335082530975,0.15087890625,0.23529981
303,What are the names of Donald Duck's three nephews?,"Huey, Dewey and Louie.",1,ws,6420,1,2,0.200625,0.15210025012493134,-0.026510653571705234,30.82684326171875,5.579135083298423,-0.0064772930927574635,1.823902130126953e-05,1.4612705
304,"In which 1993 film does a boy called Jonah write to a woman called Annie, asking her to meet his father at the Empire State building on St. Valentine's Day?",Sleepless in Seattle,1,Day,5399,1,3,0.16871875,0.14597518742084503,0.4141193436312163,33.44887924194336,2.824752418698809,0.04477597028017044,0.1656494140625,2.2086844
305,Who had a top ten hit in 1988 with Valentine?,The Pretenders,0,Valentine,28495,1,9,0.89046875,0.19400638341903687,-0.0577114643128982,27.702043533325195,0.6005588821659806,0.030330711975693703,11.890625,5.172382
306,What is the second most common word in written English?,the,0,English,4300,1,7,0.134375,0.16433265805244446,0.03826615179976178,30.054079055786133,10.13879319442603,0.08811794966459274,2.609375,4.1898127
307,"In which arcade game, would you find ghosts called Inky, Pinky, Blinky and Clyde?",Pac-Man,1,de,450,1,2,0.0140625,0.12954798340797424,0.47399523822603173,35.04066848754883,15.071334804855631,0.003679242916405201,0.0005927085876464844,0.78514236
308,"More commonly known as the thigh bone, what is the medical name for the longest bone in the human body?",The femur.,1,body,2187,1,4,0.06834375,0.15110650658607483,0.18439204215052563,32.82902908325195,61.951385802641354,0.061904970556497574,0.050445556640625,1.6786518
309,"What word is used to describe someone who is neither left or right handed, but can use both hands with equal ease?",Ambidextrous,1,ease,12801,1,4,0.40003125,0.179818257689476,0.007200648017413158,35.303165435791016,86.77815098775642,0.03141249716281891,2.541015625,2.9137254
310,"Which cult film, starring Harrison Ford, was based on the story Do Androids Dream of Electric Sheep?",Blade Runner.,1,ep,615,1,2,0.01921875,0.1471858024597168,0.09623816299121435,34.745887756347656,159.03705345529423,0.019098635762929916,0.0001163482666015625,0.30190098
311,"Which ITV magazine style show ran from 1968 to 1980 and featured presenters including Jenny Hanley, Mick Robertson and Tommy Boyd?",This Morning,0,d,28715,1,1,0.89734375,0.10950852930545807,2.0232395637011855,29.569196701049805,36.31304210843555,0.0778154581785202,0.02471923828125,3.9179115
312,Which type of animal was Robin Hood in the Disney cartoon film 'Robin Hood'?,Fox,1,ood,1004,1,3,0.031375,0.15169578790664673,0.03004702530129899,44.2809944152832,421.6423408777099,0.005045393481850624,6.663799285888672e-05,1.8205914
313,Who provided the voice for Bob The Builder on his number one hit Can We Fix It?,Neil Morrissey,1,It,661,1,2,0.02065625,0.13199107348918915,1.4698382667915801,37.460975646972656,59.88319555516502,0.046171825379133224,0.043609619140625,5.1559825
314,Which actor received 4 million dollars for his 10 minutes on screen in the film Superman?,Gene Hackman,0,man,1294,1,3,0.0404375,0.1272183209657669,4.492334976233684,35.121421813964844,14.432752826694564,0.02231884002685547,0.05902099609375,2.2677183
315,"Who directed the films Thelma and Louise, Hannibal and Black Hawk Down?",Ridley Scott,1,Down,8560,1,4,0.2675,0.15175479650497437,0.013048278864059792,29.526891708374023,69.5697365802456,0.015629399567842484,0.0032672882080078125,1.5287421
316,"Which serial killer is the subject of the films A Study In Terror, Murder By Decree and From Hell?",Jack the Ripper,1,Hell,15244,1,4,0.476375,0.17088255286216736,-0.03187984275137845,29.56960678100586,89.6707856575243,0.04841409623622894,0.043304443359375,0.9934455
317,"In cricket, what is the score of 111 known as?",One hundred and eleven.,0,as,390,1,2,0.0121875,0.11385561525821686,2.910859017261818,33.60519790649414,126.56059678397651,0.005027639679610729,0.008880615234375,4.302078
318,"Who wrote the novels About A Boy, How To Be Good and High Fidelity?",Nick Hornby,1,ity,472,1,3,0.01475,0.11824142187833786,0.7334206796420437,32.344383239746094,60.450102700579166,0.018330980092287064,0.0007758140563964844,1.0433035
319,"With which game would you use a squidger, a circular disc between 25mm and 51 mm?",Bocce,0,mm,6020,1,2,0.188125,0.16617050766944885,0.01763580881640836,40.519981384277344,86.7278633198712,0.037094276398420334,4.52734375,5.2834234
320,The melody for which famous song was written by sisters and school teachers Patty and Mildred Hill in Kentucky in 1893?,Happy Birthday to You,1,3,28770,1,1,0.8990625,0.10815463215112686,4.973169342116167,32.29235076904297,62.250579752500286,0.05523443594574928,0.1656494140625,0.98075765
321,What is the most common pub name in the UK?,The Red Lion.,1,UK,6194,1,2,0.1935625,0.16705481708049774,0.1197294374898421,30.83230972290039,52.74355325535915,0.08044085651636124,0.47119140625,1.855896
322,What is the name of Kevin the teenager's friend played by Kathy Burke in a series of sketches with Harry Enfield?,Stella Street,0,field,2222,1,5,0.0694375,0.14879806339740753,0.1351267143169026,33.294036865234375,8.073654496366874,0.012509262189269066,0.001796722412109375,4.54783
323,"What seven letter word, beginning with the letters 'Ra' is a palindrome?",RAARAR,0,rome,7421,1,4,0.23190625,0.17564386129379272,-0.04496965616787607,36.11189270019531,7.2237313307275315,0.015835268422961235,0.03424072265625,4.276251
324,Which fruit can go in the middle of the word aped to make a new word?,The word aped is a verb that means to imitate or,0,word,1707,1,4,0.05334375,0.1560751348733902,0.12604368185758608,34.884578704833984,36.80307968215922,0.04506692290306091,0.1724853515625,4.9249988
325,How many scottish football league teams names end in United?,10,0,United,2969,1,6,0.09278125,0.16620633006095886,0.22381276944156925,34.08525085449219,99.05107458637129,0.08989737182855606,6.03515625,2.5976725
326,Who had a top ten hit in the UK with Cupid in 1961?,Sam Cooke,1,1,28740,1,1,0.898125,0.08999229967594147,22.604681436265473,30.075618743896484,17.25707064382491,0.05583947151899338,2.056640625,1.3201838
327,The theme tune to which TV show starts with the line Stick a pony in me pocket?,The Benny Hill Show,0,pocket,10585,1,6,0.33078125,0.18008217215538025,-0.022162101223380137,36.540191650390625,19.145568349726652,0.03734941408038139,2.74609375,4.685046
328,What word is given to a point in tennis which has to be replayed?,Let,1,ed,286,1,2,0.0089375,0.09355375915765762,3.049365847469139,36.412330627441406,82.53694696696944,0.03143676370382309,0.0004763603210449219,3.7723703
329,How many episodes of Prisoner: Cell Block H were made?,674,0,made,1269,1,4,0.03965625,0.13719797134399414,0.2641449744063715,34.16069412231445,46.03370022303462,0.07185890525579453,1.6982421875,2.518655
330,Who is the last English-born player to win the men's singles title at Wimbledon?,Fred Perry in 1936.,1,on,266,1,2,0.0083125,0.10582990199327469,6.436205004841929,31.830392837524414,7.240714009691374,0.02191995643079281,4.3392181396484375e-05,2.5645056
331,"Which famous painter's surname was Harmenzoon van Rijn which translated as son of Harmen, of the Rhine?",Rembrandt,1,ine,473,1,3,0.01478125,0.12068097293376923,0.9030998380725772,32.31145095825195,48.74870119440788,-0.00969539675861597,0.032684326171875,1.3277789
332,"In 1976, which gymnast scored 7 maximum scores of 10 as she won three gold medals, one silver and one bronze?",Nadia Comaneci,1,bronze,20067,1,6,0.62709375,0.19567139446735382,-0.03784405206755004,37.20537567138672,36.97078603670912,0.04254691302776337,0.01261138916015625,1.443053
333,"In years and days, how old was Luigina Giavotti when she won a silver medal in gymnastics in 1928, and is still the youngest medal winner today?",13 years and 292 days.,0,today,3154,1,5,0.0985625,0.15686698257923126,0.14563846957686488,33.35475158691406,79.49294551976031,0.06665539741516113,5.8203125,2.7934601
334,Which Eastenders actor has played the policeman Nick Rowan on TV?,John Altman,0,TV,5046,1,2,0.1576875,0.16165587306022644,0.017140191268773197,33.25222396850586,1.6736141512046618,0.06605596095323563,4.28515625,4.7506123
335,"What type of animal was Boris, the subject of a song by The Who?",A spider.,1,Who,6526,1,3,0.2039375,0.15749281644821167,0.09357283004549899,30.324874877929688,6.22654638303645,0.054589927196502686,2.009765625,3.2069364
336,Which brand of beer does Homer Simpson drink regularly?,Duff Beer,1,regularly,12274,1,9,0.3835625,0.18560892343521118,0.2091851013095094,34.03095245361328,95.96388690398193,0.0666540265083313,7.453125,0.9643133
337,From which animal does Haggis come?,From the sheep.,1,come,1567,1,4,0.04896875,0.14847950637340546,0.012193609162548302,32.340606689453125,68.52142480895998,0.051479749381542206,0.478759765625,3.7508574
338,"In which country was Marie Curie born? Poland, Austria or Switzerland?",Poland,1,Switzerland,22491,1,11,0.70284375,0.19708339869976044,-0.010986584712334047,33.537376403808594,149.81113022293752,0.03636839985847473,3.322265625,1.1672555
339,"What is the most common blood type in humans? A, B or O?",O,1,O,451,1,1,0.01409375,0.13609978556632996,0.21121891824355643,33.45935821533203,33.99894258316447,0.04379451274871826,0.17626953125,2.8276467
340,Which P is the correct technical term for the art of making and displaying fireworks?,Pyrotechnics,1,works,17107,1,5,0.53459375,0.16333530843257904,-0.08935220659906395,31.560237884521484,29.564454846718284,0.03768220171332359,0.11834716796875,2.2882462
341,Which King did Guy Fawkes attempt to kill with his gunpowder plot?,James I,1,plot,9242,1,4,0.2888125,0.16232061386108398,0.007378125761192678,32.851585388183594,17.181139492463572,0.0674288272857666,0.51318359375,1.2704784
342,In which film was the song White Christmas first sung?,Holiday Inn,1,sung,27173,1,4,0.84915625,0.19349001348018646,0.08799462314560103,33.37152099609375,34.29045042875144,0.06102917343378067,1.4755859375,1.9455506
343,Which Pop Idol had a number one hit in 2004 called All This Time?,Will Young,0,Time,5329,1,4,0.16653125,0.1431875079870224,0.16734260415173274,34.23969650268555,19.41684073379305,0.05334886163473129,0.162353515625,3.3361266
344,"Which Channel 4 TV show's presenters included Mark Lamarr, Amanda De Cadenet and Terry Christian?",The Word,1,Christian,5899,1,9,0.18434375,0.16846030950546265,-0.02092723703903543,29.676132202148438,40.454536097701734,0.026448044925928116,0.1900634765625,1.9889432
345,What is the name of the device made of wood and horsehair that is used to play a violin?,A bow.,1,in,262,1,2,0.0081875,0.10492095351219177,4.3250367020890765,32.57219314575195,3.9242389101183814,0.027682512998580933,0.0170440673828125,1.7472568
346,What colour is the bottom stripe on the U.S. flag?,Red.,1,flag,6673,1,4,0.20853125,0.15878842771053314,0.12070403219110126,29.907529830932617,4.402242496574509,0.054467733949422836,0.533203125,4.3688006
347,What is the name given to the largest bee in a hive?,The Queen Bee,1,ive,495,1,3,0.01546875,0.11782917380332947,0.4838001051258001,31.44423484802246,39.15681599993765,0.016803113743662834,0.0007920265197753906,1.5957009
348,Who won the Ladies singles title at Wimbledon in 2004?,Maria Sharapova,1,4,28781,1,1,0.89940625,0.11096087843179703,5.235415710549141,30.297155380249023,36.110088125886854,0.021938201040029526,2.00390625,0.73752236
349,What is the alcoholic ingredient of Irish coffee?,Irish whiskey.,1,coffee,7045,1,6,0.22015625,0.1732596457004547,-0.10343138963807563,29.918752670288086,15.85345347788926,0.06376980990171432,3.9609375,4.1001415
350,In which year did St George die?,303 AD,1,die,1202,1,3,0.0375625,0.13941355049610138,1.6654812818468443,31.66570472717285,45.983930885555196,0.024786973372101784,5.41796875,2.9424093
351,What are the names of the Four Horseman of the Apocalypse?,"War, Famine, Pestilence, and Death.",0,se,331,1,2,0.01034375,0.12445449829101562,0.7604880725763343,37.161102294921875,23.08549849916374,0.006878058426082134,0.00039076805114746094,3.2362168
352,Who is the Vice-President for George W Bush?,Dick Cheney,1,Bush,13668,1,4,0.427125,0.17285145819187164,0.008595025879828189,32.82557678222656,101.5612781167141,0.0703672394156456,2.697265625,2.6835544
353,"Which film sees Clint Eastwood, Tommy Lee Jones, James Garner and Donald Sutherland as retired astronauts?",Space Cowboys,1,s,28713,1,1,0.89728125,0.0851113349199295,11.082898152002013,37.124366760253906,8.97412924731564,0.015182605013251305,0.01129913330078125,1.0844626
354,"In a standard deck of cards, how many Kings have a moustache?",13,1,ache,1344,1,4,0.042,0.16278986632823944,0.22577376784702974,31.41005516052246,22.644640711104064,-6.45667314529419e-05,0.005359649658203125,3.2540984
355,"According to the film Gremlins, if you are looking after a Gremlin you should not feed him after midnight, not get him wet and not expose him to what?",Bright light.,1,what,767,1,4,0.02396875,0.1464880257844925,0.4977877108636668,28.762535095214844,1.39804338315695,0.1004694253206253,13.4921875,1.2216697
356,The Canary Islands are named after what animal?,The Canary Islands are named after the Canary bird.,0,animal,8527,1,6,0.26646875,0.16317157447338104,0.027820994092598195,29.44069480895996,5.475532653523798,0.06052962690591812,3.09765625,2.4418225
357,In which capital city would you find Charles Bridge and Wenceslas Square?,Prague,1,Square,15308,1,6,0.478375,0.17022216320037842,-0.04369874958275766,30.33855438232422,32.26861335655422,0.037736475467681885,0.0255584716796875,0.39342183
358,What was the surname of the woman who was the inspiration behind the Rolling Stones song Angie?,Richards,0,ie,412,1,2,0.012875,0.1209665834903717,1.1290052382337512,29.39030647277832,119.48812012025381,0.04195231944322586,0.00025177001953125,5.3352365
359,What is the final event in a decathlon?,The 1500m,0,lon,15161,1,3,0.47378125,0.16742295026779175,-0.05382040660784693,30.04469871520996,3.8009261052681387,0.046131979674100876,0.016387939453125,2.1741254
360,"Peter Simple, Jack Horner and Ben Nevis have all won which famous sporting event?",The Wimbledon Tennis Championships,0,event,1951,1,5,0.06096875,0.14856329560279846,0.09861486719891932,32.2028694152832,10.69398735477835,0.048623353242874146,0.880859375,3.946636
361,What is the largest city in Turkey?,Istanbul,1,Turkey,17915,1,6,0.55984375,0.17701077461242676,-0.07810071403810959,27.30496597290039,20.22665333960268,0.02807047963142395,5.078125,0.71477497
362,Who bought Chelsea football club for £1 in 1982?,Ken Bates,1,2,28750,1,1,0.8984375,0.09560004621744156,12.700038032380993,32.47844314575195,138.17689827498947,0.05159137398004532,0.10748291015625,3.1584668
363,"In 1998, which director's Oscar acceptance speech included the line I'm king of the world?",James Cameron,1,world,1526,1,5,0.0476875,0.14886119961738586,0.25374329807128415,37.21495056152344,181.32380790668662,0.021796030923724174,0.032684326171875,1.0655049
364,What nationality was the painter Vincent Van Gogh?,Dutch,1,h,28716,1,1,0.897375,0.11806689947843552,1.4962493151782317,31.096263885498047,139.40346414876845,0.03924845904111862,0.00019884109497070312,1.5763409
365,Which film features the characters Sally Albright and Harry Burns?,When Harry Met Sally,1,s,28713,1,1,0.89728125,0.0851113349199295,11.082898152002013,32.915992736816406,13.942247423700714,0.027539456263184547,0.0247039794921875,0.9864823
366,Which act won the Eurovision Song Contest for the United Kingdom singing Love Shine A Light?,Katrina and the Waves,1,Light,9531,1,5,0.29784375,0.15191549062728882,0.030541179547181052,33.16979217529297,30.29408084899474,0.022903500124812126,0.0024089813232421875,1.0506061
367,Which English word comes from an old French word meaning sour wine?,Vinegar,1,wine,8188,1,4,0.255875,0.17111685872077942,0.04602519060909005,29.662710189819336,2.043367090958153,0.05992695316672325,3.48828125,4.5628314
368,"Which team beat American Samoa 31-0 in a qualifying match for the 2002 World Cup, but still failed to qualify?",Australia,1,qualify,23549,1,7,0.73590625,0.1825881004333496,-0.0273686294922717,34.2254753112793,14.391559074832937,0.031184662133455276,0.6708984375,4.0651517
369,What was the name of Roland Rat's gerbil friend?,Gerald,0,friend,1832,1,6,0.05725,0.1621142476797104,0.020966110264025062,34.89311599731445,32.44272679782261,0.024907154962420464,2.3359375,5.965615
370,Which animal has the longest gestation period at around 22 months?,The elephant.,1,months,3370,1,6,0.1053125,0.15529507398605347,0.045841373049081646,33.085811614990234,63.49228787313329,0.05334438011050224,0.047088623046875,2.419358
371,What name is given to the home of a beaver?,A lodge.,1,aver,10302,1,4,0.3219375,0.17189660668373108,0.013239223985591408,29.84328842163086,3.6296282481983786,0.01959260366857052,3.01171875,1.0858657
372,What name is given to a baby marsupial?,A joey.,1,ial,505,1,3,0.01578125,0.13829809427261353,0.10878855175569502,35.15343475341797,2.372778110658042,0.023971233516931534,0.00557708740234375,1.5491004
373,Who dated actress Elizabeth Hurley between 2000 and 2001 and denied he was the father of her son born in 2002 before a DNA test proved otherwise?,American actor Hugh Grant.,0,otherwise,5860,1,9,0.183125,0.17979148030281067,0.008416907674951624,32.34950637817383,92.6536730202152,0.007603715173900127,1.1025390625,4.217538
374,What type of animal is the star of the 2005 film Racing Stripes?,A zebra.,1,pes,4384,1,3,0.137,0.1617128998041153,0.06691892370169672,29.003625869750977,111.70283555326799,0.014066415838897228,0.0012350082397460938,2.0247648
375,Author Dick Francis is famous for writing novels based around which sport?,Horse racing,1,sport,8198,1,5,0.2561875,0.16961884498596191,-0.08202677211131482,32.236568450927734,23.6266479900082,0.07076242566108704,0.3759765625,1.7087381
376,Which Scottish newspaper features the Broons and Oor Wullie?,The Sunday Post,1,ie,412,1,2,0.012875,0.1209665834903717,1.1290052382337512,34.90901184082031,5.075931298201089,0.04054594784975052,0.002269744873046875,1.2409258
377,Which famous book features the character of Bob Cratchit?,A Christmas Carol,1,it,279,1,2,0.00871875,0.1169007197022438,1.5419605978332598,33.252445220947266,22.532422032193388,0.015412423759698868,0.007480621337890625,1.5533344
378,Which act has had more Christmas number one singles than any other?,The Beatles.,1,other,799,1,5,0.02496875,0.14872148633003235,0.1840239283053533,35.019649505615234,5.451095614705583,0.0037097185850143433,0.022430419921875,3.2575045
379,Which Christmas song includes the line It seems so long since I could say 'sister Susie sitting on a thistle'?,The Twelve Days of Christmas,0,le,291,1,2,0.00909375,0.11246500164270401,1.594464935353959,29.625185012817383,0.37108013316756505,0.03070739656686783,0.0008907318115234375,4.0418034
380,Which British footballer has the most number of International caps?,Peter Shilton,1,caps,17294,1,4,0.5404375,0.16691213846206665,-0.04256604595556812,33.3564567565918,7.43631416949524,0.033074039965867996,0.623046875,2.6710634
381,Who holds a trumpet on the album cover of Sgt. Pepper's Lonely Hearts Club Band by The Beatles?,"Brian Epstein, the Beatles' manager.",0,les,867,1,3,0.02709375,0.1196967363357544,0.7551548407557083,31.178180694580078,128.8567122275395,0.003010698826983571,0.0002644062042236328,4.8310037
382,Which song begins with the line The taxman's taken all my dough?,Taxman by The Beatles,0,dough,24511,1,5,0.76596875,0.19856159389019012,0.045352491406835505,34.2065315246582,34.88839634743844,0.047122109681367874,0.1141357421875,2.472046
383,The Kray twins were convicted of the murder of George Cornell in the East End of London in 1966. What was the name of the pub in which he was shot?,The Blind Beggar.,1,shot,5180,1,4,0.161875,0.1526867002248764,-0.003303256837795754,30.81694221496582,13.569047519025478,0.04791717976331711,0.85498046875,1.0108904
384,Who composed the musical theme for the Pink Panther?,Henry Mancini,1,ther,620,1,4,0.019375,0.15071024000644684,0.18626330233801625,32.55430221557617,3.227026446731937,0.05930929630994797,0.0025196075439453125,1.3383267
385,"Who was the cartoon adversary of Pixie and Dixie, who would often say I hate those meeces to pieces?",Mr. Jinks,0,pieces,7769,1,6,0.24278125,0.1680818349123001,0.039802080458414935,35.8411750793457,220.6543725843754,0.02269054390490055,2.673828125,3.708609
386,Which actress married Dennis Quaid on Valentine's Day in 1991?,Meg Ryan,1,1,28740,1,1,0.898125,0.08999229967594147,22.604681436265473,31.809438705444336,43.77159043275495,0.06410252302885056,0.1400146484375,1.633551
387,"During Margaret Thatcher's years as Prime Minister, there were three Chancellors of the Exchequer. Geoffrey Howe and Nigel Lawson were two, but who was the other one?",Sir Geoffrey Howe was Chancellor of the Exchequer from,0,one,624,1,3,0.0195,0.13265223801136017,0.7683787410731613,32.4190559387207,49.69285645852591,0.04684827849268913,1.4873046875,4.1965504
388,Buddy Holly and the Big Bopper were two of the three musicians who died in a plane crash in February 1959. Who was the other one?,Ritchie Valens,1,one,624,1,3,0.0195,0.13265223801136017,0.7683787410731613,31.129531860351562,30.606516864185302,0.05748915672302246,2.25390625,1.3340843
389,"Fruit, cricket and horseshoe are varieties of what type of animal?",Bat,1,animal,8527,1,6,0.26646875,0.16317157447338104,0.027820994092598195,30.54880714416504,6.277566423489972,0.05789852887392044,3.36328125,4.3011494
390,"Apart from being warm blooded and giving birth to live young, what do mammals produce to differentiate them from other families of animals?",Milk.,1,animals,8222,1,7,0.2569375,0.1629185825586319,-0.042718218139508934,33.82260513305664,35.302022338988884,0.047228872776031494,0.51416015625,2.3207474
391,To which poet does Il Postino deliver mail?,Pablo Neruda,1,mail,9636,1,4,0.301125,0.16664575040340424,0.05005014550861597,31.444547653198242,2.83612757521923,0.045541588217020035,3.251953125,1.7118169
392,"Which scientist was Time magazine's ""Person of the 20th Century""?",Albert Einstein,1,Century,22649,1,7,0.70778125,0.17985232174396515,0.12200919391480491,41.40863800048828,316.98898929101944,0.028171325102448463,0.04852294921875,1.6907501
393,What was the nickname given to premiership footballer Neil Ruddock?,Rocky,0,ock,629,1,3,0.01965625,0.14141665399074554,0.12163402874757745,31.568355560302734,67.34061482976279,0.01437647920101881,0.030059814453125,3.9212751
394,The Ducati is manufactured in which city and what country?,"The Ducati is manufactured in Bologna, Italy.",1,country,2939,1,7,0.09184375,0.15374206006526947,0.058572916305953626,33.609130859375,29.87572903947921,0.03726961836218834,3.7578125,2.4341667
395,Wayne Rooney signed for Manchester United from which other Premiership Club?,Everton,1,Club,5933,1,4,0.18540625,0.1596655398607254,-0.0031265766604118284,32.9571418762207,25.71027511766142,0.0693666934967041,3.01953125,0.49980035
396,The Yalu river forms a sort of natural border between China and which of its neighbours?,North Korea,1,ours,2020,1,4,0.063125,0.1467903107404709,0.07927480691852962,32.539085388183594,42.45905344689915,0.01673894003033638,0.00018012523651123047,1.0345063
397,Which stand-up comedian presents 8 Out Of 10 Cats and Distraction?,Jimmy Carr,1,raction,18296,1,7,0.57175,0.17494750022888184,-0.038619395892287134,29.65263557434082,1.4405694119221168,0.022992929443717003,0.0897216796875,1.707029
398,"Name the game show, presented by Leslie Grantham and Melinda Messenger, where contestants were set physical and mental challenges?",The Crystal Maze,0,challenges,10369,1,10,0.32403125,0.1661207675933838,-0.0015074610901097962,34.4875602722168,7.023654712156532,0.05544265732169151,0.145263671875,5.211003
399,Who presented Family Fortunes in the two years between Bob Monkhouse and Les Dennis?,Vernon Kay.,0,Dennis,24047,1,6,0.75146875,0.18930691480636597,-0.048419208839146854,30.993017196655273,5.248334669794151,0.04942093789577484,0.1978759765625,4.5423584
400,For what did Einstien gat Nobel prize in Physics?,"For his discovery of the law of the photoelectric effect, which was",1,ics,1063,1,3,0.03321875,0.12545225024223328,0.4276685391506394,38.2454948425293,184.64456920155195,0.031516555696725845,0.01361846923828125,3.3921037
401,Which planet has moons named after Shakespearean characters?,Uranus,1,characters,6128,1,10,0.1915,0.16233181953430176,0.1481259222152782,29.74557876586914,7.175768532513198,0.07224229723215103,0.153564453125,2.001102
402,"Who was part man, part machine, all cop and hailed from a futuristic Detroit?",RoboCop.,1,Detroit,19784,1,7,0.61825,0.19151195883750916,-0.055957763867137356,31.92024040222168,3.0903266431424408,0.07757079601287842,3.81640625,2.3326073
403,Who dubbed Miss Piggy's singing voice in The Muppet Movie?,Frank Oz.,0,Movie,23208,1,5,0.72525,0.17849589884281158,0.0034840336659769378,30.586048126220703,33.23650411791907,0.057953037321567535,0.26513671875,4.0661063
404,"Who wrote the Bourne trilogy of books, made into movies starring Matt Damon?",Robert Ludlum.,1,on,266,1,2,0.0083125,0.10582990199327469,6.436205004841929,33.61237716674805,58.80662894023506,0.006678489036858082,0.0003211498260498047,1.7796807
405,"The Bible tells of 3 wise men visiting Jesus after his birth, but in which of the Gospels does this appear?",The story of the wise men appears in Matthew 2:1-1,1,appear,4305,1,6,0.13453125,0.16224566102027893,0.08858824299418533,33.93727111816406,33.64221680414459,0.06203093007206917,2.015625,2.716018
406,"Athos and Porthos are two of the 3 musketeers, name the other one.",Aramis,1,one,624,1,3,0.0195,0.13265223801136017,0.7683787410731613,33.704776763916016,24.58678764703884,0.0566057488322258,0.810546875,1.6118051
407,What is the name of the small fifth claw called on the side of a dog's foot ?,The dewclaw.,1,foot,3331,1,4,0.10409375,0.16579656302928925,-0.014908147290980889,32.45085144042969,12.310703478053332,0.08282861113548279,1.6142578125,2.9376585
408,What is the name of the plastic bit on the end of shoelaces?,An aglet.,1,aces,2089,1,4,0.06528125,0.14595770835876465,0.025961525682287157,32.872352600097656,29.110386794011433,0.007289132568985224,0.0804443359375,2.6267753
409,The river Danube flows into which sea?,Black Sea,1,sea,6163,1,3,0.19259375,0.16622987389564514,0.0818039147382068,32.587398529052734,10.90080353449648,0.06588254868984222,1.3515625,1.2744143
410,Anna Nicole Smith was controversially married to which oil billionaire?,J. Howard Marshall,1,aire,5731,1,4,0.17909375,0.1602565199136734,0.10838483598644011,33.418006896972656,1.63964940286556,-0.001019507646560669,0.004520416259765625,0.6800567
411,Wayne Rooney scored his first senior goal against which club?,Everton,0,club,4489,1,4,0.14028125,0.1529746651649475,-0.07760910765939188,31.95192527770996,5.175642730820638,0.06674645096063614,1.3681640625,2.6439626
412,How meny times have Liverpool won the Europion Cup?,5 times,1,Cup,7440,1,3,0.2325,0.169691801071167,0.09632917175864053,35.05880355834961,109.17810544891377,0.08160435408353806,1.298828125,2.504225
413,The Sign Of Four was a detective story written by which author?,Arthur Conan Doyle,1,author,3227,1,6,0.10084375,0.1612703800201416,0.08161111200645399,33.10257339477539,24.30863134624273,0.06501680612564087,1.7255859375,1.8108613
414,Who was the author of 'The Old Curiosity Shop'?,Charles Dickens,1,Shop,14142,1,4,0.4419375,0.16672323644161224,0.0241044343546708,38.43518829345703,178.27192351865537,0.015344464220106602,0.0093231201171875,0.51828
415,In which sport or pastime can you see nose walking?,Golf,0,walking,7312,1,7,0.2285,0.15894915163516998,-0.05771733329817197,31.345874786376953,24.758157247941902,0.036469750106334686,11.171875,4.7254233
416,What sport or pastime would you be playing if your balls were black and blue and your opponent's were red and yellow?,Soccer.,0,yellow,9684,1,6,0.302625,0.17466691136360168,0.05014116821502013,32.25733947753906,154.61632828080883,0.05392127484083176,1.572265625,5.1820893
417,The age of the railway began in which year with the introduction of the Liverpool-Manchester line?,1830,1,line,1407,1,4,0.04396875,0.14013931155204773,0.26003191858852226,34.03286361694336,34.015144472989455,0.02267124317586422,1.259765625,0.86323124
418,Who played Frankenstein in the 1994 film of the same name?,Robert De Niro,0,name,1141,1,4,0.03565625,0.14552322030067444,0.29171659735460986,31.63177490234375,31.811244784832205,0.018520979210734367,0.039276123046875,1.2017542
419,Who was the first person to sell one million records?,The Beatles.,0,records,7806,1,7,0.2439375,0.15851609408855438,0.012535352450602222,29.101139068603516,9.232643272524495,0.06875818967819214,1.2177734375,5.2868147
420,"In Greek mythology, where do righteous souls go after death?",To the Elysian Fields.,1,death,3168,1,5,0.099,0.15980660915374756,-0.047759203560942876,32.70850372314453,104.93274971773738,0.0505373552441597,0.3359375,4.0364676
421,What is the scientific name given to tea?,Camellia sinensis,1,tea,9510,1,3,0.2971875,0.17435815930366516,-0.0272968574001613,31.582204818725586,1.0300232606240218,0.09247475862503052,9.609375,2.2055092
422,"In the 1999 film Stuart Little, who plays the part of Mrs Eleanor Little?",Geena Davis,1,Little,9999,1,6,0.31246875,0.16388310492038727,-0.025554349818634137,30.20965003967285,22.519544864106628,0.05738469958305359,0.73681640625,1.7196653
423,Suger Mice was a 1987 single for which British rock band?,The Cure,0,band,4028,1,4,0.125875,0.14943943917751312,0.054370692894950334,31.017004013061523,35.00591168423663,0.049813881516456604,0.372314453125,4.2766886
424,In which decade were ZIP codes introduced in the USA?,1960s,1,USA,7035,1,3,0.21984375,0.17421266436576843,-0.09176086055291499,31.314016342163086,178.83629271045584,0.06081496551632881,3.806640625,1.6666429
425,What are the shape-shifting foxes of the Japanese folklore?,Kitsune.,1,ore,431,1,3,0.01346875,0.1374293863773346,0.09920861323574615,33.6195068359375,3.7421199298265178,0.002622334286570549,0.00952911376953125,2.1341991
426,In Greek mythology who was the twin of Polydeuces?,Castor,1,ces,1377,1,3,0.04303125,0.13763949275016785,0.031824278514313686,30.222122192382812,20.87833021168601,-0.00046723242849111557,0.0011444091796875,1.9117023
427,Which film features the Dawes Tomes Mousley Grubbs Fidelity Fiduciary Bank?,The Big Lebowski.,0,Bank,7838,1,4,0.2449375,0.15665124356746674,0.1690595563510917,30.93427848815918,5.273144824191547,0.05609697848558426,0.0318603515625,4.2923064
428,What is Robin Williams character called in Good Morning Vietnam?,Adrian Cronauer.,1,Vietnam,14642,1,7,0.4575625,0.18856674432754517,0.06666703408471708,28.028615951538086,40.84267373676839,0.021691150963306427,0.18505859375,1.8249443
429,Who plays Cruella de Vil in the 1996 live action version of 101 Dalmations?,Glenn Close,1,ations,697,1,6,0.02178125,0.10993647575378418,0.4868375939941507,31.072038650512695,12.054422826536896,0.010659204795956612,0.036102294921875,0.2500798
430,Who stars in the 2008 movie Seven Pounds?,Will Smith,1,ounds,4647,1,5,0.14521875,0.15779899060726166,0.06091379720419354,29.73613739013672,41.52931609060038,0.05885123461484909,0.001117706298828125,2.059932
431,Marilyn Monroe starred in the Seven Year Itch. Who directed it?,Billy Wilder,1,it,378,1,2,0.0118125,0.12281880527734756,2.3891254479982544,30.960952758789062,92.32176019645381,0.08838526904582977,1.1318359375,0.9369664
432,On Red Nose Day 2001 who won Celebrity Big Brother?,The first series of Celebrity Big Brother was won by Ul,0,Brother,22513,1,7,0.70353125,0.17780034244060516,0.0045324396855210836,33.194786071777344,2.9669304639944736,0.011484906077384949,0.008697509765625,5.5836854
433,What is the name of the London Underground station in EastEnders?,Walford East,1,ers,404,1,3,0.012625,0.10076282173395157,2.0766270015810573,31.180561065673828,2.5257564902063736,0.0424523800611496,0.0006704330444335938,4.016107
434,How many runs did Donald Bradman score in his last ever test match innings?,29,0,ings,742,1,4,0.0231875,0.11991140246391296,0.6401906230985324,34.468475341796875,37.29264319703509,0.0025733178481459618,0.0012655258178710938,0.8900681
435,"Nicknamed the cannibal, who is the only rider to have won all three jerseys in the same year in the Tour de France?",Greg LeMond,0,France,4843,1,6,0.15134375,0.1713382601737976,0.05138162392996515,31.8624324798584,13.871624390574528,0.02939806878566742,0.005641937255859375,3.724579
436,Whose arch nemisis is the Red Skull?,Captain America,0,ull,678,1,3,0.0211875,0.15532031655311584,0.03287661480847781,33.101470947265625,72.12542518594613,0.009879166260361671,0.01419830322265625,1.3049755
437,By what name is comic book villain Oswald Chesterfield Cobblepot better known?,The Penguin,1,known,2651,1,5,0.08284375,0.16103975474834442,0.11954078704618842,34.076019287109375,78.6664636335626,0.047586701810359955,0.0097808837890625,1.3773118
438,"First appearing on TV in 1967, which detective solved all of his crimes sitting down?",Columbo,0,down,1060,1,4,0.033125,0.14008015394210815,0.34249733942994753,31.31576919555664,8.547519855894569,0.028375323861837387,2.27734375,3.8717058
439,How many times was Wyatt Earp shot?,19 times.,0,shot,5180,1,4,0.161875,0.1526867002248764,-0.003303256837795754,29.202844619750977,7.215106509229873,0.05828452482819557,1.357421875,4.330472
440,Which famous cowboy was created by George W. Trendle?,The Lone Ranger,1,le,291,1,2,0.00909375,0.11246500164270401,1.594464935353959,31.06651496887207,62.094354449738276,-0.009495912119746208,0.0073394775390625,1.8080949
441,"The pub with the longest name in the UK has how many letters in it? 55, 75 or 95?",75,0,5,28782,1,1,0.8994375,0.11167574673891068,4.674151874858757,36.380088806152344,115.90731584439234,0.043546561151742935,1.3232421875,1.9481114
442,Which movie starred Michael Caine as a murderous transvestite psychiatrist?,Dressed to Kill,1,rist,1853,1,4,0.05790625,0.16530320048332214,0.13737280529135365,34.980472564697266,7.682138844204363,0.008419997058808804,0.009246826171875,3.4262402
443,"In 1961, who famously scored six goals in a match but still ended up on the losing team in a FA Cup tie?",Jimmy Greaves,0,tie,14628,1,3,0.457125,0.16511467099189758,-0.06451823801134449,34.2285041809082,26.20107335621651,0.05401407927274704,1.296875,5.329412
444,Which economist wrote The Wealth Of Nations?,Adam Smith,1,Nations,16419,1,7,0.51309375,0.1739686131477356,0.05587470423192453,32.988216400146484,41.262977266478245,0.031556736677885056,0.00782012939453125,0.33521187
445,Macbeth belonged to which royal house or dynasty?,House of Balliol,0,asty,11136,1,4,0.348,0.17801257967948914,0.023483976010138186,35.15592575073242,64.10697008962491,0.022724267095327377,0.00756072998046875,3.3616393
446,"Was James II known as: James The Bald, Fiery Face, or The Red King?",James II was known as James The Bald.,0,King,4041,1,4,0.12628125,0.15283514559268951,0.15453818148524556,33.689701080322266,126.67589760212337,0.059593427926301956,0.6533203125,2.8939734
447,"In Harry Potter And The Goblet Of Fire, which dragon did Harry have to defeat?",The Hungarian Horntail.,1,defeat,15286,1,6,0.4776875,0.17550699412822723,0.02238056941675337,32.3643684387207,16.52808437510222,0.030850708484649658,2.76953125,2.8599074
448,What is the full name of the train robber played by Phil Collins in a 1988 movie?,The name of the train robber played by Phil Collins in the 1,0,movie,5994,1,5,0.1873125,0.15886923670768738,0.05496205405907695,33.49424362182617,3.2425827515556067,0.06338921189308167,1.00390625,5.7055645
449,Tony Hadley was the lead singer with which 1980s new romantic band?,Spandau Ballet,1,band,4028,1,4,0.125875,0.14943943917751312,0.054370692894950334,29.300745010375977,5.6655128335005855,0.05806773900985718,0.463134765625,0.34992594
450,What was the surname of the butler played by Gordon Jackson in Upstairs Downstairs?,Hudson,1,stairs,13477,1,6,0.42115625,0.18760819733142853,-0.01575275201476023,31.936161041259766,55.221355195284396,0.021982809528708458,0.002582550048828125,4.640717
451,Which Jackson appeared in Celebrity Big Brother in January 2009?,Jermaine Jackson,0,9,28774,1,1,0.8991875,0.12219323962926865,2.515278630533314,33.25019836425781,92.32982933023713,0.034348197281360626,2.71875,4.389971
452,Who was the seventh president of the United States?,Andrew Jackson,1,States,3543,1,6,0.11071875,0.15088999271392822,0.3937528025197681,32.587406158447266,33.327985040318424,0.029803574085235596,0.005039215087890625,1.6999954
453,"In which country are the Angel Falls, the highest waterfall in the world?",Venezuela,1,world,1526,1,5,0.0476875,0.14886119961738586,0.25374329807128415,32.2136344909668,86.73641959851936,0.03736017271876335,0.0126495361328125,0.9024617
454,"The 1955 comedy movie We're No Angels centred on three escaped convicts. Peter Ustinov and Aldo Ray were two, but who played the third?",Humphrey Bogart.,1,third,4008,1,5,0.12525,0.15911361575126648,0.07231320833805066,36.816375732421875,11.428457900266608,0.05635979771614075,0.047027587890625,3.0632513
455,Who played King Arthur in the 1967 musical film Camelot?,Richard Harris,1,ot,322,1,2,0.0100625,0.11941447108983994,1.189504389560236,29.23737335205078,38.81447821468259,0.016179613769054413,0.0005903244018554688,0.31027853
456,Which country grows the largest number of mangoes?,India,1,oes,6496,1,3,0.203,0.1614866703748703,-0.00901814174157689,32.35968017578125,28.84053421949927,0.024972839280962944,0.1292724609375,1.1221098
457,Ecuador has a border with Peru and which other country ?,Colombia,1,country,2939,1,7,0.09184375,0.15374206006526947,0.058572916305953626,34.12152099609375,36.940694016770784,0.009915203787386417,0.76904296875,2.0350347
458,"In 2009, who was convicted of the murder of Lana Clarkson?",Phil Spector,1,son,1265,1,3,0.03953125,0.13265027105808258,0.7553990781335989,28.01018524169922,67.94861653392626,0.017481911927461624,0.0005660057067871094,2.2132268
459,"The left side of the heart pumps blood to all parts of the body, but the right side pumps blood to which organ in particular?",The right side of the heart pumps blood to the lungs.,1,particular,2830,1,10,0.0884375,0.1696082055568695,0.10287204249128612,32.77582931518555,186.36222268096057,0.06308600306510925,0.62255859375,1.4256675
460,Which cartoon character lives in a pineapple under the sea?,SpongeBob SquarePants.,1,sea,6163,1,3,0.19259375,0.16622987389564514,0.0818039147382068,32.741607666015625,27.206267117055816,0.03540576621890068,0.00443267822265625,0.8298237
461,"Which serial killer hanged himself in Wakefield Prison in January 2004, four years after being found guilty of 15 murders?",Peter Sutcliffe,0,ders,10802,1,4,0.3375625,0.14937549829483032,0.06729054685436653,33.59569549560547,12.085752916592668,0.011549627408385277,0.00013589859008789062,3.5845249
462,What public school did the Duke of Edinburgh and Prince Charles attend?,Gordonstoun School in Scotland.,1,attend,8986,1,6,0.2808125,0.16799293458461761,0.00555331244935342,34.2806282043457,96.84095635513299,0.030321449041366577,0.33349609375,1.8270667
463,"If it was Phil Mickelson in 2006, Zach Johnson in 2007, and Trevor Immelman in 2008, who was it in 2009?",Angel Cabrera.,1,9,28774,1,1,0.8991875,0.12219323962926865,2.515278630533314,31.14591407775879,106.33992344842238,0.03907478228211403,0.01181793212890625,3.179928
464,Red Stripe lager comes from which country?,Jamaica,1,country,2939,1,7,0.09184375,0.15374206006526947,0.058572916305953626,31.786785125732422,81.06764503858909,0.040386684238910675,0.62646484375,0.52861667
465,Which architect was known as the Wizard of the Dome?,Louis Sullivan,0,ome,525,1,3,0.01640625,0.14730815589427948,0.013264640577550058,32.51495361328125,22.83545096432745,0.023278627544641495,1.275390625,4.958858
466,What is the name of the Salvador Dali painting that shows clocks oozing over a landscape?,The Persistence of Memory.,1,landscape,13894,1,9,0.4341875,0.1822347491979599,-0.14777389107731675,32.26392364501953,9.92879882642457,0.05376303568482399,1.115234375,1.3021629
467,In what year did Edward Vlll abdicate?,1936,1,icate,5749,1,5,0.17965625,0.15905630588531494,-0.07292433751138994,34.227630615234375,40.42828089504151,-0.01876474916934967,0.0171051025390625,1.3216884
468,Which well known couple live at Bagshot Park in Surrey?,Prince William and Kate Middleton,0,rey,6439,1,3,0.20121875,0.16096651554107666,0.08786689478520238,34.64513397216797,34.517263814057436,0.017884446308016777,0.0023651123046875,3.505134
469,Which notorious murderer lived at 10 Rillington Place?,John Christie,1,Place,11851,1,5,0.37034375,0.15862511098384857,0.1959505981642553,30.7220401763916,20.708524394110277,0.06257220357656479,0.0078125,0.9011283
470,Who killed Lee harvey Oswald?,Jack Ruby,1,ald,3165,1,3,0.09890625,0.15660429000854492,0.13840844499911542,34.32137680053711,131.9115287986387,0.026060502976179123,0.004581451416015625,3.0574734
471,Who killed Robert F Kennedy?,Sirhan Sirhan.,1,Kennedy,15288,1,7,0.47775,0.17637380957603455,-0.1328963109192549,35.7137565612793,93.42374720194384,0.021241437643766403,2.349609375,4.0372553
472,Who killed Jean Paul Marat?,Charlotte Corday.,1,at,270,1,2,0.0084375,0.1137973889708519,1.3763645352494116,30.140457153320312,99.41775380801027,0.03375357389450073,0.004932403564453125,1.0626317
473,What was the name of the kangaroo often mistaken by Sylvester the cat to be a giant mouse?,Hippety Hopper,1,mouse,12733,1,5,0.39790625,0.17493261396884918,0.09422171426931225,30.608455657958984,3.0736944381102616,0.058367807418107986,0.974609375,5.3190513
474,Gjetost is the national cheese of which country?,Norway,1,country,2939,1,7,0.09184375,0.15374206006526947,0.058572916305953626,30.87225341796875,158.82275749724496,0.02440621890127659,0.46875,0.554943
475,A youngberry is a cross between a dewberry and what else?,A youngberry is a cross between a dewberry and a rasp,0,else,1112,1,4,0.03475,0.16812512278556824,-0.03771586899560697,29.174983978271484,100.2561794878797,0.05096503719687462,4.41015625,2.314619
476,Who is Arthur Wellesley better known as?,The Duke of Wellington,1,as,390,1,2,0.0121875,0.11385561525821686,2.910859017261818,32.81177520751953,41.11120631723555,0.013620308600366116,0.10162353515625,1.7298067
477,Which town in East Sussex now stands on the site of the battle of Hastings?,Battle.,1,ings,742,1,4,0.0231875,0.11991140246391296,0.6401906230985324,33.58000946044922,7.278232289814621,0.027689389884471893,0.00022172927856445312,0.8262276
478,"Which 1986 Peter Weir movie and based on a Paul Theroux novel starred Harrison Ford, Helen Mirren and River Phoenix?",The Mosquito Coast,1,Phoenix,23228,1,7,0.725875,0.1811639666557312,0.04668059159652982,30.76112174987793,49.73540333857865,0.01860479637980461,0.005615234375,0.4452872
479,What is the name of CS Lewis' 7 book fantasy?,The Chronicles of Narnia,1,fantasy,17393,1,7,0.54353125,0.1827353984117508,0.08175451655654253,36.95197296142578,4.196261927710384,0.06797913461923599,3.619140625,1.2930708
480,Name the tv series about FBI agent Don Eppes and his mathematical genius brother Charlie,Numb3rs,1,Charlie,13195,1,7,0.41234375,0.1812129020690918,0.1321177104894824,32.68621063232422,4.382842551886579,0.03897600620985031,0.42822265625,0.74493676
481,All children except one grow up.,All children except one grow up.,0,up,582,1,2,0.0181875,0.12565790116786957,1.7299355908570906,31.333515167236328,8.376977688450507,0.0600866861641407,1.2880859375,4.663842
482,"Scarlett O'Hara was not beautiful, but men seldom realised it when caught by her charm as the Tarleton twins were",True,0,were,654,1,4,0.0204375,0.13530947268009186,0.3614528491684883,32.50957107543945,29.278248324075278,0.03931605815887451,0.11328125,4.9323654
483,Which horse racing jockey was sometimes referred to as the long fellow?,George Woolf,0,fellow,8828,1,6,0.275875,0.17646832764148712,0.0975066722838398,32.29954147338867,90.3197606906282,0.022524220868945122,3.640625,4.8573623
484,Who is the patron saint of lost causes?,St. Jude.,1,causes,10110,1,6,0.3159375,0.1624186933040619,-0.018080362831198737,29.32261848449707,154.21809872675857,0.04663950204849243,1.80078125,4.132605
485,True or False: Sharks do not blink?,False,0,blink,16759,1,5,0.52371875,0.19219163060188293,0.09759554413579741,27.838356018066406,6.220576487828643,0.041767723858356476,7.45703125,1.6166393
486,Which `B` was the name of the mechanical shark used in the original `Jaws` film?,Bruce,1,film,2966,1,4,0.0926875,0.1493862271308899,0.09332058518563846,32.325321197509766,17.634728642522113,0.08843237906694412,2.044921875,2.1549149
487,"The American legal drama Shark ran from Sept 06 to May 08. Who starred in the title role, playing Sebastian Stark?",James Woods,1,ark,719,1,3,0.02246875,0.15003754198551178,0.09958511336044928,31.838869094848633,33.65955616565853,0.021221637725830078,0.0035991668701171875,1.3060881
488,Which Italian fashion designer was shot dead on the steps of his Miami mansion in 1997?,Gianni Versace,1,7,28787,1,1,0.89959375,0.1223420798778534,2.558214583906545,33.07229995727539,44.73465007971875,0.05011092871427536,0.1456298828125,0.060489327
489,Who was famous for popularising the 'little black dress' in the 1920s?,Coco Chanel,1,s,28713,1,1,0.89728125,0.0851113349199295,11.082898152002013,32.92435073852539,22.201267571274702,0.036908719688653946,0.134765625,1.0364137
490,Who designed Madonna's wedding dress for her marriage to Guy Ritchie?,Dolce & Gabbana,0,ie,412,1,2,0.012875,0.1209665834903717,1.1290052382337512,32.25150680541992,106.08815138489038,0.024766534566879272,0.0005125999450683594,4.1582813
491,"Meryl Streep's character, Miranda, in the 2006 film The Devil Wears Prada was based on the editor-in-chief of which fashion magazine?",Vogue,1,magazine,11059,1,8,0.34559375,0.16917625069618225,-0.08365558606909129,29.43484878540039,5.350805835996512,0.06076863780617714,0.0335693359375,0.6494859
492,"In the TV show Camberwick Green, who lived in Colly's Mill?",The miller and his wife.,0,Mill,6274,1,4,0.1960625,0.16508299112319946,-0.03163116069652805,32.44002914428711,3.2660937963788257,0.0731663629412651,5.90625,5.096899
493,Which part of the human body produces insulin?,The pancreas.,1,ulin,24726,1,4,0.7726875,0.18513736128807068,0.06572235772658397,30.604949951171875,42.895105363212856,0.04378263279795647,0.0037250518798828125,1.6916107
494,Who played Dr. Doug Ross on the TV show E.R.?,George Clooney,1,R,28754,1,1,0.8985625,0.12146089226007462,1.1568634286213229,45.3859977722168,397.1704525221877,0.012019697576761246,0.004306793212890625,1.4646491
495,Who played the role of Kate Flax in the 1990 film Mermaids?,Cher,0,ids,2298,1,3,0.0718125,0.13727988302707672,0.19793037234271882,29.13663673400879,94.00500265163035,0.007320804055780172,0.0066375732421875,1.135516
496,Who played the character Mrs. Merton on TV?,Caroline Aherne,1,TV,5046,1,2,0.1576875,0.16165587306022644,0.017140191268773197,33.40571212768555,1.174942984374023,0.08631949871778488,4.16015625,3.529312
497,What nationality was three time Olympic gold medallist in figure skating Sonja Henie?,Norwegian,1,ie,412,1,2,0.012875,0.1209665834903717,1.1290052382337512,27.99496078491211,73.24085844260365,0.021315358579158783,0.006938934326171875,1.1136143
498,At which Winter Olympic host city would you find the Cresta Run?,St. Moritz,1,Run,6320,1,3,0.1975,0.15807978808879852,-0.06643705792217647,31.482559204101562,1.3885689917094357,0.05036202073097229,0.038818359375,1.1216203
499,What kind of an animal is a wireworm?,A wireworm is a larva of a click beetle,0,orm,552,1,3,0.01725,0.15354986488819122,0.05442757624500372,29.15239715576172,33.28066129740625,0.039466433227062225,0.1524658203125,2.9558964
500,What are the flat treeless plains of Argentina called?,Pampas,1,called,1987,1,6,0.06209375,0.14868496358394623,0.0634729304677153,31.229772567749023,196.55661706281265,0.025434989482164383,0.476318359375,2.1676664
501,Which Canadian born  actress was the star in the movie Barb Wire?,Pamela Anderson,1,Wire,26375,1,4,0.82421875,0.17595422267913818,0.014924286832365574,32.401981353759766,48.07331649550154,0.04731835797429085,1.0771484375,0.7705432
502,"Which 2004 ""puppet"" movie, made by the makers of South Park, satirises Americas politics and jingoism?",Team America: World Police,1,ism,1443,1,3,0.04509375,0.13950152695178986,0.26309114342936013,34.15372848510742,33.73034551714355,0.0508829765021801,0.162353515625,0.15693773
503,"Which river originates in the Taurus Mountains, and flows through Syria and Iraq?",Euphrates,1,Iraq,12627,1,4,0.39459375,0.1893424242734909,0.0841108254090921,34.528141021728516,3.405401790136483,0.05594749003648758,1.3603515625,1.6295179
504,"Following success at the 1979 election whose party conference speeech included the lines 'you turn if you want to, the lady's not for turning'?",Margaret Thatcher,1,turning,8528,1,7,0.2665,0.16099795699119568,0.034328037834112646,40.50709533691406,548.3964382525432,0.0012317078653723001,0.0246124267578125,1.8390054
505,"In the run up to the 1997 election, Tony Blair outlined his parties' three priorities for office, can you name them?","Education, education, education.",1,them,706,1,4,0.0220625,0.14469340443611145,0.20698477330077525,34.16068649291992,79.16915110887827,0.028922317549586296,0.44775390625,2.4873743
506,Which snooker player was simply known as 'The Grinder'?,Jimmy White,0,inder,5052,1,5,0.157875,0.16449233889579773,-0.06790594055892418,40.88218688964844,521.3357350960324,0.007786807604134083,0.0222320556640625,3.3797019
507,Which former West Indian fast bowler was known as 'Whispering Death'?,Michael Holding,1,Death,13611,1,5,0.42534375,0.1627175211906433,0.15216824986991506,41.91999435424805,368.055944357814,0.04417983815073967,0.0193023681640625,2.8515136
508,Which Eastenders character had a dog called Willy?,Phil Mitchell,0,ly,346,1,2,0.0108125,0.11555514484643936,1.1241747083093463,30.340293884277344,2.4604888790669426,0.02288122847676277,0.9755859375,5.3268967
509,In which year did the first episode of Minder take place?,1979,1,place,1633,1,5,0.05103125,0.1436753273010254,0.16560986199359062,31.822084426879883,132.11495400889606,0.0359717532992363,0.022613525390625,1.9999762
510,What was the name of the cat in Rising Damp?,Tiddles.,0,amp,1057,1,3,0.03303125,0.15416918694972992,0.014319655934169617,30.089252471923828,21.0794224924152,0.004831529222428799,0.045013427734375,5.776251
511,"Which comedy written by Johnny Speight which first aired in 1965, featured a fervent West Ham supporter?",Till Death Us Do Part,1,orter,7046,1,5,0.2201875,0.16589631140232086,0.005810160474592152,35.16501998901367,11.229553787541679,-0.01764882542192936,0.00040435791015625,0.6243182
512,"What was the name of the comedy written by Ray Galton, Alan Simpson which aired 57 episodes?",Steptoe and Son,1,episodes,17142,1,8,0.5356875,0.17676913738250732,-0.01956395365941388,37.521873474121094,39.275537452324166,0.01882440224289894,0.96484375,2.0453956
513,Bonar Law is the only Prime Minister not born in the UK. In which country was he born?,Canada,1,born,5381,1,4,0.16815625,0.1670810431241989,-0.023673717997434007,33.52637481689453,209.44343926407507,0.035571832209825516,0.01392364501953125,2.1027465
514,Who lives in the Hundred Acre Wood?,"Winnie the Pooh, Piglet, Eeyore,",1,Wood,8010,1,4,0.2503125,0.16485092043876648,0.031664238945298795,31.91326332092285,26.83845897468517,0.02305590733885765,0.1622314453125,3.0525875
515,"If you heard the catchphrase ""They're great"" what would expect to be advertised?","The answer is ""The Greatest Show on Earth"" which is the name",0,ised,2458,1,4,0.0768125,0.12738537788391113,0.3369201643075086,34.0174560546875,92.59268840398175,0.018581083044409752,0.0199737548828125,5.904035
516,How many times was Boris Becker runner-up in the Men's Singles at Wimbledon?,3,0,on,266,1,2,0.0083125,0.10582990199327469,6.436205004841929,34.40727996826172,17.86319764070081,0.014708722941577435,0.0002276897430419922,2.5044067
517,How many times did Steffi Graf win the Ladies Singles at Wimbledon?,7,1,on,266,1,2,0.0083125,0.10582990199327469,6.436205004841929,35.678524017333984,18.878733538679885,0.0036044889129698277,0.0005497932434082031,1.7836412
518,"In which postcode area are the Wimbledon Championships held? SW15, SW17 or SW19?",SW19,1,9,28774,1,1,0.8991875,0.12219323962926865,2.515278630533314,31.965909957885742,136.43909678765448,0.02858547307550907,0.0572509765625,1.1668342
519,Who did Top of the Pops mistakenly portray in a Dexys Midnight Runners song?,The Dexys Midnight Runners were an English pop band formed,0,song,4034,1,4,0.1260625,0.16108457744121552,0.14920452584730448,32.87782287597656,3.0976039764403653,0.051634252071380615,4.87890625,5.5230365
520,What story introduced the Cybermen?,The Tenth Planet,1,men,2129,1,3,0.06653125,0.14549419283866882,0.1586083206951594,30.07912254333496,8.832575635740861,0.03628844767808914,0.252685546875,1.801149
521,Who played the tenth Doctor?,David Tennant,1,Doctor,16505,1,6,0.51578125,0.1738988608121872,-0.033832802013180174,31.353784561157227,2.3333521321251967,0.049336545169353485,0.376953125,0.83761543
522,"How many Rings of Power were there, in total?",19.,0,total,3102,1,5,0.0969375,0.16447347402572632,0.1039437849125382,32.24833297729492,29.74168849517128,0.046794287860393524,2.11328125,2.7818148
523,Which common colour can also be known as heliotrope?,Purple,1,pe,386,1,2,0.0120625,0.13752996921539307,0.09248368053025269,32.17060089111328,123.69339873989044,0.04094066470861435,0.0005793571472167969,2.5957322
524,Which golf shot is the opposite of a slice?,A hook.,1,slice,16163,1,5,0.50509375,0.17287445068359375,-0.1353211539272845,29.100566864013672,23.57236584465205,0.04475993290543556,3.955078125,1.6999909
525,Which actress left Eastenders for Hollywood only to flop as The Bionic Woman?,Lindsay Coulson,0,Woman,20010,1,5,0.6253125,0.1725376695394516,0.03709573835439439,31.524749755859375,7.427769224847976,0.06927944719791412,0.013885498046875,4.229032
526,"In Only Fools And Horses, Rodney Trotter shares his middle name with which London football club?",Arsenal,0,club,4489,1,4,0.14028125,0.1529746651649475,-0.07760910765939188,32.149776458740234,2.9400698300581345,0.042547523975372314,0.2998046875,3.404184
527,"How were Dr Stantz, Dr Spengler and Dr Venkman better known in the 1980's?","As Drs. Stantz, Spengler and Venkman",0,s,28713,1,1,0.89728125,0.0851113349199295,11.082898152002013,33.858062744140625,3.5711819917147647,0.022796008735895157,0.0032062530517578125,3.7889333
528,General Charles de Gaulle was French President 1959 to 1969. Who succeeded him?,Georges Pompidou,1,him,713,1,3,0.02228125,0.14472825825214386,0.23503634961863407,35.323280334472656,67.51316315677758,0.027612272650003433,0.12939453125,1.3090473
529,"When Mr Benn was looking for an adventure, what type of shop did he visit?",A fancy dress shop.,1,visit,3251,1,5,0.10159375,0.15794211626052856,0.04434101492498366,34.04234313964844,44.04445188180372,0.03573347628116608,2.291015625,3.6356308
530,"What is the name of the enzyme usually added to milk to coagulate it, to make ""curds and whey""?",Rennet.,1,y,28724,1,1,0.897625,0.09689664095640182,4.0079719067655475,45.504173278808594,518.4897158199212,-0.0032229539938271046,0.00017893314361572266,1.957581
531,Which cheese shares its name with a Guiness Premiership rugby team that play at Welford Road?,Leicester,1,Road,7356,1,4,0.229875,0.15303722023963928,0.17869709211244755,36.66843795776367,88.84125137572414,0.044989295303821564,0.0192108154296875,2.4565966
532,Where in London were the first escalators installed in 1898?,The London Underground,0,8,28783,1,1,0.89946875,0.11777491122484207,2.9366294901669194,31.983386993408203,72.90204209195467,0.038252830505371094,0.28173828125,4.0685973
533,"In what year was the first episode of Doctor Who broadcast? 1959, 1963 or 1967?",1963,1,7,28787,1,1,0.89959375,0.1223420798778534,2.558214583906545,33.4245491027832,203.82978816849024,0.047058116644620895,2.8359375,1.5185535
534,What is the name of the company that owned the spaceship Red Dwarf?,Starbug.,0,warf,21547,1,4,0.67334375,0.1941346377134323,-0.1117085769995998,31.249645233154297,8.45844914321785,0.012665901333093643,0.002933502197265625,4.6360683
535,"Which character has been played by Jack Lord, Cec Linder, Rik Van Nutter, Norman Burton, David Hedison, John Terry, David Hedison and Jeffrey Wright?",Felix Leiter,1,Wright,20416,1,6,0.638,0.18340058624744415,-0.05151667910891522,31.033931732177734,98.22566876230287,0.0565718337893486,3.849609375,2.3777971
536,Name the magician who first introduced us to Basil Brush.,David Nixon,1,ush,1426,1,3,0.0445625,0.14965789020061493,0.018825205115962085,31.326658248901367,39.01767075623975,0.02789371833205223,0.001522064208984375,5.0014296
537,Who was the only Prime Minister of Britain to be assassinated?,Spencer Perceval,1,inated,5499,1,6,0.17184375,0.15209347009658813,0.06203492283997347,34.263187408447266,62.00812442129886,0.018486717715859413,0.0005736351013183594,0.7229831
538,What is the name of the chain of islands in the southwestern Philippines?,The Sulu Archipelago,1,Philippines,21937,1,11,0.68553125,0.19151508808135986,-0.01603885838615371,33.03550338745117,5.850009932140505,0.029468033462762833,5.22265625,1.8031904
539,What was the name of the ferry that capsized after leaving Zeebrugge in 1987,Herald of Free Enterprise,1,7,28787,1,1,0.89959375,0.1223420798778534,2.558214583906545,33.29075241088867,9.510146167710898,0.05135617405176163,0.056488037109375,2.132392
540,The Flying Pickets were a British vocal group who had Christmas no1 hit in 1983. What was the title of the song.,Only You.,1,song,4034,1,4,0.1260625,0.16108457744121552,0.14920452584730448,34.35422134399414,18.84521178262565,0.057932015508413315,0.314453125,1.8949944
541,"In Risk, what colour is Europe?",Green.,0,Europe,3401,1,6,0.10628125,0.1675654500722885,0.030495026864256314,29.988943099975586,1.4585396321956035,0.0493997260928154,6.77734375,3.8490193
542,Which British band named themselves after a South African football team?,The Bafana Bafana,0,team,1918,1,4,0.0599375,0.15035144984722137,0.15420768382671746,31.303525924682617,12.240742324338301,0.0636654943227768,0.87646484375,4.1868505
543,How many female P.Ms have there been?,10,1,been,750,1,4,0.0234375,0.15021716058254242,0.41529600798032895,36.99489212036133,64.1600676855448,0.05115055292844772,0.11700439453125,3.6338835
544,"Newspapers come is various sizes, broadsheet being the largest, and tabloid being smaller, but what name is given to the smallest size.",The smallest size is called a pocket edition.,0,size,1669,1,4,0.05215625,0.15127421915531158,0.12746556081067428,40.83536148071289,78.5288154520521,0.06378287076950073,1.1259765625,4.7460213
545,Which wedding anniversary is celebrated with paper,1st,1,paper,3830,1,5,0.1196875,0.1547120362520218,0.045612290336455086,30.42686653137207,1.3330910811152608,0.06728299707174301,3.96875,2.3184886
546,"Which American female rap artist, film & television actress release a song called Paper in 1998",Eve,0,8,28783,1,1,0.89946875,0.11777491122484207,2.9366294901669194,35.87334060668945,35.23607611318949,0.02828374132514,2.240234375,3.8939266
547,Who won the 2010 Giro D'Italia?,Ivan Basso,1,alia,15450,1,4,0.4828125,0.17652586102485657,-0.04044313971415869,33.27790832519531,5.370598406238258,0.013259588740766048,0.0010528564453125,0.59643257
548,"In the Commonwealth games in Delhi, which British athlete won the mens 200m gold medal?",Question: Which British athlete won the mens 200,0,medal,16338,1,5,0.5105625,0.18416374921798706,0.10535155704411059,34.21156311035156,2.326943237043637,0.03317093476653099,0.440185546875,4.178105
549,"Which singer picked up three Ivor Novello awards in May, including songwriter of the year for her hit single, The Fear?",Lily Allen,1,ear,644,1,3,0.020125,0.14965835213661194,0.3210967607583979,34.84199142456055,72.19484723758777,0.026680996641516685,0.23876953125,2.2399235
550,Which American singer was born Eleanora Fagan?,Billie Holiday,1,agan,12538,1,4,0.3918125,0.1768614500761032,0.0641752974882257,28.480499267578125,1.68951980038237,0.012430641800165176,0.0019407272338867188,0.44091997
551,Which famous woman in history had a cottage in Shottery in Warwickshire?,"Anne Hathaway, the wife of William Shakespeare.",1,shire,10359,1,5,0.32371875,0.17992167174816132,0.020208866718002483,33.25315856933594,6.258298639646263,0.0003004157915711403,0.04473876953125,3.5220869
552,Who sang the theme song for the TV show 'Rawhide'?,Frankie Laine,1,hide,10922,1,4,0.3413125,0.18148796260356903,-0.1350389199727675,38.42961502075195,168.9540520680977,0.017125636339187622,0.00803375244140625,2.7277973
553,Which sea lies between Italy and the former Yugoslavia?,Adriatic Sea,1,ia,515,1,2,0.01609375,0.11571965366601944,1.3167131456947256,31.601491928100586,43.02758428544451,0.014223882928490639,0.09100341796875,1.2393352
554,In which country is the region Dalmatia?,Croatia,1,ia,515,1,2,0.01609375,0.11571965366601944,1.3167131456947256,40.267677307128906,165.74111329187107,-0.008471105247735977,0.0462646484375,1.3204638
555,Who was known as the Great Lover of the Silent Screen?,Rudolph Valentino,1,Screen,24432,1,6,0.7635,0.1670190989971161,-0.07979327868589126,33.571739196777344,57.41217230988414,0.059694916009902954,3.12890625,1.1660299
556,"Which actor plays Cate Blanchett's father in the 2004 film ""The Missing"", a story set in 19th century New Mexico where the father works with estranged daughter Blanchett to get her kidnapped child back?",Tommy Lee Jones.,1,back,852,1,4,0.026625,0.14345335960388184,0.6893798952876997,34.510868072509766,56.064725826303615,0.05464792624115944,0.08087158203125,2.783988
557,How is Frances Gumm the actress better known?,Judy Garland.,1,known,2651,1,5,0.08284375,0.16103975474834442,0.11954078704618842,37.11034393310547,54.704990729971975,0.03746908903121948,0.041839599609375,0.77076685
558,"Who won the Best Actress Oscar for the 1988 film, The Accused?",Jodie Foster,1,used,3436,1,4,0.107375,0.15501011908054352,-0.016735237322194063,28.374719619750977,55.88555840154231,0.0009817375103011727,1.0595703125,0.3122237
559,"Which  constellation contains many bright shining stars, such as Regulus?",Leo,0,ulus,16894,1,4,0.5279375,0.18319034576416016,-0.09420515134293339,32.748714447021484,20.923804728042793,0.011993080377578735,0.037506103515625,0.84838426
560,"Which London river, now flowing underground, rises in Hampstead, flows through St. Pancras, down Farringdon Street and enters the Thames by Blackfriars Bridge?",The Fleet,0,Bridge,15050,1,6,0.4703125,0.16321584582328796,-0.06628750188585375,31.521778106689453,26.593985742143257,0.031078508123755455,0.34765625,1.5292444
561,-Day in 1944 was the greatest sea-bourn invasion in history. What was the code name for the operation?,Operation Overlord,1,operation,5225,1,9,0.16328125,0.16355982422828674,-0.2575558580635571,35.651790618896484,24.918561528009974,0.05326812341809273,1.5615234375,2.8144102
562,On which island are the Cuillin Hills?,Skye,1,Hills,19069,1,5,0.59590625,0.17566104233264923,-0.06946303253887098,35.57738494873047,44.25954299428629,0.04464602470397949,1.390625,2.103572
563,"Which dancer has only one notable film cameo, appearing with Sean Connery in the 1979 movie The First Great Train Robbery, breaking into a guarded station office.",Wayne Sleep,1,office,4007,1,6,0.12521875,0.15618279576301575,0.041157982758186495,33.31076431274414,6.172462617894199,0.053512100130319595,3.498046875,5.68888
564,What was the first name of the character played by John Travolta in Saturday Night Fever.,Tony Manero.,1,ever,1548,1,4,0.048375,0.1559830605983734,0.18054431088149503,32.57504653930664,130.95460731781887,0.01287958025932312,0.00020503997802734375,0.8461229
565,In which 1969 movie did Michael Caine appear with his brother Stanley.,The Italian Job.,1,Stanley,19805,1,7,0.61890625,0.182476207613945,-0.13464734330733874,27.507671356201172,0.21584195932718542,0.026745297014713287,0.82373046875,2.8809779
566,"In 1969, a man was stabbed to death by a member of the Hell's Angels at a Rolling Stones concert. Where was the concert held?","Altamont Speedway in Livermore, California.",1,held,3336,1,4,0.10425,0.1584067940711975,0.004019270416971921,33.3218994140625,186.4286323703184,0.034331612288951874,1.4287109375,2.0803084
567,"How long does it take, approximately, for light to travel from the Sun to the Earth?",8 minutes and 20 seconds.,0,Earth,8599,1,5,0.26871875,0.16522003710269928,0.08627001722385463,31.53139877319336,42.11039736662747,0.07628681510686874,0.1435546875,3.2659297
568,"A Long Island Iced Tea is a cocktail based on vodka, gin, tequila, and which other spirit?",Rum,1,spirit,5838,1,6,0.1824375,0.16836047172546387,-0.04704420959090827,31.552093505859375,9.530509087288587,0.052721116691827774,2.341796875,1.4217004
569,Anellini pasta is what type of shape?,Tubular,0,shape,5843,1,5,0.18259375,0.1621025949716568,-0.04768869914325835,30.20623016357422,12.676633864191523,0.043108973652124405,3.603515625,4.1453266
570,A Cuba Libre is based on which spirit,Rum,1,spirit,5838,1,6,0.1824375,0.16836047172546387,-0.04704420959090827,31.059534072875977,6.349553352338473,0.06345146894454956,2.56640625,1.4810271
571,Which company were responsible for the production of the Spitfire?,Supermarine,1,fire,9257,1,4,0.28928125,0.15827623009681702,-0.01981373072042958,35.632755279541016,9.005537196207397,0.018905052915215492,0.0382080078125,2.6428928
572,"The lyric Always sunny in a rich man's world', is from which song?",Always Sunny in Philadelphia',0,song,4034,1,4,0.1260625,0.16108457744121552,0.14920452584730448,32.133033752441406,17.005415214087865,0.05190484598278999,0.66845703125,5.3632126
573,Who won the men's singles title at Wimbledon in 1987?,Pat Cash,1,7,28787,1,1,0.89959375,0.1223420798778534,2.558214583906545,29.324363708496094,83.91062832367322,0.04981508478522301,1.9189453125,1.1388723
574,Who made Victor Krum's wand?,Garrick Ollivander.,0,wand,15533,1,4,0.48540625,0.18446864187717438,-0.1387734100511353,29.284149169921875,0.9977028499514335,0.04099293425679207,1.474609375,4.5557985
575,What kind of creature is Firenze?,Firenze is a centaur.,1,ze,1374,1,2,0.0429375,0.13988302648067474,0.1853657810314293,30.673490524291992,30.966323869444018,0.0290132537484169,0.74755859375,2.6155312
576,What building in Scotland is said to house the Holy Grail and features prominently at the end of The Da Vinci Code?,Rosslyn Chapel,1,Code,7596,1,4,0.237375,0.15502214431762695,0.013509241182848797,30.676809310913086,8.050014797566702,0.02414081245660782,0.002651214599609375,0.5864547
577,In which sitcom did Penelope Wilton play the wife of Richard Briers?,Ever Decreasing Circles,1,riers,14189,1,5,0.44340625,0.16627340018749237,-0.04117167263014032,28.835569381713867,54.911580875303315,0.018421180546283722,0.04156494140625,2.7225988
578,Who plays the role of Bubble in Absolutely Fabulous?,June Whitfield,0,ulous,9504,1,5,0.297,0.17383377254009247,-0.0013437882724542938,33.11797332763672,2.711326116769074,-0.0008419717196375132,0.0026111602783203125,4.009203
579,"Which cockney private detective, co-created by Terry Venables, was portrayed on TV by Nicholas Ball?",Dixon of Dock Green.,0,Ball,11828,1,4,0.369625,0.1613745093345642,-0.025395396321117758,30.310705184936523,46.525053337279324,0.04865047335624695,1.435546875,5.6347094
580,Who in 1975 became the first black man to win a Wimbledon singles title?,Arthur Ashe,1,title,3941,1,5,0.12315625,0.1557992398738861,0.2008857919427567,31.23187828063965,40.19502294554242,0.039124324917793274,0.2178955078125,0.88287973
581,Which South African fast bowler had the nickname White Lightning,Allan Donald,1,ning,971,1,4,0.03034375,0.13543879985809326,0.1279837601767806,31.300905227661133,135.6716587786649,0.021565809845924377,0.275390625,3.7647908
582,"In 1953, Edmund Hillary was half of the famous pair to first do what?",Climb Mount Everest,0,what,767,1,4,0.02396875,0.1464880257844925,0.4977877108636668,30.191659927368164,2.5263215064056608,0.05365333706140518,0.25439453125,2.1350408
583,Another name for the Holy Wars between the  Christian states of Europe against the Saracens,Crusades,1,ens,596,1,3,0.018625,0.12538057565689087,0.6136860093652916,35.527164459228516,8.388206298083901,0.022629691287875175,0.5537109375,2.1546648
584,1986 film starring Goldie Hawn as a High School football coach.,Private Benjamin,0,coach,7786,1,5,0.2433125,0.16370555758476257,0.24494138195813964,30.966346740722656,7.633085333926134,0.04743918403983116,0.8037109375,3.3320708
585,"Who was the 16th president of the U.S.A.,assasinated in 1865",Abraham Lincoln,1,5,28782,1,1,0.8994375,0.11167574673891068,4.674151874858757,36.62460708618164,50.57178146487345,0.05236898735165596,0.0252685546875,1.1459334
586,"Which Italian explorer had ships named Nina, Pinta and Santa Maria?",Christopher Columbus,1,Maria,8866,1,5,0.2770625,0.17740273475646973,-0.18608521613144768,32.49528884887695,11.351541609823899,0.04859130084514618,0.02703857421875,1.5258973
587,Who had chart hits which included Annie`s Song and Rocky Mountain High?,John Denver,1,High,4556,1,4,0.142375,0.15657541155815125,0.08302420491925444,31.35565948486328,45.521344283099616,0.03520442545413971,0.107177734375,0.60806316
588,"Which cartoon series featured the characters Lion-o, Cheetera, Tygra and Snarf/",Thundercats,0,f,28722,1,1,0.8975625,0.11596011370420456,1.4193264796397296,31.0041561126709,17.264641296474586,0.04075057804584503,0.01471710205078125,1.4843686
589,"Who was the leader of the gang whose members included Benny the Ball ,Brain and Choo Choo?",The leader of the gang was named “The Brain”.,0,oo,3464,1,2,0.10825,0.15303346514701843,0.3503403107265921,34.55060577392578,49.069029721768906,-0.0005823634564876556,0.00325775146484375,6.014925
590,Which famous resident resides at Highgrove House?,Prince Charles,1,House,4594,1,5,0.1435625,0.1482096165418625,0.3311927313829446,33.74871063232422,21.693557111089827,0.05117226392030716,0.8369140625,2.9514222
591,What is the currency of India?,The currency of India is the Indian rupee (₹).,1,India,5558,1,5,0.1736875,0.1666978895664215,-0.01872125113939571,30.27947998046875,28.3392069082272,0.056096307933330536,3.8359375,1.9113817
592,How many avenues radiate from the Arc de Triomphe?,12,1,he,265,1,2,0.00828125,0.12824711203575134,0.633006800657343,32.46900939941406,2.7177066288499967,0.025099150836467743,0.0002589225769042969,3.1124845
593,In which country is Dubrovnik?,Croatia,1,nik,8491,1,3,0.26534375,0.16590166091918945,0.053293222651715766,34.895469665527344,36.0321097605596,0.015651829540729523,0.00930023193359375,1.2331624
594,"The Dakar Rally (previously known as the Paris Dakar rally) is an annual event, but of which country is Dakar the capital city?",Senegal,1,city,2990,1,4,0.0934375,0.1469501405954361,0.0563929114295294,33.60643005371094,81.51518439714509,0.04171467944979668,2.001953125,1.2315361
595,The Miller Brewing Company got its start in what U.S. city?,Milwaukee,1,city,2990,1,4,0.0934375,0.1469501405954361,0.0563929114295294,30.917360305786133,39.677195179565146,0.05758766084909439,0.36376953125,0.8519305
596,Who did Simple Simon meet on his way to the fair?,The Pieman.,1,fair,4968,1,4,0.15525,0.16367457807064056,0.098355509146836,30.419124603271484,16.97401480379929,0.041742950677871704,1.6259765625,3.3057384
597,Which cartoon strip character first appeared in The Beano in 1951?,Dennis the Menace,1,1,28740,1,1,0.898125,0.08999229967594147,22.604681436265473,32.147823333740234,16.53034009176347,0.06357210874557495,2.177734375,2.9654968
598,"The Asian Tsunami or Boxing day tsunami that hit Thailand, Indonesia and many other countries happened in what year?",2004,1,year,879,1,4,0.02746875,0.1429581493139267,0.23694278479372333,32.00083541870117,45.18929143275818,0.05325280502438545,0.054107666015625,1.9852297
599,"Following that year's April Budget, Alderman Sir Cuthbert Ackroyd, who later became Lord Mayor of London, bought the first what on 1 November 1956?",Television set,0,6,28784,1,1,0.8995,0.11648011207580566,2.45120141876082,32.73998260498047,118.93458839053102,0.041848089545965195,2.240234375,5.6174917
600,"Produced between 1970 and 1974, what is a Bond Bug?",A three-wheeled car designed by the British Motor Corporation.,1,Bug,27431,1,3,0.85721875,0.173132061958313,-0.042905387433230135,27.890300750732422,2.3242477434215205,0.06699270009994507,2.724609375,3.1020155
601,What was Jacques Cousteau's mobile oceonagraphic laboratory.,Calypso,1,laboratory,24583,1,10,0.76821875,0.1788172572851181,-0.05991579935963287,34.78779220581055,7.447520458710294,0.053275398910045624,1.0546875,1.88636
602,What is the name of the helicopter used to transport the President of the United States,Marine One,1,States,3543,1,6,0.11071875,0.15088999271392822,0.3937528025197681,33.96333694458008,18.97608907831075,0.014232071116566658,0.006511688232421875,2.3275442
603,Which queen consort of England is associated with Hever Castle in Kent?,Anne Boleyn,1,Kent,13043,1,4,0.40759375,0.18344755470752716,-0.029057731734472902,31.41716766357422,75.66237558050229,0.047001369297504425,0.076416015625,0.65892094
604,What was the capital of the United States between 1785 and 1790??,Philadelphia,0,0,28734,1,1,0.8979375,0.10093215107917786,11.205680145366498,31.219100952148438,170.53053043738564,0.040694110095500946,0.0703125,2.61155
605,Which country does the drink Cinzano come from?,Italy,1,from,477,1,4,0.01490625,0.1141120195388794,3.4431198425318135,31.478429794311523,192.5582141846402,0.015567371621727943,0.00391387939453125,1.1721069
606,Which fictional girls' boarding school was created by the cartoonist Ronald Searle,St Trinian's,1,le,291,1,2,0.00909375,0.11246500164270401,1.594464935353959,31.428916931152344,58.614612324628226,-0.004590234719216824,0.0006170272827148438,1.2174808
607,Who played the character Mr Chips in the 2002 TV adaptation of Goodbye Mr Chips,Ian McKellen,0,ips,2430,1,3,0.0759375,0.1494658887386322,-0.09280621000903544,31.058870315551758,22.50000873017348,0.007166497875005007,0.0013875961303710938,4.2040634
608,Rarely is the question asked: Is our children learning?,No.,0,learning,5168,1,8,0.1615,0.15062764286994934,0.0883608257271824,35.84395217895508,140.64824155848865,0.059276334941387177,3.291015625,4.6049848
609,"Are you going to come quietly, or do I have to use earplugs?",I’m going to come quietly.,0,ugs,19882,1,3,0.6213125,0.16405220329761505,0.11323118356323558,34.34524154663086,88.75715390087781,0.018912848085165024,3.6597251892089844e-05,4.0165324
610,Which shipping forecast area is directly north of German Bight?,Dogger,0,ight,454,1,4,0.0141875,0.13822101056575775,0.20265176306516297,31.49838638305664,57.43064963848249,0.020353572443127632,0.01300811767578125,4.1259336
611,By what name did Samuel Langhorne Clemens publish his novels under?,Mark Twain,1,under,916,1,5,0.028625,0.15612241625785828,0.35405235388832246,30.14444923400879,21.388379576714932,0.07255057245492935,3.509765625,1.013855
612,Who wrote the novel Rasselas in a single week in 1759 to pay for his mother's funeral?,Samuel Johnson,1,funeral,18979,1,7,0.59309375,0.18734639883041382,-0.03270106298721531,31.036104202270508,1.126519595048216,0.0623362772166729,0.9580078125,1.1895655
613,Who painted Girl with a Pearl Earring?,Johannes Vermeer,1,ring,699,1,4,0.02184375,0.14336460828781128,0.02486801455383869,32.0380973815918,28.694870993505038,0.026230616495013237,0.0010509490966796875,2.2987425
614,What is 1009 when expressed as Roman Numerals?,CCIX,0,als,973,1,3,0.03040625,0.12250661104917526,0.3037976231356563,29.322019577026367,211.27454960215266,0.024955887347459793,1.6689300537109375e-05,1.6598784
615,Who had hits with Go Now and Nights in White Satin?,The Moody Blues,1,in,262,1,2,0.0081875,0.10492095351219177,4.3250367020890765,30.625818252563477,115.44748008348462,-0.004441981203854084,0.0001417398452758789,1.0966678
616,Which statesman was known as the Iron Chancellor?,Otto von Bismarck,1,or,271,1,2,0.00846875,0.11201941967010498,2.0217406155914945,32.53131866455078,159.18435670552137,-0.005797483492642641,0.0002799034118652344,1.0421695
617,What was left in Pandora's Box after all the evil escaped?,Hope.,1,escaped,18944,1,7,0.592,0.18038281798362732,-0.05059072393476649,33.7541618347168,24.69485724151684,0.04733654484152794,3.181640625,1.2688344
618,What type of bird was the first released by Noah?,The dove.,0,Noah,26586,1,4,0.8308125,0.19449611008167267,-0.06578728158131408,30.767982482910156,22.472929822320143,0.03649377450346947,4.125,2.5294142
619,What is the state capital of Florida?,Tallahassee,1,Florida,9500,1,7,0.296875,0.1757444441318512,0.024325775141531558,29.122116088867188,68.9534663422676,0.055714502930641174,3.412109375,0.55402386
620,Who was sacked as the Beatles' drummer and replaced by Ringo Starr?,Pete Best,1,arr,2654,1,3,0.0829375,0.15902364253997803,0.09710677346159446,34.27503967285156,113.45804715483105,0.018236741423606873,6.008148193359375e-05,0.3054308
621,In which is Shakespeare's plays are the title character's last words the rest is silence?,Macbeth,0,silence,9296,1,7,0.2905,0.18613815307617188,-0.1543397069316681,34.5739631652832,276.2878030011163,0.05917096883058548,0.66015625,3.2316232
622,"Tsar Nicholas I abidacated in 1917, who was the other monarch to abdicate during this period?",Tsar Nicholas II,0,period,3216,1,6,0.1005,0.15603570640087128,-0.015669763914117674,35.3129768371582,137.70412301015915,0.02782643586397171,1.1162109375,3.430243
623,"Which Roman Emperor was allegedy killed by his wife, Aggripina, in AD54?",Nero,0,4,28781,1,1,0.89940625,0.11096087843179703,5.235415710549141,34.72252655029297,41.04737419993775,0.05638931319117546,4.15234375,2.379766
624,Whose last words were Et Tu Brute according to Shakespeare?,Julius Caesar,1,Shakespeare,19155,1,11,0.59859375,0.18080072104930878,0.11819975480269607,32.799652099609375,74.89384291817186,0.06541744619607925,1.853515625,2.8660645
625,Mel Gibson (1990) and Kenneth Branagh (1996) have both played which character in movies?,Hamlet,1,movies,10615,1,6,0.33171875,0.16624929010868073,0.13027692131465818,33.35753631591797,6.065111259382942,0.07165112346410751,3.4921875,3.2779791
626,"The original United Artists film studio was founded in 1919 by D.W. Griffith, Mary Pickford, Douglas Fairbanks and who else?",Charlie Chaplin.,1,else,1112,1,4,0.03475,0.16812512278556824,-0.03771586899560697,30.295827865600586,79.62400744229299,0.03642730042338371,0.908203125,0.78933966
627,Which Holiday movie favourite featured a character called Kevin McCallister?,Home Alone,1,ister,1330,1,5,0.0415625,0.1590004712343216,0.16780377962667137,30.279521942138672,17.989812491430886,0.05175076052546501,0.0018291473388671875,0.98516893
628,Who was the author of Pygmalion'?,George Bernard Shaw,1,ion,296,1,3,0.00925,0.11983629316091537,0.3742185756682854,39.644371032714844,117.15752080719554,0.030261484906077385,0.02508544921875,1.6569965
629,"Who was the third President of the USA, following on from George Washington and John Adams was also famed for his numerous inventions?",Thomas Jefferson,1,ions,594,1,4,0.0185625,0.12016371637582779,0.5644324466669741,35.072025299072266,54.494207727088394,0.013027610257267952,0.003704071044921875,1.1357645
630,What is the minimum age of someone running for the office of President of the United States?,35 years old.,0,States,3543,1,6,0.11071875,0.15088999271392822,0.3937528025197681,32.95273971557617,66.64243930860944,0.04693746566772461,0.005321502685546875,2.1041415
631,England won the 1966 World Cup beating Germany 4-2. Hurst scored 3 of England's goals who scored the other?,Geoff Hurst,0,other,799,1,5,0.02496875,0.14872148633003235,0.1840239283053533,35.899330139160156,24.79429119220326,0.010427548550069332,0.603515625,2.9555888
632,From which 1960s sci-fi movie did 1980s pop sensation Duran Duran take their name from a character from the movie?,Barbarella,1,movie,5994,1,5,0.1873125,0.15886923670768738,0.05496205405907695,30.325393676757812,3.250123342443551,0.08816132694482803,1.0537109375,3.5521455
633,What year did E.T. Hit the cinema screen?,1982,1,screen,4921,1,6,0.15378125,0.15726378560066223,-0.12112279948107219,36.4634895324707,49.02509442053668,0.08994689583778381,3.529296875,1.2466112
634,The Red Sea is connected to the Indian Ocean by which gulf ?,Gulf of Aden,1,ulf,12981,1,3,0.40565625,0.18216978013515472,0.11890163734197268,30.297664642333984,9.783083830101127,0.0404522642493248,0.0076751708984375,1.7379034
635,The Red Setter is more properly known by which name?,The Irish Red Setter,1,name,1141,1,4,0.03565625,0.14552322030067444,0.29171659735460986,32.61301040649414,64.5178014198501,0.056191008538007736,1.1455078125,2.9253812
636,What was the name of the World War I fighter ace nicknamed the Red Baron?,Manfred von Richthofen,1,Baron,23152,1,5,0.7235,0.19864782691001892,0.04774124648676814,29.17632484436035,52.90556724698714,0.03220067545771599,0.29248046875,1.0945334
637,What is the capital of the U.S. state of Connecticut?,Hartford,1,Connecticut,23998,1,11,0.7499375,0.19347549974918365,-0.05435301972313544,27.415966033935547,171.90055261320092,0.06319769471883774,4.6015625,0.61730474
638,What was founded by Ferdinand II of Aragon and Isabella I of Castile to keep Catholic orthodoxy as the major religion of their kingdoms?,The Spanish Inquisition,1,s,28713,1,1,0.89728125,0.0851113349199295,11.082898152002013,33.84616470336914,56.33629323641541,0.044680144637823105,0.492919921875,1.3269522
639,"In golf, what name is given to a score of three under par on a given hole?",An eagle.,0,hole,9697,1,4,0.30303125,0.16156364977359772,0.07292676028206779,30.7269344329834,55.09953294655474,0.04184386506676674,0.01215362548828125,2.305448
640,"In dentistry, what is the name given to hardened dental plaque?",Tartar.,1,aque,13768,1,4,0.43025,0.18362322449684143,-0.1194217817790455,33.78350067138672,4.698545980299774,0.018195107579231262,0.00792694091796875,1.80711
641,Which singer played the Goblin King Jareth in the film Labyrinth'?,David Bowie,1,inth,18618,1,4,0.5818125,0.18319430947303772,0.12619441642377893,40.428348541259766,162.7019815370955,0.01692797616124153,0.0006208419799804688,0.58689785
642,Who played Aunty Entity' in the film 'Mad Max Beyond the Thunderdome'?,Tina Turner,1,ome,525,1,3,0.01640625,0.14730815589427948,0.013264640577550058,44.02409744262695,437.60296399755003,-0.01013922318816185,0.0082855224609375,0.7305164
643,"Name the fantasy movie directed by Terry Gilliam, where 6 dwarves have stolen a map.",Time Bandits,1,map,3341,1,3,0.10440625,0.14870695769786835,0.10526297598563605,32.227203369140625,4.097185016476856,0.08098860830068588,5.2421875,1.7254179
644,"Which TV comedy had characters McLaren, Blanco & Warren",The Goodies,0,Warren,19068,1,6,0.595875,0.18758650124073029,0.0925595648897346,32.96388626098633,55.86886330124836,0.05038030445575714,8.578125,4.8638773
645,In which TV series would you find an Eagle Transporter,Star Trek: The Next Generation,0,porter,17175,1,6,0.53671875,0.1824399083852768,-0.023803835307229626,37.05257034301758,25.10336340223102,0.015000585466623306,0.12445068359375,4.4463053
646,Which jazz saxophonist was nicknamed Bird,Charlie Parker,1,Bird,18213,1,4,0.56915625,0.16807831823825836,-0.0064702832699130575,29.27704429626465,1.55403211605082,0.05889231711626053,6.05078125,0.83664197
647,Which patriotic Irving Berlin song includes the line  From the mountains to the prairie to the oceans white with foam ?,God Bless America,1,foam,26493,1,4,0.82790625,0.1916225105524063,-0.0340683152191299,39.86372375488281,62.1791611647124,0.025017928332090378,0.040924072265625,1.4316175
648,Who created the Miss World pageant?,Eric Morley,1,ant,440,1,3,0.01375,0.11936560273170471,0.5840752172204571,32.34992218017578,10.889753278368126,0.018795393407344818,0.029754638671875,2.5650258
649,In Egyptian myth who was the God of chaos and disorder?,Seth,1,disorder,17404,1,8,0.543875,0.1811407208442688,-0.02282092239177924,31.75632095336914,19.878514440017515,0.0485597588121891,2.443359375,2.6621602
650,What type of creature is a Painted Dragon?,A Painted Dragon is a type of dragon that is known for its bright,0,Dragon,19444,1,6,0.607625,0.17122666537761688,0.0005436076118927602,34.84715270996094,42.25382373253593,0.04835795611143112,3.95703125,3.2236636
651,Which method of painting consists of applying pigment to wet plaster?,Fresco,1,aster,1993,1,5,0.06228125,0.15727268159389496,0.029682478211174868,31.884923934936523,2.250486604699276,0.015474433079361916,0.0005588531494140625,2.6851141
652,Who is credited with the discovery of the tomb of King Tutankhamen in 1922?,Howard Carter,1,2,28750,1,1,0.8984375,0.09560004621744156,12.700038032380993,33.058929443359375,67.10960609084171,0.06200910732150078,0.016143798828125,2.1255608
653,The King of Wishful Thinking was a hit song used during the opening credits of the movie Pretty Woman. Who sang it?,Roy Orbison,0,it,378,1,2,0.0118125,0.12281880527734756,2.3891254479982544,30.951669692993164,40.241859061398706,0.0699031800031662,0.82958984375,4.0569253
654,"What dish, especially popular in parts of Wales and the English Midlands,  is traditionally made from pig's heart, liver and fatty belly meat or bacon minced together, with herbs added for flavouring and sometimes bread crumbs",Haggis,0,umbs,21681,1,4,0.67753125,0.19093088805675507,-0.01568670716149434,34.322410583496094,4.2079791274042435,0.02331087738275528,0.030303955078125,4.424121
655,What was the name of Shari Lewis' sassy sock puppet?,Lamb Chop,1,et,299,1,2,0.00934375,0.11287729442119598,0.844574878737276,34.24343490600586,1.5632605280665386,-0.008015308529138565,0.0014095306396484375,0.47234756
656,Captain Corelli's mandolin is a book a film set in which country,Greece,1,country,2939,1,7,0.09184375,0.15374206006526947,0.058572916305953626,31.85674285888672,18.92365067563516,0.03731336072087288,1.845703125,1.7137582
657,The Bull is the village pub in an everyday tale of country folk. In which village is The Bull?,"The Bull is in the village of Bray, Berkshire.",0,Bull,16998,1,4,0.5311875,0.17457540333271027,-0.12501540516203935,34.997528076171875,7.710800985111819,0.019775226712226868,0.0040740966796875,5.4959216
658,What is the second biggest city in the UK?,Birmingham,1,UK,6194,1,2,0.1935625,0.16705481708049774,0.1197294374898421,29.57379722595215,27.555642273685987,0.06809942424297333,4.46484375,2.914969
659,Who was the second wife of Henry VIII?,Anne Boleyn,1,VIII,24475,1,4,0.76484375,0.19943252205848694,-0.04552067107385538,30.78362274169922,43.18731701993521,0.03270904719829559,0.7353515625,0.689072
660,Which actor does the interviewing in 'Interview with a Vampire'?,Tom Cruise,0,ire,536,1,3,0.01675,0.13431482017040253,0.3364857899730156,39.78813552856445,164.64534521571113,0.004321279935538769,0.0008726119995117188,3.680451
661,What is the southernmost city in USA,"Key West, Florida",0,USA,7035,1,3,0.21984375,0.17421266436576843,-0.09176086055291499,32.74531936645508,10.41729249701233,0.07284744083881378,7.1171875,1.5982355
662,"In Vladimir Nabokov's book ""Lolita"", what is Lolita's real name?",Dolores Haze,1,name,1141,1,4,0.03565625,0.14552322030067444,0.29171659735460986,31.752517700195312,13.024852283844272,0.059776902198791504,0.128662109375,2.1551392
663,"Which Shakespeare play tells the story of Prospero, the rightful Duke of Milan?",The Tempest,1,Milan,23600,1,5,0.7375,0.1976701319217682,-0.02912114331131832,32.069252014160156,2.9663018000044064,0.030298039317131042,0.00958251953125,1.2289081
664,Which RAF fighter-bomber was built by the Panavia partnership?,The Tornado,1,partnership,13737,1,11,0.42928125,0.17256148159503937,-0.024106275095077567,31.995378494262695,3.90214636927755,0.0794624611735344,4.96875,1.3926888
665,What was the name of the sixth studio album released by Prince and the Revolution in June of 1984?,Purple Rain,1,4,28781,1,1,0.89940625,0.11096087843179703,5.235415710549141,30.996471405029297,43.23508049131765,0.05661599338054657,3.6328125,0.4814255
666,The undersurface of a person's foot or of a shoe?,The sole.,1,shoe,24023,1,4,0.75071875,0.18377326428890228,0.07069098053115175,35.20213317871094,2.1200498744033816,0.09034363925457001,3.642578125,2.605353
667,In which film series would you expect to film Katniss Everdeen and Peeta Malark?,The Hunger Games,1,ark,719,1,3,0.02246875,0.15003754198551178,0.09958511336044928,35.401268005371094,15.277651656104307,0.05735594779253006,0.27197265625,2.1542776
668,"""Rodney you plonka"" and ""This time next year we'll be millionaires"" are catchphrases from which well-known television sitcom?",Only Fools and Horses,1,com,675,1,3,0.02109375,0.1467791050672531,0.42169821808675056,31.56905174255371,1.8162143953549608,0.04541933909058571,0.015777587890625,3.005717
669,What did my true love bring to me on the Sixth Day of Christmas?,Six geese a-laying.,0,Christmas,7416,1,9,0.23175,0.1787906140089035,-0.0474706498633668,33.65557861328125,35.2513562924701,0.05196494609117508,0.30224609375,3.258415
670,Louis Smith won an individual silver medal in gymnastics at the 2012 London Olympics. For what discipline?,Pommel horse,1,discipline,18714,1,10,0.5848125,0.1770440638065338,0.01284234371828763,29.75258445739746,5.686916232753958,0.03167320415377617,6.0078125,2.3689692
671,What animal did Reggie Perrin think of every time his Mother-in-law was mentioned?,A pig.,0,mentioned,7083,1,9,0.22134375,0.16497677564620972,-0.11925932218504709,32.47637939453125,134.5423787165396,0.01820318028330803,1.271484375,4.139967
672,Which former prime minister appeared on the Morecambe and Wise Christmas Special in 1978?,Margaret Thatcher,0,8,28783,1,1,0.89946875,0.11777491122484207,2.9366294901669194,32.693687438964844,14.736077224740956,0.016821155324578285,2.16796875,2.7673504
673,"Where does the infamous ""Streif"" downhill ski race take place?","Kitzbühel, Austria",1,place,1633,1,5,0.05103125,0.1436753273010254,0.16560986199359062,32.47479248046875,41.33910726066541,0.0386013388633728,0.0025615692138671875,1.9823991
674,What song was a hit for Tom Jones and Cerys Matthews in 1999?,Green Green Grass of Home,0,9,28774,1,1,0.8991875,0.12219323962926865,2.515278630533314,29.702817916870117,28.54042953107185,0.03739446774125099,0.09478759765625,4.0861473
675,How many lines are there in a sonnet?,14,1,net,1687,1,3,0.05271875,0.1489211916923523,0.03628002055410606,29.128599166870117,12.64310170924975,0.03941942751407623,0.0035572052001953125,2.3298798
676,What is the American version of Strictly Come Dancing called?,Dancing with the Stars,1,called,1987,1,6,0.06209375,0.14868496358394623,0.0634729304677153,30.853404998779297,90.13490662142878,0.029126806184649467,2.41796875,1.2167695
677,What is the lightest metal under standard conditions?,Lithium,1,conditions,4331,1,10,0.13534375,0.15489499270915985,0.13018417495246792,32.18292999267578,44.73538719315828,0.02285444736480713,0.238525390625,2.818728
678,What artist designed the logo for Chupa Chups lollipops?,Salvador Dalí,1,ops,2599,1,3,0.08121875,0.14690297842025757,-0.05271795892876474,33.06598663330078,59.57305109095819,0.007382185198366642,0.0295257568359375,2.8566296
679,"What is being built in the Olympic Park, that will be the world's longest and tallest of its kind?",The world's longest and tallest cable car.,0,kind,2112,1,4,0.066,0.1600380688905716,0.3813360746399459,32.10085678100586,30.72570996426696,0.05126597732305527,0.1973876953125,2.9687057
680,In the 'Jungle Book' what type of creature was 'Bagheera'?,Bagheera was a panther.,1,era,2126,1,3,0.0664375,0.14921709895133972,-0.03404333161263651,39.01139450073242,257.02052495654004,0.002263412345200777,0.0034313201904296875,2.3258393
681,What was the first Beatles film?,A Hard Day’s Night.,1,film,2966,1,4,0.0926875,0.1493862271308899,0.09332058518563846,32.14457321166992,1.6717216523503158,0.1042049378156662,4.03515625,2.7680528
682,What was the name of the Liverpool nightclub where the Beatles regularly played?,The Cavern Club,1,played,4226,1,6,0.1320625,0.15311455726623535,0.12220336009269639,32.787147521972656,2.553133818300517,0.06539035588502884,0.7646484375,0.9375614
683,How many US states are prefixed by the word New?,10,0,New,1450,1,3,0.0453125,0.1423461139202118,0.570329834640622,35.18486785888672,173.28229417978878,0.06712263822555542,2.958984375,2.5775902
684,"Although he never won an Oscar for best director, one of Hitchcock's films did win an Oscar for best picture. What was the film?",Rebecca.,1,film,2966,1,4,0.0926875,0.1493862271308899,0.09332058518563846,31.69356918334961,7.275382051179852,0.09296995401382446,0.93994140625,2.9520683
685,In which New York borough would you find Hell’s Kitchen?,Manhattan,1,Kitchen,21376,1,7,0.668,0.17475181818008423,-0.09929788108189896,29.299333572387695,21.562195547748086,0.05175852030515671,0.1219482421875,2.5563564
686,Which airline is nicknamed ‘The Flying Kangaroo’?,Qantas,1,oo,3464,1,2,0.10825,0.15303346514701843,0.3503403107265921,38.5611686706543,226.53733344253666,0.010168635286390781,2.2172927856445312e-05,0.5779954
687,Which cartoon character had the maiden name ‘Slaghoople’?,Betty Boop,0,ople,845,1,4,0.02640625,0.1880633682012558,0.032534115289683196,33.93690872192383,233.87768499469283,0.020835978910326958,0.07318115234375,3.8495939
688,‘Think Different’ is an advertising slogan for which company?,Apple,0,company,2496,1,7,0.078,0.1465711146593094,0.14421310153508538,30.28132438659668,20.07479358701669,0.06945529580116272,0.6591796875,0.5370106
689,Which ‘A’ is a calculating frame with sliding balls on wires?,Abacus,1,ires,3053,1,4,0.09540625,0.14491425454616547,0.09436049707058425,36.98055648803711,61.3490482515642,0.054566189646720886,0.0716552734375,4.391294
690,The rowan tree is also known as the Mountain ‘what’?,Ash,1,what,6802,1,4,0.2125625,0.15230689942836761,0.35229672873310003,32.45627212524414,44.627576256735956,0.04732463136315346,6.5625,0.77607656
691,Which ‘A’ means in the open air?,A is for Air,0,air,2423,1,3,0.07571875,0.1583978533744812,-0.05785210199309221,33.49851989746094,61.3347004187475,0.08833359181880951,4.00390625,4.006707
692,Buenos Aires is the capital of which South American country?,Argentina,1,country,2939,1,7,0.09184375,0.15374206006526947,0.058572916305953626,31.76364517211914,124.42069451548797,0.02115977369248867,0.10198974609375,0.30589616
693,Apiculture is the raising and care of which creatures?,Bees,1,creatures,18349,1,9,0.57340625,0.18576933443546295,-0.01698903199649404,30.670549392700195,10.126815130451183,0.03828596696257591,5.15625,1.5955029
694,What is the capital of Indonesia?,Jakarta,1,Indonesia,24450,1,9,0.7640625,0.18891656398773193,0.012018630811983844,28.46886444091797,66.82580181149305,0.02990051358938217,5.23828125,0.6225304
695,Which vegetable was the first to be canned?,Corn,0,ned,12097,1,3,0.37803125,0.1558472216129303,0.010095721705826843,31.72311019897461,8.171452809551026,0.01382314320653677,0.00042748451232910156,2.569725
696,"In computers, the X-Y Position Indicator for a Display System is now known as what?",Cursor,1,what,767,1,4,0.02396875,0.1464880257844925,0.4977877108636668,28.856304168701172,14.264028273042374,0.052552226930856705,3.232421875,3.2016196
697,The Khyber Pass is approximately how many miles long?,120 miles,0,long,1043,1,4,0.03259375,0.15409353375434875,0.09933412296628497,32.81504440307617,139.77889708321842,0.04387882351875305,0.25244140625,2.3637457
698,"Which fruit did Nell Gwynn, mistress of King Charles II, sell in Drury Lane?",Oranges,1,Lane,19029,1,4,0.59465625,0.17506836354732513,0.11525807196209348,31.391115188598633,1.7310392230682377,0.06712266057729721,0.007373809814453125,1.5691388
699,The town of Tobermory is on which Scottish island?,Mull,1,island,8919,1,6,0.27871875,0.16218052804470062,0.06609111178221072,29.243188858032227,8.607552339768008,0.03796185553073883,0.224365234375,1.9620965
700,"In the novel ‘Wuthering Heights’ by Emily Bronte, Catherine’s father found Heathcliffe on the streets of which English city?",Liverpool,1,city,2990,1,4,0.0934375,0.1469501405954361,0.0563929114295294,32.25984573364258,16.11523780107114,0.06553688645362854,0.5625,1.8888958
701,Which Asian country hosted its first Formula One Grand Prix motor race in October 2010?,Korea,0,0,28734,1,1,0.8979375,0.10093215107917786,11.205680145366498,31.97244644165039,94.76542099464562,0.05561677739024162,2.919921875,2.1234264
702,"In UK currency, how many sides does a twenty pence piece have?",20,0,have,506,1,4,0.0158125,0.12476600706577301,1.3985408383732967,33.6678352355957,229.38947359431538,0.05352414399385452,0.052093505859375,3.4573092
703,"In humans, otalgia, is the medical term for what?",Earache,1,what,767,1,4,0.02396875,0.1464880257844925,0.4977877108636668,31.493745803833008,3.496795479831448,0.05769379809498787,4.0,1.6498563
704,"British MP, Diane Abbott, learned to play which musical instrument in the tv series ‘Play It Again’?",Piano,1,Again,9706,1,5,0.3033125,0.16999328136444092,0.11898054974636674,31.228900909423828,1.6941120199713522,0.04599565640091896,0.58642578125,3.1010528
705,Cristina Fernandez de Kirchner became President of which South American country in December 2007?,Argentina,1,7,28787,1,1,0.89959375,0.1223420798778534,2.558214583906545,31.396120071411133,53.23585636221858,0.027897145599126816,0.0076141357421875,0.48561373
706,"In Greek mythology, what was the name of the nymph who fell in love with Narcissus, but who was said to have pined away when her love was not returned, leaving only her voice?",Echo.,1,voice,3441,1,5,0.10753125,0.1660790592432022,-0.15194394115794196,33.585670471191406,1.8787654644943323,0.0663425400853157,4.53125,0.36611733
707,The Marquesas Islands lie in which ocean?,The Pacific Ocean,1,ocean,13993,1,5,0.43728125,0.17913535237312317,0.12542649042978926,30.557151794433594,8.528349813198389,0.07669597864151001,0.62841796875,1.3721876
708,Keflavik is the main international airport of which country?,Iceland,1,country,2939,1,7,0.09184375,0.15374206006526947,0.058572916305953626,30.197832107543945,60.153639997733855,0.009633924812078476,0.247802734375,0.76063526
709,Which British artist’s works include ‘The First Real Target’?,David Hockney,0,Target,15255,1,6,0.47671875,0.16603705286979675,-0.0449444936886807,34.885921478271484,3.56761567338172,0.07045797258615494,6.17578125,4.4709897
710,Which King of England sold Dunkirk to Louis XIV of France?,Charles II,1,France,4843,1,6,0.15134375,0.1713382601737976,0.05138162392996515,35.36836242675781,57.46605195590034,0.04022413492202759,0.004596710205078125,1.5624423
711,What was the middle name of US actor James Dean?,Byron,1,Dean,17378,1,4,0.5430625,0.17230859398841858,-0.02707236911203692,28.21296501159668,28.713040652904503,0.05573565512895584,0.98828125,0.9702127
712,Which French author wrote the fairy tales ‘Little Red Riding Hood’ ‘Sleeping Beauty’ and ‘Puss in Boots’?,Charles Perrault,1,s,28713,1,1,0.89728125,0.0851113349199295,11.082898152002013,44.228973388671875,658.359567464821,0.05020468309521675,0.003215789794921875,0.5474076
713,Author J.R.R. Tolkien was born in which country?,England,0,country,2939,1,7,0.09184375,0.15374206006526947,0.058572916305953626,30.934476852416992,57.64597174491659,0.03667765483260155,0.86962890625,1.3903388
714,The pilgrim route to Santiago de Compostela in Northern Spain is known as the ‘Way’ of which saint?,Saint James,1,saint,27361,1,5,0.85503125,0.18971343338489532,0.09214328923315485,30.89212989807129,21.64398736804796,0.04483587667346001,0.77001953125,1.5215244
715,Peter O’Sullevan was a BBC commentator for which sport?,Horse racing,1,sport,8198,1,5,0.2561875,0.16961884498596191,-0.08202677211131482,31.7108097076416,2.163008870679267,0.05685148015618324,1.1337890625,1.0931588
716,Who was the first Hanover King of England?,George I,1,England,5783,1,7,0.18071875,0.17811132967472076,0.1944246037547459,33.40320587158203,79.13927369946592,0.04795383661985397,0.50732421875,1.6091053
717,Which group released an album in 1986 entitled ‘The Queen is Dead’?,The Smiths,1,Dead,14292,1,4,0.446625,0.16486872732639313,-0.03395625233605948,40.062889099121094,224.48352202735654,0.027126293629407883,0.0260467529296875,0.9387736
718,Which British Prime Minister said of Downing Street ‘One of the most precious jewels in the national heritage’?,Winston Churchill,0,heritage,22597,1,8,0.70615625,0.1797085404396057,0.05118587544905884,35.277862548828125,19.531417250349346,0.020708974450826645,1.787109375,3.454319
719,Antigonus is a character in which Shakespeare play?,King Lear,0,play,1156,1,4,0.036125,0.1422308385372162,0.2434282344272254,31.005468368530273,44.63772202424986,0.06380623579025269,0.62060546875,2.6324115
720,Which British monarch famously said ‘I don’t wish to open windows into men’s souls’?,King Charles II,0,souls,23804,1,5,0.743875,0.18498748540878296,-0.12272617981261202,34.54064178466797,85.61800081997394,0.02460785210132599,0.049163818359375,2.531186
721,Which bodily fluid is collected in a lachrymatory?,Tears,1,ory,695,1,3,0.02171875,0.13887281715869904,0.1825608905960756,29.240886688232422,1.8111194948628313,0.02100895717740059,0.00940704345703125,2.3481598
722,Which British singer played Jareth the Goblin King in the 1986 film ‘Labyrinth’?,David Bowie,1,inth,18618,1,4,0.5818125,0.18319430947303772,0.12619441642377893,38.493492126464844,317.2344654025722,0.020138246938586235,0.0005702972412109375,0.4001749
723,Golfer Ernie Els was born in which country?,South Africa,1,country,2939,1,7,0.09184375,0.15374206006526947,0.058572916305953626,30.520641326904297,53.702158577168014,0.029461286962032318,0.43798828125,0.49821815
724,Aconcagua is the highest mountain in which mountain range?,The Andes,1,range,2819,1,5,0.08809375,0.1576918512582779,0.2454304368765392,29.553081512451172,30.895886085852894,0.02371922880411148,0.031646728515625,1.9450274
725,The 1987 film ‘Cry Freedom’ is a biographical drama about which South African civil rights leader?,Steve Biko,1,leader,7059,1,6,0.22059375,0.15850937366485596,0.13542521852751355,28.52841567993164,2.1406426688838147,0.03389378637075424,1.212890625,1.4269929
726,Which British actress played Valerie in the 1997 film ‘Nil By Mouth’?,Kathy Burke,1,outh,1881,1,4,0.05878125,0.16443496942520142,0.0015246402347699473,38.16743850708008,431.0836209651901,0.029522927477955818,0.0005192756652832031,1.303579
727,"What was the name of the Brazilian player who won the Women’s Singles Finals at Wimbledon in 1959, 1960 and 1964?",Maria Bueno,1,4,28781,1,1,0.89940625,0.11096087843179703,5.235415710549141,31.311443328857422,25.502704296558207,0.029957368969917297,3.34375,0.9293269
728,"Apart from English, what is the official language of Canada?",French.,1,Canada,6082,1,6,0.1900625,0.17007242143154144,0.030363043734963124,28.783424377441406,86.90264119155515,0.08263211697340012,3.048828125,2.873446
729,What is the name of the steam locomotive which set the world speed record in July 1938 by reaching 126 mph on the East Coast Mainline  in England?,Mallard,1,England,5783,1,7,0.18071875,0.17811132967472076,0.1944246037547459,32.898441314697266,43.74760622820777,0.03453285992145538,0.93798828125,2.0874588
730,Singer and musician Bono called which venue ‘Rock and roll’s great cathedral’?,Madison Square Garden,1,hedral,19749,1,6,0.61715625,0.19732661545276642,-0.0498741459719767,36.2604866027832,97.46213881740141,0.015586506575345993,0.0012464523315429688,2.3379133
731,What type of creature is a bufflehead?,A duck.,1,head,1811,1,4,0.05659375,0.14942805469036102,0.0019524468908880266,34.27281951904297,60.848022353496184,0.0213237926363945,0.152587890625,1.8757792
732,The 1950’s Mau Mau uprising was against the British occupation of which country?,Kenya,1,country,2939,1,7,0.09184375,0.15374206006526947,0.058572916305953626,30.727548599243164,61.29787117499899,0.019506307318806648,0.7265625,0.45988467
733,What is a positively charged ion called?,A cation.,1,called,1987,1,6,0.06209375,0.14868496358394623,0.0634729304677153,28.523794174194336,123.26772342893986,0.021943217143416405,1.1962890625,1.422944
734,Which 5th/6th Century Buddhist monk is described in Chinese texts as ‘The Blue-Eyed Barbarian’?,Xuanzang,0,ian,753,1,3,0.02353125,0.12735594809055328,0.4881173018202558,43.531044006347656,13.039329903216718,-0.007328146602958441,0.001773834228515625,3.5215008
735,In which part of the human body is the limbic system?,The limbic system is a group of structures in the brain that are,1,system,1587,1,6,0.04959375,0.14660130441188812,0.12485709567494752,38.91017150878906,92.29382889310718,-0.00012485496699810028,0.0653076171875,2.5675342
736,Which year saw the only hijacking of a British commercial flight?,1970,1,flight,9314,1,6,0.2910625,0.16362254321575165,-0.030264322234848873,31.749347686767578,4.73966119325116,0.05784489959478378,3.908203125,0.7138711
737,What was the name of the Cunard ocean liner which was launched on 20th September 1906?,Mauretania,1,6,28784,1,1,0.8995,0.11648011207580566,2.45120141876082,33.99250793457031,18.300326412477485,0.04748816788196564,1.8818359375,3.0599823
738,Which European city had the world’s first birth control clinic?,London,0,clinic,24629,1,6,0.76965625,0.176303893327713,0.029234638952590597,32.2385139465332,14.460861596930691,0.030341219156980515,0.154296875,1.9200346
739,In which James Bond film does actress Jane Seymour play Solitaire?,Live and Let Die,1,itaire,19682,1,6,0.6150625,0.19905412197113037,-0.054443826227400294,28.078805923461914,33.32424215059828,-0.008120357990264893,0.013153076171875,0.76160973
740,What type of creature is a tanager?,A bird.,1,ager,1742,1,4,0.0544375,0.16338586807250977,-0.019170533393018108,28.762765884399414,36.70775447769852,0.03280407190322876,4.61328125,2.244807
741,"In ‘Follow That Camel’, the fourteenth Carry On film, Sid James was replaced by which US actor?",Peter Butterworth.,0,actor,10964,1,5,0.342625,0.16474546492099762,0.02145280405004124,31.039417266845703,3.7005847271614583,0.04434577748179436,0.77099609375,5.0080934
742,"A mahout is a person who works, tends and rides which animal?",Elephant,1,animal,8527,1,6,0.26646875,0.16317157447338104,0.027820994092598195,32.18292999267578,11.957044243942754,0.02608349546790123,2.71484375,1.7876109
743,How many medals did the United States win at the 2010 Winter Olympics?,37,1,Olympics,21351,1,8,0.66721875,0.1910732239484787,-0.005036192645518689,29.84436798095703,4.723110347390521,0.07976344972848892,0.177490234375,0.95886374
744,‘The Weeping Woman’ is the work of which artist?,Pablo Picasso,1,artist,7325,1,6,0.22890625,0.15934529900550842,0.07152205061216987,30.66846466064453,27.80800610442494,0.04613782465457916,0.7646484375,2.4894872
745,The Koppen System is a classification system for what?,Climate,1,what,767,1,4,0.02396875,0.1464880257844925,0.4977877108636668,28.213607788085938,4.89078291369326,0.06860727071762085,4.32421875,1.8046896
746,"In humans, a hemispherectomy is the removal of half of the what?",Brain,1,what,767,1,4,0.02396875,0.1464880257844925,0.4977877108636668,27.908353805541992,1.947079818791397,0.04703492671251297,14.3515625,1.8665677
747,"In Greek mythology, Tiresias disclosed the crimes of who?",Oedipus,1,who,693,1,3,0.02165625,0.1405903846025467,1.0397941636995771,27.328449249267578,5.406235944530771,0.07494597136974335,9.34375,2.630093
748,The United Nations University is based in which Asian city?,Tokyo,1,city,2990,1,4,0.0934375,0.1469501405954361,0.0563929114295294,30.10811424255371,50.82305046965381,0.04798949509859085,1.767578125,0.4154033
749,What is the name of the iron hook which is attached to the pole used by fisherman to land a heavy fish?,Gaff,1,fish,8006,1,4,0.2501875,0.15959779918193817,0.15134836480688474,33.619422912597656,4.25487325080578,0.07924850285053253,0.71484375,2.7227657
750,Which English singer/songwriter/musician wrote the Tremeloes hit ‘Here Comes My Baby’ at the age of eighteen?,Cat Stevens,1,eighteen,24196,1,8,0.756125,0.18532854318618774,-0.08660142741934784,33.2360954284668,31.358362090362874,0.027239318937063217,5.28125,2.9867258
751,Mearth was the name of the child of which US tv characters?,The Simpsons,0,characters,6128,1,10,0.1915,0.16233181953430176,0.1481259222152782,30.507932662963867,21.76095429311958,0.06086330488324165,4.36328125,5.608041
752,In which state of the US is it illegal to mis-pronounce the name of the state?,The state of Massachusetts.,0,state,1665,1,5,0.05203125,0.14091920852661133,-0.04320145055994251,31.40913200378418,0.7251458765606884,0.0778355523943901,0.201904296875,3.824157
753,The Strawberry Museum in the town of Wepion is in which country?,Belgium,1,country,2939,1,7,0.09184375,0.15374206006526947,0.058572916305953626,29.90732765197754,94.64530274995084,0.025769878178834915,1.10546875,2.955204
754,The Hotel Matignon is the official residence of the Prime Minister of which European country?,France,1,country,2939,1,7,0.09184375,0.15374206006526947,0.058572916305953626,31.5272274017334,145.57317776901257,0.011470704339444637,0.2288818359375,0.6296057
755,Which British politician became Member of Parliament for Epping in October 1924?,Winston Churchill,1,4,28781,1,1,0.89940625,0.11096087843179703,5.235415710549141,32.734466552734375,27.459573827614953,0.05358673259615898,1.2138671875,3.596106
756,‘The Crafty Cockney’ was the nickname of which British darts player?,Bobby George,0,player,4385,1,6,0.13703125,0.15042468905448914,-0.02933544585901604,29.469850540161133,13.236849271663779,0.05331552401185036,0.1495361328125,3.2589412
757,Which famous jewellers makes the Super Bowl Trophy?,Tiffany & Co.,1,phy,8071,1,3,0.25221875,0.1647212952375412,0.03644775607075168,35.92734909057617,5.402378447999528,0.04723545163869858,0.0633544921875,1.5954387
758,"Bedloe’s Island in New York Harbour, is the former name of which island?",Ellis Island,0,island,8919,1,6,0.27871875,0.16218052804470062,0.06609111178221072,32.262454986572266,4.480198240631552,0.03082660771906376,1.1513671875,1.5472021
759,What is the name of the Jewish spring festival which celebrates the exodus of the Israelites from Egypt?,Passover,1,Egypt,10529,1,5,0.32903125,0.1850723922252655,0.03172634354953541,32.12060546875,4.770603660103497,0.0549151748418808,0.259521484375,0.9306007
760,Sadler’s Wells Ballet and the Vic-Wells Ballet were the previous names of which British ballet company?,The Royal Ballet,1,company,2496,1,7,0.078,0.1465711146593094,0.14421310153508538,29.934688568115234,18.87602979993431,0.058852363377809525,0.0528564453125,1.1331059
761,The roller coaster ride called Rita is located at which English theme park?,Alton Towers,1,park,4890,1,4,0.1528125,0.14887315034866333,0.03405522992892607,30.481056213378906,8.017616375500873,0.035574715584516525,0.01206207275390625,2.4939969
762,Which is the first written single word number in which the letter ‘A’ appears?,One,0,appears,8045,1,7,0.25140625,0.1593918800354004,0.16904644470875008,39.80186080932617,18.67179527512383,0.041363611817359924,1.5146484375,4.177621
763,In which year did Margaret Thatcher become British Prime Minister?,1979,1,Minister,8241,1,8,0.25753125,0.16786861419677734,0.006728810007853081,32.04195785522461,155.65109667214534,0.019022859632968903,0.0236053466796875,0.9344751
764,"In January 1957, Russell Endean became the first batsman to be dismissed from a test cricket match for doing what?",Wearing a helmet.,0,what,767,1,4,0.02396875,0.1464880257844925,0.4977877108636668,30.12443733215332,3.2531300873223365,0.07584872096776962,1.3525390625,5.0662107
765,What type of animal is a dik-dik?,A dik-dik is a small antelope.,1,ik,849,1,2,0.02653125,0.13886304199695587,0.761935182825213,28.41983985900879,32.39500913321562,0.009122161194682121,0.00238037109375,2.4809906
766,"Isoprene, Butyl and Nitrile are all types of which substance?",Rubber,1,substance,18677,1,9,0.58365625,0.1831320822238922,-0.0050507235490484526,31.26057243347168,30.237856691832782,0.06694883853197098,2.927734375,2.2763426
767,Taka is the basic monetary unit of which country?,Bangladesh,1,country,2939,1,7,0.09184375,0.15374206006526947,0.058572916305953626,31.13748550415039,50.50773649842684,0.028588544577360153,0.357666015625,1.3199314
768,Who does Emilio Estevez play in the 1988 film ‘Young Guns’?,Billy the Kid,1,uns,13716,1,3,0.428625,0.16756252944469452,0.025081024797646734,37.06785583496094,107.80867222017486,0.024021364748477936,5.447864532470703e-05,3.7989187
769,Which Mediterranean island gained independence in 1959 under the presidency of Archbishop Makarios?,Cyprus,1,arios,11041,1,5,0.34503125,0.16835282742977142,0.0463785178789049,34.5080680847168,16.779363734104773,0.008703847415745258,0.0021152496337890625,0.31523582
770,"In medicine, chromotopsia is the term for abnormally coloured what?",Vision,1,what,767,1,4,0.02396875,0.1464880257844925,0.4977877108636668,25.584779739379883,18.50461490261613,0.07033951580524445,11.1796875,1.9683968
771,Wanlockhead is the highest village in which European country?,Scotland,1,country,2939,1,7,0.09184375,0.15374206006526947,0.058572916305953626,28.798768997192383,24.058554796642824,0.01292642392218113,0.1253662109375,0.82989824
772,Which European country hosted the 1956 Winter Olympic Games?,"Cortina d’Ampezzo, Italy",1,Games,12339,1,5,0.38559375,0.164369598031044,0.009422923550180151,31.235733032226562,28.661135606749966,0.048834022134542465,0.09600830078125,0.901498
773,‘Lofsongur’ is the national anthem of which country?,Iceland,1,country,2939,1,7,0.09184375,0.15374206006526947,0.058572916305953626,30.582124710083008,70.78737381645442,0.016240833327174187,0.4599609375,0.7006266
774,"In Roman mythology, what was the name of the brother slain by Romulus?",Remus.,1,ulus,16894,1,4,0.5279375,0.18319034576416016,-0.09420515134293339,30.490047454833984,6.21213148072211,0.034504830837249756,0.0006575584411621094,0.6379885
775,"In 1951, which European country saw the abdication of King Leopold lll in favour of his son Baudouin?",Belgium,1,in,262,1,2,0.0081875,0.10492095351219177,4.3250367020890765,37.16484069824219,26.89619181152361,0.002057114150375128,0.00396728515625,0.6154808
776,In medicine the MMR vaccination gives protection against which diseases?,"Measles, Mumps and Rubella.",1,diseases,18257,1,8,0.57053125,0.17646901309490204,-0.04219387808582109,33.70024871826172,45.15532971222946,0.04078473523259163,2.013671875,1.740802
777,A saluki is which type of animal?,Dog,1,animal,8527,1,6,0.26646875,0.16317157447338104,0.027820994092598195,31.519893646240234,20.918399178521756,0.0326092503964901,2.330078125,2.5019815
778,"What disease was Robert the Bruce, King of Scotland, said to have died of in 1329?",Leprosy,1,9,28774,1,1,0.8991875,0.12219323962926865,2.515278630533314,35.102840423583984,156.1003716174233,0.04783213511109352,0.01001739501953125,4.187659
779,‘Divine Wind’ is the English translation of which Japanese word?,Kamikaze,1,word,1707,1,4,0.05334375,0.1560751348733902,0.12604368185758608,31.625755310058594,5.583588653879925,0.07478907704353333,0.87841796875,2.4348543
780,Which Flemish Baroque painter’s Antwerp home is now a museum?,Peter Paul Rubens,1,museum,13041,1,6,0.40753125,0.16278667747974396,0.006256637345972926,36.93710708618164,3.751783874313195,0.07375490665435791,0.2822265625,2.0161996
781,"In medicine, epiphora affects which part of the human body?",The eyes,1,body,2187,1,4,0.06834375,0.15110650658607483,0.18439204215052563,34.48173904418945,50.67641399633619,0.06820102781057358,0.307373046875,2.7895358
782,What nationality was 19th Century author Hans Christian Anderson?,Danish,1,Anderson,15661,1,8,0.48940625,0.1733834445476532,0.1112136965488082,27.65908432006836,65.1440421916235,0.040476590394973755,1.77734375,1.705846
783,Umberto ll was the last king of which European country?,Italy,1,country,2939,1,7,0.09184375,0.15374206006526947,0.058572916305953626,32.5046501159668,44.065952231738464,0.006003322079777718,0.346923828125,1.3390508
784,Which US singing duo started out under the names Caesar and Cleo?,Sonny and Cher,1,o,28709,1,1,0.89715625,0.10557238757610321,4.66516363771578,32.382938385009766,31.51584635120652,0.0158530306071043,0.1734619140625,3.989017
785,"Fidel Castro, former President of Cuba, ordered which board game to be destroyed when he took power?",Monopoly,1,power,1982,1,5,0.0619375,0.15007568895816803,0.10187402207176888,33.719482421875,29.051742382727326,0.05434758961200714,0.467041015625,0.73117214
786,Which creature features on the label of a Bacardi rum bottle?,A bat.,1,bottle,10859,1,6,0.33934375,0.17074094712734222,-0.006137428950887092,31.584692001342773,12.453750990898861,0.04233066737651825,0.306396484375,1.8168387
787,"According to the Bible, who was the only apostle to witness the crucifixion of Jesus?",John,1,Jesus,6466,1,5,0.2020625,0.17607614398002625,0.21806621935427328,34.213104248046875,48.84456343253811,0.03460855036973953,0.25439453125,2.8985257
788,"Who played the role of Caligula in the 1976 UK tv series ‘I, Claudius’?",John Hurt,1,ius,3170,1,3,0.0990625,0.15387919545173645,0.2424597623542435,42.191410064697266,484.1015173836693,0.015160405077040195,0.001277923583984375,3.5942414
789,What colour is the cross on the national flag of Denmark?,Red,0,Denmark,26486,1,7,0.8276875,0.1994556188583374,0.1586880044916419,28.069549560546875,41.90695183702841,0.03440634906291962,4.234375,2.7256532
790,Who wrote the 1963 novel ‘The Spy Who Came in From the Cold’?,John le Carré,1,Cold,19260,1,4,0.601875,0.17416761815547943,-0.012309763663797657,36.17953109741211,103.92329370715349,0.01959547959268093,0.001506805419921875,0.44906166
791,"Composite, Shield and Cinder Cone are all types of what?",Volcanoes,1,what,767,1,4,0.02396875,0.1464880257844925,0.4977877108636668,30.616331100463867,4.122134364753058,0.03553622215986252,4.42578125,0.9603706
792,Mouldwarp is an old name for which creature?,A spider.,0,creature,15287,1,8,0.47771875,0.18056432902812958,-0.04223581397310916,31.465787887573242,23.779266768039015,0.022257909178733826,5.2109375,4.5194817
793,What is the name of Humphrey Bogart’s character in the film ‘Casablanca’?,Rick Blaine,1,anca,19205,1,4,0.60015625,0.1859072744846344,-0.010090831901323316,41.04845428466797,415.76373492317737,0.030542459338903427,0.0006771087646484375,0.93453074
794,What is the US state capital of Louisiana?,Baton Rouge,1,Louisiana,24269,1,9,0.75840625,0.19696053862571716,0.060998135198773173,29.051002502441406,19.6028315591825,0.0640307292342186,4.46484375,0.47096995
795,What is the title of the 1996 Oscar-winning documentary about the Muhammad Ali and George Foreman 1974 ‘Rumble in the Jungle’ fight in Zaire?,When We Were Kings,1,aire,5731,1,4,0.17909375,0.1602565199136734,0.10838483598644011,30.79047966003418,5.227159488015532,0.015274157747626305,0.0018186569213867188,0.743713
796,The Battle of Vimy Ridge took place in which country during World War l?,France,1,l,305,1,1,0.00953125,0.13541923463344574,0.33950165755128126,31.79458236694336,35.998213787586984,0.04367157071828842,6.359375,1.1473656
797,What colour is ‘Mr Man’ Mr Strong’s hat?,Mr Strong’s hat is red.,0,hat,4613,1,3,0.14415625,0.16235314309597015,0.01652146096649254,31.161054611206055,9.75961986785317,0.0697041004896164,3.29296875,3.973932
798,What are the first names of art duo Proesch and Passmore?,Peter and Mary,0,more,4452,1,4,0.139125,0.15295757353305817,0.08056926859818558,32.01655197143555,73.83527571358829,0.035895735025405884,4.84375,5.9796724
799,What was is the name of Penelope Pitstop’s car in the children’s tv cartoon series ‘Wacky Races’?,The Compact Pussycat.,1,aces,2089,1,4,0.06528125,0.14595770835876465,0.025961525682287157,40.81293869018555,396.9840315788275,-0.002412394154816866,0.039703369140625,1.2600362
800,The Wang River is in which Asian country?,China,0,country,2939,1,7,0.09184375,0.15374206006526947,0.058572916305953626,31.953649520874023,124.00861170593546,0.03428846225142479,0.1361083984375,2.4136083
801,Which tennis player was known as the Rockhampton Rocket?,Lleyton Hewitt,0,ocket,3955,1,5,0.12359375,0.17097395658493042,-0.05785493637253003,32.41325378417969,56.82509176537678,-0.0036130459047853947,0.10260009765625,2.9180565
802,The ports of Puck and Jastarnia are in which European country?,Poland,1,country,2939,1,7,0.09184375,0.15374206006526947,0.058572916305953626,30.10132598876953,90.65576211627905,0.024944286793470383,0.1104736328125,0.4855211
803,Which famous racehorse won Australia’s Melbourne Cup in 1930?,Phar Lap,1,0,28734,1,1,0.8979375,0.10093215107917786,11.205680145366498,30.589340209960938,7.429202725388013,0.06702554225921631,0.64453125,1.1932268
804,Amr Shabana from Egypt is famous for playing which sport?,Squash,1,sport,8198,1,5,0.2561875,0.16961884498596191,-0.08202677211131482,30.80095863342285,1.8601959927203442,0.04197258502244949,0.6455078125,0.84868336
805,How many pounds are in a UK (long) ton?,2240 pounds,1,ton,6339,1,3,0.19809375,0.17365971207618713,0.04201305739952366,30.044788360595703,40.910124838584956,0.05875209718942642,0.053619384765625,0.7207241
806,Cobweb is a fairy in which Shakespeare play?,A Midsummer Night’s Dream,1,play,1156,1,4,0.036125,0.1422308385372162,0.2434282344272254,30.154502868652344,68.49646940712832,0.06444280594587326,1.0703125,1.1084521
807,Apimania is an obsession with which creatures?,Bees,1,creatures,18349,1,9,0.57340625,0.18576933443546295,-0.01698903199649404,32.94480895996094,52.3267985755599,0.0511082261800766,7.19921875,1.3988045
808,"In 1216, English monarch King John was said to have lost the crown jewels while crossing which body of water?",The Wash,1,water,2130,1,5,0.0665625,0.14859886467456818,0.09716595069491651,30.705738067626953,13.852967428424027,0.05263039097189903,0.0074310302734375,2.5401015
809,Which British playwright was killed with a hammer by his lover Keith Haliwell in 1967?,Joe Orton,1,7,28787,1,1,0.89959375,0.1223420798778534,2.558214583906545,32.55595016479492,109.71104825870216,0.0505267009139061,1.2490234375,1.5341332
810,What is the nickname of baseball star Jimmie Foxx?,The Beast,0,x,28744,1,1,0.89825,0.11705731600522995,1.3185002556575443,29.452667236328125,86.71999925980433,0.030370712280273438,0.0206298828125,2.3987062
811,The Free Officers Movement was composed of young junior army officers committed to unseating the monarchy of which African country?,Egypt,1,country,2939,1,7,0.09184375,0.15374206006526947,0.058572916305953626,29.327198028564453,32.9630448466847,0.007459619082510471,0.6142578125,0.7400733
812,"In which year was the storming of the Bastille, which started the French Revolution?",1789,1,Revolution,13850,1,10,0.4328125,0.1737835556268692,-0.009951801125843485,28.470958709716797,15.112466024344492,0.046888478100299835,0.051544189453125,1.1336262
813,Who was the first poet to be buried at Poet’s Corner in London’s Westminster Abbey?,Geoffrey Chaucer,1,bey,23815,1,3,0.74421875,0.18627049028873444,-0.10587719975855192,31.86575698852539,27.603261675666122,0.031061599031090736,0.00507354736328125,1.8594911
814,‘The Night of the Long Knives’ refers to which leader eliminating many of his political enemies?,Adolf Hitler,1,enemies,15139,1,7,0.47309375,0.18339243531227112,0.021895878633463095,32.979095458984375,24.222817083607527,0.039868999272584915,1.8583984375,1.7884254
815,Hans Holbein the Younger was court painter to which English monarch?,Henry VIII,1,arch,1161,1,4,0.03628125,0.15968048572540283,0.11216241259416915,31.611169815063477,37.013412311494996,0.015570450574159622,0.00510406494140625,0.7488943
816,Who was the illustrator for most of Roald Dahl’s stories for children?,Quentin Blake,1,children,2436,1,8,0.076125,0.15021586418151855,-0.01463055292894877,32.95527648925781,32.87545954803177,0.06580861657857895,0.426513671875,2.326272
817,The 1958 film ‘Gigi’ was based on the novel by which French author?,Colette,1,author,3227,1,6,0.10084375,0.1612703800201416,0.08161111200645399,30.0414981842041,2.2405108344730262,0.06494080275297165,0.429443359375,0.88931936
818,‘Back to Bedlam’ was the debut album for which British singer?,James Blunt,1,singer,15307,1,6,0.47834375,0.18067917227745056,0.08599154867961811,30.623554229736328,4.493518577212775,0.05841929093003273,2.298828125,3.9752696
819,Which US gangster was released from Alcatraz prison in November 1939?,Al Capone,1,9,28774,1,1,0.8991875,0.12219323962926865,2.515278630533314,34.85406494140625,17.789317967910975,0.0572991669178009,0.42333984375,1.4447381
820,The fictional characters William Dobbin and Rawdon Crawley appear in which novel?,Vanity Fair,1,novel,7092,1,5,0.221625,0.16711890697479248,-0.05285279292208367,30.000686645507812,5.0936871252643865,0.06840674579143524,0.87841796875,0.7607921
821,Who does the commentary in the UK tv programme ‘Come Dine With Me’?,Dave Lamb,1,Me,2597,1,2,0.08115625,0.1495427042245865,0.14088605049813996,40.29546356201172,190.23824253638563,-0.007286802865564823,0.007381439208984375,3.8751435
822,Hidrosis is the medical term for which bodily function?,Sweating,1,function,908,1,8,0.028375,0.14673076570034027,0.18730125162125555,32.108001708984375,28.183905993011848,0.04611790180206299,1.2646484375,3.0525966
823,The town of Honiton in Devon is famous for producing what?,Lace,1,what,767,1,4,0.02396875,0.1464880257844925,0.4977877108636668,30.366558074951172,2.76905718363897,0.07597193121910095,2.6484375,2.1414185
824,Which two colours make up the national flag of Greenland?,Red and white.,0,land,1207,1,4,0.03771875,0.13946697115898132,0.42412587507020705,28.781728744506836,46.441029289444366,0.01388773787766695,0.0069732666015625,2.2740314
825,Which national team beat Hungary 4-2 to win the 1938 FIFA World Cup?,Italy,1,Cup,7440,1,3,0.2325,0.169691801071167,0.09632917175864053,32.928165435791016,6.458216839052582,0.069278284907341,0.006195068359375,0.49883217
826,"Yellow-pine, Uinta and Lodgepole are all types of which animal?",Pine,0,animal,8527,1,6,0.26646875,0.16317157447338104,0.027820994092598195,30.055322647094727,2.5412272907833344,0.05701426789164543,6.73046875,2.5144672
827,Who plays Daphne in the 2002 film ‘Scooby-Doo’?,Sarah Michelle Gellar,1,oo,3464,1,2,0.10825,0.15303346514701843,0.3503403107265921,40.51708221435547,109.98213502656634,0.017293164506554604,0.00015878677368164062,0.91140914
828,The Euro is divided into how many cents?,100,1,cents,27337,1,5,0.85428125,0.19347994029521942,0.035466128006200304,31.584440231323242,80.59432511397223,0.02084357850253582,0.8583984375,0.63457024
829,In the NATO phonetic alphabet which word represents the letter ‘C’?,Charlie,1,C,28743,1,1,0.89821875,0.11490627378225327,2.268653399710611,38.4476432800293,200.55739873771958,0.04802185669541359,3.52734375,1.9380447
830,Which former RAF pilot wrote the novel ‘Airport’?,Arthur Hailey,1,port,483,1,4,0.01509375,0.14464522898197174,0.07618172226776876,33.45650100708008,10.524616395944777,0.008473256602883339,4.44921875,0.7959785
831,A creance is the name of the long fine cord used in which sport?,Rope skipping,0,sport,8198,1,5,0.2561875,0.16961884498596191,-0.08202677211131482,32.27557373046875,65.40153582700219,0.0713345929980278,2.35546875,4.0956697
832,"In the UK tv series ‘Mr Bean’, what model car does Mr Bean drive?",A 1976 Mini 1000.,1,drive,5009,1,5,0.15653125,0.14914000034332275,0.13411263331301715,32.979427337646484,38.88126830866222,0.07268445938825607,0.23828125,3.070924
833,Rodolfo and Mimi are the main characters in which opera by Giacomo Puccini?,La Bohème,1,ini,3494,1,3,0.1091875,0.14725829660892487,0.14142907477557154,30.177457809448242,49.44054756667136,0.019421841949224472,0.0017194747924804688,0.60732394
834,In which year did it become compulsory to wear seat belts in front seats of cars in the UK?,1983,1,UK,6194,1,2,0.1935625,0.16705481708049774,0.1197294374898421,30.331153869628906,120.05421137986292,0.058520570397377014,0.3076171875,1.468323
835,Which country was invaded by Iraq in 1990?,Kuwait,1,0,28734,1,1,0.8979375,0.10093215107917786,11.205680145366498,32.60716247558594,70.55250784689025,0.053219228982925415,0.060150146484375,0.39902207
836,The Oroville Dam is in which US state?,California,1,state,1665,1,5,0.05203125,0.14091920852661133,-0.04320145055994251,29.70624542236328,65.50509002848922,0.04062320291996002,0.231689453125,0.94833374
837,What was the name of the Prime Minister of Egypt who was assassinated in 1910?,Mustafa Fahmi Pasha,0,0,28734,1,1,0.8979375,0.10093215107917786,11.205680145366498,33.123252868652344,51.43587165182951,0.06605421751737595,0.255615234375,2.351815
838,The OK Corral is in which US town?,"Tombstone, Arizona",1,town,3736,1,4,0.11675,0.15782052278518677,0.11413280430108186,30.648757934570312,26.533769263701416,0.08009994029998779,4.12890625,0.5035826
839,"In Greek mythology, Amphitrite, queen of the sea, was the wife of which god?",Poseidon,1,god,5525,1,3,0.17265625,0.16888627409934998,0.1802286953941823,29.894283294677734,9.070176799606228,0.048383329063653946,0.8388671875,0.9964478
840,On which part of the body would a mukluk be worn?,The mukluk is a type of boot that is worn on the,0,worn,15903,1,4,0.49696875,0.18885931372642517,0.012988345918279798,33.98796081542969,66.94576952075768,0.03640526160597801,0.5361328125,3.5134184
841,Sandygate Road football and cricket stadium is in which English city?,Sheffield,1,city,2990,1,4,0.0934375,0.1469501405954361,0.0563929114295294,28.413286209106445,34.07095224247442,0.05542385205626488,0.2147216796875,0.8676804
842,How many hundredweight are in a UK ton?,1000 hundredweight,0,ton,6339,1,3,0.19809375,0.17365971207618713,0.04201305739952366,33.93390655517578,60.870937676836874,0.0653301253914833,1.0048828125,1.5316118
843,"Smoky, Leaf-nosed and Vesper are all species of which creature?",Bat,1,creature,15287,1,8,0.47771875,0.18056432902812958,-0.04223581397310916,29.024991989135742,14.295515850319049,0.02348918467760086,5.51953125,1.4683864
844,‘Make Them Wait’ is rhyming slang for which Bingo number?,28,0,number,1474,1,6,0.0460625,0.14705713093280792,0.3077655619505659,31.746932983398438,15.40319457461964,0.05268317461013794,3.576171875,3.1710386
845,How many stars are on the national flag of Liberia?,There are 13 stars on the national flag of Liberia.,1,ia,515,1,2,0.01609375,0.11571965366601944,1.3167131456947256,29.030712127685547,66.5561419506681,-0.00400557741522789,0.0021953582763671875,2.950236
846,What is the US state capital of Idaho?,Boise,1,aho,24715,1,3,0.77234375,0.18622326850891113,0.039965569969190096,29.886781692504883,17.01253042643418,0.035838399082422256,0.0018901824951171875,0.47785825
847,"In the children’s tv cartoon series, who is Inspector Gadget’s arch enemy?",Dr. Claw,1,enemy,8454,1,5,0.2641875,0.18359486758708954,-0.12357889690178236,31.285247802734375,1.7122887241003442,0.024118740111589432,1.259765625,1.6197588
848,Astrakhan is the curly hair of which young animal?,Lamb,1,animal,8527,1,6,0.26646875,0.16317157447338104,0.027820994092598195,31.53817367553711,48.35202851643916,0.03999858349561691,2.671875,3.5994098
849,Nguyen Tan Dung became Prime Minister of which country in June 2006?,Vietnam,1,6,28784,1,1,0.8995,0.11648011207580566,2.45120141876082,30.985437393188477,21.166816172770492,0.0460796058177948,0.035186767578125,0.66934323
850,Boll weevil cause damage to which crop?,Cotton,1,crop,21948,1,4,0.685875,0.18249519169330597,0.032074667631631026,35.90505599975586,20.459450900400753,0.07844716310501099,1.0986328125,1.8419034
851,What type of creature is a Dog Face?,A Dog Face is a type of creature that is a cross between a dog,0,Face,7197,1,4,0.22490625,0.16456620395183563,-0.021023965375646103,35.34143829345703,27.20035154731699,0.02539210021495819,6.75390625,3.398418
852,Which city hosted the 1992 Summer Olympic Games?,Barcelona,1,Games,12339,1,5,0.38559375,0.164369598031044,0.009422923550180151,30.72623062133789,19.938722664046452,0.05456056073307991,0.066650390625,0.53914756
853,Steve Martin and which other actor hosted the 2010 Academy Awards?,Alec Baldwin,1,Awards,10882,1,6,0.3400625,0.17066305875778198,0.1031119109400973,34.57640838623047,26.31517286843679,0.051546093076467514,0.033294677734375,1.6583078
854,"Which British monarch founded the Yeomen of the Guard, originally as a royal bodyguard?",Henry VIII,1,guard,16191,1,5,0.50596875,0.17296826839447021,-0.024364144285039302,34.629756927490234,4.017979303962851,0.028624847531318665,0.0285491943359375,1.6480783
855,Which member of the British royal family married on the 29th April 2011?,Prince William,1,1,28740,1,1,0.898125,0.08999229967594147,22.604681436265473,31.864404678344727,35.15758501802513,0.06436589360237122,0.16015625,2.508468
856,Which Italian fashion designer launched the first virtual online museum in December 2011?,Giorgio Armani,0,1,28740,1,1,0.898125,0.08999229967594147,22.604681436265473,35.515628814697266,61.54546240409681,0.042377471923828125,2.083984375,3.0159655
857,"In Greek mythology, who was the first wife of Aegeus?",Medea,0,us,381,1,2,0.01190625,0.11509451270103455,1.8870680484324742,30.8740291595459,65.78139456247536,0.03920089453458786,0.013214111328125,1.6253462
858,Which breed of dog is Marley in the 2008 film ‘Marley and Me’?,The dog in the film is a Labrador Retriever.,1,Me,2597,1,2,0.08115625,0.1495427042245865,0.14088605049813996,38.70048522949219,272.50892095892874,-0.00531243160367012,0.031341552734375,3.7748497
859,‘Giovedi’ is the Italian word for which day of the week?,Thursday,1,week,1819,1,4,0.05684375,0.15257315337657928,0.3587732351727668,34.014652252197266,108.13781778360456,0.045718349516391754,0.004909515380859375,1.3624381
860,How many stars are on the national flag of New Zealand?,4,1,Zealand,12696,1,7,0.39675,0.19036634266376495,0.11601585409549031,30.04985809326172,74.69106293680844,0.03973144292831421,0.04974365234375,3.373555
861,Scatology is the scientific study of what?,Feces,1,what,767,1,4,0.02396875,0.1464880257844925,0.4977877108636668,32.393280029296875,4.881479594747839,0.07595481723546982,3.189453125,2.5293152
862,La Paz is the administrative capital of which South American country?,Bolivia,1,country,2939,1,7,0.09184375,0.15374206006526947,0.058572916305953626,31.091176986694336,61.55819170967641,0.01540596317499876,0.174560546875,0.35393792
863,"In the game of Bingo, ‘Get up and run’ represents which number?",1,0,number,1474,1,6,0.0460625,0.14705713093280792,0.3077655619505659,33.927101135253906,2.465556641030889,0.07550551742315292,2.115234375,1.512515
864,"In February 1938, Roberto M. Ortiz became President of which South American country?",Argentina,1,country,2939,1,7,0.09184375,0.15374206006526947,0.058572916305953626,31.843589782714844,30.529270466699067,0.017596419900655746,0.34033203125,2.1971107
865,Which poet wrote ‘The Lake Isle of Innisfree’?,William Butler Yeats,1,free,3669,1,4,0.11465625,0.1520261913537979,-0.020075987774510917,40.75817108154297,574.3604581127568,0.005857848562300205,0.00846099853515625,0.98365575
866,In September 2006 the government of Prime Minister Thaksin Shinawatra was overthrown in which Asian country?,Thailand,1,country,2939,1,7,0.09184375,0.15374206006526947,0.058572916305953626,30.286043167114258,58.71476574586508,0.026083799079060555,0.1961669921875,0.6299942
867,Who wrote the 1930’s novel ‘Tender is the Night’?,F. Scott Fitzgerald,1,Night,10357,1,5,0.32365625,0.157004714012146,0.017051979017951968,34.994686126708984,104.77590164063076,0.02844899892807007,0.03265380859375,1.9063126
868,Maria Fitzherbert was ‘married’ to which British monarch?,George IV,1,arch,1161,1,4,0.03628125,0.15968048572540283,0.11216241259416915,31.639989852905273,24.440174668305794,0.004138365387916565,0.0003345012664794922,1.4761928
869,Amarelo is Portuguese for which colour?,Yellow,1,colour,11474,1,6,0.3585625,0.16354943811893463,0.007045930495829467,31.4862060546875,13.37939962957579,0.048952534794807434,1.8564453125,0.8743465
870,"On a standard dartboard, which number lies opposite number 4?",12,0,4,28781,1,1,0.89940625,0.11096087843179703,5.235415710549141,31.81167984008789,31.86768422071846,0.07576833665370941,3.064453125,1.9061229
871,Mount Chimborazo is in which South American country?,Ecuador,1,country,2939,1,7,0.09184375,0.15374206006526947,0.058572916305953626,32.33354949951172,114.62660798881946,0.02797725982964039,0.09246826171875,0.69005704
872,What is the basic monetary unit of Israel?,The Israeli Shekel,1,Israel,6532,1,6,0.204125,0.16721659898757935,0.05058237295303725,30.20321273803711,15.392587982884681,0.06554833054542542,5.46875,1.9235729
873,In which European country is Lake Ree?,Switzerland,0,e,28706,1,1,0.8970625,0.10134078562259674,1.9267189844412682,30.635723114013672,2.3791155470452976,0.06810534000396729,5.0859375,3.8693058
874,Who wrote the poem ‘The Lady of the Lake’?,Sir Walter Scott,1,Lake,8703,1,4,0.27196875,0.16320595145225525,0.045993603104915515,39.96332550048828,350.81471470423384,0.004106806591153145,0.222412109375,1.7633946
875,"Henry Blake, Charles Winchester and Father Mulcahy are all characters in which US tv series?",M*A*S*H,1,series,3518,1,6,0.1099375,0.1595558226108551,0.018003659085646717,31.934532165527344,6.079138470029735,0.05403190851211548,0.767578125,0.43352628
876,‘Obey your thirst’ is the advertising slogan for which soft drink?,Pepsi,0,drink,4663,1,5,0.14571875,0.16313812136650085,-0.031017445596901894,32.31071853637695,4.656451707078161,0.047781918197870255,0.08013916015625,3.477949
877,Selenology is the scientific study of which celestial body?,The Moon,1,body,2187,1,4,0.06834375,0.15110650658607483,0.18439204215052563,29.409820556640625,46.48651349971028,0.057738110423088074,0.2607421875,1.8477741
878,‘A crutch and a duck’ is the term for which bingo number?,75,0,number,1474,1,6,0.0460625,0.14705713093280792,0.3077655619505659,31.468502044677734,2.5386773744985662,0.05208609998226166,4.2734375,2.0126343
879,"Spud, Shot and Hand are all types of what?",Potato,0,what,767,1,4,0.02396875,0.1464880257844925,0.4977877108636668,34.603797912597656,29.101814412353676,0.050367534160614014,2.95703125,3.830247
880,"In the game ‘Metal Gear Solid’,who is the twin brother of Solid Snake?",Liquid Snake,1,ake,621,1,3,0.01940625,0.14044371247291565,0.043230336316276485,36.520912170410156,116.2508757963491,0.00702776201069355,0.0026798248291015625,1.7341957
881,What did fictional detective Sherlock Holmes keep in the toe of his Persian slipper?,His pipe.,0,per,487,1,3,0.01521875,0.1293668895959854,0.2821878354719898,30.207759857177734,17.519824604477414,0.003436385653913021,0.397216796875,2.9474301
882,Which creatures are used as croquet balls in the novel ‘Alice’s Adventures in Wonderland’?,The creatures used as croquet balls in the novel ‘Alice’s,0,land,1207,1,4,0.03771875,0.13946697115898132,0.42412587507020705,44.89669418334961,470.64596644161577,-0.015767846256494522,0.00030922889709472656,3.7663774
883,Which Spanish artist painted the series known as ‘Fantasy and Invention’ in the 18th century?,Francisco de Goya,1,century,5445,1,7,0.17015625,0.15888069570064545,-0.04470914776685353,34.134986877441406,84.09092020115678,0.04815060272812843,0.1131591796875,1.4742788
884,‘Mucke’ is the Serbo-Croatian name for which UK tv series?,‘Minder’,0,series,3518,1,6,0.1099375,0.1595558226108551,0.018003659085646717,32.444602966308594,4.266324021332159,0.041763514280319214,1.822265625,3.9234061
885,"Comedian, actor and director Melvin Kaminsky is better known by what name?",Mel Brooks,1,name,1141,1,4,0.03565625,0.14552322030067444,0.29171659735460986,31.859987258911133,27.957691183957827,0.03787194937467575,0.72802734375,2.826495
886,The Belgian beer ‘Kriek’ is flavoured with which fruit?,Cherries,1,fruit,10607,1,5,0.33146875,0.1673278659582138,0.10251405502528188,33.40066909790039,2.5757274797982364,0.0642092153429985,0.498779296875,0.94991946
887,The Forest of Arden is in which English county?,Warwickshire,1,county,12952,1,6,0.40475,0.1677500158548355,0.04274071663796786,30.30435562133789,52.48842051887157,0.06439144164323807,0.27685546875,1.9198925
888,Louis Reard created which two-piece item of clothing in 1946?,Bikini,1,6,28784,1,1,0.8995,0.11648011207580566,2.45120141876082,33.44575500488281,36.50977821556249,0.04597173631191254,0.0217132568359375,1.3872548
889,What colour are the flowers of a hawkbit plant?,The flowers of a hawkbit plant are yellow.,1,plant,5100,1,5,0.159375,0.15911653637886047,0.030115741050959155,31.2811279296875,4.469636759412122,0.06618589162826538,2.326171875,4.2785563
890,In which British city is the Jewry Wall Museum?,Leicester,1,Museum,8770,1,6,0.2740625,0.1643339991569519,0.10862027229277649,32.67386245727539,21.629345426449085,0.09011952579021454,1.23046875,0.49985972
891,What is the main ingredient of borscht soup?,Beets,1,soup,18851,1,4,0.58909375,0.19126401841640472,-0.20582085011891982,32.21544647216797,35.41803323588468,0.06512961536645889,3.255859375,2.3319623
892,Thanatology is the scientific study of what?,Death,1,what,767,1,4,0.02396875,0.1464880257844925,0.4977877108636668,32.64521408081055,2.384916115028945,0.0825495570898056,3.37890625,0.8596666
893,Which author wrote ‘I came form Des Moines. Somebody had to.’ in their book ‘The Lost Continent’?,Bill Bryson,1,inent,10742,1,5,0.3356875,0.17470602691173553,-0.057111968149049286,43.94744110107422,364.7493581622017,0.003219864796847105,0.0011997222900390625,0.22672093
894,Which actor succeeded Marlon Brando as head of the Corleone family in the Godfather films?,Al Pacino,1,films,9922,1,5,0.3100625,0.1630985289812088,-0.12062062869787882,30.092458724975586,19.80730784468037,0.0655624121427536,2.236328125,1.4601779
895,"Brown, American Rainbow and Cutthroat are all types of which fish?",Trout,1,fish,8006,1,4,0.2501875,0.15959779918193817,0.15134836480688474,31.437145233154297,19.557169880844082,0.06569505482912064,0.58935546875,0.58891135
896,Who designed St Paul’s Cathedral in London?,Sir Christopher Wren.,1,London,4222,1,6,0.1319375,0.16463913023471832,0.11221878961520115,32.14583206176758,52.05527794583852,0.07470063120126724,0.1156005859375,1.895782
897,What colour is the liqueur ‘Parfait d’Amour’?,It’s a pink liqueur.,0,our,423,1,3,0.01321875,0.14326457679271698,0.10430467068275107,36.210235595703125,68.75200270751199,0.019321396946907043,0.004634857177734375,4.5208855
898,What is the name of the clarified butter used in Indian cookery?,Ghee.,1,ery,1193,1,3,0.03728125,0.15138626098632812,-0.03393026072840044,31.562742233276367,27.13095208109485,0.05636095255613327,0.01708984375,1.1945341
899,"In the 2005 Julian Barnes novel ‘Arthur and George’, who is Arthur?",Arthur Conan Doyle,1,Arthur,12185,1,6,0.38078125,0.17921499907970428,-0.09911302233549568,29.652246475219727,0.9801411494011143,0.039229921996593475,2.169921875,2.8673046
900,"In humans, epicondylitis affects which part of the body?",The elbow,1,body,2187,1,4,0.06834375,0.15110650658607483,0.18439204215052563,32.6844367980957,39.70588691516483,0.063348688185215,2.30078125,2.993624
901,The UEFA (Union of European Football Associations) was founded in which European country in 1954?,Switzerland,1,4,28781,1,1,0.89940625,0.11096087843179703,5.235415710549141,31.050905227661133,36.54005073098549,0.032246898859739304,0.0255889892578125,0.9118936
902,From which 1968 film did English band Duran Duran take their name?,Barbarella,1,name,1141,1,4,0.03565625,0.14552322030067444,0.29171659735460986,32.35065841674805,110.152663084473,0.06625013053417206,0.0421142578125,2.5929315
903,The ‘La Scala Opera House’ is in which European city?,Milan,1,city,2990,1,4,0.0934375,0.1469501405954361,0.0563929114295294,31.469606399536133,60.87804154854281,0.05229184031486511,1.35546875,0.43802813
904,Who is the lead singer of the English band ‘The Specials’?,Terry Hall,1,s,28713,1,1,0.89728125,0.0851113349199295,11.082898152002013,40.262969970703125,310.82901330750786,0.05477336421608925,0.0225982666015625,0.9190345
905,"Elvis Presley’s manager, Andreas Cornelis van Kujik, was better known by what name?",Colonel Tom Parker,1,name,1141,1,4,0.03565625,0.14552322030067444,0.29171659735460986,30.905471801757812,4.718363836195839,0.0362008698284626,1.453125,1.6070013
906,The Transandine Railway runs between which two South American countries?,Ecuador and Peru,0,countries,5780,1,9,0.180625,0.17196039855480194,0.014511368643289835,30.26852798461914,78.85202448258417,0.00020355964079499245,0.60986328125,2.1718583
907,"Sinology is the study of the language, history and culture of which country?",China,1,country,2939,1,7,0.09184375,0.15374206006526947,0.058572916305953626,30.05038833618164,66.81225458656432,0.023211702704429626,1.21875,0.7956855
908,"On the human body, a keloid is a type of what?",Scar,1,what,767,1,4,0.02396875,0.1464880257844925,0.4977877108636668,28.245098114013672,2.926281745063852,0.06330998241901398,5.9296875,2.2192562
909,"In the British military, a bombadier is equivalent to which other rank?",Bombardier,0,rank,6593,1,4,0.20603125,0.16198213398456573,-0.02571751872979,30.74359130859375,2.4375075586975186,0.07329297810792923,2.056640625,3.7496836
910,What type of animal is Baloo in the novel ‘The Jungle Book’ by Rudyard Kipling?,Baloo is a bear.,1,pling,8182,1,5,0.2556875,0.16363027691841125,-0.03962066506957829,31.324115753173828,180.74341028861298,0.01306880358606577,0.0002942085266113281,2.2678668
911,Tirana is the capital of which European country?,Albania,1,country,2939,1,7,0.09184375,0.15374206006526947,0.058572916305953626,32.08329772949219,52.485172555305994,0.01719188317656517,0.11053466796875,0.31463984
912,"In our solar system, which is the sixth planet from the sun?",Venus,0,sun,4376,1,3,0.13675,0.1657772660255432,-0.025025598141068084,32.54364776611328,13.217651613416827,0.06309601664543152,0.41943359375,2.7994192
913,Composer Giacomo Puccini died leaving which opera unfinished?,Turandot,1,finished,6159,1,8,0.19246875,0.19396370649337769,0.08401261061110166,31.174983978271484,153.43760531764073,0.041524820029735565,0.04766845703125,1.3949702
914,"King Louie, Akela and Ziggy are all characters in which Disney film?",The Jungle Book,1,film,2966,1,4,0.0926875,0.1493862271308899,0.09332058518563846,30.14665985107422,5.788864686123075,0.07058507204055786,1.310546875,0.80264294
915,‘Impossible is nothing’ is the motto of which sportswear company?,Adidas,1,company,2496,1,7,0.078,0.1465711146593094,0.14421310153508538,31.6805362701416,38.1339359320743,0.06641143560409546,0.83984375,1.2973921
916,Who wrote the play ‘The Iceman Cometh’?,Eugene O’Neill,1,eth,761,1,3,0.02378125,0.15348471701145172,0.25298104861865234,36.07672882080078,196.86828394754647,0.023986872285604477,0.0027637481689453125,0.7887345
917,"Which children’s playground game is sometimes called ‘Fivestones’, ‘Knucklebones’ or ‘Snobs’?",Jackstones,1,obs,8081,1,3,0.25253125,0.1641543060541153,0.01118822399790842,36.37826156616211,12.322501863817697,0.028196729719638824,4.71484375,2.544406
918,Mr and Mrs Potato Head appear in which film franchise?,Toy Story,1,franchise,21014,1,9,0.6566875,0.18630951642990112,-0.04320712413229222,30.887651443481445,12.591877578201135,0.054880544543266296,2.84765625,0.90842676
919,How many square stickers are on each face of a classic Rubik’s Cube?,9,1,ube,4276,1,3,0.133625,0.16324497759342194,-0.18459053894938027,31.461456298828125,4.848134528086259,0.02301044762134552,6.42538070678711e-05,1.8813356
920,Who composed the ballet ‘Swan Lake’?,Pyotr Ilyich Tchaikovsky,1,Lake,8703,1,4,0.27196875,0.16320595145225525,0.045993603104915515,40.308799743652344,233.2926776710042,0.0039029233157634735,0.010101318359375,1.7244128
921,"In 1818, British obstetrician James Blundell performed the first successful human what?",Blood transfusion,1,what,767,1,4,0.02396875,0.1464880257844925,0.4977877108636668,24.800249099731445,5.1447616433526075,0.06381040066480637,13.7734375,0.9347814
922,"In cooking, 190 degrees Celsius is the equivalent to which Gas Mark?",375,1,Mark,3655,1,4,0.11421875,0.15406586229801178,0.04779697151670792,33.0811882019043,2.1251244764136272,0.017726460471749306,0.61279296875,1.8124776
923,What do the interior angles of a hexagon add up to in degrees?,720,1,degrees,11182,1,7,0.3494375,0.17132051289081573,-0.03403849209191501,30.46503257751465,22.067544392618437,0.05627452954649925,0.8408203125,0.9976251
924,The roe of lumpfish is used as a substitute for which delicacy?,Caviar,1,acy,2426,1,3,0.0758125,0.14300723373889923,0.028269697548864325,33.248130798339844,3.9165289023487704,0.03362450748682022,0.0211944580078125,1.3389512
925,"In Vermont, USA, there is an old law stating that it is illegal for women to wear what without their husbands written consent?",This is a myth. There is no such law in Vermont.,0,consent,15134,1,7,0.4729375,0.18457207083702087,-0.11271005989430671,31.167964935302734,57.291797898246244,0.05679899454116821,1.3154296875,4.1828856
926,"In medicine, algology is the study of what?",Pain,1,what,767,1,4,0.02396875,0.1464880257844925,0.4977877108636668,31.873943328857422,2.8285004659415147,0.06882330775260925,1.314453125,1.7104926
927,How many imperial gallons are in a firkin?,10.8 imperial gallons,0,in,262,1,2,0.0081875,0.10492095351219177,4.3250367020890765,29.850921630859375,18.527717163696234,0.0009761860128492117,0.002513885498046875,1.7677739
928,The meibomian gland is found in which part of the human body?,The meibomian gland is found in the eyelids.,1,body,2187,1,4,0.06834375,0.15110650658607483,0.18439204215052563,33.27202224731445,40.53628739715604,0.06726673245429993,1.27734375,2.557485
929,The Manuel M.Torres Dam is the largest hydro plant in which country?,Philippines,0,country,2939,1,7,0.09184375,0.15374206006526947,0.058572916305953626,29.396554946899414,55.68168972803283,0.005959310103207827,1.978515625,3.9817681
930,Which British swimmer won Olympic Gold Medals in 2008 in the 400 and 800 m freestyle?,Rebecca Adlington,1,estyle,13030,1,6,0.4071875,0.19879482686519623,-0.11794667218353894,35.80316925048828,7.07933000466908,0.027876093983650208,0.01593017578125,1.245897
931,"In the NATO phonetic alphabet, which word represents the letter I?",India,1,I,315,1,1,0.00984375,0.12247134745121002,4.719820395149583,30.412036895751953,20.6859282660433,0.09966693073511124,4.32421875,1.9921495
932,"Which US author wrote ‘The Naked and the Dead’, based on his military service in World War II?",Norman Mailer,1,II,3717,1,2,0.11615625,0.16135185956954956,0.010531075190649997,31.97519302368164,38.80251375668277,0.042430829256772995,0.2454833984375,0.73156595
933,Which Brooklyn-born author had parents named Malachy and Angela?,Malachy McCourt,0,Angela,26991,1,6,0.84346875,0.19654567539691925,-0.17247308278592444,39.896202087402344,71.59221261828918,0.042298685759305954,6.046875,5.134362
934,What is the title of the 1944 film starring Barbara Stanwyck as the wife who seduces an insurance salesman into killing her husband?,Double Indemnity.,1,husband,5581,1,7,0.17440625,0.177031472325325,-0.0063257443058399865,31.543670654296875,37.66423868788348,0.03580561280250549,0.298583984375,1.151866
935,"What is the nickname of Thierry Guetta, the French-born street-artist?",Mr. Brainwash,1,ist,392,1,3,0.01225,0.12660656869411469,0.5498778158327262,35.6229133605957,2.8246582236529916,0.04844754934310913,1.970703125,1.380502
936,Wolf Mankowitz wrote the 1953 novel ‘A Kid For Two….’what’?,Fools,0,what,6802,1,4,0.2125625,0.15230689942836761,0.35229672873310003,29.520193099975586,5.751764647738717,0.062235817313194275,9.0625,1.7661624
937,What is the name of a triangle which has sides unequal in length?,Scalene triangle,1,length,3575,1,6,0.11171875,0.15544813871383667,0.07939789005773834,34.04061508178711,77.29790688399449,0.004389972425997257,0.1483154296875,1.7995031
938,‘Quicksilver’ is another name for which metallic element?,Mercury,1,element,2442,1,7,0.0763125,0.15775391459465027,-0.09129826038016287,30.961599349975586,11.493793462552844,0.033991388976573944,0.10546875,1.1023107
939,"What is the name of the Japanese dish of bite-sized pieces of raw fish served with dipping sauces, vegetables and wasabi?",Sushi.,0,abi,16075,1,3,0.50234375,0.1751103550195694,0.0034513155061182132,31.102272033691406,1.3368042794734443,0.007876856252551079,0.0018281936645507812,0.43663743
940,Who is recognised as Britain’s first Prime Minister?,Sir Robert Walpole,1,Minister,8241,1,8,0.25753125,0.16786861419677734,0.006728810007853081,33.021141052246094,71.32476464105322,0.020081689581274986,0.0206298828125,2.6177058
941,"In the human body, which bone connects the humerus with the calvicle?",The clavicle is the bone that connects the humerus with,0,icle,2660,1,4,0.083125,0.15043684840202332,0.0959234607021413,31.491252899169922,77.45417379645343,0.014652391895651817,3.037109375,2.5616045
942,The Cuatro Torres Business Area is in which European city?,Madrid,1,city,2990,1,4,0.0934375,0.1469501405954361,0.0563929114295294,29.73591423034668,78.94839632454244,0.055603913962841034,0.46533203125,0.5267239
943,The first issue of which British children’s comic was published in April 1950?,The Beano,0,0,28734,1,1,0.8979375,0.10093215107917786,11.205680145366498,30.455873489379883,28.78009047474009,0.05666518583893776,1.3115234375,2.5207033
944,"The 1951 ‘Treaty of Peace With Japan’ which served to officially end World War II, is commonly known as what?",The San Francisco Peace Treaty,1,what,767,1,4,0.02396875,0.1464880257844925,0.4977877108636668,27.629051208496094,1.7989445088960876,0.05590711534023285,2.794921875,1.4363265
945,The Tumut Hydroelectric Power Station is in which Australian state?,New South Wales,1,state,1665,1,5,0.05203125,0.14091920852661133,-0.04320145055994251,29.169471740722656,39.615165338182045,0.036198072135448456,0.1802978515625,1.3267468
946,Who always holds the title of the Supreme Governor of the Church of England?,The monarch.,0,England,5783,1,7,0.18071875,0.17811132967472076,0.1944246037547459,31.225862503051758,83.3473856547882,0.032010868191719055,0.042724609375,1.1084046
947,How many players are on the field in a baseball team?,9,1,team,1918,1,4,0.0599375,0.15035144984722137,0.15420768382671746,32.03270721435547,61.92370535535302,0.06767626106739044,5.60546875,2.3017454
948,"In the poem ‘Monday’s Child’, what is Wednesday’s child full of?",Wednesday’s child is full of woe.,1,of,302,1,2,0.0094375,0.09072019904851913,10.575312204543234,33.35433578491211,15.777780184608716,0.008570841513574123,0.00933074951171875,3.6479027
949,"In London in 1788, the ‘Daily Universal Register’ was relaunched as which newspaper?",The Times,1,newspaper,12442,1,9,0.3888125,0.18417736887931824,0.0734013517756198,31.86085319519043,4.65866029480339,0.0424506813287735,0.92724609375,0.93492657
950,Which clothing chain was founded by brothers Clemens and August Brenninkmeijer in 1841?,C&A,1,1,28740,1,1,0.898125,0.08999229967594147,22.604681436265473,31.765655517578125,50.09144744731677,0.05884310603141785,0.0673828125,0.40132695
951,Falange was the name given to several political movements and parties dating from the 1930’s in which European country?,Spain,1,country,2939,1,7,0.09184375,0.15374206006526947,0.058572916305953626,29.571996688842773,57.76651210188364,0.013828118331730366,5.86328125,1.477155
952,"In the novel ‘Jane Eyre’ by Charlotte Bronte, what is the name of Mr Rochester’s first wife?",Bertha Mason,1,wife,4285,1,4,0.13390625,0.17393790185451508,-0.016665720833509035,33.9530143737793,1.84556318770069,0.024823177605867386,0.024078369140625,2.5615559
953,"Which fictional character is the subject of George Frampton’s bronze statue in Kensington Gardens, London?",Peter Pan,1,London,4222,1,6,0.1319375,0.16463913023471832,0.11221878961520115,31.701305389404297,11.236288977616821,0.06982419639825821,0.18017578125,0.6337471
954,Who wrote the novel ‘The Prime of Miss Jean Brodie’?,Muriel Spark,1,die,16305,1,3,0.50953125,0.1662440001964569,0.03992621817165176,38.047279357910156,561.1333101984904,0.013613475486636162,0.005970001220703125,1.0684807
955,Sindh is a province of which Asian country?,Pakistan,1,country,2939,1,7,0.09184375,0.15374206006526947,0.058572916305953626,30.336997985839844,29.86242331582993,0.018473314121365547,0.114501953125,0.7422747
956,Madame de Pompadour and Madame du Barry were mistresses of which French King?,Louis XV,1,King,4041,1,4,0.12628125,0.15283514559268951,0.15453818148524556,30.706552505493164,72.33577976048313,0.07796736806631088,2.482421875,1.7223412
957,Odontology is the scientific study of what?,Teeth,1,what,767,1,4,0.02396875,0.1464880257844925,0.4977877108636668,29.617809295654297,10.293111879626567,0.07960901409387589,3.4375,1.8561778
958,The wine ‘Bull’s Blood’ of Eger is produced in which country?,Hungary,1,country,2939,1,7,0.09184375,0.15374206006526947,0.058572916305953626,29.13733673095703,16.559891307907584,0.028943948447704315,1.3720703125,0.3288567
959,The 1932 film ‘The Mask of Fu Manchu’ revolves around Fu Manchu’s quest for the sword and mask of which historical figure?,Genghis Khan,1,figure,5248,1,6,0.164,0.16042590141296387,-0.023725712723131842,29.579042434692383,14.663192060430045,0.06962693482637405,0.57177734375,1.6693548
960,The mask worn in the 1996 film ‘Scream’ is based on a painting by which artist?,Edvard Munch,1,artist,7325,1,6,0.22890625,0.15934529900550842,0.07152205061216987,30.39916229248047,30.229626711045675,0.050307031720876694,0.60400390625,2.8932414
961,Which US athlete won a gold medal for the high jump in the 1968 Summer Olympics?,Dick Fosbury,1,Olympics,21351,1,8,0.66721875,0.1910732239484787,-0.005036192645518689,31.994705200195312,5.889009396708156,0.07266989350318909,0.108642578125,1.1906757
962,In which London street does fictional character Sweeney Todd have his barber shop?,Fleet Street,1,shop,5126,1,4,0.1601875,0.15972889959812164,0.0807421355306972,32.16934585571289,0.9428898922092008,0.07493285834789276,0.413818359375,0.47493333
963,The Nullarbor Plain is in which country?,Australia,1,country,2939,1,7,0.09184375,0.15374206006526947,0.058572916305953626,29.826662063598633,49.99197949208282,0.03415509685873985,2.302734375,0.6787125
964,What is the official language of Nicaragua?,Spanish,1,ua,3772,1,2,0.117875,0.15277595818042755,0.12562186315073598,29.59622573852539,54.21751360568875,0.02525951713323593,0.001590728759765625,0.8743961
965,Who wrote the plays ‘The Cocktail Party’ and ‘The Family Reunion’?,T.S. Eliot,1,union,14324,1,5,0.447625,0.17082419991493225,-0.1925723370302448,41.41448974609375,575.2263071491088,-0.003275732509791851,0.0006356239318847656,3.223908
966,"Used in cooking, agar-agar is a gelatin made from what?",Seaweed,1,what,767,1,4,0.02396875,0.1464880257844925,0.4977877108636668,31.31756591796875,2.713075418346466,0.0465688556432724,3.150390625,2.2205367
967,The fictional character ‘Disco Stu’ appears in which US cartoon tv Series?,The Simpsons,1,Series,10264,1,6,0.32075,0.16255314648151398,-0.04939690604003033,32.07255172729492,22.453194779426454,0.05807509645819664,7.88671875,0.601475
968,"Marie Antoinette, Queen of France and Navarre, was born in which country?",Austria,1,country,2939,1,7,0.09184375,0.15374206006526947,0.058572916305953626,31.114824295043945,45.322621216236364,0.03814265504479408,0.9169921875,0.7406935
969,The song ‘Seventy Six Trombones’ is from which musical show?,The Music Man,1,show,1347,1,4,0.04209375,0.13766995072364807,0.46124066764097815,29.93225860595703,1.428063459574128,0.10832712054252625,3.751953125,1.0089781
970,Which US President was given the nickname the ‘Great Engineer’?,Thomas Jefferson,0,er,263,1,2,0.00821875,0.09798683226108551,2.7888388661623784,40.4547233581543,214.70340053346126,0.020808011293411255,0.01525115966796875,2.8199062
971,"In the human body, what is stored in adipose tissue?",Fat,1,tissue,18983,1,6,0.59321875,0.1833430528640747,-0.030430698636950027,33.458927154541016,25.125468958488508,0.018170658499002457,0.253173828125,3.7208962
972,A craniotomy is the surgical removal of a portion of which part of the human body?,The skull,1,body,2187,1,4,0.06834375,0.15110650658607483,0.18439204215052563,32.487693786621094,78.76513779447549,0.05211654677987099,0.32763671875,2.1242893
973,Which country will host the 2014 FIFA World Cup?,Brazil,1,Cup,7440,1,3,0.2325,0.169691801071167,0.09632917175864053,34.37337875366211,4.862243479334598,0.06235959380865097,0.0213775634765625,0.42738685
974,Which country has the internet domain .de?,Germany,1,de,450,1,2,0.0140625,0.12954798340797424,0.47399523822603173,31.13542938232422,2.7856518254153446,0.06030832976102829,5.72265625,0.54699206
975,A sequicentenary is an anniversary of how many years?,200 years,0,years,1267,1,5,0.03959375,0.14706529676914215,0.20872755839692436,30.181020736694336,11.893186908853485,0.07637882232666016,0.279541015625,1.9482006
976,What is the International Vehicle Registration for Cambodia?,The International Vehicle Registration for Cambodia is a document that allows,0,ia,515,1,2,0.01609375,0.11571965366601944,1.3167131456947256,32.32370376586914,7.944757751405762,0.014391828328371048,0.016082763671875,4.1859136
977,Opera singer Leyla Gencer was born in which European country?,Turkey,1,country,2939,1,7,0.09184375,0.15374206006526947,0.058572916305953626,30.300079345703125,10.259484608026414,0.028300471603870392,0.318603515625,1.4499164
978,In which South American country does Angostura Bitters originally come from?,Venezuela,1,from,477,1,4,0.01490625,0.1141120195388794,3.4431198425318135,31.81867218017578,141.822220973103,0.03118916228413582,0.0025482177734375,1.8404058
979,The Hel Peninsula is part of which European country?,Poland,1,country,2939,1,7,0.09184375,0.15374206006526947,0.058572916305953626,30.852872848510742,83.4500397641011,0.030135586857795715,0.208251953125,0.95888925
980,Which US singer released a 2010 album entitled ‘The Lady Killer’?,Cee Lo Green,1,iller,8878,1,5,0.2774375,0.16203588247299194,-0.05727398492920166,40.0511360168457,338.92750966016405,0.00929384957998991,0.04833984375,0.80850726
981,How many months is the gestation period for an elephant?,22 months,1,phant,17953,1,5,0.56103125,0.1878138929605484,-0.04026156871639497,32.63703918457031,9.967723742697416,0.03798556327819824,0.0015735626220703125,3.1428626
982,"Raclette, Tilsit and Sbrinz are all types of which foodstuff?",Cheese,1,uff,1292,1,3,0.040375,0.16188178956508636,0.3140696496605382,30.770051956176758,13.723246791195574,0.027258221060037613,0.01485443115234375,0.83715284
983,Adam Richman takes on food challenges in which US television series?,Man v. Food,1,series,3518,1,6,0.1099375,0.1595558226108551,0.018003659085646717,29.631635665893555,2.2134351177273324,0.04363076388835907,2.177734375,0.53104067
984,Creme Anglaise is the French version of which English dessert item?,Custard,1,item,2515,1,4,0.07859375,0.1574055254459381,0.04811340058438507,31.6232967376709,74.33905132158905,0.0652380883693695,6.73046875,2.1180696
985,Who was known as the ‘Waltz King’ of Vienna?,Johann Strauss II,1,Vienna,25756,1,6,0.804875,0.20275624096393585,-0.02804331538795335,31.20533561706543,7.38923469644288,0.018763510510325432,2.916015625,0.60622776
986,Erotology is the study of what?,Sex,1,what,767,1,4,0.02396875,0.1464880257844925,0.4977877108636668,30.691335678100586,21.98516093917589,0.0651889368891716,2.455078125,2.9489038
987,‘The King of Barataria’ is the subtitle of which Gilbert and Sullivan operetta?,The Pirates of Penzance,0,etta,16631,1,4,0.51971875,0.1762647032737732,0.0363573673613784,31.500730514526367,21.8007601577779,0.02346804551780224,0.0092010498046875,1.8551663
988,"Sufferers, Locksmen and Dreads are followers of which religion?",Rastafarianism,1,religion,10048,1,8,0.314,0.17790444195270538,0.01938824062983535,32.03720474243164,85.82784332867354,0.03827878087759018,2.326171875,4.277986
989,The 1965 film ‘The Heroes of Telemark’ is set in which European country?,Norway,1,country,2939,1,7,0.09184375,0.15374206006526947,0.058572916305953626,32.48250198364258,12.296216574256709,0.017596285790205002,0.0694580078125,0.8556954
990,What colour are the two stars on the national flag of Syria?,Red and white.,0,Syria,23216,1,5,0.7255,0.19322440028190613,0.04406947740791223,28.395233154296875,14.555369598682464,0.040043964982032776,6.03515625,3.3494422
991,"In humans, Duane Syndrome affects which part of the body?",Eye,1,body,2187,1,4,0.06834375,0.15110650658607483,0.18439204215052563,31.86477279663086,21.586262211165447,0.07912137359380722,2.25,2.430038
992,Taphephobia is the abnormal fear of being what?,Buried alive,1,what,767,1,4,0.02396875,0.1464880257844925,0.4977877108636668,28.534528732299805,20.893497456168376,0.04547544941306114,9.796875,0.9991062
993,What relation was Louis XV of France to Louis XIV of France?,Louis XV was the grandson of Louis XIV.,1,France,4843,1,6,0.15134375,0.1713382601737976,0.05138162392996515,31.81960678100586,79.36535534636714,0.03331636264920235,0.0182037353515625,2.8816202
994,What type of leaves does a koala feed on?,Eucalyptus leaves.,1,on,356,1,2,0.011125,0.11070775240659714,5.228176673248358,33.78535842895508,11.166688237134293,0.02802237682044506,0.095703125,3.3265843
995,What is the name of the village druid in the comic strip ‘Asterix’?,Panoramix,0,ix,833,1,2,0.02603125,0.1440046727657318,0.15025940507083302,36.66117477416992,4.9359609287580515,0.02031879872083664,0.0103607177734375,2.648851
996,In which English county was former British Prime minister Margaret Thatcher born?,Lincolnshire,1,born,5381,1,4,0.16815625,0.1670810431241989,-0.023673717997434007,30.255691528320312,58.472784849823746,0.05037393793463707,0.127197265625,2.547151
997,"In the British monarchy, who succeeded Queen Anne to the throne?",George I,1,throne,24459,1,6,0.76434375,0.2008429914712906,-0.0642075925525658,34.591915130615234,50.890218248688114,0.02431163564324379,0.0833740234375,2.0910335
998,Who directed the 1941 film ‘The Maltese Falcon’?,John Huston,1,con,514,1,3,0.0160625,0.14632534980773926,0.08026330886092303,35.337684631347656,40.12100008380787,0.005598573945462704,0.0003972053527832031,1.034337
999,The 1981 film ‘Chariots of Fire’ was based on the stories of which two British athletes?,Eric Liddell and Harold Abrahams,0,athletes,23403,1,8,0.73134375,0.1826518028974533,0.009869751702875629,29.9320068359375,2.4810115169787066,0.07451772689819336,0.95361328125,2.3876991
