id,question,model_answer,is_correct,anchor_str,token_id,token_is_suffix,token_len,token_id_rank,layer0_norm,layer0_kurtosis,final_norm,final_kurtosis,drift_cosine,surprisal,prediction_entropy
0,Who was the man behind The Chipmunks?,Ross Bagdasarian Sr.,0,unks,15655,1,4,0.12206056636726546,1.3163022994995117,0.13923661563503886,42.0582389831543,7.744633700233141,0.014612320810556412,0.263671875,0.5537153
1,Which Lloyd Webber musical premiered in the US on 10th December 1993?,Sunset Boulevard,1,3,18,1,1,0.0001403443113772455,0.8899649977684021,0.38940287092794446,43.203739166259766,3.537626870375818,-0.003574515227228403,1.9453125,1.2116045
2,Who was the next British Prime Minister after Arthur Balfour?,Sir Henry Campbell-Bannerman,1,our,414,1,3,0.0032279191616766466,1.2107166051864624,0.14762174603702016,44.764041900634766,2.778915233017176,-0.0030019646510481834,8.106231689453125e-06,2.9738877
3,Who had a 70s No 1 hit with Kiss You All Over?,Exile,1, Over,6193,0,5,0.04828624001996008,1.0315195322036743,0.0647338257765484,48.20335388183594,11.09853585923449,0.07504325360059738,0.0012178421020507812,0.9289168
4,What claimed the life of singer Kathleen Ferrier?,Cancer.,1,rier,7401,1,4,0.05770490269461078,1.3260520696640015,0.1489558602682428,38.506446838378906,4.916054695167676,-0.003883086610585451,0.1644287109375,4.0795965
5,Rita Coolidge sang the title song for which Bond film?,The Living Daylights,0, film,4632,0,5,0.03611526946107784,1.0674729347229004,0.15200274985736995,41.59739303588867,2.0027033842200757,0.11844786256551743,0.182373046875,2.5513728
6,What was the last US state to reintroduce alcohol after prohibition?,Mississippi,0, prohibition,50967,0,12,0.39738491766467066,1.0763351917266846,0.26619063380328134,41.951778411865234,1.5910982280207948,0.10733889043331146,2.15625,3.3260047
7,Which actress was voted Miss Greenwich Village in 1942?,Barbara Bel Geddes,0,2,17,1,1,0.00013254740518962076,0.9272226095199585,1.2098593444044683,47.09834671020508,11.59567719135343,-0.01565610058605671,3.357421875,5.3256893
8,What is the Japanese share index called?,Nikkei 225.,1, called,2663,0,7,0.02076316117764471,1.1132361888885498,-0.04424807250157725,46.183467864990234,15.258776327627704,0.12444803863763809,4.33203125,0.5106327
9,What was the name of Michael Jackson's autobiography written in 1988?,Moonwalk,1,8,23,1,1,0.00017932884231536926,0.866473913192749,-0.04354860676264938,42.20350646972656,9.584706149581544,-0.015093296766281128,0.251220703125,2.575717
10,In which decade did stereo records first go on sale?,1887,0, sale,6412,0,5,0.0499937624750499,1.1492161750793457,0.1521460434444304,48.098506927490234,4.9188720061314815,0.10641758888959885,0.300048828125,0.8925647
11,In what year's Olympics were electric timing devices and a public-address system used for the first time?,1928,0, time,892,0,5,0.006954840319361277,1.088727355003357,-0.2917170250557777,54.21036148071289,8.859694156448368,0.1124308854341507,0.0009760856628417969,0.13216078
12,Which volcano in Tanzania is the highest mountain in Africa?,Mount Kilimanjaro.,1, Africa,10384,0,7,0.08096307385229541,1.042294979095459,0.09507010989447195,46.852294921875,1.9285248814972276,0.11199290305376053,1.1025390625,0.74547184
13,The flag of Libya is a plain rectangle of which color?,Green,1, color,1933,0,6,0.015071419660678643,1.1276538372039795,-0.11532657486849685,42.088802337646484,0.6017274659248044,0.09421923756599426,0.161865234375,0.5005236
14,Of which African country is Niamey the capital?,Niger.,1, capital,6864,0,8,0.053517964071856286,1.2110103368759155,0.1543518692897492,44.811710357666016,4.098392503999647,0.11576803028583527,0.09149169921875,0.30077162
15,Who was the director of the CIA from 1976-81?,Stansfield Turner,0,81,5932,1,2,0.04625124750499002,0.9198444485664368,0.4391940869015545,40.909812927246094,8.86897289876657,-0.01446473877876997,4.140625,2.0943162
16,Which musical featured the song The Street Where You Live?,My Fair Lady,1, Live,11406,0,5,0.0889315119760479,1.1280322074890137,0.03442347104045629,42.2871208190918,11.300174033433507,0.0767211839556694,0.003940582275390625,0.31916705
17,"""Who was the target of the failed """"Bomb Plot"""" of 1944?""","The target of the failed ""Bomb Plot"" of 1944 was Adolf",0,4,19,1,1,0.00014814121756487027,0.8861324787139893,0.09808963250168734,46.191837310791016,9.49069863128486,-0.0202658511698246,2.060546875,5.104947
18,Who had an 80s No 1 hit with Hold On To The Nights?,Richard Marx,1, Nights,64643,0,7,0.5040154066866267,1.2121665477752686,0.36611026037822336,45.936866760253906,13.892971060670654,0.012688652612268925,0.344970703125,1.2373853
19,Who directed the classic 30s western Stagecoach?,John Ford,1,coach,89193,1,5,0.6954294535928144,1.227967619895935,0.6540312438659743,39.123897552490234,3.7197308201729617,0.0350445881485939,0.004608154296875,0.2688151
20,Dave Gilmore and Roger Waters were in which rock group?,Pink Floyd,1, group,1912,0,6,0.014907684630738523,1.087318778038025,-0.14587308184326808,43.165958404541016,4.371173524389641,0.06599913537502289,2.80078125,0.17612448
21,Which highway was Revisited in a classic 60s album by Bob Dylan?,Highway 61 Revisited,1, Dylan,44458,0,6,0.3466348552894212,1.0745023488998413,0.2958371397531643,38.102638244628906,6.66448090937001,0.045078154653310776,0.0767822265625,1.7961035
22,Which was the only eastern bloc country to participate in the 1984 LA Olympics?,East Germany.,0, Olympics,33063,0,9,0.2577891092814371,1.1460075378417969,0.3085073223999344,44.15310287475586,3.019280260494777,0.07118641585111618,1.3037109375,3.6092231
23,Which 90s sci fi series with James Belushi was based on Bruce Wagner's comic strip of the same name?,Homicide: Life on the Street,0, name,836,0,5,0.006518213572854291,1.0520780086517334,-0.03031722564997752,47.63090896606445,11.144881370833817,0.06103556603193283,0.01532745361328125,6.564376
24,If I Were A Rich Man Was a big hit from which stage show?,Fiddler on the Roof,1, show,1501,0,5,0.01170315618762475,1.1026017665863037,-0.16822578733708404,43.433738708496094,2.7419402033498717,0.07694941014051437,1.580078125,0.81703436
25,Men Against the Sea and Pitcairn's Island were two sequels to what famous novel?,Treasure Island,0, novel,11775,0,6,0.09180857035928144,1.1707466840744019,-0.042815624241062444,42.93215560913086,5.14269341905719,0.13862255215644836,0.54052734375,1.4334977
26,What was Truman Capote's last name before he was adopted by his stepfather?,Capote's last name before he was adopted by his stepfather was L,0,father,23881,1,6,0.18619791666666666,1.1352006196975708,0.11260423956355048,47.280113220214844,13.010906012043058,0.0046059852465987206,0.6171875,2.2721705
27,"In Lewis Carroll's poem The Hunting of the Snark, what did the elusive, troublesome snark turn into to fool hunters?",It turned into a Boojum.,1, hunters,49073,0,8,0.3826175773453094,1.1015125513076782,0.3505512453126065,43.13898468017578,3.766069362442031,0.0951104387640953,2.9140625,2.9879303
28,"In the Bible, who did the sun and moon stand still before?",Joshua,1, before,1603,0,7,0.012498440618762475,1.0450589656829834,0.013903137721355652,41.72126770019531,0.4270492800430823,0.09643885493278503,6.78515625,0.26771933
29,What Michelle Pfeiffer movie got a boost from the Coolio song Gangsta's Paradise?,Batman Returns,0, Paradise,48691,0,9,0.3796391591816367,1.1449650526046753,0.151785876429952,42.824554443359375,3.3037189491258205,0.02245952934026718,0.001163482666015625,3.41405
30,What was President Gerald Ford's middle name?,Ford's middle name was Gerald Rudolph.,1, name,836,0,5,0.006518213572854291,1.0520780086517334,-0.03031722564997752,42.19990539550781,7.749848850749881,0.08403133600950241,0.149169921875,2.8122036
31,Art Garfunkel trained for which profession although he didn't qualify?,Doctor,0, qualify,26456,0,8,0.2062749500998004,1.0780357122421265,0.2776664746823574,44.14833068847656,3.1947963413478,0.06753133237361908,7.984375,4.4950733
32,Who was the last inmate of Spandau jail in Berlin?,Rudolf Hess,1, Berlin,20437,0,7,0.15934537175648703,1.032960057258606,0.05632785339128432,43.44978332519531,3.18289039158294,0.11597795784473419,0.191650390625,2.909797
33,What was Eddie Murphy's first movie?,Coming to America (1988),0, movie,5818,0,6,0.0453624001996008,1.0511986017227173,0.1732760450721873,43.26932144165039,6.352450977542846,0.11503171920776367,2.53515625,2.2016017
34,In the 80s who wrote the novel Empire of The Sun?,J.G. Ballard,1, Sun,8219,0,4,0.06408277195608783,1.1475803852081299,0.342761674715125,37.567115783691406,2.4417228568204683,-0.0018357131630182266,0.047454833984375,0.42586952
35,Kagoshima international airport is in which country?,Japan,1, country,3224,0,8,0.025137225548902197,1.1246715784072876,0.14169943633174942,44.19061279296875,3.417126593257458,0.09123752266168594,1.4970703125,0.24656694
36,In which sport could the Pacers take on the Pistons?,Basketball.,1, Pistons,95808,0,8,0.7470059880239521,1.1122105121612549,0.528561078905641,38.01299285888672,1.84355879284748,0.08545560389757156,4.984375,0.10441039
37,Kim Carnes' nine weeks at No 1 with Bette Davis Eyes was interrupted for one week by which song?,The song that interrupted Kim Carnes' nine weeks at No 1 with,0, song,5609,0,5,0.04373284680638723,1.0817822217941284,0.13498880240219124,42.26200485229492,2.5091123135149367,0.09387622028589249,0.9951171875,5.5986466
38,Where in Canada is the Lion's Gate bridge?,"The Lion's Gate Bridge is located in Vancouver, British Columbia, Canada.",1, bridge,14497,0,7,0.113031749001996,1.1837376356124878,0.09455392781218652,40.16248321533203,7.0212540774642065,0.0652153268456459,5.3125,1.87846
39,What was Walter Matthau's first movie?,The Bad and the Beautiful (1952),0, movie,5818,0,6,0.0453624001996008,1.0511986017227173,0.1732760450721873,45.610687255859375,7.115230962894767,0.11909446120262146,3.369140625,4.7558517
40,Otis Barton was a pioneer in exploring where?,The deep ocean.,0, where,1405,0,6,0.010954653193612775,1.058483600616455,-0.06592187147240969,44.66387176513672,33.77747659713361,0.07392248511314392,9.328125,1.9252932
41,Where in England was actor Nigel Hawthorne born?,"London, England.",0, born,9405,0,5,0.07332990269461077,1.1531862020492554,-0.07734579377559303,45.69799041748047,12.704595823061132,0.12464562058448792,1.5087890625,5.671319
42,"What mythological beast has the head of a man, the body of a lion, and the tail and feet of a dragon?",Chimera.,0, dragon,26161,0,7,0.2039748627744511,1.0543184280395508,0.27668714168472386,42.9478645324707,0.8345672714001959,0.10156755894422531,3.5078125,2.7475972
43,"In Greek mythology, who were Arges, Brontes and Steropes?","Arges, Brontes and Steropes were the three Cyclopes",1,opes,19031,1,4,0.14838292165668662,1.2873905897140503,0.038595555411490956,38.60826110839844,0.31540421987199707,0.027527978643774986,0.0653076171875,1.3716758
44,Which musician founded the Red Hot Peppers?,Anthony Kiedis,0,ppers,36623,1,5,0.28554609530938124,1.280137300491333,0.3056784926516367,39.8865852355957,4.659191385169775,0.0016623679548501968,0.002269744873046875,3.286311
45,Where did the Shinning Path terrorists operate?,Peru,1, operate,14816,0,8,0.1155189620758483,1.0377506017684937,0.39148503707338334,47.01993942260742,2.3725555587472194,0.06231866404414177,3.884765625,1.4616736
46,How old was Jimi Hendrix when he died?,Jimi Hendrix was 27 years old when he died.,1, died,8636,0,5,0.06733408183632734,1.0108140707015991,0.14811440785699137,44.698856353759766,8.577676086802631,0.10660893470048904,0.68310546875,0.7227738
47,Which Brit broke the land speed record in 1990 in Thrust 2?,Richard Noble.,1,2,17,1,1,0.00013254740518962076,0.9272226095199585,1.2098593444044683,44.790283203125,2.0773035876701433,0.015542524866759777,0.0029430389404296875,2.439383
48,In which state was Gene Vincent born?,Tennessee,0, born,9405,0,5,0.07332990269461077,1.1531862020492554,-0.07734579377559303,45.372039794921875,9.896791332708009,0.12936654686927795,3.46484375,2.2449095
49,How was the European Recovery Program in the 1940s more commonly known?,Marshall Plan,1, known,3967,0,6,0.030930326846307386,1.1608165502548218,-0.086990713039651,46.59354019165039,2.987092130098363,0.12810876965522766,0.6259765625,1.0918431
50,Brandon Lee died during the making of which movie?,The Crow,1, movie,5818,0,6,0.0453624001996008,1.0511986017227173,0.1732760450721873,38.4089469909668,0.9379146310540758,0.091490738093853,1.2763671875,0.4002627
51,Who had a 70s No 1 hit with Let's Do It Again?,"Earth, Wind & Fire",0, Again,14077,0,6,0.10975704840319361,1.1729837656021118,0.25084707566338516,44.506229400634766,10.58687362882884,0.07090240716934204,0.406005859375,3.790523
52,Who had a Too Legit To Quit Tour?,MC Hammer. The Too Legit To Quit Tour was a concert tour by,1, Tour,14986,0,5,0.1168444361277445,1.1335961818695068,0.1952101150088641,45.02189254760742,6.126110171665864,0.07545971125364304,3.015625,0.5412567
53,"""According to Rudyard Kipling what were the """"two imposters"""" to meet and treat the same day?""","The two imposters were the ""two imposters"" to meet and treat",0, day,1938,0,4,0.015110404191616767,1.1036064624786377,-0.21894996796160804,54.3424186706543,19.568124693571065,0.08372463285923004,6.82421875,3.8173835
54,Who is the most successful UK solo artist in the USA?,Elton John,1, USA,7427,0,4,0.057907622255489025,1.1540679931640625,0.011041512160495426,42.125526428222656,1.77656283508904,0.05641840025782585,6.9609375,2.3495972
55,Which country does the airline TAAG come from?,Angola,1, from,505,0,5,0.003937437624750499,0.9809274673461914,-0.4288291262557671,48.0218391418457,4.5897616030665,0.13178423047065735,0.0006856918334960938,0.16812868
56,Which US No 1 single came from Diana Ross's platinum album Diana?,Ain't No Mountain High Enough,0, Diana,45509,0,6,0.3548294036926148,1.0585308074951172,0.33952785628992244,41.5960578918457,5.95163530258211,0.0699382871389389,7.46875,2.4075816
57,River Phoenix died during the making of which movie?,Dogfight,0, movie,5818,0,6,0.0453624001996008,1.0511986017227173,0.1732760450721873,40.8380126953125,4.373981299514582,0.10347041487693787,1.32421875,3.6447105
58,Which artist David was born in Bradford UK?,David Hockney,1, UK,6560,0,3,0.05114770459081836,1.0378730297088623,0.19301885278489994,48.71947479248047,10.04403722460732,0.11242411285638809,7.51953125,1.760652
59,What is Mel Gibson's middle name?,The best answer is Edward. Mel Gibson's full name is Mel Col,0, name,836,0,5,0.006518213572854291,1.0520780086517334,-0.03031722564997752,43.80661392211914,13.739049897072224,0.0889006108045578,0.110107421875,5.1072826
60,Richard Daley was mayor of which city for 21 years?,Chicago,1, years,1667,0,6,0.01299744261477046,1.054459571838379,-0.037346800053552176,46.06241989135742,2.1128782671165522,0.08155513554811478,0.05963134765625,0.5544728
61,"""In which movie did Garbo say, """"I want to be alone"""".""",Anna Karenina,0, alone,7636,0,6,0.059537175648702596,1.3122708797454834,-0.06107500761995688,45.4052619934082,2.1100457873613596,0.050823718309402466,2.904296875,2.6880722
62,What is Osbert Lancaster best known for producing?,"Osbert Lancaster was a British cartoonist, painter, and writer. He",1, producing,17843,0,10,0.13912019710578843,1.0603607892990112,0.14413835801619213,44.03563690185547,5.832188382092596,0.07608215510845184,10.0625,1.0656453
63,Who was the defending champion when Martina Navratilova first won Wimbledon singles?,Billie Jean King,0, singles,17845,0,8,0.13913579091816367,1.1850417852401733,0.3430583174238513,41.814544677734375,1.1237338740318883,0.0910470113158226,5.50390625,2.5123985
64,Who was the first US-born winner of golf's British Open?,Bobby Jones,0, Open,5377,0,5,0.041923964570858285,1.0855555534362793,0.14806632554314358,38.36063003540039,1.894693923934562,0.09424150735139847,0.01500701904296875,3.993341
65,In which country is the Sky Train Rail bridge?,Canada,1, bridge,14497,0,7,0.113031749001996,1.1837376356124878,0.09455392781218652,41.96580123901367,10.673160466519375,0.07146092504262924,8.2265625,3.9095726
66,What was the Paramount Film Company originally called?,The Paramount Film Company was originally called the Famous Players Film Company.,1, called,2663,0,7,0.02076316117764471,1.1132361888885498,-0.04424807250157725,45.49994659423828,10.640467492705065,0.13624818623065948,1.5654296875,3.6372051
67,Who was the first person after Scott to reach the South Pole overland?,Roald Amundsen,0,land,1974,1,4,0.015391092814371258,1.2131768465042114,0.048757646138397615,40.908668518066406,3.6636591983934625,0.06342151015996933,0.370361328125,2.5334659
68,Which journalist first told the world about the My Lai massacre?,Seymour Hersh,1, massacre,49352,0,9,0.3847929141716567,1.0702486038208008,0.8534493744386835,41.560604095458984,4.339872524517844,0.08331918716430664,4.43359375,1.154925
69,What is the name of Terence and Shirley Conran's dress designer son?,Jasper Conran,1, son,4538,0,4,0.03538236027944112,1.1489496231079102,0.02527573596148036,46.08893966674805,23.758454299189747,0.09611102938652039,5.1484375,5.2855372
70,Which drink did The Spice Girls promote?,Pepsi,1, promote,12192,0,8,0.09505988023952096,1.0115605592727661,0.2622477739454099,41.34054183959961,4.5728106639454875,0.09396298974752426,5.5,2.6416566
71,Who was the youngest brother in the Beach Boys?,Dennis Wilson,0, Boys,30857,0,5,0.24058913423153694,1.152207851409912,0.3001071519456615,36.58869934082031,0.4670872413741769,0.02168286219239235,0.231689453125,3.012061
72,Who first hosted Family Feud?,Steve Harvey,0,ud,664,1,2,0.005177145708582834,1.2232414484024048,0.026642822794257004,39.4803466796875,4.653704093999818,0.006418174598366022,0.00553131103515625,3.6725812
73,What did the Lone Ranger's title Kemo Sabe mean in Apache?,Friend,0, Apache,9091,0,7,0.0708816741516966,1.0641331672668457,0.32243286286847006,36.784263610839844,0.4636876657030746,0.07133079320192337,5.234375,3.7640984
74,Who or what was Gentle Ben in the 60s TV series?,Gentle Ben was a black bear in the 1960s TV series.,1, series,4101,0,7,0.0319751122754491,1.1795010566711426,-0.2025460995850823,49.216949462890625,7.473935081029051,0.10056117177009583,0.7490234375,2.9943905
75,Which 70s show was based on the British show Till Death Us Do Part?,All in the Family,1, Part,3744,0,5,0.029191616766467067,1.067528486251831,0.16063485740229888,37.9010124206543,1.3087212834820514,0.03744984045624733,0.0027408599853515625,0.9687068
76,On what date in 1969 did Neil Armstrong first set foot on the Moon?,"July 20, 1969",1, Moon,17781,0,5,0.1386367889221557,1.125511646270752,0.17583030631095253,42.624332427978516,5.024078225029889,0.09933153539896011,0.98583984375,0.4718748
77,Bandar Seri Begawan International airport is in which country?,Brunei,1, country,3224,0,8,0.025137225548902197,1.1246715784072876,0.14169943633174942,43.78589630126953,2.5840465654819402,0.09562591463327408,0.57958984375,0.17527072
78,What was the profession of Paul Strand (1890 - 1976)?,Photographer.,1,6,21,1,1,0.00016373502994011975,0.8506052494049072,-0.130502595403319,44.70185089111328,11.692815395080826,-0.007598523981869221,0.00046443939208984375,1.7469804
79,Who had a 60s No 1 with Downtown?,Petula Clark.,1, Downtown,44985,0,9,0.3507438248502994,1.2138402462005615,0.5302310638609411,31.802099227905273,0.8635470281224258,0.03678949549794197,11.1953125,0.14037643
80,"Who was born first, Kiefer Sutherland or Christian Slater?",Kiefer Sutherland was born first. Kiefer Sutherland was,1, Slater,98103,0,7,0.7648998877245509,1.2149033546447754,0.5882973279454795,35.119564056396484,11.65055412028228,0.05195312947034836,0.38134765625,0.36191946
81,"To the nearest two, how many tennis Grand Slam titles did Jimmy Connors win?",8,0, win,3243,0,4,0.025285366766467067,1.1358156204223633,-0.09110513061120074,45.7109375,4.678631847707867,0.06536510586738586,0.168701171875,0.48457167
82,Who was the Georgia Peach?,Ty Cobb.,1, Peach,64695,0,6,0.5044208458083832,1.1649396419525146,0.42631886502315597,40.63151931762695,11.834646259544677,0.07152808457612991,3.6796875,3.9488761
83,Who set fire to his guitar at the Monterey Pop festival in 19676?,Jimi Hendrix.,1,76,4767,1,2,0.037167851796407185,0.9165319800376892,0.29029396875908775,49.989051818847656,53.18022358035517,0.0024388711899518967,15.953125,0.2667219
84,Della Street was whose secretary?,Perry Mason.,1, secretary,19607,0,10,0.1528739396207585,1.1011848449707031,0.03390749126822534,46.35272979736328,12.499504639582335,0.10212931782007217,3.65234375,2.1647825
85,"In music, who was Sweet and Innocent and Too Young?",Bobby Darin.,0, Young,13566,0,6,0.10577282934131736,1.1035306453704834,0.01781897990315473,47.22987365722656,14.094201176053083,0.0943823829293251,3.15625,6.138289
86,Who is featured on Puff Daddy's Can't Hold Me Down?,Mase,1, Down,6419,0,5,0.05004834081836328,1.1503618955612183,-0.09411045941569318,51.10447692871094,21.229918124461655,0.047800563275814056,0.66455078125,3.8123872
87,What had Edmond Hillary worked at before taking up mountain climbing?,"Before taking up mountain climbing, Edmond Hillary worked as a beekeeper.",0, climbing,30608,0,9,0.23864770459081835,1.0919102430343628,0.38259603009105403,44.69288635253906,5.498788095295215,0.0917419046163559,0.02142333984375,4.513802
88,In which American state is the Isabella Stewart Gardner Museum?,Massachusetts,1, Museum,16730,0,7,0.13044224051896208,1.154193639755249,0.11387604836098264,41.85866165161133,8.741694002520452,0.05980364605784416,0.006984710693359375,0.23806073
89,Benina international airport is in which country?,Benina International Airport is located in Libya.,1, country,3224,0,8,0.025137225548902197,1.1246715784072876,0.14169943633174942,44.32667541503906,3.9943858802170435,0.09645910561084747,1.3876953125,1.1709976
90,Beloved in 1999 was whose first movie since The Color Purple in 1985?,Whoopi Goldberg,0,5,20,1,1,0.000155938123752495,0.8673302531242371,0.13664285511209417,50.34104919433594,31.13051687003479,-0.021468209102749825,0.0208282470703125,0.8630399
91,Which Star Trek star directed Three Men and a Baby?,Tom Selleck,0, Baby,21266,0,5,0.16580900698602793,1.1493146419525146,0.26066553153557015,42.085777282714844,13.931309980265667,0.08822576701641083,0.03216552734375,1.2692128
92,Which sitcom star appeared on the big screening The Object of My Affection?,Paul Rudd,0,ection,12181,1,6,0.09497411427145709,1.2273340225219727,0.43443793231763506,43.12375259399414,15.149181023993183,-0.03158748149871826,0.005443572998046875,0.21660829
93,"""Which character did Julia """"Roberts play in Steven Spielberg's Hook?""",Tinker Bell,1, Hook,29271,0,5,0.22822324101796407,1.1838551759719849,0.1372901906663322,39.09116744995117,1.2111291634306545,0.06044134497642517,7.41015625,1.547732
94,Which US president did Anthony Hopkins play in a film whose title was simply his name?,Richard Nixon.,1, name,836,0,5,0.006518213572854291,1.0520780086517334,-0.03031722564997752,47.7470817565918,2.7112624524134636,0.08178828656673431,1.6240234375,2.9351735
95,Which movie was a biopic about the life of David Helfgott?,Shine.,1,ott,1751,1,3,0.013652382734530939,1.2239465713500977,0.016145401100023715,37.206443786621094,4.0589700298956926,-0.010288257151842117,0.037384033203125,0.83324623
96,Which film director guested as the FBI Director in The Silence of the Lambs?,Jonathan Demme,0,bs,1302,1,2,0.010151571856287425,1.1793348789215088,0.12348837299947579,41.163909912109375,7.883622027217243,-0.004044855944812298,4.3272972106933594e-05,3.348443
97,In which sci fi classic did the space ship Nostromo first appear?,Alien,1, appear,5101,0,7,0.03977201846307385,1.0632030963897705,0.02068789579440944,49.15422821044922,5.506451481794452,0.09132365137338638,0.05377197265625,0.377132
98,Nigel Hawthorne was Oscar nominated for The Madness of which King?,Nigel Hawthorne was Oscar nominated for The Madness of King George.,1, King,6342,0,5,0.04944797904191617,1.1121609210968018,-0.05903693001708321,40.87577819824219,1.443155986674867,0.06365256011486053,0.62939453125,4.2668524
99,Which Swedish actress won the Best Supporting Actress Oscar for Murder on the Orient Express?,Ingrid Bergman,1, Express,17855,0,8,0.13921375998003993,1.1418523788452148,-0.007194842205547225,44.688690185546875,9.60394066329412,0.02437489852309227,6.389617919921875e-05,0.4631875
100,Which Oscar-nominated film had You Sexy Thing as its theme song?,The Full Monty,1, song,5609,0,5,0.04373284680638723,1.0817822217941284,0.13498880240219124,45.67634201049805,8.648557551048668,0.11219996958971024,0.07989501953125,3.4577267
101,Which Joan's career revived in Whatever Happened to Baby Jane?,Joan Crawford,1, Jane,22195,0,5,0.17305233283433133,1.0644184350967407,0.02392029278257235,41.74775695800781,13.247027124219638,0.04326562583446503,0.017852783203125,1.6937397
102,Which much-loved actor won the Best Actor Oscar for The Philadelphia Story?,Cary Grant,0, Story,15457,0,6,0.12051677894211577,1.0839999914169312,0.10261675834039474,38.08766555786133,0.6446749846678883,0.028680434450507164,0.0889892578125,0.6893318
103,Which legendary dancer was Oscar-nominated for The Towering Inferno?,Fred Astaire,1,no,2201,1,2,0.017160990518962076,1.0874232053756714,0.07933079170457802,44.73790740966797,6.770882546152096,-0.0002834117040038109,4.6253204345703125e-05,2.1531541
104,What was the name of the brothel in The Best Little Whorehouse in Texas?,Miss Molly's,0, Texas,8421,0,6,0.06565774700598802,1.0419161319732666,0.14687797446103668,40.774383544921875,4.676499497844237,0.07987654209136963,0.0008397102355957031,2.2295663
105,Who was the male star of the movie The Man of La Mancha?,Peter O'Toole,1,cha,6583,1,3,0.05132703343313373,1.3184850215911865,0.16854916345771942,39.89067077636719,5.889478588206702,-0.017366673797369003,0.0009484291076660156,0.6257259
106,What relation is Joey Richardson to Vanessa Redgrave?,Joey Richardson is the son of Vanessa Redgrave. ,0,grave,77731,1,5,0.6060613148702595,1.2955149412155151,0.4705043804236304,38.92601013183594,6.649828689610112,-0.01101732812821865,0.016357421875,3.9425979
107,Melanie Molitor is the mom of which tennis world NO 1?,Melanie Molitor is the mom of Martina Navratilova.,0,1,16,1,1,0.000124750499001996,0.9435784220695496,1.1404854456094933,45.589290618896484,8.193918086576218,0.04189494252204895,0.25390625,2.7701075
108,Marc Dutroux hit the headlines over a 'house of horrors' in which country?,Belgium,1, country,3224,0,8,0.025137225548902197,1.1246715784072876,0.14169943633174942,42.31028747558594,3.7573180491310048,0.0855860635638237,13.0234375,0.19912848
109,On which date in 1945 did Hitler take cyanide then shoot himself?,"April 30, 1945",1, himself,5678,0,8,0.044270833333333336,1.2642687559127808,0.1787780900458098,49.69841003417969,6.39427299352594,0.09267349541187286,0.187744140625,0.8197179
110,In which river is the Boulder Dam?,The Boulder Dam is located in the Colorado River.,1, Dam,16758,0,4,0.13066055389221556,1.2279729843139648,0.15275892823111192,40.368038177490234,4.5985063590705115,0.0676661878824234,0.16064453125,1.7475638
111,"Which sports event was first held at Worcester, Massachusetts in 1927?","The first NCAA Men's Division I Basketball Tournament was held at Worcester, Massachusetts",0,7,22,1,1,0.00017153193612774452,0.8465970158576965,-0.10359574828782181,45.87091827392578,10.956235983171268,-0.005088438279926777,2.5078125,2.5772216
112,In which European city is the Belvederen Gallery?,Vienna.,1, Gallery,19853,0,8,0.15479197854291418,1.0909945964813232,0.1997520268352022,44.92327880859375,8.507134609062351,0.07920004427433014,7.625,1.322296
113,How old was Woody Herman when he founded his own orchestra?,Woody Herman was 19 years old when he founded his own orchestra.,0, orchestra,69155,0,10,0.5391950474051896,1.078070878982544,0.3891082691593932,43.10639953613281,8.55126613732387,0.11749467253684998,1.7998046875,1.5511917
114,For which movie did Katharine Hepburn win her second Oscar?,The Philadelphia Story (1940),0, Oscar,31797,0,6,0.2479182260479042,1.1004745960235596,0.11781026799107108,46.345848083496094,2.436487967107473,0.09175701439380646,1.9306640625,2.8290486
115,Who had a 60s No 1 hit with This Diamond Ring?,Gary Lewis & The Playboys,1, Ring,22249,0,5,0.17347336576846306,1.2119518518447876,0.32971856170579805,46.3318977355957,7.982680734539574,0.07743263989686966,0.329345703125,0.040073235
116,The world was first aware of the Chernobyl disaster after detectors were triggered at a nuclear plant in which country?,Sweden,1, country,3224,0,8,0.025137225548902197,1.1246715784072876,0.14169943633174942,43.44005584716797,5.526726414744555,0.10211436450481415,0.454345703125,2.2434483
117,In which country was the first permanent bungee jumping site situated?,New Zealand,1, situated,31183,0,9,0.2431309256487026,1.0787709951400757,0.17484673472296164,47.190162658691406,5.990914726842419,0.11353863030672073,10.015625,2.3151166
118,Who succeeded Brezhnev as Soviet premier?,"Leonid Brezhnev was the Soviet premier, not the Soviet president.",0, premier,21134,0,8,0.16477981536926148,1.136436104774475,0.08232370120186117,43.4488639831543,3.060440350349941,0.0795186385512352,5.58984375,4.725776
119,In the late 60s Owen Finlay MacLaren pioneered what useful item for parents of small chldren?,Pacifier,0,ren,1466,1,3,0.011430264471057884,1.1687238216400146,0.03949335650644992,50.445735931396484,13.161161653485948,0.02012508735060692,0.047607421875,3.9686701
120,In which city's shipyard was Solidarity set up?,Gdansk,1, up,709,0,3,0.0055280064870259485,1.082383155822754,-0.28881926816099623,47.638797760009766,3.2980265416619234,0.11959823966026306,0.0345458984375,0.3157566
121,Which female singer was born on exactly the same day as impressionist Rich Little?,Carol Burnett,0, Little,15013,0,7,0.11705495259481039,1.1373469829559326,-0.09787571856810473,40.70622253417969,9.950096844859956,0.032431378960609436,5.85546875,5.702515
122,What is Harrison Ford's real name?,Harrison Ford's real name is William Henry Harrison Ford. He was born on,1, name,836,0,5,0.006518213572854291,1.0520780086517334,-0.03031722564997752,42.28703689575195,5.766536201686657,0.11430767923593521,0.10321044921875,2.25957
123,Who's home runs record did Mark McGwire break in the 1998 season?,Mark McGwire broke Roger Maris's single-season home run record in,1, season,3280,0,7,0.02557385229540918,1.203463077545166,0.04958313790625235,43.36380386352539,3.787553890283628,0.12199532240629196,0.2900390625,1.5888563
124,Who won baseball's first World Series of the 80s?,"The Philadelphia Phillies won the 1980 World Series, defeating the Kansas City",1,s,82,1,1,0.0006393463073852295,1.2110646963119507,2.204810965294282,49.5081787109375,5.218800555300012,0.07222728431224823,0.342529296875,2.1121182
125,What was Pete Sampras seeded when he won his first US Open?,3rd,0, Open,5377,0,5,0.041923964570858285,1.0855555534362793,0.14806632554314358,44.49262619018555,7.076100616677165,0.09379354119300842,0.004791259765625,2.946888
126,"""Which boxer famously said,"""" If I can't beat this bum take my name off the record books?""""""",Joe Louis,0, books,6603,0,6,0.05148297155688623,1.0370736122131348,-0.10546508956613021,52.121334075927734,7.288971591166751,0.058123014867305756,1.380859375,2.3734202
127,Where did Jonathan Edwards set his 1995 triple jump world record?,Jonathan Edwards set his 1995 triple jump world record at the World Athletics,0, record,3335,0,7,0.026002682135728542,1.2282382249832153,-0.03402585576095074,46.03010559082031,3.8384214193955906,0.0955786481499672,0.0845947265625,2.6472194
128,"In baseball, where do the Orioles come from?","The Orioles are a team in the American League that plays in Baltimore, Maryland",1, from,505,0,5,0.003937437624750499,0.9809274673461914,-0.4288291262557671,45.51839065551758,1.923105599880297,0.1220683753490448,0.1685791015625,1.8390925
129,The Naismith Award is presented in which sport?,Basketball,1, sport,10775,0,6,0.08401166417165669,1.208243727684021,0.020300760397890194,41.666744232177734,2.090536642887061,0.11659950017929077,1.7998046875,0.73884565
130,Which cartoon and film character is the nickname of super athlete Michael Johnson?,The Road Runner.,0, Johnson,11605,0,8,0.09048309630738523,1.053320288658142,0.13810278656921282,40.2150764465332,5.460395588962408,0.05532868951559067,1.375,4.4689255
131,For which team did Babe Ruth blast his last Major League home run?,New York Yankees,0, run,1629,0,4,0.012701160179640719,1.141825556755066,0.02571176377743134,42.369197845458984,2.373840525084173,0.07727664709091187,0.00202178955078125,1.8265672
132,What was Warren Beatty's first movie?,Splendor in the Grass (1961),1, movie,5818,0,6,0.0453624001996008,1.0511986017227173,0.1732760450721873,46.098609924316406,6.802295040819978,0.10869911313056946,3.671875,1.4265591
133,"Which future Hollywood star got her break as Wonder Girl, Wonder Woman's sister Drusilla?",Lynda Carter,0,illa,6374,1,4,0.04969748003992016,1.2718864679336548,0.14573584594926814,45.79273986816406,18.882851260774295,0.011908631771802902,0.0015707015991210938,5.1666665
134,Mickey Braddock in the 50s series Circus Boy found fame with which surname in which pop band?,Mickey Braddock in the 50s series Circus Boy found fame with the,0, band,7200,0,5,0.0561377245508982,1.2068419456481934,0.15189770971676086,44.541358947753906,16.000795921974518,0.0813784971833229,5.15234375,4.2379737
135,Which war veteran was Director of News & Special Events for ABC before find fame as a TV cop?,Jack Webb.,0, cop,6293,0,4,0.049065930638722555,1.3016552925109863,0.0207659462153007,43.636131286621094,3.5834081226027896,0.07062802463769913,9.390625,3.7209566
136,What US sitcom was the first exported to Britain?,The Dick Van Dyke Show. It was first broadcast in the UK in,0, Britain,13527,0,8,0.10546875,1.124983310699463,0.296929852283744,44.41191864013672,4.616574145829726,0.08898991346359253,4.953125,4.159736
137,In Hanna and Barbera's TV cartoons base on The Addams Family who was the voice of Gomez?,John Astin,1, Gomez,63398,0,6,0.49430825848303395,1.138080358505249,0.5783185199503547,40.411258697509766,10.795638774705262,0.0881490707397461,1.33984375,2.2775407
138,Who was the only female victim to be killed off in the opening credit sequence in Police Squad?,Leslie Ann Hendrix.,0, Squad,35807,0,6,0.27918381986027946,1.1781946420669556,0.4328034025632017,43.32626724243164,5.20545576075226,0.01799990050494671,1.6826171875,4.9271774
139,Which US president won the Nobel Peace Prize in 1920?,Woodrow Wilson,1,0,15,1,1,0.00011695359281437126,0.903641939163208,0.07067242412983887,42.13169479370117,6.28381307821946,0.015136701986193657,0.705078125,1.248315
140,Who beat Tim Henman in his first Wimbledon singles semifinal?,Pete Sampras,1,inal,992,1,4,0.007734530938123752,1.2600667476654053,0.004598746736486081,47.99593734741211,1.9478717429324952,0.022361382842063904,0.06494140625,3.8590586
141,What relation was Flo Jo to Jackie Joyner Kersee?,Flo Jo was Jackie Joyner Kersee's idol and inspiration.,0,see,4151,1,3,0.03236495758483034,1.0104442834854126,0.21085295946034677,40.56536102294922,2.5265780036494636,-0.001069970428943634,0.017730712890625,4.099272
142,How long was swimmer Michelle Smith-de Bruin banned for attempting to manipulate a drugs test?,4 years.,1, test,1296,0,5,0.010104790419161677,1.0808509588241577,-0.1364710748840139,44.7386360168457,2.51160743550499,0.08010184019804001,0.4912109375,1.4864023
143,Yuan Yuan was caught carrying drugs for which Chinese team?,Shanghai Sharks,0, team,2128,0,5,0.01659181636726547,1.1389223337173462,0.036099688190899926,43.88993835449219,10.331264220894557,0.09275630116462708,7.33203125,4.987407
144,Which grand slam did Pete Sampras not win in the 20th century?,The Australian Open,0, century,9478,0,8,0.07389907684630738,1.0807541608810425,0.06743589695289787,46.197357177734375,4.796582393326626,0.15821343660354614,0.025970458984375,2.3537145
145,In which events did Gert Fredriksson win six Olympic gold medals?,Gert Fredriksson won six Olympic gold medals in the 1908,0, medals,60082,0,7,0.46845371756487025,1.0760164260864258,0.6596058926509722,48.2763671875,5.205311473628189,0.11719778180122375,0.0254974365234375,2.7243843
146,"How many of his 45 races did Mike Hawthorn, a former Formula One motor racing world champion, win?",3,1, win,3243,0,4,0.025285366766467067,1.1358156204223633,-0.09110513061120074,44.61173629760742,5.573298762984633,0.09128337353467941,1.0537109375,2.8367133
147,On the Internet what is Spam?,"Unsolicited commercial email, often containing advertisements or links to websites, that is",0, Spam,82767,0,5,0.6453265344311377,1.1359872817993164,0.5494308212685608,42.40460968017578,3.6604437684249964,0.05921091511845589,11.3203125,1.161289
148,In which country did the Internet start?,United States of America,1, start,1212,0,6,0.009449850299401198,1.0743186473846436,0.044440588354460075,48.273033142089844,2.384320158178613,0.0440337136387825,5.65234375,2.7880025
149,In which year was the Juilliard School founded in New York?,1905,1, York,4356,0,5,0.03396332335329341,1.0175031423568726,-0.02856339327657631,47.268836975097656,16.264135714881196,0.1372404843568802,0.0006656646728515625,0.690327
150,"Who wrote My Life and Loves in 1926, originally banned in the US?",George Bernard Shaw,0, US,2326,0,3,0.01813560379241517,1.0376254320144653,-0.07694651968133792,48.497169494628906,3.860205639153226,0.09554998576641083,2.0078125,5.607631
151,What was Blondie's last UK No 1 of the 80s?,The Tide is High.,0,s,82,1,1,0.0006393463073852295,1.2110646963119507,2.204810965294282,49.02663040161133,4.767934573647615,0.05312540382146835,0.1268310546875,2.1872535
152,"In baseball, where do the Royals come from?","Kansas City, Missouri.",1, from,505,0,5,0.003937437624750499,0.9809274673461914,-0.4288291262557671,45.51792526245117,2.652068127474293,0.1209641620516777,0.289794921875,0.9193344
153,What is the largest city in Ohio?,Columbus.,0, Ohio,14689,0,5,0.11452875499001997,1.0412466526031494,0.14935454939864545,34.761348724365234,1.1307715337161284,0.1002381220459938,6.828125,0.22802421
154,In which decade of the 20th century was Anne Bancroft born?,1931,0, born,9405,0,5,0.07332990269461077,1.1531862020492554,-0.07734579377559303,45.0579948425293,8.910648224732675,0.13771119713783264,1.458984375,0.958162
155,The Suez Canal connects the Mediterranean Sea to which other Sea?,The Red Sea.,1, Sea,15379,0,4,0.11990862025948104,1.1887720823287964,0.06792337671771875,41.66212844848633,1.668209137326354,0.08579297363758087,5.58203125,0.5183582
156,Which rock star did Cindy Crawford name her first son after?,The Rolling Stones' Keith Richards,0, after,1306,0,6,0.010182759481037924,1.0758394002914429,-0.084236797578368,46.18613815307617,10.295199727468212,0.16778557002544403,0.95751953125,5.518404
157,Sun Yat Sen overthrew the emperor in which country establishing a republic after 2000 years of imperial rule?,China,1, rule,6037,0,5,0.04706992265469062,1.2353477478027344,0.11630438966111845,51.01790237426758,12.317954184728265,0.06831182539463043,0.0125579833984375,0.4286497
158,Who designed the dress which made the most at Diana's dress auction?,"The dress designed by Catherine Walker, which was worn by Diana, Princess of",0, auction,21852,0,8,0.17037799401197604,1.1049212217330933,0.10922444289001376,47.68461990356445,6.892058753710717,0.11139576137065887,3.44921875,5.0767875
159,Which Palestinian co-founded al Fatah in 1957?,Yasser Arafat,1,7,22,1,1,0.00017153193612774452,0.8465970158576965,-0.10359574828782181,48.57462692260742,9.375453305245045,-0.005266017280519009,4.875,2.5901556
160,In which country was Earl Spencer's acrimonious divorce settlement heard?,England.,0, heard,6755,0,6,0.05266810129740519,1.086438775062561,0.06778844277249219,49.97466278076172,2.0760854626371605,0.11927017569541931,7.48828125,2.1110897
161,"In which North African country was Mohammed Al-Fayed, owner of Harrods department store in London, born?",Egypt.,1, born,9405,0,5,0.07332990269461077,1.1531862020492554,-0.07734579377559303,47.365447998046875,8.938952452817704,0.1188797652721405,0.0290069580078125,0.07267792
162,Aung San Suu Kyi is a controversial leader in which country?,Myanmar (Burma),1, country,3224,0,8,0.025137225548902197,1.1246715784072876,0.14169943633174942,44.87378692626953,2.4104393925320498,0.1044636219739914,0.0830078125,0.22822383
163,Which of the founders of United Artists had the last name nearest the beginning of the alphabet?,D.W. Griffith,0, alphabet,28890,0,9,0.22525261976047903,1.204842448234558,0.12221138041668533,44.44597625732422,1.4498301501982116,0.10889853537082672,7.640625,3.7297664
164,"In La Cage Aux Folles, what was La Cage Aux Folles?",A nightclub.,1,les,645,1,3,0.005029004491017964,1.2229994535446167,0.0007195729967612863,48.34468078613281,10.745896188991706,0.008186004124581814,0.00011849403381347656,1.3921251
165,Where was the Fiddler in the musical's title?,"The title refers to a character in the musical, not a fiddler",0, title,2316,0,6,0.01805763473053892,1.0992573499679565,-0.09654371217088276,45.61997985839844,6.823329997913675,0.08456660062074661,4.4765625,3.267912
166,South Pacific was set during which war?,World War II,1, war,4208,0,4,0.03280938123752495,1.1593811511993408,-0.06033784536354503,42.2082405090332,2.0229656122830937,0.08336330205202103,2.17578125,1.0917463
167,What percentage of the earth's surface is covered by Europe?,6.8%,1, Europe,4606,0,7,0.0359125499001996,1.0458784103393555,0.1273274971502376,38.1707649230957,4.618811764285142,0.09245135635137558,12.6640625,2.360614
168,Which European town gave its name to a Treaty which symbolizes closer economic links between European countries?,Rome,0, countries,5961,0,10,0.046477357784431135,1.009326696395874,0.1495039461384935,51.67473220825195,8.450873661163001,0.09682217985391617,0.361572265625,3.5542002
169,Which home of champagne in France was also where the German High Command surrendered in WWII?,Reims,1, WWII,61130,0,5,0.476624875249501,1.0811700820922852,0.7589089008567149,40.24749755859375,6.387742850559981,0.08103092759847641,6.7890625,1.2349198
170,Which was the first European city this century to open an underground railway system?,Paris.,1, system,1887,0,7,0.014712761976047904,1.0969078540802002,-0.17722578779294196,48.613914489746094,5.119174682580194,0.09480311721563339,0.666015625,3.0542283
171,Who first drew Mickey Mouse when ?Disney first supplied the voice?,1928,0, voice,7899,0,6,0.06158776197604791,1.1862101554870605,0.05180838821390932,47.69783401489258,11.46269766056461,0.0878259614109993,4.3359375,2.376144
172,Which actress wrote the novel The Last of the Really Great Whangdoodles?,Julie Andrews,1,oodles,98221,1,6,0.7658199226546906,1.2704030275344849,0.5439040028303324,41.6744499206543,19.985408615961905,-0.006561292335391045,0.0161895751953125,3.0047438
173,Who was the star of the film based on the record Harper Valley PTA by Jeannie C Riley?,Jeanne C. Riley,0, Riley,47935,0,6,0.3737446981037924,1.1578749418258667,0.6536589255240846,40.01972579956055,15.329857366196126,0.014141416177153587,7.0,3.6187766
174,What color golf balls are used on the golf course in Antarctica?,White golf balls are used on the golf course in Antarctica. The reason is,0, Antarctica,72787,0,11,0.5675134106786427,1.116446852684021,0.3502456890429655,36.68870162963867,0.9201393790802168,0.09270064532756805,7.53515625,2.3306286
175,Throughout the 80s and 90s Phil Collins recorded on which record label?,Virgin Records,0, label,2440,0,6,0.01902445109780439,1.1318782567977905,0.1849539080280156,39.77435302734375,5.215620046389267,0.06792482733726501,0.07177734375,1.9476962
176,On which label did Chuck Berry record in the 1950s and 1960s?,Chess Records,1,s,82,1,1,0.0006393463073852295,1.2110646963119507,2.204810965294282,49.793296813964844,12.309880910327871,0.0416518934071064,0.001422882080078125,3.5651362
177,What was the name of Michael Jackson's second wife?,Deborah Rowe,1, wife,7555,0,5,0.05890562624750499,1.0466251373291016,0.014545075375264727,39.01472091674805,4.9140898585934645,0.10311998426914215,3.474609375,0.6696622
178,Which US city was named after a British Prime Minister?,Washington,0, Minister,9675,0,9,0.07543506736526946,1.0746561288833618,0.353993272973832,44.04680252075195,2.5023690639040375,0.044047147035598755,0.006328582763671875,2.8489165
179,"""Who said, To err is human but it feels divine?""""""",I do not have access to a search engine to verify who said this.,0, divine,30467,0,7,0.23754834081836326,1.1193758249282837,0.3139194833832111,49.473323822021484,10.229964477021028,0.1072770208120346,6.55078125,6.1100593
180,Which singer had a big 60s No 1 with Roses Are Red?,Bobby Vinton,1, Red,3816,0,4,0.029752994011976047,1.0666344165802002,-0.04563978583721573,51.91563415527344,3.5007683447287103,0.06842362135648727,0.01349639892578125,1.4135152
181,What are the international registration letters of a vehicle from Iceland?,IS. ,1, Iceland,39496,0,8,0.30794660678642716,1.0315701961517334,0.5030347267391817,37.52397155761719,1.7774251056755936,0.11476878821849823,6.59375,2.4988465
182,Where was the American venue of the Live Aid concert?,"Philadelphia, Pennsylvania, USA",1, concert,21497,0,8,0.16761009231536927,1.1176565885543823,0.24249113851987802,43.2933464050293,3.9779072484929303,0.09972430020570755,0.89404296875,1.403113
183,Which was the longest moon landing?,Apollo 11,0, landing,20948,0,8,0.16332959081836326,1.240703821182251,0.24938133977288945,42.13121032714844,14.929778126786509,0.0945664569735527,3.0,0.96211004
184,Who had the most expensive presidential inauguration ceremony of the 20th century?,Ronald Reagan,0, century,9478,0,8,0.07389907684630738,1.0807541608810425,0.06743589695289787,47.63292694091797,5.29801029725752,0.11353615671396255,0.067626953125,2.9551883
185,Who became Israel's head of state in 1993?,Yitzhak Rabin,0,3,18,1,1,0.0001403443113772455,0.8899649977684021,0.38940287092794446,45.02757263183594,8.17523994190255,-0.0068319980055093765,1.2041015625,2.577061
186,"In WWII, who was the head of the Nazi party's security service?",Reinhard Heydrich,1, service,2532,0,8,0.01974176646706587,1.1028296947479248,-0.0419644111443116,42.868160247802734,2.6511673811438623,0.06536317616701126,0.85595703125,2.46847
187,Which President of the Philippines was deposed in 1986?,Corazon Aquino,0,6,21,1,1,0.00016373502994011975,0.8506052494049072,-0.130502595403319,41.818023681640625,0.6988578005150883,-0.0161303598433733,0.04071044921875,1.0050348
188,"What kind of disaster claimed some 100,000 lives in Armenia in 1988?",Earthquake,1,8,23,1,1,0.00017932884231536926,0.866473913192749,-0.04354860676264938,43.70231246948242,9.543767665537553,-0.011221124790608883,0.1273193359375,3.1111763
189,Which state on the Gulf of Mexico is nearest the end of the alphabet?,"Texas is the state nearest the end of the alphabet, which is Z.",1, alphabet,28890,0,9,0.22525261976047903,1.204842448234558,0.12221138041668533,40.78973388671875,1.440833357121548,0.1119203194975853,7.49609375,1.8285717
190,Truax Field international airport is in which US state?,Washington,0, state,1614,0,6,0.012584206586826347,1.1630382537841797,-0.1992004034250674,42.44449234008789,4.62992286173442,0.08919044584035873,0.205322265625,2.8705127
191,In what month was the attack on Pearl Harbor?,December,1, Harbor,40282,0,7,0.3140749750499002,1.22439706325531,0.13860730253679066,41.97565841674805,3.1467135425821304,0.04266740009188652,0.00823211669921875,0.22982731
192,Who did Dr. Crippen murder?,"Dr. Hawley Crippen, a British physician, was accused of",0, murder,10102,0,7,0.07876434630738523,1.0472311973571777,-0.001185698827135262,40.77640914916992,10.082816800633193,0.08078768104314804,5.7890625,3.7371426
193,"In the 1904 Olympics, how many of the 23 track and field titles were won by Americans?",21,1, Americans,9053,0,10,0.07058539171656687,1.1195732355117798,0.12349738614937156,42.39626693725586,3.5632601747039407,0.08294174820184708,3.728515625,2.5062852
194,The Black Hills lie between which two rivers?,The Black Hills lie between the Cheyenne and the Belle Fourche rivers,0, rivers,36617,0,7,0.28549931387225547,1.1141061782836914,0.2943868847461486,38.98530960083008,5.396795560569151,0.0997719019651413,0.71044921875,0.73095465
195,In what year was the first in-flight movie shown on an internal flight in the USA.,1921,0, USA,7427,0,4,0.057907622255489025,1.1540679931640625,0.011041512160495426,45.25580596923828,8.415274064513817,0.08925309777259827,4.63671875,0.92063934
196,In which city was John Lennon murdered?,New York City,1, murdered,32485,0,9,0.25328249750499005,1.046950340270996,0.39206749501962745,41.75899124145508,5.409568682811285,0.08720915019512177,3.419921875,0.4198526
197,How was President Kennedy assassinated?,"President John F. Kennedy was assassinated on November 22, 196",0,inated,15846,1,6,0.1235497754491018,1.1377636194229126,0.3240053965574097,43.97628402709961,6.319354419901698,0.060129307210445404,0.00016605854034423828,1.4871984
198,Which caped crusader operated in Gotham City?,Batman,1, City,4409,0,5,0.03437655938123752,1.079377293586731,0.03375737900926001,47.11069107055664,4.998208465038125,0.06293552368879318,0.1405029296875,0.2662558
199,Who did Jack Ruby shoot in November 1963?,Lee Harvey Oswald,1,3,18,1,1,0.0001403443113772455,0.8899649977684021,0.38940287092794446,41.238040924072266,3.8368877243063775,-0.007124981842935085,0.00936126708984375,0.3760586
200,Who was the first American to travel faster than the speed of sound?,Chuck Yeager,1, sound,5222,0,6,0.040715444111776446,1.2124861478805542,0.14451041615678317,40.871437072753906,2.5430850554158564,0.09237837791442871,3.8671875,3.2899454
201,Who was the first US president Barbara Walters interviewed?,Richard Nixon,1, interviewed,30147,0,12,0.23505333083832336,1.1182160377502441,0.4241891005022027,43.55447769165039,3.1380126888965796,0.08992353826761246,3.37890625,2.880985
202,Which orchestral conductor was married to one of the subjects of the film Hillary and Jackie?,Daniel Barenboim.,1, Jackie,51965,0,7,0.40516623003992014,1.1459777355194092,0.26278438181311214,39.13913345336914,6.308082958299449,0.06580443680286407,0.72998046875,3.9772239
203,Which writer and politician became Lord Tweedsmuir?,John Buchan,1,uir,21581,1,3,0.16826503243512975,1.2371783256530762,0.12726789543036388,37.596797943115234,2.7538913403432312,-0.023428233340382576,0.0255584716796875,1.0703772
204,In what year was the first Tarzan novel published?,1912,0, published,4756,0,10,0.03708208582834331,1.0288513898849487,0.12848365192410638,44.616756439208984,7.58370966047303,0.12837518751621246,0.47412109375,0.66569114
205,In which country were motorized ambulances first used?,United States,0, used,1511,0,5,0.011781125249500998,1.0245517492294312,-0.2595591179003769,50.84798812866211,4.000891382971481,0.10252320021390915,2.51171875,3.0173047
206,What is the Pacific terminus of the Trans Siberian Railway?,Vladivostok.,1, Railway,55556,0,8,0.43316492015968067,1.1382604837417603,0.23910037859228295,45.398616790771484,15.12446757518309,0.09428022056818008,0.1771240234375,0.600653
207,What is the name of the mountain pass which lies between Pakistan and Afghanistan?,Khyber Pass,1, Afghanistan,21139,0,12,0.1648187999001996,1.0043963193893433,0.5330788656902228,38.948997497558594,2.8860384630440388,0.10675171762704849,0.4482421875,1.9302586
208,"What is the name of the group of 1,196 islands in the North Indian Ocean, none bigger than five square miles?",Maldives.,1, miles,8931,0,6,0.06963416916167664,1.0888214111328125,0.12874152432875352,50.13513946533203,5.911412984880624,0.0671306625008583,2.67578125,1.8175647
209,Which Syrian city is said to be the oldest continually inhabited city in the world?,Aleppo,0, world,1917,0,6,0.014946669161676647,1.134218692779541,-0.16107275688498923,48.39311981201172,5.5647500249575295,0.07399124652147293,0.0232086181640625,1.2621118
210,Who was king of France at the time of the French Revolution?,King Louis XVI,1, Revolution,22910,0,11,0.17862712075848303,1.1828291416168213,0.04548034576652382,38.71062088012695,7.946455185741998,0.0751693919301033,0.0301513671875,2.2189178
211,What is the principal language of Bulgaria?,Bulgarian.,1, Bulgaria,59819,0,9,0.46640313123752497,1.022540807723999,0.6724183855820325,32.8134765625,2.652742957261883,0.1281154900789261,7.05859375,0.21097593
212,"What is the name of the cathedral in Red Square, Moscow?",St. Basil's Cathedral,1, Moscow,23223,0,7,0.18106755239520958,1.0019526481628418,0.45870103342052015,37.89249038696289,6.797823809186854,0.12785457074642181,0.029052734375,2.0064955
213,Which country is known to its people as Suomen Tasavalta?,Finland,1,ta,2629,1,2,0.02049806636726547,1.2096621990203857,0.014054271519742034,42.57597732543945,1.6268300990679982,0.021696753799915314,0.0011806488037109375,0.047099173
214,Which crusade was led by Philip II Augustus of France and Richard I of England?,The Third Crusade.,1, England,9635,0,8,0.07512319111776447,1.029990792274475,-0.12187088997780116,44.15022277832031,1.6281521752279113,0.072707898914814,0.002170562744140625,1.6841316
215,In which Netherlands city does the United Nations International Court of Justice sit?,The Hague.,1, sit,2503,0,4,0.019515656187624752,1.2241638898849487,-0.12521780562141327,45.785160064697266,1.824328697387398,0.07509154081344604,1.29296875,0.062436022
216,"In which battle did Harold II, the last Saxon king, lose his life?",The Battle of Hastings.,1, life,2324,0,5,0.01812000998003992,1.1128958463668823,-0.10467607207264562,46.097476959228516,2.1016617522135865,0.06096325442194939,0.73046875,1.4765037
217,Who proclaimed the People's Republic of China in 1949?,Mao Zedong,1,9,24,1,1,0.00018712574850299402,0.8621779680252075,-0.18366614169192097,45.236488342285156,11.894624950004628,-0.00706397695466876,0.0028438568115234375,0.5981921
218,"Which wife of Henry VIII had already married twice before she became queen, and married for a fourth time after Henry's death?",Catherine Parr. Catherine Parr was the sixth and final wife of Henry VIII.,1, death,4648,0,6,0.03624001996007984,1.123119831085205,0.081897229497355,47.880943298339844,6.940601696089031,0.0673263818025589,0.049774169921875,1.1501154
219,In which country is the castle that gives the Habsburg dynasty its name?,Austria,0, name,836,0,5,0.006518213572854291,1.0520780086517334,-0.03031722564997752,47.09945297241211,4.805577536919962,0.08832082897424698,0.0036716461181640625,1.3788532
220,In which parliament has the UK 87 seats for members who are elected for a five0-year term?,2010 parliament. The 2010 United Kingdom general election was held,0, term,4751,0,5,0.03704310129740519,1.201631784439087,0.07998004498293154,53.0736083984375,9.828690878676081,0.06861580163240433,0.07733154296875,2.8929386
221,What was the former name of the British Green Party?,The Ecology Party.,1, Party,8722,0,6,0.06800461576846308,1.1778868436813354,0.04835888870432603,39.65300369262695,0.9554108760370847,0.06256688386201859,1.7373046875,3.9288685
222,"""What is the more common name of the """"simple plurality"""" system of voting?""",Plurality,0, voting,16043,0,7,0.12508576596806387,1.1010586023330688,0.2772439391860084,41.1672248840332,0.5927348291853036,0.08532992005348206,3.84375,2.4045637
223,What word for unthinking patriotism is derived from the name of one of Napoleon's admirers?,Jingoism.,0,ers,388,1,3,0.0030251996007984033,1.1311888694763184,0.04948401053522966,45.893341064453125,12.513720112714468,0.04151804372668266,1.033203125,4.34864
224,Which builder of steam engines formed a successful partnership with Matthew Boulton?,James Watt.,1,ton,783,1,3,0.00610497754491018,1.2614505290985107,0.0824690611597938,39.40517807006836,0.956162734052235,0.002985794795677066,0.00012302398681640625,0.3941469
225,What was the nickname of the French singer Edith Piaf?,La Môme Piaf.,0,f,69,1,1,0.0005379865269461078,1.0717957019805908,-0.16780919421366747,37.701026916503906,5.5375107157955785,0.011746027506887913,0.00032448768615722656,1.4414052
226,Whose birthday is celebrated by a public holiday on the third Monday in January in the USA?,Martin Luther King Jr.,1, USA,7427,0,4,0.057907622255489025,1.1540679931640625,0.011041512160495426,42.41213607788086,5.249343844757821,0.0940207690000534,4.90625,2.5195408
227,What type of coal is brown and fibrous?,Lignite,1,rous,27620,1,4,0.2153505489021956,1.3421239852905273,0.025844038747414366,41.408905029296875,5.802791943559347,0.03796811401844025,0.0037784576416015625,2.86498
228,What raw material is used for making glass?,Silica sand.,1, glass,9168,0,6,0.07148203592814371,1.2042860984802246,0.08260348025087971,40.562896728515625,2.6377888878517144,0.07097412645816803,4.1640625,1.2421992
229,What kind of an organism is a truffle?,A fungus.,1,uffle,13511,1,5,0.105343999500998,1.293088436126709,0.36602299894965684,38.81295394897461,1.9846952309568842,0.045322805643081665,2.130859375,1.2971457
230,What is the name of the strong material found in plant cell walls?,Cellulose,1, walls,14620,0,6,0.11399076846307385,1.1336814165115356,-0.09109649417680687,41.80487823486328,2.4745465337732426,0.07549074292182922,0.052947998046875,0.5577451
231,What name is given to the change of state from liquid to gas?,Evaporation. Evaporation is the change of state from liquid to gas.,1, gas,6962,0,4,0.05428206087824351,1.1761934757232666,0.031097354807172017,39.121826171875,2.4093249658351183,0.07597652822732925,0.61474609375,1.1479255
232,"Which branch of science has four fundamental principles: addition, subtraction, multiplication, and division.",Mathematics,0, division,13096,0,9,0.10210828343313373,1.1759289503097534,0.035135796168606515,42.90776062011719,3.0314069786409457,0.08061499893665314,0.039642333984375,2.613777
233,What is the force that opposes the relative motion of two bodies that are in contact?,Friction,1, contact,3729,0,8,0.029074663173652694,1.178574800491333,-0.04481801576926836,42.40019989013672,3.9941294224829633,0.09249582141637802,0.176513671875,1.9900177
234,What is the fastest animal on two legs?,"The ostrich is the fastest animal on two legs, with the ability to",1, legs,14535,0,5,0.11332803143712575,1.1549134254455566,0.2070492279775049,38.477622985839844,2.1554354911235265,0.07014194130897522,0.06036376953125,1.2262924
235,What is the green pigment used by plants to trap sunlight?,Chlorophyll,1, sunlight,40120,0,9,0.312811876247505,1.1387370824813843,0.6899703339729553,43.24832534790039,1.9460195398262714,0.06615778803825378,2.005859375,0.41842395
236,What id the name given to the study of birds?,Ornithology.,1, birds,20229,0,6,0.15772361526946108,1.0884186029434204,0.1523759106803526,38.07283020019531,5.577558703897834,0.08523771911859512,5.90234375,0.19483094
237,"Of which reptile are there only two species, one living in the Mississippi and the other in China?",Alligator. The American alligator (Alligator mississippiensis) is,1, China,5734,0,6,0.04470746007984032,0.9853299856185913,-0.1504388472483562,46.06766891479492,9.637089298933423,0.10469366610050201,3.513671875,2.093292
238,"What type of seaweed grows up to 100 meters in length, and is farmed for its alginates?",Kelp.,1,ates,988,1,4,0.007703343313373253,1.1524966955184937,0.004259984348609525,42.479949951171875,1.7554054689125724,0.04783149063587189,1.033203125,0.65806013
239,Where in a vertebrate would you find the protein myoglobin?,Muscle tissue.,1,oglobin,94855,1,7,0.7395755364271457,1.161384105682373,0.17772152707826994,38.23419952392578,1.1577342216397746,0.04875713214278221,2.7890625,1.4716063
240,"What is the most abundant substance in the plant kingdom, which no mammal produces the enzyme to digest?",Cellulose.,1, digest,21552,0,7,0.16803892215568864,1.222986102104187,0.32184963410132417,48.20996856689453,8.095990586235244,0.08418396860361099,2.416015625,0.90298504
241,"Which family of insects has species named 'drivers', 'weavers', 'and even individuals called 'soldiers'?",Ants.,1,iers,4918,1,4,0.03834518463073852,1.2609939575195312,0.06529800431370614,48.18177795410156,70.9155756674032,0.027976449579000473,1.78125,3.2674046
242,What name is given to the study of animal behavior?,Ethology,1, behavior,7865,0,9,0.061322667165668664,1.1537374258041382,-0.05340598293776955,42.06779861450195,5.550462104418333,0.08626130223274231,0.7919921875,0.49573296
243,Mosses are classified as belonging to which part of the plant kingdom?,"Mosses are classified as belonging to the division Bryophyta, which is",1, kingdom,26135,0,8,0.20377214321357284,1.109339714050293,0.21949566466978077,39.97850799560547,1.3640485906659894,0.12859180569648743,0.486083984375,2.5929286
244,"Which rodent rears its young, called kittens, in a nest called a drey?",Rats,0,rey,8233,1,3,0.06419192864271457,1.293333649635315,0.1415438364628776,39.77446365356445,3.441969285138332,0.04017367959022522,0.1993408203125,3.9155006
245,What has a central vein called a midrib?,A leaf. A leaf has a central vein called a midrib. The,1,rib,1936,1,3,0.015094810379241517,1.3152216672897339,0.1035959274388838,40.758872985839844,3.189374501592339,0.05536911264061928,0.266357421875,1.3793316
246,"Which mammal constructs a lodge in which to store food, rear young, and pass the winter?",Beaver,1, winter,12688,0,7,0.09892714570858284,1.1517378091812134,0.2698096567087851,46.13008499145508,3.3102947715554043,0.11327186226844788,0.51708984375,3.515394
247,What is the generic word for plants that grow in water or water-logged conditions?,Aquatic plants.,1, conditions,4787,0,11,0.03732378992015968,1.1750630140304565,0.023460004492195097,44.70055389404297,5.532013369206627,0.09353598952293396,2.529296875,0.937765
248,"Which teeth are the third molars, and are always the last to0 erupt?","The third molars, also known as wisdom teeth, are the molars",1, erupt,44779,0,6,0.3491376621756487,1.1599832773208618,1.0899181821209005,43.32292556762695,2.2399425409615636,0.08227312564849854,1.064453125,2.9590669
249,What is secreted by the pancreas to regulate blood sugar levels?,Insulin,1, levels,5990,0,7,0.04670346806387225,1.1618009805679321,-0.1459255875036547,47.381553649902344,6.546408537339188,0.09120297431945801,0.039154052734375,0.7283654
250,How many chambers has the heart?,4,1, heart,4851,0,6,0.037822791916167664,1.1950105428695679,0.008782904145058446,42.712074279785156,5.928078725997285,0.08313338458538055,1.7197265625,1.2007179
251,What is the name of the large buttock and thigh muscle?,Gluteus Maximus,1, muscle,16124,0,7,0.12571731536926148,1.1323456764221191,0.22420692580443502,42.9529914855957,13.27086076714765,0.1050189733505249,1.4169921875,0.9950265
252,"When the egg is released from the ovary, what is left behind?",The ovary.,0, behind,4920,0,7,0.03836077844311377,1.22170889377594,0.051886069850397565,45.387813568115234,5.765368333906659,0.1170756071805954,1.14453125,3.15454
253,What is the scientific name for the heart's pacemaker?,SA node,1,emaker,59775,1,6,0.46606006736526945,1.227414846420288,0.2339796234005389,45.822532653808594,7.608530083498911,0.020333435386419296,0.00595855712890625,3.6573048
254,Which hormone helps control ovulation?,Gonadotropin-releasing hormone (GnRH) is a,0,ulation,2987,1,7,0.02328935878243513,1.1240801811218262,0.08927113871577097,38.29886245727539,1.3984117221706862,0.030222352594137192,0.028564453125,2.542165
255,What is the second most common gas in the atmosphere?,Oxygen (O2),1, atmosphere,16975,0,11,0.13235248253493015,1.2077909708023071,0.11760089389283745,40.02632522583008,2.3567079260862185,0.09780821949243546,1.2119140625,1.0874038
256,What is the term for nutrient enrichment of lakes?,Eutrophication,1, lakes,44236,0,6,0.34490394211576847,1.1250622272491455,0.2592927046722786,40.590721130371094,2.691004421048791,0.10304488986730576,4.984375,0.91269255
257,Five-legged creatures have damaged which 1250 mile long wonder of the world?,The Grand Canyon.,0, world,1917,0,6,0.014946669161676647,1.134218692779541,-0.16107275688498923,50.544158935546875,6.439042167929681,0.08354447036981583,0.336669921875,4.709306
258,Which radioactive substance sometimes occurs naturally in spring water?,Radon.,1, water,3090,0,6,0.02409244011976048,1.0934327840805054,-0.17591048520100516,46.075809478759766,3.799164193706835,0.08948086947202682,0.69482421875,3.1050231
259,What is the approximate circumference of the earth?,"The approximate circumference of the earth is 40,075 kilometers.",0, earth,9578,0,6,0.07467876746506986,1.2126588821411133,0.16546975484311321,43.38280487060547,2.883228063253914,0.08552411943674088,2.841796875,1.4749801
260,"Which common mineral is used to make casts, moulds, blackboard chalk and plaster of Paris?",Gypsum,1, Paris,12366,0,6,0.09641654191616766,1.0361236333847046,0.16956520888877602,40.484127044677734,1.0161380499766404,0.03204958885908127,0.017242431640625,1.5046544
261,What name was given to the invisible material once thought to occupy all space?,Vacuum. ,0, space,3634,0,6,0.028333957085828344,1.1765636205673218,0.10948075718000849,45.29612731933594,4.16994880274184,0.07996240258216858,1.37890625,2.9072056
262,From which areas of space can there be no escape?,The areas of space from which there can be no escape are the black holes,1, escape,12731,0,7,0.0992624126746507,1.2077301740646362,0.2700309834178283,45.38050079345703,5.260342485478397,0.12143941223621368,1.48828125,4.785591
263,Who was the first man to walk on the Moon?,Neil Armstrong,1, Moon,17781,0,5,0.1386367889221557,1.125511646270752,0.17583030631095253,40.87208557128906,6.641819419402978,0.10098712146282196,2.3828125,0.6475913
264,Proteus and Nereid are moons of which planet?,Uranus,0, planet,11841,0,7,0.09232316616766467,1.1363424062728882,0.16203934043967827,43.20088577270508,4.449922727773139,0.11354896426200867,0.02008056640625,2.0525138
265,What is the Milky Way?,The Milky Way is the galaxy that contains our solar system. It is a,1, Way,12424,0,4,0.0968687624750499,1.0919631719589233,-0.13110692714122152,42.479156494140625,16.319887195348,0.06738229095935822,0.002155303955078125,0.9320978
266,Which force is nothing more than the bending of space and time?,Gravity,1, time,892,0,5,0.006954840319361277,1.088727355003357,-0.2917170250557777,45.112823486328125,7.558849943397366,0.08897962421178818,0.02203369140625,2.2832758
267,"Which star is as bright as 23 Suns, and is orbited by the Pup?",Sirius.,1,up,455,1,2,0.0035475923153692615,1.1914883852005005,-0.06339906020507957,35.869544982910156,0.6110470477155077,0.03686574101448059,4.68359375,2.4982867
268,What are the three primary colours of light?,"Red, Orange, and Yellow.",0, light,3177,0,6,0.024770770958083832,1.1686553955078125,-0.005648132760974978,42.51436233520508,2.8792101885537047,0.08535163849592209,1.18359375,1.4499665
269,In what film did Oprah Winfrey make her big screen acting debut?,The Color Purple,1, debut,17755,0,6,0.13843406936127745,1.1362212896347046,0.47630334488097814,47.69153594970703,7.78700222149328,0.10809065401554108,0.003631591796875,1.4693818
270,What is the second lightest chemical element?,"Oxygen (O) is the second lightest chemical element, with an atomic",0, element,2449,0,8,0.019094623253493013,1.1185673475265503,-0.019213982351929726,40.3261604309082,4.64108280102811,0.12638580799102783,0.2091064453125,2.0002356
271,"Used in mathematics, what is the value of Pi to three decimal places?",3.142,1, places,7634,0,7,0.059521581836327345,1.1166471242904663,0.1772411930818314,47.75631332397461,7.39755086899409,0.07342404872179031,0.005115509033203125,0.30422872
272,"What colour is the number 10 on the door of 10 Downing Street? White, Yellow or Brown?",White,1, Brown,10690,0,6,0.08334892714570859,1.0703535079956055,-0.03903027657584479,42.964359283447266,4.067848742607014,0.07044094800949097,4.40625,1.8525052
273,What was advertised with Eva Herzagovia using the slogan hello boys?,Basic Instinct,0, boys,13305,0,5,0.10373783682634731,1.096038818359375,0.12603692385673915,50.655662536621094,28.418829104759094,0.10905836522579193,7.1328125,3.5125604
274,What number in Bingo is sometimes referred to as Heinz varieties?,57,1, varieties,36680,0,10,0.28599051896207583,1.0410962104797363,0.11921867616361093,46.166019439697266,10.138014581848557,0.06021174415946007,8.6640625,0.5933282
275,"As at March 2001, who holds the record for scoring the most league goals for the soccer team Arsenal?",Thierry Henry,0, Arsenal,33102,0,8,0.2580931886227545,1.0534483194351196,0.41483110867700157,39.50507736206055,1.8644656853873656,0.11843977123498917,3.8046875,3.7052298
276,How many verses make up the national anthem God Save The Queen?,4 verses.,0, Queen,16657,0,6,0.12987306636726548,1.113594889640808,0.20891042873816756,41.714385986328125,1.5144466394292548,0.0759689137339592,0.1490478515625,1.4607546
277,What colour is the cross on the national flag of Switzerland?,White.,1, Switzerland,30221,0,12,0.2356303018962076,1.05106782913208,0.4482654424970911,35.92417907714844,2.6959001571941856,0.121700219810009,4.734375,0.83937734
278,Who was the American President when the Berlin Wall was constructed?,John F. Kennedy,1, constructed,20968,0,12,0.16348552894211577,1.070183515548706,0.32236356495409124,44.14734649658203,5.668895226815733,0.05421940237283707,3.36328125,1.6356009
279,What is the minimum number of darts a person needs to throw to complete a leg from 501?,9,1,501,14408,1,3,0.11233782435129741,1.0709635019302368,0.29371582281028674,37.60131072998047,0.6926213646129584,0.01472064945846796,9.1953125,1.5153775
280,What was the first British football team to win the European Cup?,Liverpool,0, Cup,11098,0,4,0.08653006487025948,1.203895926475525,-0.15116212543658092,41.380584716796875,0.8400784428760826,0.06486250460147858,0.07977294921875,2.5418084
281,What is the most popular natural attraction in Alaska?,"Denali (formerly known as Mount McKinley), the highest peak in North",1, Alaska,28366,0,7,0.22116704091816367,1.0215649604797363,0.16384287399338993,35.08914566040039,1.5432725235284508,0.11169438064098358,5.3203125,1.022051
282,"What type of acid is extracted from the juice of lemons, oranges, limes, and grapefruit?",Citric acid.,1,fruit,36698,1,5,0.2861308632734531,1.2116484642028809,0.28183406598024163,44.48061752319336,4.529062995891749,0.05652289092540741,5.47265625,0.48077592
283,How many pieces are there in a standard set of dominoes?,28 pieces,1,es,288,1,2,0.002245508982035928,1.1538870334625244,0.0955617223056433,42.11239242553711,0.612295553781804,0.04441189765930176,0.0108184814453125,0.92307395
284,What is the acronym for the agency which provides co-operation between police forces worldwide?,Interpol. ,1, worldwide,15603,0,10,0.12165512724550898,1.141140103340149,0.4887338981500986,47.60310745239258,11.362216042513952,0.07145805656909943,4.7421875,1.2161324
285,"What were Benjy and Laska, which were sent into space in 1958?",Ham the Chimp,0,8,23,1,1,0.00017932884231536926,0.866473913192749,-0.04354860676264938,50.064720153808594,15.31082156692132,-0.016272448003292084,3.068359375,2.3802524
286,In what year in the 20th century was the Miss World contest held for the first time?,1951,1, time,892,0,5,0.006954840319361277,1.088727355003357,-0.2917170250557777,51.837528228759766,9.917249943077124,0.1192181184887886,0.0006494522094726562,0.8560593
287,In which year was the Encyclopedia Britannica first published?,1768,1, published,4756,0,10,0.03708208582834331,1.0288513898849487,0.12848365192410638,45.169654846191406,7.371113447245145,0.10629712045192719,0.013763427734375,1.0073785
288,"On the London Underground, which is the only line to connect at some point with every other line on the system?",The Circle Line.,0, system,1887,0,7,0.014712761976047904,1.0969078540802002,-0.17722578779294196,46.386600494384766,4.468421716655823,0.07496608048677444,3.234375,0.90536755
289,Who wrote The Importance Of Being Earnest?,Oscar Wilde,1,est,478,1,3,0.0037269211576846308,1.2560772895812988,-0.13168738274717073,41.628623962402344,0.8270494356575919,0.0433196946978569,0.00982666015625,0.21321777
290,"Thomas Edison, who invented the lightbulb, was afraid of the dark?","There is no credible evidence to suggest that Thomas Edison, the inventor of the",0, dark,6453,0,5,0.05031343562874251,1.1898205280303955,0.04625849807159632,40.98488235473633,3.5710971343515743,0.09087470173835754,0.064208984375,3.0186648
291,Taphephobia is the fear of losing your teeth?,"No, that is called Odontophobia.",0, teeth,18311,0,6,0.1427691492015968,1.126430869102478,0.05959322307566639,40.811344146728516,2.3729229881347607,0.08759518712759018,3.04296875,2.1283062
292,The letter t is the second most common letter used in the English language?,False,0, language,4221,0,9,0.032910741017964075,1.1058330535888672,-0.016806983338006898,49.37442398071289,4.248543268269254,0.11741722375154495,0.04302978515625,2.1424186
293,"The invention of what in 1867, made Alfred Nobel famous?",Dynamite,1, famous,11495,0,7,0.0896254366267465,1.1375309228897095,0.23154065714416694,40.68917465209961,2.2114730032784697,0.09729195386171341,6.16796875,0.94236094
294,What is the most populated city in America?,New York City,1, America,5270,0,8,0.04108969560878244,1.12723970413208,0.2156623016418413,43.81718444824219,6.524955196851369,0.08742810040712357,7.11328125,0.7370873
295,What is the only letter of the alphabet which does not appear in any of the names of the 50 American states?,Q.,1, states,5415,0,7,0.042220247005988025,1.1931790113449097,0.033131168687292156,40.15434265136719,3.8340411055153485,0.05618906766176224,0.262451171875,0.467491
296,What was the Spice Girls' debut single called?,Wannabe,1, called,2663,0,7,0.02076316117764471,1.1132361888885498,-0.04424807250157725,42.87970733642578,12.51274821583389,0.13635402917861938,7.63671875,0.40331703
297,What are the only two musical notes which have no flats?,C and G. ,0, flats,61457,0,6,0.4791744635728543,1.2523688077926636,0.3067661996453941,41.60921859741211,1.813913960566052,0.07523254305124283,7.16796875,2.4116392
298,"From which country do French fries originate? France, Belgium or Switzerland?",French fries originate from Belgium.,0, Switzerland,30221,0,12,0.2356303018962076,1.05106782913208,0.4482654424970911,43.47391891479492,6.8788382253344835,0.11441033333539963,6.71875,2.3830442
299,For what novel did J. K. Rowling win the 1999 Whitbread Children's book of the year award?,Harry Potter and the Philosopher's Stone.,0, award,10292,0,6,0.08024575848303393,1.164487600326538,0.27512287512825484,49.08832550048828,9.93557015292854,0.0923205241560936,0.26123046875,0.5074126
300,What is the longest word can be typed using only the top row of letters on a typewriter?,Stewardesses,0,ewriter,73580,1,7,0.5736963572854291,1.2035986185073853,0.6610738797240092,43.07617950439453,1.4142425983699818,0.053578853607177734,0.00848388671875,3.2806835
301,In which city would you find O'Hare International Airport?,Chicago,1, Airport,21348,0,8,0.16644835329341318,1.1252743005752563,0.46222160546073665,42.51558303833008,4.765191545895194,0.09864510595798492,0.0020236968994140625,0.06580961
302,Which Asian country was once called Siam?,Thailand,1,iam,5038,1,3,0.039280813373253495,1.281632423400879,0.29388490991173466,36.72425079345703,0.8403435552263909,0.021797357127070427,0.0156402587890625,0.0476285
303,What are the names of Donald Duck's three nephews?,"Huey, Dewey, and Louie.",1,ews,28844,1,3,0.2248939620758483,1.3205569982528687,-0.022742933258919518,38.0247802734375,1.1272771598983242,0.013824528083205223,1.2278556823730469e-05,2.115838
304,"In which 1993 film does a boy called Jonah write to a woman called Annie, asking her to meet his father at the Empire State building on St. Valentine's Day?",Free Willy,0, Day,6187,0,4,0.04823945858283433,1.0883395671844482,-0.08654756117550022,49.02616882324219,3.493857834397449,0.07276792079210281,0.09100341796875,3.1062543
305,Who had a top ten hit in 1988 with Valentine?,T'Pau,1, Valentine,39869,0,10,0.31085485279441116,1.1219156980514526,0.20099090986031687,40.40916061401367,4.650123428928797,0.06748601794242859,13.7109375,4.665533
306,What is the second most common word in written English?,"The second most common word in written English is ""the"".",0, English,6498,0,8,0.05066429640718563,1.1233998537063599,-0.10686298572214348,42.31148910522461,6.144898019647194,0.11412499845027924,0.86572265625,2.966354
307,"In which arcade game, would you find ghosts called Inky, Pinky, Blinky and Clyde?",Pac-Man. ,1, Clyde,91494,0,6,0.7133701347305389,1.2102792263031006,0.13794387271956543,42.82434844970703,6.427382412122116,0.043042413890361786,0.1334228515625,0.1797981
308,"More commonly known as the thigh bone, what is the medical name for the longest bone in the human body?",Femur,1, body,2547,0,5,0.01985872005988024,1.2702053785324097,-0.13324124381578972,45.004852294921875,2.5984602285669363,0.05969260260462761,0.047760009765625,0.97272253
309,"What word is used to describe someone who is neither left or right handed, but can use both hands with equal ease?",Ambidextrous. ,1, ease,14553,0,5,0.11346837574850299,1.1962827444076538,-0.08207199142129173,46.84113311767578,9.71254914255091,0.08078145235776901,2.9453125,1.3512033
310,"Which cult film, starring Harrison Ford, was based on the story Do Androids Dream of Electric Sheep?",Blade Runner,1, Sheep,84008,0,6,0.6550024950099801,1.1500717401504517,0.07399551979315433,40.77491760253906,11.510593687088255,-0.003971918486058712,0.0015268325805664062,0.98480517
311,"Which ITV magazine style show ran from 1968 to 1980 and featured presenters including Jenny Hanley, Mick Robertson and Tommy Boyd?",The Generation Game,0, Boyd,63721,0,5,0.4968266591816367,1.1987025737762451,0.19493165823639114,40.67703628540039,6.566479243692527,0.05616429075598717,1.466796875,5.760744
312,Which type of animal was Robin Hood in the Disney cartoon film 'Robin Hood'?,Fox,1, Hood,36443,0,5,0.2841426521956088,1.2841484546661377,0.12632238807492202,42.53634262084961,4.180867274838126,0.08791147917509079,0.0018310546875,1.7153873
313,Who provided the voice for Bob The Builder on his number one hit Can We Fix It?,Neil Morrissey,1, It,1102,0,3,0.008592190618762475,0.8306437134742737,-0.1956781475250593,52.042213439941406,5.543611093884229,0.11791816353797913,0.0189971923828125,4.1247416
314,Which actor received 4 million dollars for his 10 minutes on screen in the film Superman?,Christopher Reeve.,0, Superman,38809,0,9,0.30259013223552894,1.0557701587677002,0.4758211209332539,40.45309066772461,4.808760226953018,0.06732052564620972,8.7734375,2.620736
315,"Who directed the films Thelma and Louise, Hannibal and Black Hawk Down?",Ridley Scott,1, Down,6419,0,5,0.05004834081836328,1.1503618955612183,-0.09411045941569318,44.09174728393555,17.556813485116976,0.05619274079799652,0.0243072509765625,0.06334748
316,"Which serial killer is the subject of the films A Study In Terror, Murder By Decree and From Hell?",Jack the Ripper.,1, Hell,24830,0,5,0.19359718063872255,1.2700717449188232,0.13028850541695736,35.68497848510742,2.4884657910096646,0.04159588739275932,1.255859375,0.7793875
317,"In cricket, what is the score of 111 known as?",A century.,0, as,439,0,3,0.0034228418163672653,0.9584746956825256,-0.22015399884564335,45.065086364746094,5.664784781050116,0.14977985620498657,0.034088134765625,2.7490017
318,"Who wrote the novels About A Boy, How To Be Good and High Fidelity?",Nick Hornby.,1,idelity,46201,1,7,0.3602248627744511,1.2532999515533447,0.2421803279211585,36.60880661010742,1.3220210504783774,0.0014984682202339172,0.0045013427734375,0.043735452
319,"With which game would you use a squidger, a circular disc between 25mm and 51 mm?",Darts. A squidger is a disc used to smooth out the surface,0, mm,9653,0,3,0.07526353542914171,0.9380056858062744,-0.03290474979807545,53.800662994384766,16.316052771722664,0.09179023653268814,4.88671875,5.142236
320,The melody for which famous song was written by sisters and school teachers Patty and Mildred Hill in Kentucky in 1893?,Happy Birthday to You,1,3,18,1,1,0.0001403443113772455,0.8899649977684021,0.38940287092794446,48.424503326416016,12.79015979063013,-0.006783478893339634,0.376220703125,4.170407
321,What is the most common pub name in the UK?,"The most common pub name in the UK is ""The Red Lion"".",1, UK,6560,0,3,0.05114770459081836,1.0378730297088623,0.19301885278489994,43.442039489746094,8.431887126633914,0.11341596394777298,1.0595703125,4.3471465
322,What is the name of Kevin the teenager's friend played by Kathy Burke in a series of sketches with Harry Enfield?,Kevin,0,field,2630,1,5,0.020505863273453093,1.237657070159912,0.19048726803865002,38.93345642089844,2.1665485461168696,0.010039668530225754,0.0013551712036132812,6.19488
323,"What seven letter word, beginning with the letters 'Ra' is a palindrome?",Radian,0, palindrome,74197,0,11,0.5785070484031936,1.1305524110794067,0.6359325638166466,41.124755859375,0.9332485996888051,0.10863030701875687,5.28515625,3.4983046
324,Which fruit can go in the middle of the word aped to make a new word?,Peach,0, word,3492,0,5,0.02722679640718563,1.1607381105422974,0.0740611130076756,51.44246292114258,8.273263669125173,0.0964558944106102,0.031524658203125,3.0043356
325,How many scottish football league teams names end in United?,2,0, United,3723,0,7,0.029027881736526946,1.0872212648391724,-0.03617738098496259,37.0375862121582,3.890426502360718,0.06367141008377075,14.0390625,1.971562
326,Who had a top ten hit in the UK with Cupid in 1961?,Sam Cooke.,1,1,16,1,1,0.000124750499001996,0.9435784220695496,1.1404854456094933,43.1019287109375,9.020208182728338,-0.002014933153986931,1.7861328125,2.5230305
327,The theme tune to which TV show starts with the line Stick a pony in me pocket?,Only Fools and Horses,1, pocket,18301,0,7,0.14269118013972057,1.3249205350875854,0.2503071635037779,52.00412368774414,17.688609621764957,0.06761271506547928,2.74609375,3.1659162
328,What word is given to a point in tennis which has to be replayed?,Let.,1,ed,291,1,2,0.0022688997005988025,1.167508602142334,0.4483468379290976,49.61520004272461,4.091871485745396,0.06416705250740051,0.0007219314575195312,1.2335783
329,How many episodes of Prisoner: Cell Block H were made?,624 episodes.,0, made,1903,0,5,0.0148375124750499,1.0361710786819458,-0.2611847809997321,47.68284225463867,3.45771183356496,0.10930823534727097,2.65625,1.9487928
330,Who is the last English-born player to win the men's singles title at Wimbledon?,"I don't have the most current information, but I can tell you that",0, Wimbledon,91257,0,10,0.7115222679640718,1.1228129863739014,1.0730802001342106,36.91960144042969,1.192595162619428,0.09570513665676117,0.12249755859375,4.1507926
331,"Which famous painter's surname was Harmenzoon van Rijn which translated as son of Harmen, of the Rhine?",Rembrandt,1,ine,483,1,3,0.0037659056886227547,1.19448721408844,-0.031119498227880182,47.32319641113281,7.090117879803991,0.009028363972902298,0.0731201171875,0.29747525
332,"In 1976, which gymnast scored 7 maximum scores of 10 as she won three gold medals, one silver and one bronze?",Nadia Comăneci,1, bronze,40907,0,7,0.31894804141716565,1.132351040840149,0.6121462004002263,47.32082748413086,25.463921797324925,0.08591774851083755,0.0052490234375,0.6989238
333,"In years and days, how old was Luigina Giavotti when she won a silver medal in gymnastics in 1928, and is still the youngest medal winner today?",Luigina Giavotti was 11 years and 289 days old,0, today,3432,0,6,0.026758982035928143,1.1967039108276367,-0.03723194509297789,51.796077728271484,11.910622307160555,0.09581917524337769,9.25,1.8909254
334,Which Eastenders actor has played the policeman Nick Rowan on TV?,Adam Woodyatt,0, TV,6007,0,3,0.046836015469061874,1.1057918071746826,-0.0466872348224987,44.531410217285156,2.492923688403402,0.07246927171945572,6.3125,4.4506288
335,"What type of animal was Boris, the subject of a song by The Who?",Dog,0, Who,10699,0,4,0.08341909930139721,1.0557276010513306,0.016255405392447297,33.803165435791016,0.4535275529841867,0.07054931670427322,2.31640625,4.199132
336,Which brand of beer does Homer Simpson drink regularly?,Duff Beer,1, regularly,15870,0,10,0.12373690119760479,1.1290088891983032,0.6447083784515875,41.61460494995117,5.588289366121675,0.0888439416885376,6.50390625,0.08016279
337,From which animal does Haggis come?,"Sheep's heart, liver, and lungs are used to make haggis",1, come,2586,0,5,0.020162799401197605,1.1017459630966187,0.005031770458296503,44.337135314941406,1.8058397976800151,0.08675747364759445,3.037109375,0.68181384
338,"In which country was Marie Curie born? Poland, Austria or Switzerland?",Poland,1, Switzerland,30221,0,12,0.2356303018962076,1.05106782913208,0.4482654424970911,41.824440002441406,7.089637753683537,0.10796506702899933,4.2734375,0.310618
339,"What is the most common blood type in humans? A, B or O?",O,1, O,507,0,2,0.003953031437125749,1.0362797975540161,0.6801457353031286,43.5246696472168,1.4209289771375637,0.05051238834857941,0.279052734375,0.59286606
340,Which P is the correct technical term for the art of making and displaying fireworks?,Pyrotechnics. ,1, fireworks,52933,0,10,0.4127136352295409,1.126874566078186,0.23483419593367527,38.189544677734375,1.3942779542056822,0.062323037534952164,4.66015625,0.50232553
341,Which King did Guy Fawkes attempt to kill with his gunpowder plot?,King James I of England,1, plot,7234,0,5,0.056402819361277445,1.172499418258667,0.05631774559532321,47.26789855957031,3.5203634661175514,0.09205449372529984,0.791015625,0.6340243
342,In which film was the song White Christmas first sung?,Holiday Inn,1, sung,40439,0,5,0.3152990893213573,1.1775726079940796,0.2594342646391632,48.620723724365234,4.261369042214054,0.09590616822242737,3.095703125,1.4086121
343,Which Pop Idol had a number one hit in 2004 called All This Time?,Michelle McManus,1, Time,4212,0,5,0.032840568862275446,1.0139186382293701,-0.014832355535069564,49.16526794433594,12.03544312270024,0.0828118622303009,0.05120849609375,3.2677205
344,"Which Channel 4 TV show's presenters included Mark Lamarr, Amanda De Cadenet and Terry Christian?",The Last Resort.,0, Christian,9052,0,10,0.07057759481037924,1.1002674102783203,0.15984871749604768,41.87873077392578,12.324835583117887,0.053715698421001434,1.298828125,4.261481
345,What is the name of the device made of wood and horsehair that is used to play a violin?,Bow,1, violin,63137,0,7,0.49227326596806387,1.0590708255767822,0.6430309355762422,42.580997467041016,5.130504674520161,0.10000906884670258,6.4765625,1.6970303
346,What colour is the bottom stripe on the U.S. flag?,White.,0, flag,5292,0,5,0.04126122754491018,1.2031339406967163,0.2450115341655228,41.79437255859375,2.400166347880276,0.09497515857219696,3.279296875,2.1740773
347,What is the name given to the largest bee in a hive?,Queen Bee. The queen bee is the largest bee in a hive and is,1, hive,66607,0,5,0.5193285304391217,1.149889588356018,0.578954378241876,38.2552604675293,4.776027760699708,0.1052471473813057,1.205078125,1.3770692
348,Who won the Ladies singles title at Wimbledon in 2004?,Maria Sharapova,1,4,19,1,1,0.00014814121756487027,0.8861324787139893,0.09808963250168734,37.628292083740234,2.907121899510982,-0.01767677627503872,3.591796875,1.780874
349,What is the alcoholic ingredient of Irish coffee?,Whiskey.,1, coffee,11033,0,7,0.08602326596806387,1.0604907274246216,0.1539623999263391,41.93744659423828,4.893230757139554,0.10496333986520767,4.82421875,1.1159987
350,In which year did St George die?,303 AD,1, die,2815,0,4,0.021948290918163672,1.0987436771392822,0.044583797095138156,46.01255416870117,9.622059499447275,0.0785406306385994,12.5859375,2.0454354
351,What are the names of the Four Horseman of the Apocalypse?,The Four Horsemen of the Apocalypse are named as follows:,0, Apocalypse,80297,0,11,0.6260681761477046,1.1527906656265259,0.3494086079651413,45.19935607910156,5.481375117503553,0.028099408373236656,0.0628662109375,2.301942
352,Who is the Vice-President for George W Bush?,Dick Cheney,1, Bush,14409,0,5,0.11234562125748503,1.2159984111785889,0.09024055227867311,40.485477447509766,3.8439309710767056,0.0719912126660347,2.525390625,1.3419276
353,"Which film sees Clint Eastwood, Tommy Lee Jones, James Garner and Donald Sutherland as retired astronauts?",Space Cowboys.,1, astronauts,69522,0,11,0.5420565119760479,1.0700122117996216,0.4696617651829622,44.39765930175781,7.762645111010324,0.0792476236820221,6.5078125,0.9750795
354,"In a standard deck of cards, how many Kings have a moustache?",None. There is no standard deck of cards that includes a King with a,0,ache,1815,1,4,0.014151384730538922,1.3203548192977905,0.08345429704430973,44.55451202392578,2.591478043409455,0.04041000083088875,0.0096588134765625,2.284697
355,"According to the film Gremlins, if you are looking after a Gremlin you should not feed him after midnight, not get him wet and not expose him to what?",Stray cats.,0, what,1148,0,5,0.008950848303393214,1.015754222869873,-0.1298222290115798,41.487728118896484,1.7607496384395809,0.08609965443611145,10.265625,5.0143256
356,The Canary Islands are named after what animal?,"The Canary Islands are named after the Latin word ""Canariae"", which",0, animal,10065,0,7,0.07847586077844311,1.153334379196167,-0.02486011235853658,43.99139404296875,1.8100240014410511,0.09878572076559067,1.8037109375,2.332405
357,In which capital city would you find Charles Bridge and Wenceslas Square?,"Prague, Czech Republic.",1, Square,15992,0,7,0.12468812375249501,1.1521215438842773,0.06470148490920424,40.98516845703125,2.616916441886638,0.0671333372592926,0.005401611328125,0.038489208
358,What was the surname of the woman who was the inspiration behind the Rolling Stones song Angie?,"Jagger. Mick Jagger, the lead singer of the Rolling Stones,",0, Angie,100029,0,6,0.7799167290419161,1.1111693382263184,0.6477884372815184,39.88684844970703,14.820835450197016,0.029905563220381737,14.515625,4.6565633
359,What is the final event in a decathlon?,The final event in a decathlon is the 1500 meters. This,0,athlon,78017,1,6,0.6082912300399201,1.178879976272583,0.22720111853270497,39.232303619384766,2.1324764749592804,0.08670592308044434,2.037109375,1.1014407
360,"Peter Simple, Jack Horner and Ben Nevis have all won which famous sporting event?",The Grand National,1, event,1567,0,6,0.012217751996007983,1.1131774187088013,-0.09426165937325326,44.69847106933594,2.4760518411697126,0.08311107009649277,0.4462890625,3.5844536
361,What is the largest city in Turkey?,Istanbul.,1, Turkey,17442,0,7,0.1359936377245509,1.0553579330444336,0.4385352392557955,34.66989517211914,1.4404670988861348,0.11857965588569641,5.5,0.12565951
362,Who bought Chelsea football club for £1 in 1982?,Ken Bates.,1,2,17,1,1,0.00013254740518962076,0.9272226095199585,1.2098593444044683,46.34766387939453,14.98588044225517,-0.013952163979411125,0.1029052734375,0.92308474
363,"In 1998, which director's Oscar acceptance speech included the line I'm king of the world?",James Cameron.,1, world,1917,0,6,0.014946669161676647,1.134218692779541,-0.16107275688498923,47.345680236816406,5.218524244004968,0.04882674291729927,0.017608642578125,0.96934444
364,What nationality was the painter Vincent Van Gogh?,Dutch,1,ogh,65036,1,3,0.5070795908183633,1.328136682510376,0.17758751802101536,43.31557083129883,6.5753868363531165,0.03656918928027153,0.00012695789337158203,0.63696045
365,Which film features the characters Sally Albright and Harry Burns?,When Harry Met Sally. ,1, Burns,51016,0,6,0.39776696606786427,1.2024445533752441,0.08748820566900939,36.11414337158203,1.7359018273614852,0.01073563750833273,0.06951904296875,0.112111494
366,Which act won the Eurovision Song Contest for the United Kingdom singing Love Shine A Light?,None,0, Light,8828,0,6,0.0688310878243513,1.0836384296417236,-0.01610809721012396,46.634918212890625,19.586801119436533,0.056582678109407425,0.0015811920166015625,4.1829195
367,Which English word comes from an old French word meaning sour wine?,Vinegar.,1, wine,13378,0,5,0.10430701097804392,1.1194534301757812,0.11705636553843934,46.120635986328125,8.31629881436303,0.10987687110900879,7.5078125,2.1360226
368,"Which team beat American Samoa 31-0 in a qualifying match for the 2002 World Cup, but still failed to qualify?",Australia,1, qualify,26456,0,8,0.2062749500998004,1.0780357122421265,0.2776664746823574,47.99757766723633,2.5520962169875903,0.0726391077041626,0.4697265625,2.5319211
369,What was the name of Roland Rat's gerbil friend?,Nibbles,0, friend,4333,0,7,0.03378399451097804,1.1054095029830933,0.0549041731356561,44.531246185302734,13.599168520024847,0.07838010787963867,3.587890625,6.10748
370,Which animal has the longest gestation period at around 22 months?,The elephant.,1, months,4038,0,7,0.03148390718562874,1.0605931282043457,0.34455591515488493,42.7814826965332,2.091866043771354,0.07007239758968353,0.509765625,2.2416418
371,What name is given to the home of a beaver?,Lodge,1,aver,7403,1,4,0.057720496506986026,1.3133918046951294,0.20156220310201967,44.8833122253418,5.035029900365524,0.036068979650735855,0.17822265625,0.7015679
372,What name is given to a baby marsupial?,Kangaroo,0,ial,532,1,3,0.004147954091816368,1.2055000066757202,0.015499374028340451,44.65449905395508,4.411561979505934,0.010242516174912453,0.012298583984375,3.0823345
373,Who dated actress Elizabeth Hurley between 2000 and 2001 and denied he was the father of her son born in 2002 before a DNA test proved otherwise?,Steve Bing. ,1, otherwise,6062,0,10,0.047264845309381236,1.4196656942367554,0.16586042304936122,46.1976432800293,12.716369415937335,0.08885844796895981,1.1806640625,2.0243957
374,What type of animal is the star of the 2005 film Racing Stripes?,A zebra. The movie is a comedy about a zebra who dreams,1,ipes,9100,1,4,0.07095184630738523,1.3058393001556396,0.23669342884685474,38.86195755004883,8.204321204081577,-0.006689033471047878,0.1339111328125,1.5019146
375,Author Dick Francis is famous for writing novels based around which sport?,Horse racing,1, sport,10775,0,6,0.08401166417165669,1.208243727684021,0.020300760397890194,41.37646484375,2.3602346196418846,0.10419388115406036,0.865234375,1.2991349
376,Which Scottish newspaper features the Broons and Oor Wullie?,The Scotsman,0,ie,648,1,2,0.005052395209580838,1.1412534713745117,0.12391841077919219,38.74787139892578,1.0069587170051113,0.016969379037618637,0.0007810592651367188,0.15910299
377,Which famous book features the character of Bob Cratchit?,A Christmas Carol by Charles Dickens,1,it,275,1,2,0.0021441492015968062,1.11044442653656,0.07928445055165545,40.0041618347168,3.4593325825823573,0.011011812835931778,0.0026760101318359375,0.36339858
378,Which act has had more Christmas number one singles than any other?,"The BBC's Christmas number one singles chart has been dominated by charity singles,",0, other,1023,0,6,0.00797623502994012,1.178074598312378,0.360307945851873,53.084312438964844,27.64028444197521,0.06740354001522064,0.0250701904296875,3.0837903
379,Which Christmas song includes the line It seems so long since I could say 'sister Susie sitting on a thistle'?,The First Noel,0,istle,29400,1,5,0.22922904191616766,1.2589620351791382,0.3168595768977962,42.28758239746094,1.2465096588959579,-0.009006785228848457,1.3515625,4.3991685
380,Which British footballer has the most number of International caps?,Sir Bobby Charlton,0, caps,19079,0,5,0.1487571731536926,1.2390804290771484,0.15453181585379383,44.140811920166016,1.2326289785513627,0.07612550258636475,1.240234375,3.142651
381,Who holds a trumpet on the album cover of Sgt. Pepper's Lonely Hearts Club Band by The Beatles?,Ringo Starr,1, Beatles,55957,0,8,0.4362914795409182,1.0884045362472534,0.6029986392282223,37.82793426513672,4.304051096434406,0.07668494433164597,0.0023632049560546875,5.123053
382,Which song begins with the line The taxman's taken all my dough?,Taxman by The Beatles. ,0, dough,31452,0,6,0.24522829341317365,1.078381061553955,0.08819695609363487,51.39878845214844,18.273580743305104,0.040258221328258514,4.9453125,2.0472176
383,The Kray twins were convicted of the murder of George Cornell in the East End of London in 1966. What was the name of the pub in which he was shot?,The Blind Beggar pub.,1, shot,6689,0,5,0.05215350548902196,1.2237143516540527,0.0732121630489373,44.758636474609375,2.969810292956126,0.09530969709157944,1.2392578125,0.6483354
384,Who composed the musical theme for the Pink Panther?,Henry Mancini,1, Panther,59612,0,8,0.46478917165668665,1.1589499711990356,0.24627284795975424,38.92555236816406,0.17678246875036097,0.03956811875104904,0.0665283203125,0.43074104
385,"Who was the cartoon adversary of Pixie and Dixie, who would often say I hate those meeces to pieces?",Jinks.,0, pieces,9863,0,7,0.07690088572854291,1.193471908569336,0.09630302185389805,50.3499755859375,8.378506835568087,0.07403737306594849,11.015625,4.8352704
386,Which actress married Dennis Quaid on Valentine's Day in 1991?,Meg Ryan,1,1,16,1,1,0.000124750499001996,0.9435784220695496,1.1404854456094933,45.79098129272461,10.69509896704578,-0.0003771567717194557,1.8857421875,0.10344941
387,"During Margaret Thatcher's years as Prime Minister, there were three Chancellors of the Exchequer. Geoffrey Howe and Nigel Lawson were two, but who was the other one?",Nigel Lawson was Chancellor of the Exchequer from 1983 to,0, one,832,0,4,0.006487025948103792,1.0301177501678467,-0.348706749505975,45.15923309326172,3.3319238584938544,0.0810890719294548,3.00390625,2.7440994
388,Buddy Holly and the Big Bopper were two of the three musicians who died in a plane crash in February 1959. Who was the other one?,Ritchie Valens.,1, one,832,0,4,0.006487025948103792,1.0301177501678467,-0.348706749505975,46.63883590698242,1.8783669054630128,0.08408372104167938,5.35546875,1.0687963
389,"Fruit, cricket and horseshoe are varieties of what type of animal?",Bat,1, animal,10065,0,7,0.07847586077844311,1.153334379196167,-0.02486011235853658,41.30033493041992,2.6593668124130483,0.07573989778757095,5.65625,3.0097196
390,"Apart from being warm blooded and giving birth to live young, what do mammals produce to differentiate them from other families of animals?",Mammals produce milk to differentiate them from other families of animals.,1, animals,10099,0,8,0.07874095558882235,1.064975380897522,0.07350324216490467,46.22609329223633,7.690361902955887,0.09229695796966553,0.477294921875,2.2352242
391,To which poet does Il Postino deliver mail?,Pablo Neruda.,1, mail,8232,0,5,0.06418413173652694,1.1359407901763916,0.2524753462327194,45.66688919067383,1.5833598221940832,0.08041753619909286,4.6171875,0.4335907
392,"Which scientist was Time magazine's ""Person of the 20th Century""?",Albert Einstein,1, Century,28200,0,8,0.21987275449101795,1.1875147819519043,0.05995665866655786,51.229637145996094,19.888336768852486,0.11490553617477417,0.51220703125,2.9991045
393,What was the nickname given to premiership footballer Neil Ruddock?,The Lionheart.,0,ock,1197,1,3,0.009332896706586826,1.2310062646865845,0.11426014261289286,35.899967193603516,3.870320769353751,0.0007805544883012772,0.0008535385131835938,4.2675633
394,The Ducati is manufactured in which city and what country?,"The Ducati is manufactured in Bologna, Italy.",1, country,3224,0,8,0.025137225548902197,1.1246715784072876,0.14169943633174942,46.28540802001953,5.782320030708458,0.11469829082489014,1.22265625,1.9810883
395,Wayne Rooney signed for Manchester United from which other Premiership Club?,Everton,1, Club,10349,0,5,0.08069018213572854,1.1333396434783936,0.27997248097407024,43.27357482910156,4.130658254078079,0.04828585684299469,4.58203125,1.3721141
396,The Yalu river forms a sort of natural border between China and which of its neighbours?,North Korea,1, neighbours,36956,0,11,0.2881424650698603,1.2093721628189087,0.4458017814337709,46.112274169921875,7.538112622089342,0.07584323734045029,3.486328125,1.4568653
397,Which stand-up comedian presents 8 Out Of 10 Cats and Distraction?,Jimmy Carr,1,raction,16597,1,7,0.129405251996008,1.2450002431869507,0.2832789171007337,38.24905014038086,0.2676298899116203,0.008501737378537655,0.0216827392578125,1.482998
398,"Name the game show, presented by Leslie Grantham and Melinda Messenger, where contestants were set physical and mental challenges?",The Chase,0, challenges,11774,0,11,0.09180077345309381,1.142852544784546,-0.04703025222723056,51.33355712890625,5.643473055626146,0.08259671926498413,0.09600830078125,4.1962814
399,Who presented Family Fortunes in the two years between Bob Monkhouse and Les Dennis?,Paul Zerdin.,0, Dennis,35727,0,7,0.27856006736526945,1.105753779411316,0.10138903440753344,40.213958740234375,3.204710702536987,0.015192367136478424,3.197265625,4.901608
400,For what did Einstien gat Nobel prize in Physics?,Einstien got Nobel Prize in Physics in 1921 for his explanation,0, Physics,28415,0,8,0.22154908932135728,1.0857715606689453,0.6085902628435589,52.555999755859375,20.010934039056764,0.0899435356259346,1.8603515625,2.647332
401,Which planet has moons named after Shakespearean characters?,Jupiter.,0, characters,5885,0,11,0.045884792914171656,1.130938172340393,0.2489026966178156,43.20124435424805,4.849089925903045,0.09827934950590134,0.380859375,2.4862015
402,"Who was part man, part machine, all cop and hailed from a futuristic Detroit?",RoboCop,1, Detroit,20344,0,8,0.15862025948103792,1.0483243465423584,0.3128192815205928,42.32322692871094,3.8854210452960096,0.08961204439401627,3.8515625,0.36138248
403,Who dubbed Miss Piggy's singing voice in The Muppet Movie?,Frank Oz,0, Movie,14270,0,6,0.11126185129740519,1.0797808170318604,0.28739037254495203,42.133277893066406,4.5844383478241495,0.08847217261791229,2.1015625,3.5981262
404,"Who wrote the Bourne trilogy of books, made into movies starring Matt Damon?",Robert Ludlum.,1, Damon,73349,0,6,0.5718952719560878,1.2168196439743042,0.46644664000230485,43.74503707885742,8.382936932516076,0.04053840786218643,0.0005731582641601562,0.27703655
405,"The Bible tells of 3 wise men visiting Jesus after his birth, but in which of the Gospels does this appear?",Matthew,1, appear,5101,0,7,0.03977201846307385,1.0632030963897705,0.02068789579440944,49.741127014160156,2.5013071108243574,0.0878644809126854,5.85546875,1.3525532
406,"Athos and Porthos are two of the 3 musketeers, name the other one.",D'Artagnan.,0, one,832,0,4,0.006487025948103792,1.0301177501678467,-0.348706749505975,46.25440979003906,2.0085464433823956,0.10372063517570496,1.892578125,1.7939559
407,What is the name of the small fifth claw called on the side of a dog's foot ?,The small fifth claw is called the dewclaw. It is located on,1, foot,4579,0,5,0.03570203343313373,1.2371046543121338,0.1555329213062735,43.47056579589844,2.599796270760371,0.06700906157493591,3.591796875,5.069061
408,What is the name of the plastic bit on the end of shoelaces?,Aglet,1,aces,2492,1,4,0.019429890219560878,1.2589727640151978,-0.01168406582359438,39.59052658081055,2.858411766503923,0.012375562451779842,0.1513671875,1.0661675
409,The river Danube flows into which sea?,The Black Sea.,1, sea,9581,0,4,0.07470215818363274,1.2019163370132446,0.13023937788402096,38.65334701538086,1.523406293363685,0.09243849664926529,0.923828125,0.527852
410,Anna Nicole Smith was controversially married to which oil billionaire?,J. Howard Marshall,1, billionaire,47794,0,12,0.37264533433133734,1.1195567846298218,1.0204819409347818,41.1323127746582,0.9434342397384761,0.08545897156000137,6.4609375,0.27860016
411,Wayne Rooney scored his first senior goal against which club?,Arsenal,1, club,6469,0,5,0.05043818612774451,1.185387134552002,-0.01302901247245103,41.400917053222656,1.9918733729820497,0.060504816472530365,4.8125,4.09319
412,How meny times have Liverpool won the Europion Cup?,Liverpool have won the European Cup/European Champions League six times. They won,0, Cup,11098,0,4,0.08653006487025948,1.203895926475525,-0.15116212543658092,42.09428405761719,1.51515212903755,0.04734349623322487,0.58984375,2.1687663
413,The Sign Of Four was a detective story written by which author?,Sir Arthur Conan Doyle,1, author,3229,0,7,0.02517621007984032,1.1255892515182495,0.07989386897434958,46.767913818359375,4.1692472386751644,0.10088324546813965,0.62841796875,1.3117017
414,Who was the author of 'The Old Curiosity Shop'?,Charles Dickens.,1, Shop,14355,0,5,0.1119245883233533,1.117199420928955,0.21350545059075277,41.433834075927734,11.046499760716928,0.06767964363098145,0.0019369125366210938,1.4528385
415,In which sport or pastime can you see nose walking?,Dog Walking.,0, walking,11689,0,8,0.09113803642714571,1.1489251852035522,0.09658045199955101,44.72709655761719,10.730154469239425,0.10643360018730164,9.984375,4.688228
416,What sport or pastime would you be playing if your balls were black and blue and your opponent's were red and yellow?,Tennis,0, yellow,14071,0,7,0.10971026696606787,1.0997767448425293,0.16441290991768698,44.12461471557617,9.157014437786772,0.10313863307237625,1.638671875,2.994824
417,The age of the railway began in which year with the introduction of the Liverpool-Manchester line?,1830,1, line,1584,0,5,0.012350299401197605,1.1115275621414185,-0.05369107191857081,45.94476318359375,9.853824035040954,0.09729882329702377,2.240234375,0.27606058
418,Who played Frankenstein in the 1994 film of the same name?,Robert De Niro,0, name,836,0,5,0.006518213572854291,1.0520780086517334,-0.03031722564997752,41.59744644165039,2.829612378980963,0.03878007456660271,0.006069183349609375,0.7238918
419,Who was the first person to sell one million records?,Elvis Presley,0, records,7576,0,8,0.05906936127744511,1.1551002264022827,-0.0008486887831500312,44.30598831176758,1.5198309939377879,0.06698407232761383,4.09375,4.060667
420,"In Greek mythology, where do righteous souls go after death?",The Elysian Fields.,1, death,4648,0,6,0.03624001996007984,1.123119831085205,0.081897229497355,43.12633514404297,4.447424873720138,0.08991650491952896,0.1229248046875,1.6814101
421,What is the scientific name given to tea?,Camellia sinensis,1, tea,15600,0,4,0.1216317365269461,1.0839964151382446,0.1545842898003298,37.436737060546875,3.3437937501661157,0.09747323393821716,9.5078125,1.1605344
422,"In the 1999 film Stuart Little, who plays the part of Mrs Eleanor Little?",Geena Davis,1, Little,15013,0,7,0.11705495259481039,1.1373469829559326,-0.09787571856810473,44.23276901245117,3.975328267781828,0.08294102549552917,1.4189453125,1.7019079
423,Suger Mice was a 1987 single for which British rock band?,Sugar Mice was a 1987 single for the British rock band The,0, band,7200,0,5,0.0561377245508982,1.2068419456481934,0.15189770971676086,40.46470642089844,10.308804230394708,0.03763214498758316,0.06414794921875,3.6757393
424,In which decade were ZIP codes introduced in the USA?,1963,0, USA,7427,0,4,0.057907622255489025,1.1540679931640625,0.011041512160495426,44.07199478149414,7.9825046584390975,0.09593658894300461,3.99609375,1.1084777
425,What are the shape-shifting foxes of the Japanese folklore?,Kitsune.,1, folklore,98969,0,9,0.771652008483034,1.1356611251831055,0.6367609444721696,45.65431213378906,15.209043902499772,0.12003128230571747,0.859375,2.5075178
426,In Greek mythology who was the twin of Polydeuces?,Castor.,1,uces,63371,1,4,0.49409774201596807,1.2289198637008667,0.24916536830582814,42.18634796142578,3.0545284218355713,-0.011876258999109268,0.1441650390625,0.12278459
427,Which film features the Dawes Tomes Mousley Grubbs Fidelity Fiduciary Bank?,The Great Gatsby,0, Bank,8715,0,5,0.0679500374251497,1.1347206830978394,0.23572929989597569,54.431331634521484,116.5686473951301,0.05656823143362999,2.638671875,5.4148226
428,What is Robin Williams character called in Good Morning Vietnam?,Adrian Cronauer,1, Vietnam,23315,0,8,0.18178486776447106,1.0344767570495605,0.6959496110193291,38.293704986572266,3.290546173655285,0.05729808658361435,0.1915283203125,0.801195
429,Who plays Cruella de Vil in the 1996 live action version of 101 Dalmations?,Glenn Close,1,ations,811,1,6,0.006323290918163672,1.0487725734710693,-0.11327377740017663,38.903663635253906,0.4840816755949957,0.02328316867351532,9.46875,0.19724928
430,Who stars in the 2008 movie Seven Pounds?,Will Smith.,1,ounds,3171,1,5,0.024723989520958084,1.254132866859436,0.265743109401793,36.54761505126953,8.210060783414919,-0.0036273852456361055,0.0025997161865234375,0.0835198
431,Marilyn Monroe starred in the Seven Year Itch. Who directed it?,Billy Wilder,1, it,433,0,3,0.003376060379241517,0.899241030216217,-0.4121035743387429,39.89484786987305,0.16007911088736204,0.13162285089492798,1.8212890625,2.2865827
432,On Red Nose Day 2001 who won Celebrity Big Brother?,Craig Phillips,0, Brother,27445,0,8,0.21398609031936128,1.1204975843429565,0.0572135388120234,39.82673645019531,0.9563047957276121,0.028288807719945908,0.0323486328125,5.6618414
433,What is the name of the London Underground station in EastEnders?,Walford East,1,ers,388,1,3,0.0030251996007984033,1.1311888694763184,0.04948401053522966,37.594154357910156,0.12988427459422303,0.03984076902270317,0.008331298828125,2.5446677
434,How many runs did Donald Bradman score in his last ever test match innings?,0,0, innings,36100,0,8,0.2814683133732535,1.134222388267517,0.3507085410382902,42.76020431518555,3.3901115723188395,0.08553273230791092,6.859375,2.1325352
435,"Nicknamed the cannibal, who is the only rider to have won all three jerseys in the same year in the Tour de France?",Eddy Merckx,1, France,9822,0,7,0.0765812125748503,1.023292064666748,0.162849595634611,42.68933868408203,3.1566064559094116,0.0709470808506012,0.0014410018920898438,2.1463566
436,Whose arch nemisis is the Red Skull?,Captain America.,0, Skull,61891,0,6,0.48255832085828343,1.210590124130249,0.29228359976261986,42.503028869628906,6.408180378591149,0.04023805260658264,6.10546875,0.98238087
437,By what name is comic book villain Oswald Chesterfield Cobblepot better known?,The Penguin. ,1, known,3967,0,6,0.030930326846307386,1.1608165502548218,-0.086990713039651,48.614322662353516,3.864222770094919,0.1268928050994873,0.005107879638671875,0.56750584
438,"First appearing on TV in 1967, which detective solved all of his crimes sitting down?",Columbo,0, down,1523,0,5,0.011874688123752496,1.1337101459503174,-0.10318665521630255,47.03968048095703,6.524812644266616,0.09683971107006073,2.578125,1.7027116
439,How many times was Wyatt Earp shot?,3 times,0, shot,6689,0,5,0.05215350548902196,1.2237143516540527,0.0732121630489373,45.91685485839844,3.732488652930096,0.09434399008750916,4.7421875,3.5358763
440,Which famous cowboy was created by George W. Trendle?,Buffalo Bill Cody.,0,le,273,1,2,0.0021285553892215568,1.120110034942627,-0.14450103518781088,42.03782653808594,6.5705741911079905,0.04765402153134346,0.2271728515625,4.1280594
441,"The pub with the longest name in the UK has how many letters in it? 55, 75 or 95?",95,0,95,2721,1,2,0.021215381736526946,0.9766461849212646,0.007619484165173329,49.80067443847656,8.767503169845002,-0.0003379750996828079,1.3359375,0.48554242
442,Which movie starred Michael Caine as a murderous transvestite psychiatrist?,The Italian Job (1969),0, psychiatrist,73969,0,13,0.5767293537924152,1.0855916738510132,0.791616289856099,41.666500091552734,13.86344894935301,0.1030803918838501,9.0234375,5.471175
443,"In 1961, who famously scored six goals in a match but still ended up on the losing team in a FA Cup tie?",George Best.,0, tie,18623,0,4,0.14520178393213573,1.3151423931121826,0.15779764359215065,51.05632781982422,10.798109773893312,0.07709325104951859,2.771484375,4.3262954
444,Which economist wrote The Wealth Of Nations?,Adam Smith,1, Nations,19687,0,8,0.15349769211576847,1.1819980144500732,0.21614284253181637,44.76960754394531,4.916707178324816,0.017733290791511536,0.0076904296875,0.07948426
445,Macbeth belonged to which royal house or dynasty?,Macbeth belonged to the royal house of Moray.,0, dynasty,67946,0,8,0.5297685878243513,1.1501799821853638,0.5808105484364496,45.779563903808594,6.207090528553437,0.07213543355464935,0.364013671875,1.5065471
446,"Was James II known as: James The Bald, Fiery Face, or The Red King?","James II was known as ""The Red King"". James II of Scotland was",0, King,6342,0,5,0.04944797904191617,1.1121609210968018,-0.05903693001708321,47.552249908447266,6.820137855089461,0.10308077931404114,3.7265625,1.945472
447,"In Harry Potter And The Goblet Of Fire, which dragon did Harry have to defeat?",The Hungarian Horntail,1, defeat,18506,0,7,0.14428954590818363,1.1619174480438232,0.20318456180513422,47.635921478271484,5.026730256829728,0.09136756509542465,4.453125,4.236233
448,What is the full name of the train robber played by Phil Collins in a 1988 movie?,The Full Monty,0, movie,5818,0,6,0.0453624001996008,1.0511986017227173,0.1732760450721873,44.633235931396484,7.856328044648375,0.12354757636785507,3.015625,4.6827364
449,Tony Hadley was the lead singer with which 1980s new romantic band?,Spandau Ballet,1, band,7200,0,5,0.0561377245508982,1.2068419456481934,0.15189770971676086,38.87285232543945,6.167530660868788,0.08688977360725403,0.337646484375,0.11629473
450,What was the surname of the butler played by Gordon Jackson in Upstairs Downstairs?,Hudson,1,stairs,31234,1,6,0.24352856786427146,1.2320423126220703,0.48710097440919853,39.09362030029297,5.507006376776825,0.029558679088950157,0.0005984306335449219,4.9921365
451,Which Jackson appeared in Celebrity Big Brother in January 2009?,La Toya Jackson,1,9,24,1,1,0.00018712574850299402,0.8621779680252075,-0.18366614169192097,47.699554443359375,5.204215772685188,-0.0021804901771247387,2.966796875,3.104329
452,Who was the seventh president of the United States?,Andrew Jackson,1, States,4273,0,7,0.03331618013972056,1.1871955394744873,-0.08173420051189817,42.42462158203125,4.914635401133198,0.054505255073308945,0.00409698486328125,2.6530392
453,"In which country are the Angel Falls, the highest waterfall in the world?",Venezuela,1, world,1917,0,6,0.014946669161676647,1.134218692779541,-0.16107275688498923,45.21560287475586,2.728250053451034,0.06093050539493561,0.00106048583984375,0.09220654
454,"The 1955 comedy movie We're No Angels centred on three escaped convicts. Peter Ustinov and Aldo Ray were two, but who played the third?",Humphrey Bogart.,1, third,4948,0,6,0.03857909181636727,1.1430399417877197,-0.0067924204588809545,54.70257568359375,17.00048938406538,0.08166585862636566,0.062255859375,2.195619
455,Who played King Arthur in the 1967 musical film Camelot?,Richard Harris,1,ot,354,1,2,0.0027601047904191617,1.1468980312347412,-0.07487552762117744,40.74200439453125,1.771682630107823,0.015356425195932388,3.170967102050781e-05,0.13340653
456,Which country grows the largest number of mangoes?,India,1,es,288,1,2,0.002245508982035928,1.1538870334625244,0.0955617223056433,47.903099060058594,2.0615927497267705,0.05342819169163704,0.0333251953125,0.32233578
457,Ecuador has a border with Peru and which other country ?,Colombia,1, country,3224,0,8,0.025137225548902197,1.1246715784072876,0.14169943633174942,46.717010498046875,3.315197757824283,0.09218549728393555,0.347900390625,1.2818714
458,"In 2009, who was convicted of the murder of Lana Clarkson?",Phil Spector,1, Clarkson,94294,0,9,0.7352014720558883,1.2945119142532349,0.21932258219414535,37.35545349121094,7.0418817429357485,0.015309075824916363,2.626953125,2.077719
459,"The left side of the heart pumps blood to all parts of the body, but the right side pumps blood to which organ in particular?",The liver.,0, particular,4040,0,11,0.03149950099800399,1.2572308778762817,0.6201010888971217,43.82426834106445,4.624517359043812,0.06313303112983704,4.37890625,1.3176899
460,Which cartoon character lives in a pineapple under the sea?,SpongeBob SquarePants,1, sea,9581,0,4,0.07470215818363274,1.2019163370132446,0.13023937788402096,40.83424758911133,3.8710647878506173,0.05451657995581627,0.0002243518829345703,0.20927863
461,"Which serial killer hanged himself in Wakefield Prison in January 2004, four years after being found guilty of 15 murders?","Harold Shipman. No, that is not correct. Harold Shipman was",1, murders,43086,0,8,0.3359375,1.0593581199645996,0.4945947607061121,43.537994384765625,5.568526834686276,0.0758320540189743,0.70556640625,2.0932784
462,What public school did the Duke of Edinburgh and Prince Charles attend?,Cheam School,0, attend,9604,0,7,0.0748814870259481,1.1528033018112183,0.03765571281379554,45.886924743652344,3.851958514318939,0.09473401308059692,3.33984375,1.7618432
463,"If it was Phil Mickelson in 2006, Zach Johnson in 2007, and Trevor Immelman in 2008, who was it in 2009?",Y.E. Yang,0,9,24,1,1,0.00018712574850299402,0.8621779680252075,-0.18366614169192097,42.85312271118164,4.745406898774799,-0.017038965597748756,0.0899658203125,3.9291897
464,Red Stripe lager comes from which country?,Germany,0, country,3224,0,8,0.025137225548902197,1.1246715784072876,0.14169943633174942,44.15291976928711,4.559810853490461,0.10985732078552246,1.33203125,3.5124774
465,Which architect was known as the Wizard of the Dome?,I.M. Pei,0, Dome,69545,0,5,0.5422358408183633,1.23405921459198,0.13990472685685962,43.34877395629883,9.316203442536736,0.08924424648284912,9.8046875,3.2701523
466,What is the name of the Salvador Dali painting that shows clocks oozing over a landscape?,The Persistence of Memory,1, landscape,18921,0,10,0.1475252619760479,1.1799306869506836,0.2862676953314378,47.03853225708008,8.000184713096036,0.11983577907085419,2.392578125,1.4416021
467,In what year did Edward Vlll abdicate?,Edward VIII abdicated in 1936.,1,icate,8630,1,5,0.0672873003992016,1.2007436752319336,0.32619974891756875,41.518882751464844,4.380805044186757,0.013511375524103642,0.1610107421875,1.0011183
468,Which well known couple live at Bagshot Park in Surrey?,The Queen Mother and Prince Albert.,0, Surrey,68064,0,7,0.530688622754491,1.1045724153518677,0.5777033033110803,41.287540435791016,3.3405270741289605,0.09728600829839706,0.172119140625,2.4768217
469,Which notorious murderer lived at 10 Rillington Place?,John Christie.,1, Place,11004,0,6,0.08579715568862276,1.0858047008514404,0.15789121144429652,39.037681579589844,6.455294866888517,0.040281955152750015,0.0038051605224609375,1.6922799
470,Who killed Lee harvey Oswald?,Jack Ruby,1, Oswald,90450,0,7,0.7052301646706587,1.2449201345443726,0.1652267861657215,39.374752044677734,3.8373785917655834,0.04802945628762245,0.00952911376953125,3.241467
471,Who killed Robert F Kennedy?,Sirhan Sirhan,1, Kennedy,24573,0,8,0.191593375748503,1.1454557180404663,0.1425087304248014,39.776405334472656,3.3166753939805425,0.06952245533466339,2.109375,0.020802643
472,Who killed Jean Paul Marat?,Charlotte Corday,1,at,266,1,2,0.002073977045908184,1.116026759147644,0.016991516343378255,36.62794876098633,6.43627626211938,0.05862972140312195,0.0206298828125,0.54406244
473,What was the name of the kangaroo often mistaken by Sylvester the cat to be a giant mouse?,"The kangaroo is not a mouse, but a marsupial native to",0, mouse,8814,0,6,0.06872193113772455,1.0729758739471436,-0.0029962681778896716,41.94059371948242,3.5431000712950267,0.10681258141994476,3.126953125,5.2336144
474,Gjetost is the national cheese of which country?,Norway,1, country,3224,0,8,0.025137225548902197,1.1246715784072876,0.14169943633174942,45.58000183105469,9.889840441063981,0.11730830371379852,0.0220184326171875,0.46639922
475,A youngberry is a cross between a dewberry and what else?,Blackberry,1, else,775,0,5,0.006042602295409182,1.1627535820007324,-0.10338219639545798,41.71995544433594,1.4901358318327933,0.06971073895692825,2.05078125,1.9807066
476,Who is Arthur Wellesley better known as?,The Duke of Wellington,1, as,439,0,3,0.0034228418163672653,0.9584746956825256,-0.22015399884564335,48.36105728149414,2.889812198748408,0.15747039020061493,0.47802734375,0.7569377
477,Which town in East Sussex now stands on the site of the battle of Hastings?,Battle,1, Hastings,79844,0,9,0.6225361776447106,1.2335445880889893,0.07787482638929966,39.68449783325195,3.6871396685293103,0.049167655408382416,0.48193359375,2.0458748
478,"Which 1986 Peter Weir movie and based on a Paul Theroux novel starred Harrison Ford, Helen Mirren and River Phoenix?",The Mosquito Coast,1, Phoenix,23503,0,8,0.1832506861277445,1.102433681488037,0.08760360741980122,40.66635513305664,10.885487959055249,0.07424713671207428,0.00885009765625,1.3499463
479,What is the name of CS Lewis' 7 book fantasy?,The Chronicles of Narnia,1, fantasy,18884,0,8,0.14723677644710578,1.1402188539505005,0.11515964647482768,44.73411178588867,21.44226615138774,0.11119745671749115,3.447265625,1.1715465
480,Name the tv series about FBI agent Don Eppes and his mathematical genius brother Charlie,Numb3rs,1, Charlie,25972,0,8,0.20250124750499002,1.0857855081558228,0.14644184479644462,40.789344787597656,0.7520967348575436,0.07316473871469498,1.00390625,1.1475607
481,All children except one grow up.,The one who grows up is the son of the family.,0, up,709,0,3,0.0055280064870259485,1.082383155822754,-0.28881926816099623,41.184410095214844,5.554258521154081,0.08053628355264664,3.65625,4.1469703
482,"Scarlett O'Hara was not beautiful, but men seldom realised it when caught by her charm as the Tarleton twins were","Scarlett O'Hara was not beautiful, but men seldom realised it when caught",0, were,1051,0,5,0.008194548403193613,0.8512200713157654,-0.1855537150028983,50.37400817871094,8.35116442029642,0.11160142719745636,2.09375,3.1184218
483,Which horse racing jockey was sometimes referred to as the long fellow?,Lester Piggott.,1, fellow,12637,0,7,0.09852950349301397,1.2654656171798706,0.21695179843135692,48.366477966308594,28.374852416865224,0.06652060896158218,7.1796875,4.6736674
484,Who is the patron saint of lost causes?,Saint Jude.,1, causes,11384,0,7,0.08875998003992017,1.102399230003357,0.09064237953597365,40.87361145019531,9.632269872666885,0.09196678549051285,2.43359375,1.7144898
485,True or False: Sharks do not blink?,True,1, blink,34231,0,6,0.26689589570858285,1.2592768669128418,0.2884859779128508,39.677242279052734,1.5691463590223274,0.09739860147237778,8.59375,1.4260432
486,Which `B` was the name of the mechanical shark used in the original `Jaws` film?,B-2,0, film,4632,0,5,0.03611526946107784,1.0674729347229004,0.15200274985736995,45.32636260986328,2.6941554666354532,0.12111273407936096,0.35693359375,2.31868
487,"The American legal drama Shark ran from Sept 06 to May 08. Who starred in the title role, playing Sebastian Stark?",James Woods. ,1, Stark,47849,0,6,0.3730741641716567,1.2183741331100464,0.12954736777466058,42.980979919433594,7.333378544070783,0.05860311910510063,2.001953125,0.0655278
488,Which Italian fashion designer was shot dead on the steps of his Miami mansion in 1997?,Gianni Versace.,1,7,22,1,1,0.00017153193612774452,0.8465970158576965,-0.10359574828782181,39.97352981567383,8.178664167972814,0.00415751151740551,0.267333984375,0.12110103
489,Who was famous for popularising the 'little black dress' in the 1920s?,Coco Chanel.,1,s,82,1,1,0.0006393463073852295,1.2110646963119507,2.204810965294282,44.96018600463867,4.369842377317862,0.053396403789520264,0.002902984619140625,0.46749067
490,Who designed Madonna's wedding dress for her marriage to Guy Ritchie?,Vera Wang,0,ie,648,1,2,0.005052395209580838,1.1412534713745117,0.12391841077919219,45.06169891357422,13.666264260682063,0.027578528970479965,2.5987625122070312e-05,5.130887
491,"Meryl Streep's character, Miranda, in the 2006 film The Devil Wears Prada was based on the editor-in-chief of which fashion magazine?",Vogue,1, magazine,14756,0,9,0.11505114770459082,1.0883491039276123,0.16880444989207533,40.37386703491211,3.7581695233347068,0.11778746545314789,0.054931640625,2.539172
492,"In the TV show Camberwick Green, who lived in Colly's Mill?","The Gruffalo's friend, the Fox, lived in Colly's",0, Mill,8384,0,5,0.06536926147704591,1.1322335004806519,-0.037088146164847124,44.61100387573242,2.191436334613651,0.08924922347068787,6.8828125,5.5093136
493,Which part of the human body produces insulin?,The pancreas.,1, insulin,32152,0,8,0.250686127744511,1.0719183683395386,0.33025202722854274,38.9275016784668,1.8894351577706523,0.1163475438952446,4.671875,1.6608016
494,Who played Dr. Doug Ross on the TV show E.R.?,George Clooney,1,.R,2056,1,2,0.016030439121756487,0.85530024766922,0.09329594090508397,49.623661041259766,7.004448210143307,0.1267261952161789,0.065673828125,0.18158603
495,Who played the role of Kate Flax in the 1990 film Mermaids?,Christina Ricci,1,maids,98250,1,5,0.7660460329341318,1.2185355424880981,0.2019686955695419,37.36772918701172,5.231654758141957,0.039796534925699234,0.059051513671875,3.3720715
496,Who played the character Mrs. Merton on TV?,Caroline Aherne,1, TV,6007,0,3,0.046836015469061874,1.1057918071746826,-0.0466872348224987,44.2397575378418,2.439129289269669,0.09085573256015778,4.015625,2.4838052
497,What nationality was three time Olympic gold medallist in figure skating Sonja Henie?,Norwegian.,1,ie,648,1,2,0.005052395209580838,1.1412534713745117,0.12391841077919219,37.055076599121094,7.224818602366566,0.009647159837186337,0.0004725456237792969,0.33973074
498,At which Winter Olympic host city would you find the Cresta Run?,"St. Moritz, Switzerland.",1, Run,6588,0,4,0.05136601796407186,1.0659239292144775,0.15660189886626297,44.67320251464844,1.18772463832196,0.0627283900976181,0.06982421875,2.584294
499,What kind of an animal is a wireworm?,"A wireworm is a type of insect, specifically a larva of a",0,worm,56741,1,4,0.442404253992016,1.3120332956314087,0.1374396269699476,38.08364486694336,3.049955208721908,0.03996892645955086,0.95361328125,0.9710927
500,What are the flat treeless plains of Argentina called?,The flat treeless plains of Argentina are called the Pampas.,1, called,2663,0,7,0.02076316117764471,1.1132361888885498,-0.04424807250157725,37.99425506591797,5.101123524115378,0.14612188935279846,4.4375,1.5806386
501,Which Canadian born  actress was the star in the movie Barb Wire?,Pamela Anderson,1, Wire,19940,0,5,0.15547030938123751,1.2828375101089478,-0.006179724473890591,39.53388977050781,14.493704818966155,0.0013999193906784058,1.0361328125,2.319253
502,"Which 2004 ""puppet"" movie, made by the makers of South Park, satirises Americas politics and jingoism?",Team America: World Police.,1,ism,2191,1,3,0.017083021457085828,1.1738860607147217,0.13166175668116775,53.29231643676758,7.2309130770506105,0.06925193220376968,0.126708984375,0.110128865
503,"Which river originates in the Taurus Mountains, and flows through Syria and Iraq?",Euphrates River.,1, Iraq,11340,0,5,0.08841691616766467,0.9923803210258484,0.18944320502366674,41.560752868652344,1.8833731222975443,0.10998988151550293,3.712890625,0.58312756
504,"Following success at the 1979 election whose party conference speeech included the lines 'you turn if you want to, the lady's not for turning'?",Margaret Thatcher.,1, turning,13353,0,8,0.1041120883233533,1.10279381275177,0.23114845004173423,45.48051452636719,9.100537555896594,0.08122828602790833,0.01082611083984375,1.086498
505,"In the run up to the 1997 election, Tony Blair outlined his parties' three priorities for office, can you name them?",The three priorities were:,0, them,1124,0,5,0.00876372255489022,1.0740669965744019,-0.045219083484727474,49.7100715637207,7.275288582555218,0.08165553212165833,0.79345703125,3.8372593
506,Which snooker player was simply known as 'The Grinder'?,Cliff Thorburn.,1, Grinder,69600,0,8,0.5426646706586826,1.2071115970611572,0.5887508459304005,41.28532409667969,33.18418530516692,0.07005088776350021,12.046875,1.9489341
507,Which former West Indian fast bowler was known as 'Whispering Death'?,Malcolm Marshall.,0, Death,16290,0,6,0.1270116017964072,1.1148890256881714,0.02718590202698712,45.588993072509766,11.861886735197304,0.06341353058815002,0.828125,4.113785
508,Which Eastenders character had a dog called Willy?,I'm not aware of any Eastenders character having a dog called Willy,0,ly,398,1,2,0.0031031686626746507,1.274627447128296,0.19777646490959988,35.876182556152344,0.7814689279403573,-0.0009956597350537777,1.63671875,4.52747
509,In which year did the first episode of Minder take place?,1979,1, place,2035,0,6,0.015866704091816366,1.1379038095474243,-0.1993365437942587,50.56104278564453,5.729393562803391,0.0856676921248436,0.04290771484375,0.9530166
510,What was the name of the cat in Rising Damp?,"The cat's name was ""Mittens"".",0,amp,1141,1,3,0.00889626996007984,1.3252233266830444,0.07365900226451494,39.2252311706543,14.507828432437204,0.0011811422882601619,0.30810546875,6.211638
511,"Which comedy written by Johnny Speight which first aired in 1965, featured a fervent West Ham supporter?",Till Death Us Do Part,1, supporter,37563,0,10,0.2928751871257485,1.0868107080459595,0.20963850262674066,45.63673400878906,4.92628862644081,0.06360301375389099,1.751953125,0.23987179
512,"What was the name of the comedy written by Ray Galton, Alan Simpson which aired 57 episodes?",Steptoe and Son.,1, episodes,18243,0,9,0.14223895958083832,1.1178159713745117,0.1384472205526155,47.10276794433594,4.360220243372623,0.10652290284633636,0.740234375,0.9867285
513,Bonar Law is the only Prime Minister not born in the UK. In which country was he born?,Canada,1, born,9405,0,5,0.07332990269461077,1.1531862020492554,-0.07734579377559303,48.27872848510742,6.498481539245914,0.13559770584106445,0.01409912109375,1.5515045
514,Who lives in the Hundred Acre Wood?,"Winnie the Pooh and his friends, including Piglet, Eey",1, Wood,12404,0,5,0.09671282435129741,1.0569154024124146,0.0553370359978258,38.96059036254883,4.112495962691403,0.07090851664543152,0.0036163330078125,0.6024989
515,"If you heard the catchphrase ""They're great"" what would expect to be advertised?",Coca-Cola,0, advertised,46841,0,11,0.36521488273453095,1.124263882637024,0.6736052246841449,47.10268783569336,4.823602688910796,0.11363454908132553,6.765625,6.2763753
516,How many times was Boris Becker runner-up in the Men's Singles at Wimbledon?,3 times. ,0, Wimbledon,91257,0,10,0.7115222679640718,1.1228129863739014,1.0730802001342106,38.72693634033203,1.4249169165662492,0.09537731111049652,0.72509765625,2.3459837
517,How many times did Steffi Graf win the Ladies Singles at Wimbledon?,7 times,1, Wimbledon,91257,0,10,0.7115222679640718,1.1228129863739014,1.0730802001342106,38.62887191772461,1.6282583192424083,0.09474553912878036,0.48193359375,1.1807829
518,"In which postcode area are the Wimbledon Championships held? SW15, SW17 or SW19?",SW19,1,19,777,1,2,0.006058196107784431,0.8633962273597717,-0.033692224045113406,45.94584655761719,4.5572298386738455,0.004364297725260258,0.1141357421875,0.37196365
519,Who did Top of the Pops mistakenly portray in a Dexys Midnight Runners song?,Kevin Rowland,0, song,5609,0,5,0.04373284680638723,1.0817822217941284,0.13498880240219124,45.82984161376953,5.997545798708961,0.10766733437776566,0.537109375,5.5544634
520,What story introduced the Cybermen?,Doctor Who,0,men,5794,1,3,0.045175274451097806,1.1729923486709595,0.024448958491589234,37.39161682128906,4.055008681249326,0.006109381094574928,2.408203125,1.4817446
521,Who played the tenth Doctor?,David Tennant.,1, Doctor,19150,0,7,0.14931075349301398,1.10293447971344,-0.024236854215318626,39.7405891418457,1.1475354550780432,0.09695366770029068,3.701171875,0.5915019
522,"How many Rings of Power were there, in total?","20 Rings of Power were forged by Celebrimbor, the son of",1, total,2860,0,6,0.022299151696606786,1.1686365604400635,0.0703582104124374,46.73369216918945,5.233231390524002,0.10084282606840134,1.1962890625,2.0207589
523,Which common colour can also be known as heliotrope?,Purple,1,pe,375,1,2,0.0029238398203592815,1.14464271068573,-0.029810339467698288,43.98954391479492,4.117765017821982,0.00640515610575676,9.834766387939453e-05,1.3347354
524,Which golf shot is the opposite of a slice?,Hook,1, slice,16363,0,6,0.1275807759481038,1.184491515159607,0.23602297911051817,37.71120834350586,0.15388520546820894,0.08908883482217789,4.23046875,2.1599865
525,Which actress left Eastenders for Hollywood only to flop as The Bionic Woman?,Michelle Ryan,1, Woman,25525,0,6,0.19901603043912175,1.0765353441238403,0.1434442387574184,40.848018646240234,0.43120717701895117,-0.0004245918244123459,0.0297698974609375,3.348622
526,"In Only Fools And Horses, Rodney Trotter shares his middle name with which London football club?",Tottenham Hotspur.,0, club,6469,0,5,0.05043818612774451,1.185387134552002,-0.01302901247245103,42.420921325683594,2.120529075070147,0.07561489194631577,0.351806640625,3.710603
527,"How were Dr Stantz, Dr Spengler and Dr Venkman better known in the 1980's?",Ghostbusters.,1,'s,596,1,2,0.004646956087824351,0.9736899733543396,-0.17884927804158313,42.933082580566406,5.271830150163307,0.08431525528430939,5.58984375,1.1832011
528,General Charles de Gaulle was French President 1959 to 1969. Who succeeded him?,General Georges Pompidou.,1, him,1461,0,4,0.01139127994011976,1.062008023262024,0.08818997177462418,47.58698654174805,5.975418337883172,0.08100765198469162,0.073486328125,1.2368556
529,"When Mr Benn was looking for an adventure, what type of shop did he visit?",A costume shop.,0, visit,4034,0,6,0.031452719560878244,1.1053274869918823,0.15558983769060797,48.831302642822266,3.6355225946677203,0.10024547576904297,1.1748046875,4.3172674
530,"What is the name of the enzyme usually added to milk to coagulate it, to make ""curds and whey""?",Rennet,1,y,88,1,1,0.0006861277445109781,1.1339949369430542,0.02501309046045508,52.60942840576172,27.651693567853005,0.044695720076560974,0.00017452239990234375,0.8956677
531,Which cheese shares its name with a Guiness Premiership rugby team that play at Welford Road?,Leicester Tigers.,1, Road,9728,0,5,0.07584830339321358,1.0843898057937622,0.021271240931444613,47.747314453125,9.630125829711165,0.06602499634027481,0.1331787109375,0.8762764
532,Where in London were the first escalators installed in 1898?,Harrods department store in Knightsbridge.,1,8,23,1,1,0.00017932884231536926,0.866473913192749,-0.04354860676264938,45.58496856689453,11.166361853264597,-0.008189043961465359,0.255859375,2.8568404
533,"In what year was the first episode of Doctor Who broadcast? 1959, 1963 or 1967?",The first episode of Doctor Who was broadcast in 1963.,1,7,22,1,1,0.00017153193612774452,0.8465970158576965,-0.10359574828782181,46.29967498779297,7.789887216361519,0.014886023476719856,1.9873046875,1.0475007
534,What is the name of the company that owned the spaceship Red Dwarf?,"Lister's employer, the mining corporation, was called Red Dwarf Mining Corporation",1, Dwarf,80830,0,6,0.6302239271457086,1.1957271099090576,0.5302572207425693,35.052066802978516,0.053211142608587725,0.05309617146849632,3.595703125,4.025321
535,"Which character has been played by Jack Lord, Cec Linder, Rik Van Nutter, Norman Burton, David Hedison, John Terry, David Hedison and Jeffrey Wright?",James Bond,0, Wright,27839,0,7,0.21705807135728544,1.1728954315185547,0.15136901077096532,46.43903350830078,10.523573477989661,0.05341603234410286,1.5234375,2.4571183
536,Name the magician who first introduced us to Basil Brush.,David Nixon.,1, Brush,34088,0,6,0.2657809381237525,1.241776943206787,0.012311810981497473,37.71622848510742,6.56904864468847,0.03495948389172554,3.8671875,4.6748905
537,Who was the only Prime Minister of Britain to be assassinated?,Spencer Perceval.,1,inated,15846,1,6,0.1235497754491018,1.1377636194229126,0.3240053965574097,45.401546478271484,5.087208970798301,0.04072995111346245,0.0001837015151977539,0.55941397
538,What is the name of the chain of islands in the southwestern Philippines?,Sulu Archipelago,1, Philippines,26363,0,12,0.2055498378243513,1.027496337890625,0.3140545146462741,37.692665100097656,1.9575661612719522,0.09249107539653778,7.65234375,1.4513301
539,What was the name of the ferry that capsized after leaving Zeebrugge in 1987,Herald of Free Enterprise,1,7,22,1,1,0.00017153193612774452,0.8465970158576965,-0.10359574828782181,42.00246810913086,8.27697699432033,-0.001757313497364521,0.0249176025390625,2.6483343
540,The Flying Pickets were a British vocal group who had Christmas no1 hit in 1983. What was the title of the song.,Only You,1, song,5609,0,5,0.04373284680638723,1.0817822217941284,0.13498880240219124,46.45921325683594,4.559392037441301,0.09641975164413452,0.8076171875,3.6614866
541,"In Risk, what colour is Europe?","Red. In the board game Risk, Europe is represented by a red territory",0, Europe,4606,0,7,0.0359125499001996,1.0458784103393555,0.1273274971502376,45.45209503173828,10.447997398721203,0.07826688140630722,12.3515625,2.9179935
542,Which British band named themselves after a South African football team?,The Specials.,0, team,2128,0,5,0.01659181636726547,1.1389223337173462,0.036099688190899926,43.65840148925781,5.079594405003556,0.07923390716314316,1.3232421875,4.8507576
543,How many female P.Ms have there been?,3,0, been,1027,0,5,0.00800742265469062,0.8884118795394897,-0.20692288222687338,50.801177978515625,18.02101402438012,0.11723008751869202,0.160888671875,3.258516
544,"Newspapers come is various sizes, broadsheet being the largest, and tabloid being smaller, but what name is given to the smallest size.",Microformat.,0, size,1404,0,5,0.01094685628742515,1.1036180257797241,-0.13515116981769415,50.964927673339844,2.1346646260504,0.11153978109359741,0.97021484375,3.9858615
545,Which wedding anniversary is celebrated with paper,25th wedding anniversary is celebrated with paper.,0, paper,5684,0,6,0.044317614770459084,1.1889185905456543,-0.09065057930114984,37.26036071777344,2.1617213275504454,0.05503777414560318,7.44921875,2.4440336
546,"Which American female rap artist, film & television actress release a song called Paper in 1998",Lauryn Hill,0,8,23,1,1,0.00017932884231536926,0.866473913192749,-0.04354860676264938,49.20101547241211,11.146200375237617,-0.009320411831140518,1.896484375,1.4357167
547,Who won the 2010 Giro D'Italia?,Ivan Basso,1,alia,19379,1,4,0.15109624500998003,1.3026365041732788,0.14966230303200234,40.77888107299805,0.7879107938270336,0.01975950598716736,4.38690185546875e-05,1.289116
548,"In the Commonwealth games in Delhi, which British athlete won the mens 200m gold medal?",None,0, medal,37712,0,6,0.2940369261477046,1.0924814939498901,0.3152021877889122,48.17319107055664,1.6755778183734371,0.09129195660352707,0.1512451171875,5.2901187
549,"Which singer picked up three Ivor Novello awards in May, including songwriter of the year for her hit single, The Fear?",Amy Winehouse.,0, Fear,43067,0,5,0.33578935878243515,1.1620771884918213,0.47235826963527794,41.849308013916016,5.086772736362331,0.03780456632375717,6.73046875,2.3017619
550,Which American singer was born Eleanora Fagan?,Billie Holiday.,1,agan,18851,1,4,0.14697947854291418,1.3610305786132812,0.13234816111235537,34.98384094238281,0.10735782964195284,-0.009266739711165428,0.22412109375,0.42192882
551,Which famous woman in history had a cottage in Shottery in Warwickshire?,Anne Hathaway,1,shire,15255,1,5,0.11894180389221556,1.2267335653305054,0.19491724438550095,45.470890045166016,5.4222242529502775,0.08364399522542953,0.0176544189453125,0.6254703
552,Who sang the theme song for the TV show 'Rawhide'?,Frankie Laine,1,hide,8727,1,4,0.0680436002994012,1.154453992843628,0.2289111470563605,37.773101806640625,5.565422842778723,0.022266434505581856,0.671875,3.860932
553,Which sea lies between Italy and the former Yugoslavia?,The Adriatic Sea.,1, Yugoslavia,97877,0,11,0.7631377869261478,1.1171483993530273,1.003486374552618,40.43135070800781,2.311609625906061,0.054052721709012985,0.27392578125,1.0846014
554,In which country is the region Dalmatia?,Croatia,1,ia,689,1,2,0.005372068363273453,1.1236218214035034,-0.03970848251098813,41.952518463134766,3.5117977637867916,0.03684564679861069,0.1085205078125,0.21160533
555,Who was known as the Great Lover of the Silent Screen?,Rudolph Valentino.,1, Screen,14275,0,7,0.11130083582834331,1.1541221141815186,0.2069633031339757,44.31953048706055,2.519027585905415,0.0403946228325367,3.69921875,0.6350044
556,"Which actor plays Cate Blanchett's father in the 2004 film ""The Missing"", a story set in 19th century New Mexico where the father works with estranged daughter Blanchett to get her kidnapped child back?",John C. Reilly.,0, back,1203,0,5,0.009379678143712575,1.1405526399612427,-0.23417752765543476,57.30974197387695,13.486283032123097,0.12682697176933289,0.0316162109375,2.8570106
557,How is Frances Gumm the actress better known?,Frances Gumm is better known as Judy Garland.,1, known,3967,0,6,0.030930326846307386,1.1608165502548218,-0.086990713039651,44.654632568359375,1.6525370566816768,0.1284906268119812,0.29443359375,1.3387858
558,"Who won the Best Actress Oscar for the 1988 film, The Accused?",Jodie Foster,1,used,2656,1,4,0.020708582834331336,1.1240625381469727,0.04494045275150471,36.04823303222656,6.552280236567613,0.01468651182949543,2.1640625,0.2372148
559,"Which  constellation contains many bright shining stars, such as Regulus?",Leo,0,ulus,19990,1,4,0.15586015469061876,1.28098726272583,-0.008960635961644314,43.07597732543945,4.493598562626072,0.02743694558739662,0.0015125274658203125,0.9535612
560,"Which London river, now flowing underground, rises in Hampstead, flows through St. Pancras, down Farringdon Street and enters the Thames by Blackfriars Bridge?",The River Fleet.,1, Bridge,20467,0,7,0.15957927894211577,1.1704481840133667,0.26373491461940857,44.46750259399414,3.0929362005481984,0.11151325702667236,0.1910400390625,2.003553
561,-Day in 1944 was the greatest sea-bourn invasion in history. What was the code name for the operation?,Overlord,0, operation,5784,0,10,0.045097305389221555,1.1650137901306152,0.17533991083873124,45.605342864990234,6.340388661161592,0.07455220818519592,1.2421875,2.5955687
562,On which island are the Cuillin Hills?,Skye.,1, Hills,25964,0,6,0.202438872255489,1.2293968200683594,0.034855581098411914,44.02152633666992,2.214674011102276,0.03349928930401802,0.07672119140625,0.9853248
563,"Which dancer has only one notable film cameo, appearing with Sean Connery in the 1979 movie The First Great Train Robbery, breaking into a guarded station office.",Michael Caine.,0, office,5274,0,7,0.04112088323353293,1.1588305234909058,-0.04341150803202698,54.077857971191406,6.714004865409526,0.07466701418161392,6.78515625,5.2475066
564,What was the first name of the character played by John Travolta in Saturday Night Fever.,Tony Manero.,1, Fever,85001,0,6,0.6627448228542914,1.2343878746032715,0.23627487892200927,38.945648193359375,3.1201449337416447,0.06978797167539597,0.1776123046875,0.33807725
565,In which 1969 movie did Michael Caine appear with his brother Stanley.,The Italian Job.,1, Stanley,31552,0,8,0.24600798403193613,1.2083094120025635,0.20212645459305678,36.43503952026367,1.9041847367027387,0.07405795902013779,7.75,4.8686285
566,"In 1969, a man was stabbed to death by a member of the Hell's Angels at a Rolling Stones concert. Where was the concert held?",Altamont Speedway in California. The incident was later dramatized in,1, held,5762,0,5,0.044925773453093815,1.1237314939498901,0.11710142384187394,47.93672180175781,7.499713987289891,0.14004111289978027,0.7607421875,3.0765474
567,"How long does it take, approximately, for light to travel from the Sun to the Earth?",8 minutes and 20 seconds.,0, Earth,9420,0,6,0.07344685628742514,1.2016867399215698,-0.2281116458217065,42.7158203125,5.3386079993635125,0.10671132802963257,0.0657958984375,2.1306357
568,"A Long Island Iced Tea is a cocktail based on vodka, gin, tequila, and which other spirit?",Rum.,1, spirit,9090,0,7,0.07087387724550898,1.2377210855484009,0.0927171979282102,44.39335250854492,1.5470750908808233,0.09232137352228165,1.294921875,1.3705915
569,Anellini pasta is what type of shape?,Anellini pasta is a type of ring-shaped pasta.,1, shape,6211,0,6,0.04842658433133733,1.201859951019287,-0.03980523036466499,43.04658126831055,2.323310997497523,0.0985812321305275,5.5,4.0206695
570,A Cuba Libre is based on which spirit,Rum,1, spirit,9090,0,7,0.07087387724550898,1.2377210855484009,0.0927171979282102,40.96574783325195,1.1304438860332349,0.10554424673318863,3.0,1.8849906
571,Which company were responsible for the production of the Spitfire?,Supermarine Aviation Works (Vickers-Armstrongs) was responsible for,1,fire,11029,1,4,0.08599207834331338,1.1326713562011719,0.04737645858732176,40.032222747802734,1.2912699155154108,0.0021072840318083763,0.002094268798828125,1.5676548
572,"The lyric Always sunny in a rich man's world', is from which song?",I Will Survive by Gloria Gaynor,0, song,5609,0,5,0.04373284680638723,1.0817822217941284,0.13498880240219124,42.12736511230469,2.80043146445487,0.08524420112371445,0.446044921875,5.9153285
573,Who won the men's singles title at Wimbledon in 1987?,Pat Cash,1,7,22,1,1,0.00017153193612774452,0.8465970158576965,-0.10359574828782181,36.337894439697266,4.418437147190934,-0.0027694031596183777,2.900390625,0.75313026
574,Who made Victor Krum's wand?,Ollivander,0, wand,29810,0,5,0.23242577345309381,1.1769046783447266,0.24289867061162207,37.2939567565918,0.5345404062125794,0.08598709106445312,5.875,4.110479
575,What kind of creature is Firenze?,"Firenze is a centaur, a creature with the upper body of a",1,nze,85549,1,3,0.6670175274451098,1.2588633298873901,0.56075420414078,37.17838668823242,12.753442644301996,0.014839653857052326,5.70703125,1.5899385
576,What building in Scotland is said to house the Holy Grail and features prominently at the end of The Da Vinci Code?,Edinburgh Castle.,0, Code,6247,0,5,0.048707272954091815,1.0857126712799072,0.08421081134986164,41.88630294799805,0.9374990025548762,0.03449736163020134,0.079833984375,2.4810874
577,In which sitcom did Penelope Wilton play the wife of Richard Briers?,Ever Decreasing Circles,1,riers,17740,1,5,0.13831711576846306,1.2652366161346436,0.202518661732499,39.10597610473633,4.958150184452214,-0.024403344839811325,0.04095458984375,4.6692514
578,Who plays the role of Bubble in Absolutely Fabulous?,Julia Sawalha,0,ulous,13850,1,5,0.10798715069860279,1.2578483819961548,0.20065191543542715,38.798362731933594,0.7764973029271536,0.020302925258874893,0.005817413330078125,2.4937909
579,"Which cockney private detective, co-created by Terry Venables, was portrayed on TV by Nicholas Ball?",Harry Palmer.,0, Ball,13131,0,5,0.1023811751497006,1.1487709283828735,0.03826284834699978,42.90785598754883,16.086142399351687,0.044534917920827866,9.6640625,5.9841814
580,Who in 1975 became the first black man to win a Wimbledon singles title?,Arthur Ashe,1, title,2316,0,6,0.01805763473053892,1.0992573499679565,-0.09654371217088276,44.56712341308594,4.204540290337708,0.11373039335012436,0.0792236328125,0.21173555
581,Which South African fast bowler had the nickname White Lightning,Allan Donald,1, Lightning,34944,0,10,0.27245508982035926,1.1864477396011353,0.3884215395490913,41.660667419433594,7.990534381193179,0.08506401628255844,0.135986328125,1.2488208
582,"In 1953, Edmund Hillary was half of the famous pair to first do what?",Climbed Mount Everest,0, what,1148,0,5,0.008950848303393214,1.015754222869873,-0.1298222290115798,46.6308479309082,3.292173551528064,0.07957276701927185,1.4404296875,2.595983
583,Another name for the Holy Wars between the  Christian states of Europe against the Saracens,Crusades,1,ens,729,1,3,0.005683944610778443,1.2248520851135254,0.11281099475782552,49.743751525878906,3.584432781502528,0.021060721948742867,0.009185791015625,0.8772691
584,1986 film starring Goldie Hawn as a High School football coach.,Wildcats. ,1, coach,7395,0,6,0.05765812125748503,1.176853060722351,0.2760822991548024,43.31000518798828,8.776796388298076,0.07123224437236786,0.2802734375,1.4993329
585,"Who was the 16th president of the U.S.A.,assasinated in 1865",Abraham Lincoln,1,5,20,1,1,0.000155938123752495,0.8673302531242371,0.13664285511209417,46.588470458984375,6.4958896623508355,-0.026534264907240868,0.0286865234375,1.4003927
586,"Which Italian explorer had ships named Nina, Pinta and Santa Maria?",Christopher Columbus.,1, Maria,23880,0,6,0.18619011976047903,1.0582232475280762,0.20210220435427795,42.632896423339844,2.626423996517981,0.04859668016433716,0.034637451171875,0.5317329
587,Who had chart hits which included Annie`s Song and Rocky Mountain High?,John Denver,1, High,5234,0,5,0.04080900698602794,1.053806185722351,0.04124866610821076,41.97543716430664,11.54980927324192,0.05561290681362152,0.1456298828125,0.4766847
588,"Which cartoon series featured the characters Lion-o, Cheetera, Tygra and Snarf/",ThunderCats,0,arf,60326,1,3,0.4703561626746507,1.271558165550232,0.382296996170413,46.39696502685547,12.33781597381275,0.007093437016010284,0.288330078125,0.5143337
589,"Who was the leader of the gang whose members included Benny the Ball ,Brain and Choo Choo?","The leader of the gang was none other than the one and only, Speed",0,oo,2689,1,2,0.020965880738522954,1.2035752534866333,0.1448075844993708,50.125728607177734,14.962258962468006,0.017631344497203827,0.0002677440643310547,6.0607414
590,Which famous resident resides at Highgrove House?,"Charles, Prince of Wales.",1, House,4783,0,6,0.037292602295409184,1.0802117586135864,-0.1169615462545952,44.90638732910156,9.554206891428107,0.06550551950931549,0.0184478759765625,1.2803924
591,What is the currency of India?,Indian Rupee (INR),1, India,6890,0,6,0.05372068363273453,1.0136051177978516,0.3046080042023709,36.42458724975586,3.1215329249377035,0.11082891374826431,4.29296875,1.0555387
592,How many avenues radiate from the Arc de Triomphe?,12,1,he,383,1,2,0.0029862150698602794,1.126842737197876,-0.08740607107145504,43.798763275146484,1.16722063358071,0.03054502233862877,1.0728836059570312e-05,1.2058511
593,In which country is Dubrovnik?,Croatia.,1,nik,22212,1,3,0.17318488023952097,1.2575286626815796,0.11905151384072443,44.02685546875,4.616348249911894,0.0005715209990739822,0.0038127899169921875,0.083968304
594,"The Dakar Rally (previously known as the Paris Dakar rally) is an annual event, but of which country is Dakar the capital city?",Senegal,1, city,3363,0,5,0.026220995508982037,1.0699882507324219,-0.06340872603359493,51.77275466918945,3.8836378033642776,0.10828226804733276,1.3046875,1.0988528
595,The Miller Brewing Company got its start in what U.S. city?,Milwaukee,1, city,3363,0,5,0.026220995508982037,1.0699882507324219,-0.06340872603359493,42.95749282836914,2.7914179450872094,0.10501644760370255,0.475830078125,0.6663387
596,Who did Simple Simon meet on his way to the fair?,A Pilgrim,0, fair,6762,0,5,0.05272267964071856,1.2916864156723022,0.08511434526675021,43.0187873840332,4.184294985843892,0.0968780443072319,3.123046875,4.1998086
597,Which cartoon strip character first appeared in The Beano in 1951?,Dennis the Menace,1,1,16,1,1,0.000124750499001996,0.9435784220695496,1.1404854456094933,44.51121139526367,6.637291013544651,0.001054549589753151,1.6455078125,5.2446127
598,"The Asian Tsunami or Boxing day tsunami that hit Thailand, Indonesia and many other countries happened in what year?",2004,1, year,1060,0,5,0.008264720558882235,1.0836173295974731,-0.0332247538227084,45.00886154174805,5.580845216926189,0.09687039256095886,0.04437255859375,0.84840536
599,"Following that year's April Budget, Alderman Sir Cuthbert Ackroyd, who later became Lord Mayor of London, bought the first what on 1 November 1956?",Brick,0,6,21,1,1,0.00016373502994011975,0.8506052494049072,-0.130502595403319,46.12860870361328,8.295752597070177,-0.023632289841771126,2.5546875,6.837152
600,"Produced between 1970 and 1974, what is a Bond Bug?",A Bond Bug is a British sports car produced by Bond Cars Ltd. between,1, Bug,31601,0,4,0.24639003243512975,1.2033463716506958,0.14716713298003103,49.600215911865234,61.276096457598044,0.0695764496922493,9.0,3.3770115
601,What was Jacques Cousteau's mobile oceonagraphic laboratory.,Calypso.,1, laboratory,27692,0,11,0.2159119261477046,1.1126221418380737,0.24896632095068583,44.10038375854492,4.202556163444026,0.07905445247888565,0.1263427734375,0.8773763
602,What is the name of the helicopter used to transport the President of the United States,Marine One,1, States,4273,0,7,0.03331618013972056,1.1871955394744873,-0.08173420051189817,41.710758209228516,5.423112477103249,0.044792164117097855,0.000804901123046875,2.4838681
603,Which queen consort of England is associated with Hever Castle in Kent?,Anne Boleyn.,1, Kent,18206,0,5,0.1419504740518962,1.155523657798767,0.09013218653336308,42.007755279541016,5.968516808586891,0.08822720497846603,0.004985809326171875,1.1369857
604,What was the capital of the United States between 1785 and 1790??,New York City,1,0,15,1,1,0.00011695359281437126,0.903641939163208,0.07067242412983887,41.156246185302734,5.267691129213729,0.010959080420434475,0.357421875,1.5974185
605,Which country does the drink Cinzano come from?,Italy,1, from,505,0,5,0.003937437624750499,0.9809274673461914,-0.4288291262557671,45.82548141479492,6.622197504718072,0.13907559216022491,0.0010614395141601562,0.30811176
606,Which fictional girls' boarding school was created by the cartoonist Ronald Searle,St Trinian's,1,le,273,1,2,0.0021285553892215568,1.120110034942627,-0.14450103518781088,34.7009162902832,4.49426284944444,0.006380091886967421,0.0009093284606933594,0.971851
607,Who played the character Mr Chips in the 2002 TV adaptation of Goodbye Mr Chips,John Thaw,0, Chips,87768,0,6,0.6843188622754491,1.2865489721298218,0.2743521411749712,46.58082962036133,15.415349813909764,0.013729309663176537,0.041900634765625,3.3715963
608,Rarely is the question asked: Is our children learning?,"""Rarely is the question asked: Is our children learning?"" is a",0, learning,6975,0,9,0.05438342065868264,1.1075389385223389,0.037958307913594336,46.74254608154297,23.178506617425334,0.09767173230648041,3.01953125,4.377114
609,"Are you going to come quietly, or do I have to use earplugs?",I'm not sure what you're talking about.,0,ugs,13602,1,3,0.10605351796407185,1.2866318225860596,0.02351513719102316,47.9126091003418,6.926567626699832,0.003510892391204834,0.0032863616943359375,3.3449824
610,Which shipping forecast area is directly north of German Bight?,Dogger Bank,0,ight,492,1,4,0.003836077844311377,1.2381664514541626,-0.033467003076931956,43.645992279052734,6.003080862789076,0.01955081894993782,0.0026035308837890625,3.6499455
611,By what name did Samuel Langhorne Clemens publish his novels under?,Mark Twain,1, under,1234,0,6,0.009621382235528941,1.1779401302337646,0.018162100282543392,45.49801254272461,5.407815613781784,0.09489653259515762,1.626953125,1.7276591
612,Who wrote the novel Rasselas in a single week in 1759 to pay for his mother's funeral?,Samuel Johnson.,1, funeral,32079,0,8,0.2501169535928144,1.095624566078186,0.24252075923715966,46.823036193847656,6.724764068439594,0.09689923375844955,1.375,0.7699885
613,Who painted Girl with a Pearl Earring?,Johannes Vermeer,1,arring,20450,1,6,0.15944673153692615,1.2828123569488525,0.4396879113687029,38.254844665527344,3.753819551136548,0.010868795216083527,0.003192901611328125,0.4755394
614,What is 1009 when expressed as Roman Numerals?,MIX,1,als,1147,1,3,0.008943051397205588,1.2510566711425781,-0.015494522994919713,46.143131256103516,6.098796780535004,0.03254232555627823,0.0002777576446533203,3.1279314
615,Who had hits with Go Now and Nights in White Satin?,Moody Blues,1,in,258,1,2,0.0020116017964071854,1.0779210329055786,0.140843543533415,36.49819564819336,3.8176937226962977,0.032105643302202225,6.0677528381347656e-05,0.767672
616,Which statesman was known as the Iron Chancellor?,Otto von Bismarck.,1, Chancellor,48063,0,11,0.3747427020958084,1.1797943115234375,0.1364343865918265,36.85475540161133,1.0804878185679723,0.04383052885532379,1.0244140625,1.0147846
617,What was left in Pandora's Box after all the evil escaped?,Hope.,1, escaped,28883,0,8,0.22519804141716568,1.1646772623062134,-0.011342492245430158,47.9106330871582,7.62673192439785,0.09249893575906754,7.51171875,0.74431694
618,What type of bird was the first released by Noah?,Dove,0, Noah,43084,0,5,0.33592190618762474,1.1071152687072754,0.30136879767065405,40.44035720825195,1.9679499290498672,0.0874255895614624,6.98828125,1.1343063
619,What is the state capital of Florida?,Tallahassee,1, Florida,9784,0,8,0.07628493013972056,0.9948673844337463,0.1461183098156078,34.45531463623047,5.405392571080862,0.12663313746452332,4.95703125,0.007204145
620,Who was sacked as the Beatles' drummer and replaced by Ringo Starr?,Pete Best,1, Starr,76122,0,6,0.5935160928143712,1.261273980140686,0.32643288206289967,43.0507698059082,10.396673592820292,0.06873789429664612,0.0277862548828125,0.33195034
621,In which is Shakespeare's plays are the title character's last words the rest is silence?,Hamlet,1, silence,21847,0,8,0.17033900948103792,1.211077332496643,0.24177638158086223,50.39694595336914,11.668636703436768,0.07442882657051086,0.037750244140625,2.8366375
622,"Tsar Nicholas I abidacated in 1917, who was the other monarch to abdicate during this period?","Tsar Nicholas II, the last Romanov Tsar of Russia, ab",0, period,4261,0,7,0.03322261726546906,1.2462093830108643,0.09960577897689937,51.92992401123047,9.41846492328513,0.09822582453489304,1.162109375,3.5859873
623,"Which Roman Emperor was allegedy killed by his wife, Aggripina, in AD54?",Claudius,1,54,4370,1,2,0.03407248003992016,0.8836144804954529,0.008945161774509103,47.2988166809082,11.360504712847344,0.016390962526202202,8.25,0.6898848
624,Whose last words were Et Tu Brute according to Shakespeare?,Julius Caesar,1, Shakespeare,42482,0,12,0.3312281686626746,1.052824854850769,0.2781087719068571,41.54633331298828,3.799231278075741,0.07385732233524323,5.0703125,2.3798633
625,Mel Gibson (1990) and Kenneth Branagh (1996) have both played which character in movies?,Hamlet,1, movies,9698,0,7,0.07561439620758482,1.0715388059616089,0.0725632520168018,45.28707504272461,5.250102219973481,0.08172666281461716,6.76953125,2.9419768
626,"The original United Artists film studio was founded in 1919 by D.W. Griffith, Mary Pickford, Douglas Fairbanks and who else?",Charlie Chaplin.,1, else,775,0,5,0.006042602295409182,1.1627535820007324,-0.10338219639545798,41.890159606933594,3.6576405418400997,0.0772787407040596,0.6591796875,0.5369796
627,Which Holiday movie favourite featured a character called Kevin McCallister?,Home Alone. ,1,ister,1601,1,5,0.012482846806387225,1.2900478839874268,0.06753883624450951,39.73572540283203,4.972683885861678,0.023455508053302765,0.00012981891632080078,0.1639247
628,Who was the author of Pygmalion'?,George Bernard Shaw,1,ion,290,1,3,0.0022611027944111775,1.2188328504562378,-0.06065316360145845,44.306217193603516,4.73263375195621,0.028038546442985535,0.004756927490234375,1.0660554
629,"Who was the third President of the USA, following on from George Washington and John Adams was also famed for his numerous inventions?",Thomas Jefferson,1, inventions,85149,0,11,0.6638987649700598,1.1340417861938477,0.6293391931358934,43.80791091918945,10.167614819959999,0.0988026112318039,3.21875,0.20663862
630,What is the minimum age of someone running for the office of President of the United States?,35 years old.,0, States,4273,0,7,0.03331618013972056,1.1871955394744873,-0.08173420051189817,40.39802169799805,3.400510848370546,0.05716439709067345,0.0006208419799804688,1.7772049
631,England won the 1966 World Cup beating Germany 4-2. Hurst scored 3 of England's goals who scored the other?,Geoff Hurst scored 4 of England's goals in the 1966,0, other,1023,0,6,0.00797623502994012,1.178074598312378,0.360307945851873,50.652000427246094,7.374173544080861,0.10131684690713882,0.8427734375,2.4755628
632,From which 1960s sci-fi movie did 1980s pop sensation Duran Duran take their name from a character from the movie?,The Man from U.N.C.L.E.,0, movie,5818,0,6,0.0453624001996008,1.0511986017227173,0.1732760450721873,51.403656005859375,12.660694884118977,0.0892486646771431,0.63818359375,4.37878
633,What year did E.T. Hit the cinema screen?,1982,1, screen,4264,0,7,0.03324600798403193,1.1812855005264282,0.032960107667264094,49.38992691040039,7.9718942697131165,0.07217342406511307,4.2109375,1.1822164
634,The Red Sea is connected to the Indian Ocean by which gulf ?,The Red Sea is connected to the Indian Ocean by the Gulf of Aden,1,ulf,14643,1,3,0.11417009730538923,1.2415391206741333,0.16078315660136777,41.58359909057617,3.4290626587201345,0.012079467996954918,0.0325927734375,1.831205
635,The Red Setter is more properly known by which name?,Red Setter,1, name,836,0,5,0.006518213572854291,1.0520780086517334,-0.03031722564997752,49.23515319824219,3.8139281562656873,0.1042226105928421,1.8525390625,3.6664677
636,What was the name of the World War I fighter ace nicknamed the Red Baron?,Manfred Albrecht Freiherr von Richthofen,1, Baron,54007,0,6,0.4210875124750499,1.191349744796753,0.45734318005239194,37.69795608520508,1.6317636871544288,0.08110682666301727,0.017578125,0.5692055
637,What is the capital of the U.S. state of Connecticut?,Hartford,1, Connecticut,31461,0,12,0.24529846556886228,1.0163546800613403,0.16602573191454661,34.091487884521484,9.41870941074841,0.10352592170238495,4.78125,0.17334384
638,What was founded by Ferdinand II of Aragon and Isabella I of Castile to keep Catholic orthodoxy as the major religion of their kingdoms?,The Inquisition.,0, kingdoms,96506,0,9,0.7524482285429142,1.1354050636291504,0.36089585134034863,47.113285064697266,6.395159855194947,0.07898104190826416,1.36328125,1.7016834
639,"In golf, what name is given to a score of three under par on a given hole?",Eagle. An eagle is a score of two under par on a hole.,0, hole,14512,0,5,0.11314870259481039,1.2144056558609009,0.0450958928543872,39.81687927246094,4.343691956555719,0.07744061946868896,0.049835205078125,2.4816456
640,"In dentistry, what is the name given to hardened dental plaque?",TARTAR.,1, plaque,61464,0,7,0.47922904191616766,1.1385518312454224,0.22599779805074283,40.63423538208008,2.9840810232728296,0.07757747918367386,0.42578125,3.9761486
641,Which singer played the Goblin King Jareth in the film Labyrinth'?,David Bowie,1,abyrinth,62630,1,8,0.48832023453093815,1.2738314867019653,0.6260036408534728,37.23141098022461,2.314659620011229,0.06325721740722656,0.00017082691192626953,0.36266306
642,Who played Aunty Entity' in the film 'Mad Max Beyond the Thunderdome'?,Tina Turner,1,ome,638,1,3,0.00497442614770459,1.2717242240905762,-0.0073002687845540315,39.9519157409668,10.594067404611367,-0.0018385546281933784,5.364418029785156e-05,2.1579766
643,"Name the fantasy movie directed by Terry Gilliam, where 6 dwarves have stolen a map.",Time Bandits.,1, map,2472,0,4,0.019273952095808383,1.1376038789749146,-0.1293479092173473,44.458778381347656,8.443117935618266,0.07398448884487152,6.328125,0.9971978
644,"Which TV comedy had characters McLaren, Blanco & Warren",The Goodies. ,0, Warren,26713,0,7,0.20827875499001997,1.1677541732788086,0.1570329275500466,41.78105545043945,8.455034810264813,0.03523283079266548,7.33984375,4.9660583
645,In which TV series would you find an Eagle Transporter,Star Trek: The Next Generation,0,er,261,1,2,0.00203499251497006,1.1614882946014404,0.673686439880703,48.532615661621094,53.37013628348562,0.02889413759112358,1.2294921875,3.3955178
646,Which jazz saxophonist was nicknamed Bird,Charlie Parker,1, Bird,24214,0,5,0.1887942864271457,1.1700105667114258,0.35301959269624694,36.975311279296875,0.747375931789966,0.07541117817163467,12.296875,0.032738503
647,Which patriotic Irving Berlin song includes the line  From the mountains to the prairie to the oceans white with foam ?,God Bless America,1, foam,32183,0,5,0.25092783183632733,1.1777211427688599,0.17065514922576863,49.69761276245117,8.693106816990237,0.02755921706557274,1.2138671875,2.4256804
648,Who created the Miss World pageant?,Eric Morley,1,ant,519,1,3,0.004046594311377246,1.1764413118362427,0.12216973169387746,40.363040924072266,6.30804209200477,0.0521373376250267,0.01064300537109375,1.2532457
649,In Egyptian myth who was the God of chaos and disorder?,Apep,0, disorder,19823,0,9,0.15455807135728544,1.1408836841583252,0.018800951312775815,39.83802795410156,8.212992477351706,0.10337613523006439,1.6865234375,1.3809015
650,What type of creature is a Painted Dragon?,"A lizard, specifically a species of agamid lizard, Pogona",0, Dragon,16537,0,7,0.1289374376247505,1.049414873123169,0.16496960711601494,40.96440124511719,1.1373641545197692,0.090509332716465,6.7734375,1.8968074
651,Which method of painting consists of applying pigment to wet plaster?,A) Impasto,0, plaster,63027,0,8,0.49141560628742514,1.1800955533981323,0.05493441859832737,44.116241455078125,2.406703787004684,0.096912682056427,1.3310546875,4.7259326
652,Who is credited with the discovery of the tomb of King Tutankhamen in 1922?,Howard Carter,1,2,17,1,1,0.00013254740518962076,0.9272226095199585,1.2098593444044683,44.34738540649414,9.498238804798314,0.0036078463308513165,0.0008573532104492188,0.81396747
653,The King of Wishful Thinking was a hit song used during the opening credits of the movie Pretty Woman. Who sang it?,The King of Wishful Thinking was performed by the band Go West.,1, it,433,0,3,0.003376060379241517,0.899241030216217,-0.4121035743387429,35.77756881713867,0.7407345071385119,0.10786685347557068,1.0380859375,5.51901
654,"What dish, especially popular in parts of Wales and the English Midlands,  is traditionally made from pig's heart, liver and fatty belly meat or bacon minced together, with herbs added for flavouring and sometimes bread crumbs",Cawl,0, crumbs,97677,0,7,0.7615784056886228,1.1844371557235718,0.41869359734324174,47.754615783691406,1.8141668966802822,0.0724908635020256,2.8828125,2.032231
655,What was the name of Shari Lewis' sassy sock puppet?,Lamb Chop,1, puppet,50548,0,7,0.39411801397205587,1.1430914402008057,0.4136764986443473,42.80460739135742,8.523784870018382,0.0930134505033493,0.0726318359375,2.0448484
656,Captain Corelli's mandolin is a book a film set in which country,Greece,1, country,3224,0,8,0.025137225548902197,1.1246715784072876,0.14169943633174942,45.09017562866211,2.791184970764764,0.08271101862192154,2.14453125,0.5734887
657,The Bull is the village pub in an everyday tale of country folk. In which village is The Bull?,"The Bull is in the village of Littleton Panell, in the county",0, Bull,22353,0,5,0.17428424401197604,1.1956937313079834,0.08392436725722519,47.37065124511719,8.08733945524332,0.07726462185382843,0.00315093994140625,6.1811275
658,What is the second biggest city in the UK?,Birmingham,1, UK,6560,0,3,0.05114770459081836,1.0378730297088623,0.19301885278489994,39.88653564453125,2.3384570343555025,0.10108307003974915,3.6796875,1.4298503
659,Who was the second wife of Henry VIII?,Anne Boleyn,1, VIII,58333,0,5,0.45481692864271456,1.0410867929458618,0.2543950099646852,35.8026123046875,3.0691883027142692,0.05018983036279678,0.20458984375,1.2865534
660,Which actor does the interviewing in 'Interview with a Vampire'?,Brad Pitt,0, Vampire,61214,0,8,0.47727981536926145,1.1261367797851562,0.666886781616749,36.94231414794922,0.5870931710760572,0.07510074228048325,0.16748046875,2.318832
661,What is the southernmost city in USA,"Key West, Florida",0, USA,7427,0,4,0.057907622255489025,1.1540679931640625,0.011041512160495426,42.719905853271484,4.840072505893824,0.09330622106790543,8.4375,1.6311408
662,"In Vladimir Nabokov's book ""Lolita"", what is Lolita's real name?",Dolores Haze.,1, name,836,0,5,0.006518213572854291,1.0520780086517334,-0.03031722564997752,43.550819396972656,2.9855248744489584,0.10566700249910355,0.24462890625,1.4048331
663,"Which Shakespeare play tells the story of Prospero, the rightful Duke of Milan?",The Tempest,1, Milan,39855,0,6,0.3107456961077844,1.117038369178772,0.512682374617075,46.49968338012695,7.281188174218414,0.05558205768465996,0.011322021484375,0.03345571
664,Which RAF fighter-bomber was built by the Panavia partnership?,Tornado.,0, partnership,15664,0,12,0.12213073852295409,1.1615748405456543,0.4928856295805075,46.090057373046875,4.454034132576558,0.10751154273748398,5.07421875,1.7993628
665,What was the name of the sixth studio album released by Prince and the Revolution in June of 1984?,Purple Rain,1,4,19,1,1,0.00014814121756487027,0.8861324787139893,0.09808963250168734,44.16166305541992,9.7435215112501,-0.014648324809968472,0.95556640625,0.81697845
666,The undersurface of a person's foot or of a shoe?,sole,1, shoe,30077,0,5,0.23450754740518961,1.14665687084198,0.17798191932662455,43.76972579956055,1.6157491802049568,0.08373121172189713,2.490234375,2.266057
667,In which film series would you expect to film Katniss Everdeen and Peeta Malark?,The Hunger Games. The Hunger Games is a popular young adult dystopian novel,1,ark,847,1,3,0.006603979540918164,1.2874579429626465,0.05832727762052059,44.93140411376953,10.986379159957947,0.04122396931052208,4.765625,0.56961554
668,"""Rodney you plonka"" and ""This time next year we'll be millionaires"" are catchphrases from which well-known television sitcom?",Only Fools and Horses,1, sitcom,81466,0,7,0.635182759481038,1.0523293018341064,0.7292139582240167,39.01787185668945,3.9645465160988493,0.11859440803527832,3.77734375,3.2608855
669,What did my true love bring to me on the Sixth Day of Christmas?,A Partridge in a Pear Tree,0, Christmas,10280,0,10,0.08015219560878244,1.0971190929412842,0.017719274086741787,43.52887725830078,5.718244203129501,0.09375543892383575,1.5830078125,3.1425457
670,Louis Smith won an individual silver medal in gymnastics at the 2012 London Olympics. For what discipline?,Louis Smith won an individual silver medal in the pommel horse discipline at,1, discipline,26434,0,11,0.20610341816367264,1.2801105976104736,0.18184039814994568,45.58842468261719,3.42071433392098,0.09450507909059525,6.04296875,3.0197802
671,What animal did Reggie Perrin think of every time his Mother-in-law was mentioned?,A dog.,0, mentioned,9932,0,10,0.07743887225548902,1.0670086145401,0.016651268959148258,51.18928909301758,7.828531898928487,0.12543700635433197,2.9140625,4.4963045
672,Which former prime minister appeared on the Morecambe and Wise Christmas Special in 1978?,Harold Wilson.,1,8,23,1,1,0.00017932884231536926,0.866473913192749,-0.04354860676264938,44.118560791015625,6.60003396679339,-0.01571686938405037,1.7744140625,1.3205746
673,"Where does the infamous ""Streif"" downhill ski race take place?","Kitzbühel, Austria",1, place,2035,0,6,0.015866704091816366,1.1379038095474243,-0.1993365437942587,45.798160552978516,3.7452648746827286,0.08670233190059662,0.0004050731658935547,1.742671
674,What song was a hit for Tom Jones and Cerys Matthews in 1999?,A Woman Like You,0,9,24,1,1,0.00018712574850299402,0.8621779680252075,-0.18366614169192097,40.8817253112793,6.982468123158684,-0.0055304947309195995,2.728515625,4.54508
675,How many lines are there in a sonnet?,There are 14 lines in a sonnet.,1,net,4816,1,3,0.0375499001996008,1.2540329694747925,-0.019564140914751338,41.26820755004883,0.5775284085448358,0.0349569208920002,0.448486328125,1.1026399
676,What is the American version of Strictly Come Dancing called?,Dancing with the Stars.,1, called,2663,0,7,0.02076316117764471,1.1132361888885498,-0.04424807250157725,40.79778289794922,6.1084998627492695,0.1315254420042038,8.84375,0.5076253
677,What is the lightest metal under standard conditions?,Lithium,1, conditions,4787,0,11,0.03732378992015968,1.1750630140304565,0.023460004492195097,46.301326751708984,6.15027822102914,0.10105154663324356,0.57421875,2.3402445
678,What artist designed the logo for Chupa Chups lollipops?,Enric Bernat.,0,ops,3806,1,3,0.0296750249500998,1.2338212728500366,0.04912412428275292,43.39142990112305,4.8366966968284215,0.002146003535017371,0.00041174888610839844,5.094145
679,"What is being built in the Olympic Park, that will be the world's longest and tallest of its kind?","The Olympic Stadium, which will be the world's longest and tallest of its",0, kind,3169,0,5,0.024708395708582836,1.19664466381073,0.00011713875781538263,47.463111877441406,6.271445038737829,0.08689698576927185,0.03369140625,4.250946
680,In the 'Jungle Book' what type of creature was 'Bagheera'?,A tiger.,0,era,2473,1,3,0.01928174900199601,1.2868995666503906,0.13447249216297363,43.37882995605469,4.028232609806613,0.03556497022509575,0.0007719993591308594,2.1469162
681,What was the first Beatles film?,A Hard Day's Night (1964),1, film,4632,0,5,0.03611526946107784,1.0674729347229004,0.15200274985736995,40.0069465637207,4.2813745772621985,0.11003907024860382,3.3203125,0.19106467
682,What was the name of the Liverpool nightclub where the Beatles regularly played?,The Cavern Club.,1, played,6476,0,7,0.05049276447105788,1.1018941402435303,0.12676764856183764,45.435394287109375,0.5734132436660997,0.05850677564740181,1.3701171875,0.98082554
683,How many US states are prefixed by the word New?,4,1, New,1561,0,4,0.012170970558882235,1.0867911577224731,0.245665672680067,41.7490119934082,7.545681500214149,0.07795080542564392,9.8359375,1.4107738
684,"Although he never won an Oscar for best director, one of Hitchcock's films did win an Oscar for best picture. What was the film?",Rebecca (1940) won the Oscar for Best Picture. Hitchcock was,1, film,4632,0,5,0.03611526946107784,1.0674729347229004,0.15200274985736995,48.50547409057617,3.715694548676108,0.1035456508398056,0.266357421875,2.9309504
685,In which New York borough would you find Hell’s Kitchen?,Manhattan.,1, Kitchen,19915,0,8,0.1552753867265469,1.067428469657898,0.4800214886311247,37.5347785949707,6.513034991155587,0.05128875747323036,0.06414794921875,0.10863341
686,Which airline is nicknamed ‘The Flying Kangaroo’?,Qantas,1,aroo,76865,1,4,0.5993091941117764,1.3343383073806763,0.10115366160711936,44.469051361083984,5.9575565314318,0.03304450213909149,0.0011186599731445312,1.5773662
687,Which cartoon character had the maiden name ‘Slaghoople’?,Mr. Magoo,0,ople,1184,1,4,0.009231536926147704,1.379919171333313,0.25354602034059814,42.28239822387695,41.737238131947066,-0.0036983052268624306,0.57177734375,5.5378823
688,‘Think Different’ is an advertising slogan for which company?,Apple,0, company,2883,0,8,0.022478480538922156,1.1168212890625,0.13482601932783744,44.9567756652832,2.93479581710311,0.08050038665533066,0.421630859375,0.62044644
689,Which ‘A’ is a calculating frame with sliding balls on wires?,A = abacus,1, wires,36108,0,6,0.2815306886227545,1.175713062286377,0.027801462675576705,50.486663818359375,12.713114295656615,0.06445984542369843,6.52734375,2.707706
690,The rowan tree is also known as the Mountain ‘what’?,Ash,1,what,12840,1,4,0.1001122754491018,0.9610782861709595,0.3363997508431651,42.61803436279297,5.909135119539821,0.0707688182592392,8.71875,0.92173314
691,Which ‘A’ means in the open air?,Aroma,0, air,3805,0,4,0.029667228043912176,1.1612719297409058,-0.05175167358768862,47.59128189086914,47.0259720518362,0.0979616716504097,1.732421875,3.6852536
692,Buenos Aires is the capital of which South American country?,Argentina,1, country,3224,0,8,0.025137225548902197,1.1246715784072876,0.14169943633174942,45.04688262939453,7.1369434222588435,0.11738428473472595,0.013916015625,0.16000882
693,Apiculture is the raising and care of which creatures?,Apiculture is the raising and care of bees.,1, creatures,20566,0,10,0.16035117265469062,1.0807504653930664,0.23968351952062728,42.8543701171875,3.9455439757910638,0.11746707558631897,4.3359375,1.1982824
694,What is the capital of Indonesia?,Jakarta.,1, Indonesia,24922,0,10,0.19431449600798403,0.9828663468360901,0.4416917004727452,36.59853744506836,6.39642275827485,0.12347523123025894,5.9140625,0.09819268
695,Which vegetable was the first to be canned?,Green beans were the first vegetable to be canned. The first canning of,0, canned,64114,0,7,0.49989084331337325,1.1871048212051392,0.5211708907135879,39.53681182861328,1.9832562405855167,0.08353029936552048,6.30859375,2.0255094
696,"In computers, the X-Y Position Indicator for a Display System is now known as what?",Monitor,0, what,1148,0,5,0.008950848303393214,1.015754222869873,-0.1298222290115798,39.55140686035156,1.5358004669329883,0.08751579374074936,2.875,3.038633
697,The Khyber Pass is approximately how many miles long?,35 miles,0, long,1317,0,5,0.010268525449101796,1.1591604948043823,0.05136862509260132,41.26476287841797,4.276827404795144,0.10255947709083557,0.69775390625,0.9169437
698,"Which fruit did Nell Gwynn, mistress of King Charles II, sell in Drury Lane?",Peach,0, Lane,27109,0,5,0.21136632984031936,1.1890020370483398,0.1631076436326535,46.82630920410156,2.197217253295517,0.08273553848266602,0.0196533203125,3.5993366
699,The town of Tobermory is on which Scottish island?,Mull.,1, island,13218,0,7,0.10305950598802395,1.1325591802597046,0.0820942960730573,39.62314987182617,2.7214610339153946,0.10978734493255615,0.07867431640625,1.3274981
700,"In the novel ‘Wuthering Heights’ by Emily Bronte, Catherine’s father found Heathcliffe on the streets of which English city?",Liverpool,1, city,3363,0,5,0.026220995508982037,1.0699882507324219,-0.06340872603359493,44.28049087524414,1.680131395040184,0.09987587481737137,1.2607421875,2.7279277
701,Which Asian country hosted its first Formula One Grand Prix motor race in October 2010?,Korea,0,0,15,1,1,0.00011695359281437126,0.903641939163208,0.07067242412983887,44.80733108520508,9.412593647382428,0.0023521576076745987,2.716796875,1.9543408
702,"In UK currency, how many sides does a twenty pence piece have?",The twenty pence piece in the UK has 6 sides.,0, have,617,0,5,0.004810691117764471,0.8577746152877808,-0.33404546490673726,47.08156204223633,4.1819404870351455,0.15220405161380768,0.392578125,1.6443838
703,"In humans, otalgia, is the medical term for what?",Ear pain,1, what,1148,0,5,0.008950848303393214,1.015754222869873,-0.1298222290115798,44.14873123168945,5.085575995894196,0.06971978396177292,1.4501953125,2.3038085
704,"British MP, Diane Abbott, learned to play which musical instrument in the tv series ‘Play It Again’?",Piano,1, Again,14077,0,6,0.10975704840319361,1.1729837656021118,0.25084707566338516,39.426273345947266,0.7970374042045325,0.055080845952034,0.054443359375,3.2397103
705,Cristina Fernandez de Kirchner became President of which South American country in December 2007?,Argentina,1,7,22,1,1,0.00017153193612774452,0.8465970158576965,-0.10359574828782181,43.65399169921875,10.539424860677675,0.00028685759752988815,0.0177764892578125,0.10972606
706,"In Greek mythology, what was the name of the nymph who fell in love with Narcissus, but who was said to have pined away when her love was not returned, leaving only her voice?",Echo.,1, voice,7899,0,6,0.06158776197604791,1.1862101554870605,0.05180838821390932,37.84170150756836,0.9276399024021149,0.0494958758354187,5.2578125,0.26861206
707,The Marquesas Islands lie in which ocean?,Pacific Ocean,1, ocean,18435,0,6,0.14373596556886228,1.1073890924453735,0.20182825842847674,39.84111404418945,2.1279548440351492,0.10393523424863815,1.1240234375,1.2018236
708,Keflavik is the main international airport of which country?,Iceland,1, country,3224,0,8,0.025137225548902197,1.1246715784072876,0.14169943633174942,44.866249084472656,3.079501676374826,0.11244399100542068,0.07318115234375,0.12769008
709,Which British artist’s works include ‘The First Real Target’?,1.  The British artist whose works include ‘The First Real Target,0, Target,13791,0,7,0.10752713323353294,1.1425844430923462,0.33301301764672253,50.275020599365234,25.93913154370396,0.07320006936788559,12.6484375,5.534182
710,Which King of England sold Dunkirk to Louis XIV of France?,King Charles II of England sold Dunkirk to Louis XIV of France in,1, France,9822,0,7,0.0765812125748503,1.023292064666748,0.162849595634611,43.66571807861328,11.404600586463973,0.11002915352582932,0.0014066696166992188,1.9418094
711,What was the middle name of US actor James Dean?,Weldon,0, Dean,25028,0,5,0.19514096806387227,1.1672528982162476,0.13023128942258522,37.82146072387695,3.3763707744852116,0.06133990362286568,0.6748046875,3.609266
712,Which French author wrote the fairy tales ‘Little Red Riding Hood’ ‘Sleeping Beauty’ and ‘Puss in Boots’?,Charles Perrault.,1, Boots,46568,0,6,0.3630863273453094,1.201254963874817,0.4996122559057463,48.87221908569336,27.711051152506176,0.050286389887332916,0.0052490234375,0.21873426
713,Author J.R.R. Tolkien was born in which country?,England,0, country,3224,0,8,0.025137225548902197,1.1246715784072876,0.14169943633174942,44.7885627746582,5.364597520634291,0.09677818417549133,2.259765625,0.67780256
714,The pilgrim route to Santiago de Compostela in Northern Spain is known as the ‘Way’ of which saint?,The pilgrim route to Santiago de Compostela in Northern Spain is known,0, saint,36959,0,6,0.28816585578842313,1.0995962619781494,0.46207849375309795,40.61928939819336,3.4194887260118634,0.10482631623744965,0.70166015625,2.2764528
715,Peter O’Sullevan was a BBC commentator for which sport?,Tennis,0, sport,10775,0,6,0.08401166417165669,1.208243727684021,0.020300760397890194,42.134796142578125,1.3120368595651737,0.11451442539691925,1.21875,3.8327093
716,Who was the first Hanover King of England?,George I,1, England,9635,0,8,0.07512319111776447,1.029990792274475,-0.12187088997780116,43.73055648803711,4.527783375462514,0.12015020847320557,0.495361328125,1.0433539
717,Which group released an album in 1986 entitled ‘The Queen is Dead’?,The Smiths,1, Dead,15371,0,5,0.11984624500998003,1.1978366374969482,0.14986469994375407,42.374420166015625,9.727491399990441,0.06244416907429695,0.09381103515625,1.1218015
718,Which British Prime Minister said of Downing Street ‘One of the most precious jewels in the national heritage’?,Harold Wilson.,0, heritage,28948,0,9,0.22570484031936128,1.1759394407272339,0.2246938324844865,50.71849822998047,7.418998676724923,0.06968420743942261,1.21484375,3.2341383
719,Antigonus is a character in which Shakespeare play?,"Antigonus is a character in Shakespeare's play ""A Winter's Tale",1, play,1514,0,5,0.011804515968063872,1.1721858978271484,-0.18094343651699862,40.42626953125,3.0460504568076585,0.07815271615982056,0.52587890625,2.197456
720,Which British monarch famously said ‘I don’t wish to open windows into men’s souls’?,Queen Victoria.,0, souls,35826,0,6,0.2793319610778443,1.1917855739593506,0.10718900337497539,45.011932373046875,6.968658156920748,0.018812064081430435,1.38671875,2.2493784
721,Which bodily fluid is collected in a lachrymatory?,Tears. A lachrymatory is a container used to collect tears,1,atory,5382,1,5,0.041962949101796404,1.2172735929489136,0.022507108256689445,40.53491973876953,0.06565244011466298,0.0011821239022538066,0.52392578125,1.7186782
722,Which British singer played Jareth the Goblin King in the 1986 film ‘Labyrinth’?,David Bowie,1,abyrinth,62630,1,8,0.48832023453093815,1.2738314867019653,0.6260036408534728,36.57560729980469,3.6719089072714493,0.06883920729160309,0.0001081228256225586,0.2771246
723,Golfer Ernie Els was born in which country?,South Africa,1, country,3224,0,8,0.025137225548902197,1.1246715784072876,0.14169943633174942,46.54391860961914,6.398254744687106,0.10282960534095764,1.1474609375,0.1637837
724,Aconcagua is the highest mountain in which mountain range?,Aconcagua is the highest mountain in the Andes mountain range.,1, range,2134,0,6,0.01663859780439122,1.2052390575408936,-0.12214974925405375,40.6281852722168,1.8383542126851573,0.09062731266021729,0.022186279296875,1.2035344
725,The 1987 film ‘Cry Freedom’ is a biographical drama about which South African civil rights leader?,Walter Sisulu,0, leader,7808,0,7,0.06087824351297405,1.1422089338302612,0.036199367750676004,40.700584411621094,3.6143744791936454,0.06038926914334297,1.21875,2.6974964
726,Which British actress played Valerie in the 1997 film ‘Nil By Mouth’?,Kathy Burke,1, Mouth,66255,0,6,0.5165840194610778,1.2304601669311523,0.20496080538213368,44.22975158691406,29.084618900784058,0.034317031502723694,0.0020275115966796875,2.9362636
727,"What was the name of the Brazilian player who won the Women’s Singles Finals at Wimbledon in 1959, 1960 and 1964?",Maria Esther Bueno. She was a Brazilian tennis player who won the Women,1,4,19,1,1,0.00014814121756487027,0.8861324787139893,0.09808963250168734,43.75955581665039,4.126940663088435,-0.005031370557844639,3.814453125,2.6151464
728,"Apart from English, what is the official language of Canada?",French,1, Canada,7008,0,7,0.05464071856287425,1.0208954811096191,0.08949341709582503,34.950504302978516,2.069578665628608,0.115333192050457,3.69140625,0.5085897
729,What is the name of the steam locomotive which set the world speed record in July 1938 by reaching 126 mph on the East Coast Mainline  in England?,Mallard,1, England,9635,0,8,0.07512319111776447,1.029990792274475,-0.12187088997780116,45.049381256103516,11.570400544059146,0.1412917971611023,0.92822265625,2.7037132
730,Singer and musician Bono called which venue ‘Rock and roll’s great cathedral’?,"The answer is Madison Square Garden. Bono, the lead singer of U",1, cathedral,80250,0,10,0.6257017215568862,1.1057708263397217,0.4057290050628546,42.544700622558594,19.691735723278136,0.07812819629907608,3.017578125,4.047159
731,What type of creature is a bufflehead?,A bufflehead is a type of small North American duck. They are,1,head,2025,1,4,0.01578873502994012,1.1890745162963867,0.15050146240192142,38.36122131347656,1.388945269201609,0.014513030648231506,0.0121307373046875,0.69474137
732,The 1950’s Mau Mau uprising was against the British occupation of which country?,Kenya,1, country,3224,0,8,0.025137225548902197,1.1246715784072876,0.14169943633174942,46.95011520385742,3.012080164904334,0.09460616111755371,1.517578125,0.3706482
733,What is a positively charged ion called?,Cation,1, called,2663,0,7,0.02076316117764471,1.1132361888885498,-0.04424807250157725,42.824466705322266,7.4958216607682235,0.12813152372837067,4.74609375,0.9313819
734,Which 5th/6th Century Buddhist monk is described in Chinese texts as ‘The Blue-Eyed Barbarian’?,Bodhidharma.,1,ian,1122,1,3,0.00874812874251497,1.1499525308609009,0.1886438869327427,59.7806282043457,22.351571943720064,0.040149807929992676,0.00147247314453125,3.8982337
735,In which part of the human body is the limbic system?,The limbic system is located in the brain.,1, system,1887,0,7,0.014712761976047904,1.0969078540802002,-0.17722578779294196,43.65475082397461,4.430977865805803,0.06517313420772552,0.02520751953125,1.4424847
736,Which year saw the only hijacking of a British commercial flight?,1970,1, flight,11213,0,7,0.08742670908183632,1.199092149734497,0.07324190771801042,46.645172119140625,4.819448262546671,0.09777561575174332,4.08984375,0.17577398
737,What was the name of the Cunard ocean liner which was launched on 20th September 1906?,RMS Lusitania,0,6,21,1,1,0.00016373502994011975,0.8506052494049072,-0.130502595403319,45.37166213989258,6.771232109195477,-0.020196452736854553,2.60546875,1.2997221
738,Which European city had the world’s first birth control clinic?,"London, England.",0, clinic,28913,0,7,0.22543194860279442,1.0947519540786743,0.4383450789457348,44.38862991333008,2.739233596880892,0.09550651162862778,0.267333984375,2.5963924
739,In which James Bond film does actress Jane Seymour play Solitaire?,The Man with the Golden Gun (1974),0,itaire,60224,1,6,0.46956087824351295,1.2711596488952637,0.5127600345386405,37.46043395996094,0.5027835525724909,0.025331497192382812,0.0017032623291015625,1.4637829
740,What type of creature is a tanager?,A tanager is a type of bird.,1,anager,8347,1,6,0.0650807759481038,1.2121859788894653,0.7363732355924117,33.925575256347656,2.127852496845274,0.01695951074361801,3.837890625,0.9613865
741,"In ‘Follow That Camel’, the fourteenth Carry On film, Sid James was replaced by which US actor?",Phil Silvers,1, actor,12360,0,6,0.09636976047904192,1.0950732231140137,0.25831680693594405,45.679298400878906,2.0970999236340333,0.1194186806678772,0.5263671875,4.649157
742,"A mahout is a person who works, tends and rides which animal?",Elephant,1, animal,10065,0,7,0.07847586077844311,1.153334379196167,-0.02486011235853658,42.71116638183594,1.3251545546427517,0.08559692651033401,1.357421875,1.0783539
743,How many medals did the United States win at the 2010 Winter Olympics?,The United States won a total of 37 medals at the 2010,1, Olympics,33063,0,9,0.2577891092814371,1.1460075378417969,0.3085073223999344,41.143001556396484,1.3276697970832716,0.08644633740186691,0.0618896484375,0.97434765
744,‘The Weeping Woman’ is the work of which artist?,The Weeping Woman is a painting by the Spanish surrealist artist Pablo Picasso,1, artist,10255,0,7,0.07995727295409182,1.081459879875183,0.1252933375693046,41.12378692626953,2.6092935634697083,0.11948838084936142,0.289306640625,3.90573
745,The Koppen System is a classification system for what?,Climate,1, what,1148,0,5,0.008950848303393214,1.015754222869873,-0.1298222290115798,43.18960189819336,1.1482291445718342,0.07087936997413635,3.326171875,1.0769562
746,"In humans, a hemispherectomy is the removal of half of the what?",brain,1, what,1148,0,5,0.008950848303393214,1.015754222869873,-0.1298222290115798,41.465782165527344,1.5537558827825517,0.07644461840391159,9.8984375,1.7407324
747,"In Greek mythology, Tiresias disclosed the crimes of who?",Oedipus.,1, who,889,0,4,0.006931449600798403,1.0999982357025146,-0.40125844065775107,40.89657211303711,1.8433945444864497,0.11056385189294815,6.86328125,1.5428025
748,The United Nations University is based in which Asian city?,Tokyo,1, city,3363,0,5,0.026220995508982037,1.0699882507324219,-0.06340872603359493,44.368614196777344,3.5906141406605663,0.1277807205915451,1.2724609375,0.54059976
749,What is the name of the iron hook which is attached to the pole used by fisherman to land a heavy fish?,Gaff,1, fish,7795,0,5,0.06077688373253493,1.1366137266159058,0.2607173783985659,46.198604583740234,3.8891136591238373,0.09137892723083496,0.72119140625,4.1678715
750,Which English singer/songwriter/musician wrote the Tremeloes hit ‘Here Comes My Baby’ at the age of eighteen?,Cat Stevens,1, eighteen,63134,0,9,0.492249875249501,1.0031473636627197,1.1354645227316196,46.829933166503906,5.07291078097253,0.1044430062174797,9.6328125,1.6869129
751,Mearth was the name of the child of which US tv characters?,The Brady Bunch,0, characters,5885,0,11,0.045884792914171656,1.130938172340393,0.2489026966178156,50.175682067871094,46.50340678191686,0.06992365419864655,5.58984375,4.9787855
752,In which state of the US is it illegal to mis-pronounce the name of the state?,Alabama.,0, state,1614,0,6,0.012584206586826347,1.1630382537841797,-0.1992004034250674,43.69786834716797,4.776203700588492,0.0721825510263443,1.3251953125,4.2709913
753,The Strawberry Museum in the town of Wepion is in which country?,Belgium,1, country,3224,0,8,0.025137225548902197,1.1246715784072876,0.14169943633174942,42.767738342285156,4.983413735495156,0.10405212640762329,0.35888671875,0.13673618
754,The Hotel Matignon is the official residence of the Prime Minister of which European country?,France,1, country,3224,0,8,0.025137225548902197,1.1246715784072876,0.14169943633174942,45.992435455322266,7.242213797354912,0.1275320053100586,0.0217742919921875,0.36300462
755,Which British politician became Member of Parliament for Epping in October 1924?,Winston Churchill,1,4,19,1,1,0.00014814121756487027,0.8861324787139893,0.09808963250168734,46.981719970703125,3.7007557639640725,-0.003306325525045395,1.4677734375,4.267471
756,‘The Crafty Cockney’ was the nickname of which British darts player?,Eric Bristow,1, player,2851,0,7,0.022228979540918164,1.092930793762207,-0.11294855787078273,42.0506477355957,5.737732160407775,0.08350715786218643,0.1845703125,3.1803677
757,Which famous jewellers makes the Super Bowl Trophy?,Tiffany & Co.,1, Trophy,56204,0,7,0.43821731536926145,1.2314801216125488,0.15139890780331466,45.24985885620117,5.530646746090914,0.06525982916355133,6.0625,0.22959003
758,"Bedloe’s Island in New York Harbour, is the former name of which island?",Manhattan,0, island,13218,0,7,0.10305950598802395,1.1325591802597046,0.0820942960730573,44.87564468383789,3.1268386315132988,0.10884395241737366,3.228515625,3.0398803
759,What is the name of the Jewish spring festival which celebrates the exodus of the Israelites from Egypt?,Passover,1, Egypt,15212,0,6,0.1186065369261477,1.006757140159607,0.18922919922357329,46.42892837524414,4.869820786002695,0.08488745987415314,0.081787109375,0.55536467
760,Sadler’s Wells Ballet and the Vic-Wells Ballet were the previous names of which British ballet company?,The Royal Ballet.,1, company,2883,0,8,0.022478480538922156,1.1168212890625,0.13482601932783744,41.91911697387695,9.323290744017974,0.11374820023775101,0.012420654296875,0.7503517
761,The roller coaster ride called Rita is located at which English theme park?,Alton Towers,1, park,6246,0,5,0.04869947604790419,1.151465892791748,0.008319868206944747,41.71510314941406,4.481163997065293,0.09738755971193314,0.040740966796875,0.8230622
762,Which is the first written single word number in which the letter ‘A’ appears?,One,0, appears,8111,0,8,0.06324070608782435,1.0249524116516113,0.12676600369651103,50.55214309692383,3.005209005078445,0.09990961104631424,1.2353515625,2.9317853
763,In which year did Margaret Thatcher become British Prime Minister?,1979,1, Minister,9675,0,9,0.07543506736526946,1.0746561288833618,0.353993272973832,45.12249755859375,5.431928758781931,0.07993460446596146,0.005413055419921875,0.6859505
764,"In January 1957, Russell Endean became the first batsman to be dismissed from a test cricket match for doing what?",Being bowled.,0, what,1148,0,5,0.008950848303393214,1.015754222869873,-0.1298222290115798,45.31407165527344,3.3347373593061,0.09931506961584091,2.240234375,4.8324857
765,What type of animal is a dik-dik?,A dik-dik is a type of antelope. Dik-diks,1,ik,1609,1,2,0.012545222055888223,1.1029404401779175,0.11847138661953194,34.251747131347656,-0.08339110786976267,0.021695073693990707,0.0138092041015625,1.1092044
766,"Isoprene, Butyl and Nitrile are all types of which substance?",Rubber,1, substance,20278,0,10,0.1581056636726547,1.1876099109649658,0.34308238580971295,47.24413299560547,3.2828890096677448,0.0973600372672081,2.583984375,1.2632836
767,Taka is the basic monetary unit of which country?,1,0, country,3224,0,8,0.025137225548902197,1.1246715784072876,0.14169943633174942,46.62089538574219,4.60437772801495,0.11438637971878052,0.1651611328125,2.6817741
768,Who does Emilio Estevez play in the 1988 film ‘Young Guns’?,Emilio Estevez plays Billy the Kid in the 1988 film ‘,1, Guns,60565,0,5,0.47221962325349304,1.170119285583496,0.21597822186714222,39.47623825073242,0.5977783882075354,0.07799869030714035,0.01041412353515625,2.4915025
769,Which Mediterranean island gained independence in 1959 under the presidency of Archbishop Makarios?,Cyprus,1,arios,10308,1,5,0.08037050898203593,1.2566378116607666,0.34492010870111045,47.281925201416016,1.12546124596241,0.011087995953857899,0.0029163360595703125,0.024444357
770,"In medicine, chromotopsia is the term for abnormally coloured what?",vision,1, what,1148,0,5,0.008950848303393214,1.015754222869873,-0.1298222290115798,40.543113708496094,1.110727413602695,0.08650441467761993,12.0546875,1.385956
771,Wanlockhead is the highest village in which European country?,Scotland,1, country,3224,0,8,0.025137225548902197,1.1246715784072876,0.14169943633174942,41.56888961791992,4.425587547734804,0.10873615741729736,7.09765625,0.5911712
772,Which European country hosted the 1956 Winter Olympic Games?,Switzerland,0, Games,11871,0,6,0.09255707335329341,1.0987257957458496,0.00129056380911452,42.812744140625,2.7044131333869776,0.07827410101890564,0.01457977294921875,1.9446875
773,‘Lofsongur’ is the national anthem of which country?,Iceland,1, country,3224,0,8,0.025137225548902197,1.1246715784072876,0.14169943633174942,43.807498931884766,2.891233146562743,0.10531432181596756,0.05218505859375,2.7065642
774,"In Roman mythology, what was the name of the brother slain by Romulus?",Remus.,1,ulus,19990,1,4,0.15586015469061876,1.28098726272583,-0.008960635961644314,37.28926086425781,0.5510418177892054,0.05265777185559273,0.000423431396484375,1.233658
775,"In 1951, which European country saw the abdication of King Leopold lll in favour of his son Baudouin?",Belgium,1,in,258,1,2,0.0020116017964071854,1.0779210329055786,0.140843543533415,51.2465934753418,7.729432288677275,0.04492422565817833,0.00016355514526367188,0.17119917
776,In medicine the MMR vaccination gives protection against which diseases?,"The MMR vaccination gives protection against measles, mumps, and rubella",0, diseases,19338,0,9,0.15077657185628743,1.042237639427185,0.34408407866598045,42.49423599243164,3.312970940900269,0.09008746594190598,1.0390625,2.0558498
777,A saluki is which type of animal?,A saluki is a type of dog.,1, animal,10065,0,7,0.07847586077844311,1.153334379196167,-0.02486011235853658,43.50663375854492,6.322485079228944,0.10731495171785355,1.98046875,1.8241014
778,"What disease was Robert the Bruce, King of Scotland, said to have died of in 1329?",Tuberculosis.,0,9,24,1,1,0.00018712574850299402,0.8621779680252075,-0.18366614169192097,46.057369232177734,9.367873288848019,-0.002612403593957424,0.040283203125,2.8689532
779,‘Divine Wind’ is the English translation of which Japanese word?,Kamikaze,1, word,3492,0,5,0.02722679640718563,1.1607381105422974,0.0740611130076756,45.207374572753906,2.234256815814586,0.05299888551235199,1.15625,1.0996178
780,Which Flemish Baroque painter’s Antwerp home is now a museum?,Peter Paul Rubens,1, museum,24925,0,7,0.1943378867265469,1.0909488201141357,0.07505490054638697,49.50174331665039,3.4021924963505272,0.11306006461381912,0.109619140625,1.1022952
781,"In medicine, epiphora affects which part of the human body?",Epiphora is a medical condition that affects the eyes. It is characterized,1, body,2547,0,5,0.01985872005988024,1.2702053785324097,-0.13324124381578972,44.83987808227539,2.5042303196543934,0.07207466661930084,0.1495361328125,1.9176174
782,What nationality was 19th Century author Hans Christian Anderson?,Danish,1, Anderson,21293,0,9,0.16601952345309381,1.0800540447235107,0.18050594059085423,38.92853546142578,8.694305240365598,0.04329601675271988,5.10546875,0.85444623
783,Umberto ll was the last king of which European country?,Italy,1, country,3224,0,8,0.025137225548902197,1.1246715784072876,0.14169943633174942,44.12772750854492,4.484675332764825,0.10343412309885025,0.54736328125,1.4859866
784,Which US singing duo started out under the names Caesar and Cleo?,Sonny and Cher. ,1,o,78,1,1,0.0006081586826347306,1.1323213577270508,0.3241619839163885,45.752201080322266,7.272638339586996,0.01592344045639038,0.25048828125,3.5437741
785,"Fidel Castro, former President of Cuba, ordered which board game to be destroyed when he took power?",Monopoly,1, power,2410,0,6,0.018790543912175647,1.2003772258758545,-0.09442772347471529,48.93478012084961,5.723051854371848,0.08717238903045654,1.2509765625,3.5234826
786,Which creature features on the label of a Bacardi rum bottle?,A bat.,1, bottle,16893,0,7,0.1317131362275449,1.153990387916565,0.3256950236310261,47.96240234375,3.532663011664332,0.11188476532697678,0.0953369140625,2.6644406
787,"According to the Bible, who was the only apostle to witness the crucifixion of Jesus?",Matthew.,0, Jesus,10811,0,6,0.08429235279441118,1.0517369508743286,0.12315584209053032,45.70261764526367,3.8920240090004183,0.1471053659915924,0.05364990234375,1.8825663
788,"Who played the role of Caligula in the 1976 UK tv series ‘I, Claudius’?",Derek Jacobi,0,ius,9334,1,3,0.07277632235528943,1.2857550382614136,-0.0006025316853190965,39.17647171020508,3.1491572383595985,0.03645942732691765,0.0007300376892089844,3.2614708
789,What colour is the cross on the national flag of Denmark?,White.,1, Denmark,35440,0,8,0.2763223552894212,1.0070139169692993,0.773985026640442,34.97941970825195,3.0075413386989984,0.12986285984516144,4.2734375,1.0421429
790,Who wrote the 1963 novel ‘The Spy Who Came in From the Cold’?,John le Carré,1, Cold,24062,0,5,0.18760915668662675,1.2312350273132324,0.43036133162896517,40.95682144165039,26.232125818720323,0.07207949459552765,0.0023517608642578125,0.73498523
791,"Composite, Shield and Cinder Cone are all types of what?",Volcanoes,1, what,1148,0,5,0.008950848303393214,1.015754222869873,-0.1298222290115798,42.7975959777832,3.14751349873145,0.06211666017770767,0.87548828125,0.9349774
792,Mouldwarp is an old name for which creature?,Mouldwarp is an old name for the Bat.,0, creature,17661,0,9,0.1377011601796407,1.1189846992492676,0.2033950804964193,42.192543029785156,4.407676729822994,0.09903574734926224,10.3828125,5.0972385
793,What is the name of Humphrey Bogart’s character in the film ‘Casablanca’?,Rick Blaine,1,ca,936,1,2,0.007297904191616767,1.1341447830200195,0.021011578797291097,40.201683044433594,2.0305196772081278,0.02253207564353943,9.5367431640625e-07,0.95990866
794,What is the US state capital of Louisiana?,Baton Rouge,1, Louisiana,29974,0,10,0.23370446606786427,1.0449285507202148,0.18776448815604985,37.016212463378906,7.759918258045634,0.1037292629480362,3.22265625,0.104311675
795,What is the title of the 1996 Oscar-winning documentary about the Muhammad Ali and George Foreman 1974 ‘Rumble in the Jungle’ fight in Zaire?,"When the Going Gets Tough, the Tough Get Going is incorrect. The correct",0,aire,12267,1,4,0.09564464820359281,1.3316682577133179,0.21596105506827135,43.909454345703125,2.566590330326096,0.017674244940280914,0.0037822723388671875,0.7846365
796,The Battle of Vimy Ridge took place in which country during World War l?,France,1, l,326,0,2,0.0025417914171656686,1.1123558282852173,0.05504534235391256,47.04145050048828,6.604390067328049,0.10860926657915115,11.46875,1.5840284
797,What colour is ‘Mr Man’ Mr Strong’s hat?,Red,0, hat,9072,0,4,0.07073353293413173,1.1384578943252563,0.040268409547932205,44.735191345214844,5.29425086512841,0.09476692974567413,3.3828125,3.1879654
798,What are the first names of art duo Proesch and Passmore?,Proesch and Passmore are an art duo composed of artists John Proesch,0,more,6518,1,4,0.050820234530938126,1.003076434135437,0.005975664492096744,47.40679168701172,34.15158898674788,0.02222559042274952,5.37109375,5.8250647
799,What was is the name of Penelope Pitstop’s car in the children’s tv cartoon series ‘Wacky Races’?,The name of Penelope Pitstop’s car in the children’s TV cartoon,0, Races,98200,0,6,0.7656561876247505,1.253833293914795,0.37656367575426275,45.1270637512207,31.90001533400278,0.017638133838772774,0.293212890625,3.4977705
800,The Wang River is in which Asian country?,Thailand,1, country,3224,0,8,0.025137225548902197,1.1246715784072876,0.14169943633174942,42.488590240478516,7.556559917527927,0.11370766907930374,0.0288238525390625,2.1186912
801,Which tennis player was known as the Rockhampton Rocket?,Rod Laver.,1, Rocket,40318,0,7,0.3143556636726547,1.185806393623352,0.2352166469134076,43.07971954345703,6.537844758444393,0.08817149698734283,1.19140625,3.9806695
802,The ports of Puck and Jastarnia are in which European country?,Poland,1, country,3224,0,8,0.025137225548902197,1.1246715784072876,0.14169943633174942,44.10187911987305,5.998682959425123,0.1113908663392067,0.277587890625,1.7261641
803,Which famous racehorse won Australia’s Melbourne Cup in 1930?,Phar Lap,1,0,15,1,1,0.00011695359281437126,0.903641939163208,0.07067242412983887,45.99534606933594,7.163535052804296,0.008447340689599514,0.76513671875,0.70986044
804,Amr Shabana from Egypt is famous for playing which sport?,Squash,1, sport,10775,0,6,0.08401166417165669,1.208243727684021,0.020300760397890194,41.488685607910156,1.171996530391283,0.12234987318515778,0.269775390625,1.6668108
805,How many pounds are in a UK (long) ton?,2240 pounds.,1, ton,8941,0,4,0.06971213822355289,1.29183030128479,0.18889655964653151,40.71165466308594,2.67117447036384,0.09012787789106369,2.9453125,1.3138739
806,Cobweb is a fairy in which Shakespeare play?,A Midsummer Night's Dream,1, play,1514,0,5,0.011804515968063872,1.1721858978271484,-0.18094343651699862,41.802032470703125,4.566303131776983,0.07611532509326935,0.896484375,1.2988901
807,Apimania is an obsession with which creatures?,Apimania is an obsession with bees.,1, creatures,20566,0,10,0.16035117265469062,1.0807504653930664,0.23968351952062728,43.465328216552734,5.9655382649202995,0.11074183881282806,10.75,2.0470703
808,"In 1216, English monarch King John was said to have lost the crown jewels while crossing which body of water?",The Seine River,0, water,3090,0,6,0.02409244011976048,1.0934327840805054,-0.17591048520100516,44.468502044677734,2.2728871639765034,0.08942550420761108,0.0009264945983886719,3.0634587
809,Which British playwright was killed with a hammer by his lover Keith Haliwell in 1967?,Joe Orton,1,7,22,1,1,0.00017153193612774452,0.8465970158576965,-0.10359574828782181,46.08216857910156,11.482798054531312,-0.0049409884959459305,2.306640625,3.413645
810,What is the nickname of baseball star Jimmie Foxx?,Double X,1,xx,4239,1,2,0.03305108532934132,1.1399829387664795,0.0631037565281165,36.221588134765625,6.892325896857702,-0.017625615000724792,0.006916046142578125,1.4102426
811,The Free Officers Movement was composed of young junior army officers committed to unseating the monarchy of which African country?,Sudan,0, country,3224,0,8,0.025137225548902197,1.1246715784072876,0.14169943633174942,45.03273391723633,4.940392493874584,0.09526518732309341,0.11273193359375,2.4156773
812,"In which year was the storming of the Bastille, which started the French Revolution?",1789,1, Revolution,22910,0,11,0.17862712075848303,1.1828291416168213,0.04548034576652382,43.608734130859375,8.756673063185815,0.0796569213271141,0.0123443603515625,0.5253919
813,Who was the first poet to be buried at Poet’s Corner in London’s Westminster Abbey?,Geoffrey Chaucer,1, Abbey,65555,0,6,0.5111261851297405,1.1585791110992432,0.32268474597038965,41.56317138671875,5.548116852601824,0.08905337005853653,0.0032958984375,1.1436198
814,‘The Night of the Long Knives’ refers to which leader eliminating many of his political enemies?,Adolf Hitler,1, enemies,14207,0,8,0.11077064620758482,1.089032530784607,0.3543562113496561,45.691890716552734,3.0955208214855263,0.05457254871726036,3.017578125,1.434688
815,Hans Holbein the Younger was court painter to which English monarch?,Henry VIII,1, monarch,63854,0,8,0.4978636477045908,1.1225054264068604,0.42603687067186913,41.93894958496094,3.6657170794323157,0.10547127574682236,0.1591796875,0.59294546
816,Who was the illustrator for most of Roald Dahl’s stories for children?,Quentin Blake,1, children,2911,0,9,0.022696793912175647,1.0511116981506348,-0.020254345691597564,45.32437515258789,8.22675163668863,0.1160479262471199,0.216552734375,3.6950266
817,The 1958 film ‘Gigi’ was based on the novel by which French author?,Colette,1, author,3229,0,7,0.02517621007984032,1.1255892515182495,0.07989386897434958,41.937416076660156,1.5847763909193482,0.0799466073513031,0.11712646484375,1.435116
818,‘Back to Bedlam’ was the debut album for which British singer?,Amy Winehouse,0, singer,23597,0,7,0.18398359530938124,1.0244218111038208,0.2476478759876395,47.08026123046875,10.515636221256482,0.11747191846370697,2.08203125,4.525793
819,Which US gangster was released from Alcatraz prison in November 1939?,Al Capone,1,9,24,1,1,0.00018712574850299402,0.8621779680252075,-0.18366614169192097,43.519081115722656,4.656354004639409,-0.0019720401614904404,0.52880859375,1.0642277
820,The fictional characters William Dobbin and Rawdon Crawley appear in which novel?,Vile Bodies,0, novel,11775,0,6,0.09180857035928144,1.1707466840744019,-0.042815624241062444,41.65317916870117,2.1928033854238533,0.11685793846845627,0.904296875,1.9833202
821,Who does the commentary in the UK tv programme ‘Come Dine With Me’?,Dave Lamb.,1, Me,2206,0,3,0.0171999750499002,1.079465389251709,-0.0033825481097236043,39.588016510009766,3.925852004077454,0.07214376330375671,0.216064453125,3.7864506
822,Hidrosis is the medical term for which bodily function?,A,0, function,734,0,9,0.005722929141716567,1.0981663465499878,-0.06290935879910409,44.0123176574707,1.6135331720097525,0.08914117515087128,0.233642578125,1.873511
823,The town of Honiton in Devon is famous for producing what?,Lace.,1, what,1148,0,5,0.008950848303393214,1.015754222869873,-0.1298222290115798,45.71078109741211,4.2950287624505386,0.07643437385559082,3.001953125,3.5988631
824,Which two colours make up the national flag of Greenland?,The national flag of Greenland is a white background with a large red disk in,0, Greenland,73778,0,10,0.5752401447105788,1.168101191520691,0.13462949374450872,36.35667419433594,1.2976165168190992,0.09249242395162582,7.76171875,2.059156
825,Which national team beat Hungary 4-2 to win the 1938 FIFA World Cup?,Italy,1, Cup,11098,0,4,0.08653006487025948,1.203895926475525,-0.15116212543658092,40.53609848022461,0.6958583375222487,0.060271311551332474,0.0012845993041992188,0.22579755
826,"Yellow-pine, Uinta and Lodgepole are all types of which animal?",Pine Marten,0, animal,10065,0,7,0.07847586077844311,1.153334379196167,-0.02486011235853658,43.01677703857422,2.4579670160074825,0.07650195062160492,4.11328125,3.2735703
827,Who plays Daphne in the 2002 film ‘Scooby-Doo’?,Sarah Michelle Gellar,1,oo,2689,1,2,0.020965880738522954,1.2035752534866333,0.1448075844993708,45.092994689941406,2.7820809980234866,0.043063025921583176,0.00029468536376953125,0.38815984
828,The Euro is divided into how many cents?,100,1, cents,31291,0,6,0.24397299151696608,1.0865968465805054,0.13510940541378647,38.62517547607422,1.558973925514258,0.09776560962200165,1.484375,1.0753756
829,In the NATO phonetic alphabet which word represents the letter ‘C’?,Charlie.,1,C,34,1,1,0.00026509481037924153,1.0149744749069214,0.20968302922903437,42.75194549560547,16.684691286472784,0.033106572926044464,3.87109375,0.7218942
830,Which former RAF pilot wrote the novel ‘Airport’?,Arthur Hailey.,1,Airport,84213,1,7,0.6566008607784432,1.1228183507919312,1.101926796452049,41.91830825805664,8.455711268543235,0.025559943169355392,9.09375,1.0746783
831,A creance is the name of the long fine cord used in which sport?,Sailing,0, sport,10775,0,6,0.08401166417165669,1.208243727684021,0.020300760397890194,43.138004302978516,2.7579233270207686,0.10915842652320862,1.6962890625,3.438379
832,"In the UK tv series ‘Mr Bean’, what model car does Mr Bean drive?",The 1977 British Leyland Mini 1000.,1, drive,6678,0,6,0.052067739520958084,1.1895363330841064,0.012005618027508547,44.45574188232422,2.3594701431069396,0.09615462273359299,1.353515625,4.0161757
833,Rodolfo and Mimi are the main characters in which opera by Giacomo Puccini?,La Bohème,1,ini,6729,1,3,0.05246538173652695,1.1659293174743652,0.062037363638248966,40.3634033203125,0.5696563748159775,0.00849192775785923,9.655952453613281e-06,3.0101812
834,In which year did it become compulsory to wear seat belts in front seats of cars in the UK?,1983,1, UK,6560,0,3,0.05114770459081836,1.0378730297088623,0.19301885278489994,39.14494705200195,6.110633647685846,0.11583775281906128,1.087890625,1.5207005
835,Which country was invaded by Iraq in 1990?,Kuwait,1,0,15,1,1,0.00011695359281437126,0.903641939163208,0.07067242412983887,43.51508331298828,6.726953292771441,0.006641971878707409,0.765625,0.09641608
836,The Oroville Dam is in which US state?,California,1, state,1614,0,6,0.012584206586826347,1.1630382537841797,-0.1992004034250674,40.23768615722656,3.556071886306799,0.10112348198890686,0.08184814453125,0.2629882
837,What was the name of the Prime Minister of Egypt who was assassinated in 1910?,Boutros Ghali,1,0,15,1,1,0.00011695359281437126,0.903641939163208,0.07067242412983887,42.39114761352539,9.625070177086382,0.007977845147252083,3.70703125,4.0060396
838,The OK Corral is in which US town?,"Tombstone, Arizona.",1, town,6424,0,5,0.050087325349301395,1.1687421798706055,0.012048411629639322,44.36895751953125,3.0846158125413954,0.08796608448028564,6.73828125,0.44075134
839,"In Greek mythology, Amphitrite, queen of the sea, was the wife of which god?",Poseidon,1, god,10087,0,4,0.07864739271457086,1.1538569927215576,0.1082865997675806,43.08328628540039,2.2599786192565654,0.12257002294063568,0.60595703125,0.68401384
840,On which part of the body would a mukluk be worn?,A mukluk is a type of boot traditionally worn by Inuit people,0, worn,24634,0,5,0.1920689870259481,1.1916120052337646,0.3280125976396433,45.35600662231445,3.118152205774564,0.12258513271808624,0.912109375,1.7788223
841,Sandygate Road football and cricket stadium is in which English city?,Leeds,0, city,3363,0,5,0.026220995508982037,1.0699882507324219,-0.06340872603359493,42.13888168334961,3.816021823180411,0.09621477127075195,1.4599609375,0.37981844
842,How many hundredweight are in a UK ton?,120 hundredweight,1, ton,8941,0,4,0.06971213822355289,1.29183030128479,0.18889655964653151,40.65007781982422,1.0449509222083524,0.09099338948726654,1.44140625,1.4083157
843,"Smoky, Leaf-nosed and Vesper are all species of which creature?",Bat,1, creature,17661,0,9,0.1377011601796407,1.1189846992492676,0.2033950804964193,41.32049560546875,2.6827554309060977,0.0851561576128006,7.69140625,0.27825424
844,‘Make Them Wait’ is rhyming slang for which Bingo number?,8,0, number,1396,0,7,0.010884481037924151,1.0943206548690796,0.034923305411670214,45.231468200683594,4.841283102854149,0.11321669071912766,2.16015625,2.591653
845,How many stars are on the national flag of Liberia?,11,1, Liberia,84625,0,8,0.6598131861277445,1.1108286380767822,0.8307867548973125,34.740474700927734,3.266174512711874,0.08269976079463959,7.40234375,2.1687055
846,What is the US state capital of Idaho?,Boise,1, Idaho,40687,0,6,0.3172327220558882,1.0180487632751465,0.3194574770727794,38.38692092895508,4.718968815781017,0.11754655092954636,4.34765625,0.049232207
847,"In the children’s tv cartoon series, who is Inspector Gadget’s arch enemy?",Dr. Claw,1, enemy,9354,0,6,0.07293226047904192,1.1122171878814697,0.03726073877687597,39.73854064941406,5.560046513112216,0.06969675421714783,3.345703125,1.7217417
848,Astrakhan is the curly hair of which young animal?,Astrakhan is the curly hair of a lamb.,1, animal,10065,0,7,0.07847586077844311,1.153334379196167,-0.02486011235853658,44.258182525634766,4.319728787856956,0.11378947645425797,1.228515625,2.1022527
849,Nguyen Tan Dung became Prime Minister of which country in June 2006?,Vietnam,1,6,21,1,1,0.00016373502994011975,0.8506052494049072,-0.130502595403319,45.208290100097656,10.077919251475478,-0.014913302846252918,0.3076171875,0.18987787
850,Boll weevil cause damage to which crop?,Cotton,1, crop,19641,0,5,0.15313903443113772,1.2279423475265503,0.08463399653645043,44.232872009277344,2.7597829356213035,0.10689137876033783,1.41015625,2.521505
851,What type of creature is a Dog Face?,A Dog Face is a type of Jellyfish. Jellyfish are marine animals,0, Face,19109,0,5,0.14899108033932135,1.1644726991653442,0.05724149891202712,42.56003189086914,5.820549011005838,0.02839253842830658,8.5859375,3.7044265
852,Which city hosted the 1992 Summer Olympic Games?,"Barcelona, Spain",1, Games,11871,0,6,0.09255707335329341,1.0987257957458496,0.00129056380911452,42.47909164428711,3.1919650857884054,0.0861450806260109,0.031951904296875,0.60070825
853,Steve Martin and which other actor hosted the 2010 Academy Awards?,Alec Baldwin,1, Awards,23488,0,7,0.18313373253493015,1.1066982746124268,0.30451880227562045,40.59577178955078,0.6817863759859244,0.05932969972491264,0.0119476318359375,0.5247433
854,"Which British monarch founded the Yeomen of the Guard, originally as a royal bodyguard?",King Henry VIII.,1,guard,27190,1,5,0.21199787924151697,1.2506626844406128,0.5318604295676068,47.331634521484375,2.5192117110682366,0.04594352841377258,0.0535888671875,1.9097905
855,Which member of the British royal family married on the 29th April 2011?,"Prince William, Duke of Cambridge, married Catherine Middleton, now known as Catherine",1,1,16,1,1,0.000124750499001996,0.9435784220695496,1.1404854456094933,44.99432373046875,7.136367920933193,-0.0026318286545574665,0.6025390625,0.517887
856,Which Italian fashion designer launched the first virtual online museum in December 2011?,Giorgio Armani,0,1,16,1,1,0.000124750499001996,0.9435784220695496,1.1404854456094933,46.99709701538086,7.689768252590097,0.006318371742963791,1.857421875,3.8949547
857,"In Greek mythology, who was the first wife of Aegeus?",Metope,0,us,355,1,2,0.0027679016966067863,1.1547552347183228,0.017172164498491238,37.80181884765625,0.5256810213589049,0.05804147198796272,0.005672454833984375,2.8021903
858,Which breed of dog is Marley in the 2008 film ‘Marley and Me’?,Labrador Retriever,1, Me,2206,0,3,0.0171999750499002,1.079465389251709,-0.0033825481097236043,38.289825439453125,19.842350334509383,0.049736298620700836,0.0074005126953125,0.3830552
859,‘Giovedi’ is the Italian word for which day of the week?,Giovedi is the Italian word for Thursday.,1, week,2046,0,5,0.01595247005988024,1.0915756225585938,-0.14208986711498062,42.880924224853516,2.2593452462217885,0.08783888816833496,0.002498626708984375,2.6747954
860,How many stars are on the national flag of New Zealand?,"The national flag of New Zealand has the Southern Cross constellation depicted on it,",0, Zealand,17340,0,8,0.13519835329341318,1.0812855958938599,0.33885705625254525,37.673526763916016,3.5789342178875483,0.09854970127344131,0.005619049072265625,2.0116708
861,Scatology is the scientific study of what?,Feces,1, what,1148,0,5,0.008950848303393214,1.015754222869873,-0.1298222290115798,43.263858795166016,1.8119995354809824,0.06959007680416107,3.201171875,1.904723
862,La Paz is the administrative capital of which South American country?,Bolivia,1, country,3224,0,8,0.025137225548902197,1.1246715784072876,0.14169943633174942,45.31577682495117,7.930754856384395,0.12063652276992798,0.013671875,0.044245757
863,"In the game of Bingo, ‘Get up and run’ represents which number?",72,0, number,1396,0,7,0.010884481037924151,1.0943206548690796,0.034923305411670214,47.11311340332031,4.563295875406581,0.11134784668684006,2.869140625,2.916114
864,"In February 1938, Roberto M. Ortiz became President of which South American country?",Argentina,1, country,3224,0,8,0.025137225548902197,1.1246715784072876,0.14169943633174942,45.90977478027344,7.63091346232701,0.1210978701710701,0.06109619140625,1.2866329
865,Which poet wrote ‘The Lake Isle of Innisfree’?,W.B. Yeats.,1,free,10816,1,4,0.0843313373253493,1.074997067451477,0.1501248290892967,37.53099822998047,7.553979005384431,0.0011697087902575731,0.0196990966796875,1.2627153
866,In September 2006 the government of Prime Minister Thaksin Shinawatra was overthrown in which Asian country?,Thailand,1, country,3224,0,8,0.025137225548902197,1.1246715784072876,0.14169943633174942,45.38081741333008,4.698013273285583,0.10951684415340424,0.033294677734375,0.045672327
867,Who wrote the 1930’s novel ‘Tender is the Night’?,F. Scott Fitzgerald.,1, Night,13120,0,6,0.10229540918163672,1.1023749113082886,0.09308685609109979,35.87150192260742,2.3042136978548298,0.006454075686633587,0.02911376953125,0.60842353
868,Maria Fitzherbert was ‘married’ to which British monarch?,King George IV.,1, monarch,63854,0,8,0.4978636477045908,1.1225054264068604,0.42603687067186913,42.94047927856445,2.5635366078871913,0.09352444857358932,1.5048828125,2.0068467
869,Amarelo is Portuguese for which colour?,Yellow.,1, colour,12745,0,7,0.09937156936127745,1.123217225074768,0.5829514558902735,44.11521530151367,4.025147945639382,0.11974216997623444,6.03125,1.1411352
870,"On a standard dartboard, which number lies opposite number 4?",20,0,4,19,1,1,0.00014814121756487027,0.8861324787139893,0.09808963250168734,43.46636962890625,2.3062983024007426,0.004480879753828049,3.76953125,2.182843
871,Mount Chimborazo is in which South American country?,Ecuador,1, country,3224,0,8,0.025137225548902197,1.1246715784072876,0.14169943633174942,43.30826187133789,5.4568673226508455,0.10249700397253036,0.01715087890625,0.27128562
872,What is the basic monetary unit of Israel?,Shekel.,1, Israel,6921,0,7,0.0539623877245509,1.045356273651123,0.12539282842152977,35.004024505615234,1.3349669421783297,0.11342081427574158,6.3203125,0.79738295
873,In which European country is Lake Ree?,Ireland.,1, Ree,57921,0,4,0.4516046032934132,1.2216051816940308,0.2997562197881867,34.646942138671875,0.37497763125230055,0.01982773281633854,11.6171875,2.7692773
874,Who wrote the poem ‘The Lady of the Lake’?,Sir Walter Scott.,1, Lake,11940,0,5,0.09309505988023951,1.1179835796356201,0.13367021984952876,41.507808685302734,13.913062752082133,0.09179588407278061,0.6396484375,0.78407496
875,"Henry Blake, Charles Winchester and Father Mulcahy are all characters in which US tv series?",M*A*S*H,1, series,4101,0,7,0.0319751122754491,1.1795010566711426,-0.2025460995850823,39.2016716003418,1.0340790149846608,0.08457489311695099,0.52685546875,0.035626385
876,‘Obey your thirst’ is the advertising slogan for which soft drink?,7 Up,0, drink,7172,0,6,0.055919411177644714,1.1477065086364746,0.4482073478991495,41.355464935302734,0.9128410183984297,0.11585279554128647,0.00945281982421875,2.785885
877,Selenology is the scientific study of which celestial body?,Moon,1, body,2547,0,5,0.01985872005988024,1.2702053785324097,-0.13324124381578972,43.40315628051758,2.5132263510589876,0.0828646570444107,0.477294921875,2.140676
878,‘A crutch and a duck’ is the term for which bingo number?,27,0, number,1396,0,7,0.010884481037924151,1.0943206548690796,0.034923305411670214,45.857540130615234,6.4544736031783145,0.10299859941005707,3.435546875,0.73724896
879,"Spud, Shot and Hand are all types of what?",Gunfire,1, what,1148,0,5,0.008950848303393214,1.015754222869873,-0.1298222290115798,41.65353012084961,4.932721409961028,0.06635540723800659,0.79345703125,4.6507263
880,"In the game ‘Metal Gear Solid’,who is the twin brother of Solid Snake?",Liquid Snake.,1, Snake,40756,0,6,0.31777070858283435,1.1447696685791016,0.15267461353938794,40.89772415161133,0.7017373559485018,0.05848567187786102,0.08819580078125,1.8201965
881,What did fictional detective Sherlock Holmes keep in the toe of his Persian slipper?,A pipe.,0,per,716,1,3,0.005582584830339321,1.119249939918518,0.014736828361097132,46.89750671386719,6.604076051910807,0.029789799824357033,0.00249481201171875,2.347123
882,Which creatures are used as croquet balls in the novel ‘Alice’s Adventures in Wonderland’?,The creatures used as croquet balls in the novel ‘Alice’s Adventures in,0, Wonderland,90024,0,11,0.7019086826347305,1.2809410095214844,0.3275448187696912,45.04808044433594,36.12596582826621,0.050667837262153625,0.0024242401123046875,3.7863822
883,Which Spanish artist painted the series known as ‘Fantasy and Invention’ in the 18th century?,Francisco de Goya.,1, century,9478,0,8,0.07389907684630738,1.0807541608810425,0.06743589695289787,46.71729278564453,8.596019545230623,0.09243848919868469,0.016937255859375,3.399407
884,‘Mucke’ is the Serbo-Croatian name for which UK tv series?,Mucke is the Serbo-Croatian name for the UK TV,0, series,4101,0,7,0.0319751122754491,1.1795010566711426,-0.2025460995850823,44.40436935424805,5.279604879180717,0.10172130167484283,1.6103515625,2.3333662
885,"Comedian, actor and director Melvin Kaminsky is better known by what name?",Mel Brooks.,1, name,836,0,5,0.006518213572854291,1.0520780086517334,-0.03031722564997752,44.66653823852539,5.781072055690336,0.09494852274656296,0.720703125,1.331206
886,The Belgian beer ‘Kriek’ is flavoured with which fruit?,Cherry.,1, fruit,14098,0,6,0.10992078343313373,1.1336767673492432,0.2815746876321885,44.976600646972656,0.9181323188228596,0.10137607902288437,1.0625,2.8402803
887,The Forest of Arden is in which English county?,Warwickshire,1, county,14189,0,7,0.11063030189620758,1.0518425703048706,0.2270574401969192,39.218143463134766,2.632789159007195,0.11494611203670502,0.050140380859375,0.9576261
888,Louis Reard created which two-piece item of clothing in 1946?,The bikini.,1,6,21,1,1,0.00016373502994011975,0.8506052494049072,-0.130502595403319,46.05723571777344,6.107949540506176,-0.022800689563155174,0.08526611328125,1.8573191
889,What colour are the flowers of a hawkbit plant?,"Hawkbit flowers are typically yellow, but some species can have orange or redd",1, plant,6136,0,6,0.04784181636726547,1.2010207176208496,-0.03699632301942257,40.56502151489258,5.381660896391715,0.10299520939588547,2.56640625,1.8196876
890,In which British city is the Jewry Wall Museum?,Leicester.,1, Museum,16730,0,7,0.13044224051896208,1.154193639755249,0.11387604836098264,47.77281188964844,8.744405347375702,0.0969146266579628,3.814453125,0.028808434
891,What is the main ingredient of borscht soup?,Beets,1, soup,19724,0,5,0.1537861776447106,1.1233304738998413,0.17306713796445328,38.941246032714844,4.253081058737857,0.1292089819908142,4.3125,1.4775468
892,Thanatology is the scientific study of what?,Death,1, what,1148,0,5,0.008950848303393214,1.015754222869873,-0.1298222290115798,44.855445861816406,4.824693315621465,0.08087708801031113,2.412109375,0.81177294
893,Which author wrote ‘I came form Des Moines. Somebody had to.’ in their book ‘The Lost Continent’?,Bill Bryson,1, Continent,98845,0,10,0.7706851921157685,1.2849624156951904,0.0561470878587258,44.164405822753906,9.278754586236206,0.04738723859190941,3.232421875,4.4714446
894,Which actor succeeded Marlon Brando as head of the Corleone family in the Godfather films?,Al Pacino,1, films,12631,0,6,0.09848272205588822,1.0476869344711304,0.17804804139011265,44.08981704711914,3.462566929321021,0.08423342555761337,3.857421875,0.8663398
895,"Brown, American Rainbow and Cutthroat are all types of which fish?",Trout,1, fish,7795,0,5,0.06077688373253493,1.1366137266159058,0.2607173783985659,39.67634963989258,2.359342561449443,0.11672025918960571,0.3046875,0.20216748
896,Who designed St Paul’s Cathedral in London?,Sir Christopher Wren.,1, London,7295,0,7,0.056878430638722555,1.0375961065292358,0.14461118283424623,43.63959503173828,9.38384420902725,0.12103988975286484,0.0689697265625,1.5475649
897,What colour is the liqueur ‘Parfait d’Amour’?,The liqueur ‘Parfait d’Amour’ is a type of,0,our,414,1,3,0.0032279191616766466,1.2107166051864624,0.14762174603702016,49.307979583740234,24.814487519243844,0.04302137717604637,0.037994384765625,4.0829573
898,What is the name of the clarified butter used in Indian cookery?,Ghee,1,ery,727,1,3,0.005668350798403193,1.2919729948043823,0.16197351602566856,44.07093811035156,4.314974163630382,0.029356790706515312,0.0217742919921875,0.15673625
899,"In the 2005 Julian Barnes novel ‘Arthur and George’, who is Arthur?","Arthur is Sir Arthur Conan Doyle, the famous author of Sherlock Holmes stories.",1, Arthur,28686,0,7,0.2236620508982036,1.0810683965682983,0.12406458981321311,35.47495651245117,0.859783076075098,0.057039279490709305,2.78515625,2.4831235
900,"In humans, epicondylitis affects which part of the body?",The elbow,1, body,2547,0,5,0.01985872005988024,1.2702053785324097,-0.13324124381578972,45.793312072753906,1.5799792845885818,0.070635125041008,2.91015625,2.878846
901,The UEFA (Union of European Football Associations) was founded in which European country in 1954?,Switzerland,1,4,19,1,1,0.00014814121756487027,0.8861324787139893,0.09808963250168734,46.55613327026367,12.481358374300127,-0.01383607555180788,0.0295867919921875,0.19226225
902,From which 1968 film did English band Duran Duran take their name?,"Duran Duran took their name from the 1968 film ""Bar",0, name,836,0,5,0.006518213572854291,1.0520780086517334,-0.03031722564997752,48.891849517822266,4.738859908014606,0.10257765650749207,0.0229644775390625,2.7634413
903,The ‘La Scala Opera House’ is in which European city?,Milan,1, city,3363,0,5,0.026220995508982037,1.0699882507324219,-0.06340872603359493,44.08319854736328,1.8642782591457596,0.11831843107938766,0.275634765625,0.5509465
904,Who is the lead singer of the English band ‘The Specials’?,Terry Hall.,1,s,82,1,1,0.0006393463073852295,1.2110646963119507,2.204810965294282,39.812557220458984,3.0120888589296717,0.04044525697827339,0.11907958984375,2.2186382
905,"Elvis Presley’s manager, Andreas Cornelis van Kujik, was better known by what name?",Colonel Tom Parker.,1, name,836,0,5,0.006518213572854291,1.0520780086517334,-0.03031722564997752,49.40673828125,4.3945934139535,0.11888997256755829,0.3359375,0.1967444
906,The Transandine Railway runs between which two South American countries?,Chile and Argentina.,1, countries,5961,0,10,0.046477357784431135,1.009326696395874,0.1495039461384935,45.398704528808594,6.942797754244584,0.10979527235031128,0.34814453125,1.9681294
907,"Sinology is the study of the language, history and culture of which country?",China,1, country,3224,0,8,0.025137225548902197,1.1246715784072876,0.14169943633174942,48.67716598510742,4.714909510280576,0.07960737496614456,2.875,0.9933524
908,"On the human body, a keloid is a type of what?",Scar,1, what,1148,0,5,0.008950848303393214,1.015754222869873,-0.1298222290115798,41.57721710205078,0.9837467026055364,0.07425615936517715,2.05859375,3.0359461
909,"In the British military, a bombadier is equivalent to which other rank?",A Lance Corporal.,1, rank,7222,0,5,0.05630925648702595,1.1941391229629517,0.06992559429060696,42.07630920410156,0.8319766360962753,0.11817105859518051,0.04986572265625,3.0213614
910,What type of animal is Baloo in the novel ‘The Jungle Book’ by Rudyard Kipling?,Baloo is a sloth bear in the novel ‘The Jungle Book’,1,ing,287,1,3,0.0022377120758483035,1.152944803237915,0.3833983657163724,45.029972076416016,11.74721083202167,0.0489845797419548,4.1365623474121094e-05,1.3070532
911,Tirana is the capital of which European country?,Albania,1, country,3224,0,8,0.025137225548902197,1.1246715784072876,0.14169943633174942,44.417911529541016,4.70537903258844,0.117754727602005,0.045623779296875,0.35733682
912,"In our solar system, which is the sixth planet from the sun?",Saturn,1, sun,7160,0,4,0.05582584830339321,1.173609972000122,0.17528409250312338,47.747318267822266,4.668622460661824,0.0851549580693245,1.5166015625,0.86418855
913,Composer Giacomo Puccini died leaving which opera unfinished?,Turandot,1, unfinished,64716,0,11,0.5045845808383234,1.1991065740585327,0.36045912114468726,41.295475006103516,5.707688910255392,0.07344924658536911,1.4716796875,1.1831858
914,"King Louie, Akela and Ziggy are all characters in which Disney film?",The Jungle Book,1, film,4632,0,5,0.03611526946107784,1.0674729347229004,0.15200274985736995,40.552249908447266,2.1640178686753817,0.08779797703027725,4.4296875,0.33192492
915,‘Impossible is nothing’ is the motto of which sportswear company?,Adidas,1, company,2883,0,8,0.022478480538922156,1.1168212890625,0.13482601932783744,40.744571685791016,3.1580170459501264,0.09012160450220108,3.34375,3.318689
916,Who wrote the play ‘The Iceman Cometh’?,Eugene O'Neill.,1,eth,774,1,3,0.006034805389221557,1.198541522026062,-0.21138511192416232,39.14006042480469,17.25677572201192,0.045642197132110596,0.0001049041748046875,1.086284
917,"Which children’s playground game is sometimes called ‘Fivestones’, ‘Knucklebones’ or ‘Snobs’?",Hopscotch.,0,obs,5598,1,3,0.04364708083832335,1.2782466411590576,0.23053626061492238,41.77153015136719,0.7676559744124098,0.029855694621801376,9.0546875,4.9519577
918,Mr and Mrs Potato Head appear in which film franchise?,Toy Story,1, franchise,19562,0,10,0.15252307884231536,1.1906485557556152,0.45910128937189043,40.41212463378906,3.2535519317851813,0.11001107096672058,4.12109375,0.4251368
919,How many square stickers are on each face of a classic Rubik’s Cube?,9,1, Cube,43692,0,5,0.3406624251497006,1.179234266281128,0.2848146129561848,41.862247467041016,4.393700236471517,0.07327964901924133,0.20849609375,1.1757541
920,Who composed the ballet ‘Swan Lake’?,Pyotr Ilyich Tchaikovsky.,1, Lake,11940,0,5,0.09309505988023951,1.1179835796356201,0.13367021984952876,39.4173583984375,7.632773290913667,0.05160410702228546,0.0198516845703125,2.1632586
921,"In 1818, British obstetrician James Blundell performed the first successful human what?",Blood transfusion,1, what,1148,0,5,0.008950848303393214,1.015754222869873,-0.1298222290115798,38.5400390625,0.4608268989484019,0.06350813806056976,12.0703125,1.4149317
922,"In cooking, 190 degrees Celsius is the equivalent to which Gas Mark?",5,1, Mark,4488,0,5,0.03499251497005988,1.0983446836471558,0.12398026054057443,43.67729187011719,0.7059397307152784,0.09488563239574432,0.46630859375,1.543164
923,What do the interior angles of a hexagon add up to in degrees?,720,1, degrees,12628,0,8,0.09845933133732535,1.1618740558624268,0.029161507706395362,39.35026168823242,8.632196314585215,0.11624612659215927,0.763671875,0.36019468
924,The roe of lumpfish is used as a substitute for which delicacy?,Roe of lumpfish is used as a substitute for caviar.,1,acy,2826,1,3,0.022034056886227546,1.272680640220642,0.26374814185710616,44.666805267333984,4.083098928131189,0.03373882174491882,0.00946044921875,0.8722373
925,"In Vermont, USA, there is an old law stating that it is illegal for women to wear what without their husbands written consent?",A corset.,0, consent,14771,0,8,0.11516810129740519,1.1779340505599976,0.17989739142600136,44.159423828125,4.369423198090871,0.06703253090381622,1.298828125,3.8398433
926,"In medicine, algology is the study of what?",Pain,1, what,1148,0,5,0.008950848303393214,1.015754222869873,-0.1298222290115798,43.6424560546875,4.4427678047625845,0.07008557766675949,2.1640625,0.7214184
927,How many imperial gallons are in a firkin?,9 imperial gallons.,1,kin,8148,1,3,0.06352919161676647,1.27342689037323,-0.07158731931580053,37.5723762512207,0.5244202285571924,0.01898970641195774,0.0297698974609375,1.6866915
928,The meibomian gland is found in which part of the human body?,The meibomian gland is found in the eyelids of the human,1, body,2547,0,5,0.01985872005988024,1.2702053785324097,-0.13324124381578972,44.85597229003906,2.1673833616562455,0.06545161455869675,1.578125,1.3740686
929,The Manuel M.Torres Dam is the largest hydro plant in which country?,The Manuel M. Torres Dam is the largest hydroelectric dam in Costa Rica,0, country,3224,0,8,0.025137225548902197,1.1246715784072876,0.14169943633174942,45.91780471801758,7.324234215272172,0.11336229741573334,1.138671875,2.8221538
930,Which British swimmer won Olympic Gold Medals in 2008 in the 400 and 800 m freestyle?,Rebecca Adlington.,1,estyle,38483,1,6,0.3000483408183633,1.1943572759628296,0.418793811194913,51.98799514770508,7.168318846447239,0.01986846700310707,0.000797271728515625,2.8201349
931,"In the NATO phonetic alphabet, which word represents the letter I?",India,1, I,358,0,2,0.0027912924151696607,0.9860448837280273,0.13303614016609888,37.09049606323242,0.4974586181147802,0.0726325586438179,7.29296875,0.6456857
932,"Which US author wrote ‘The Naked and the Dead’, based on his military service in World War II?",Norman Mailer,1, II,8105,0,3,0.0631939246506986,0.9885375499725342,-0.09159613089732721,45.18483352661133,4.198826143671414,0.11825597286224365,0.0248565673828125,0.051804237
933,Which Brooklyn-born author had parents named Malachy and Angela?,Frank McCourt,1, Angela,38243,0,7,0.2981770833333333,1.0461652278900146,0.37321039711691384,47.735015869140625,13.84823631303275,0.03982377424836159,5.78515625,4.5570636
934,What is the title of the 1944 film starring Barbara Stanwyck as the wife who seduces an insurance salesman into killing her husband?,Double Indemnity. ,1, husband,10177,0,8,0.07934911427145709,1.083963394165039,-0.06116940288769479,45.49386215209961,7.031993406203075,0.09540651738643646,0.1470947265625,0.5971851
935,"What is the nickname of Thierry Guetta, the French-born street-artist?",Mr. Brainwash.,1,artist,19135,1,6,0.1491937999001996,1.107120394706726,0.6003831546518086,44.992679595947266,5.741736694756529,0.02790934406220913,0.40576171875,1.0959237
936,Wolf Mankowitz wrote the 1953 novel ‘A Kid For Two….’what’?,…Father’s,0,what,12840,1,4,0.1001122754491018,0.9610782861709595,0.3363997508431651,48.8086051940918,30.992187543052793,0.012366554699838161,8.46875,3.9160414
937,What is the name of a triangle which has sides unequal in length?,Scalene triangle,1, length,3160,0,7,0.02463822355289421,1.125610113143921,-0.09378957875496807,46.19036102294922,4.4784780369467425,0.10198260843753815,0.065185546875,2.3798728
938,‘Quicksilver’ is another name for which metallic element?,Mercury,1, element,2449,0,8,0.019094623253493013,1.1185673475265503,-0.019213982351929726,42.18724060058594,2.5882592501609647,0.10743845254182816,0.05596923828125,2.3071983
939,"What is the name of the Japanese dish of bite-sized pieces of raw fish served with dipping sauces, vegetables and wasabi?",Sashimi.,1,abi,26140,1,3,0.203811127744511,1.3170000314712524,0.10227616640993631,45.1967887878418,4.513583217430331,0.03442203998565674,0.0011205673217773438,0.05518417
940,Who is recognised as Britain’s first Prime Minister?,The Earl of Devonshire.,0, Minister,9675,0,9,0.07543506736526946,1.0746561288833618,0.353993272973832,41.80521011352539,7.003465201300784,0.06307093054056168,0.013824462890625,1.8810781
941,"In the human body, which bone connects the humerus with the calvicle?",Clavicle,0,icle,2045,1,4,0.015944673153692614,1.2891260385513306,0.174923331353805,43.80267333984375,0.7514182544904493,0.03283604234457016,5.4296875,1.8655412
942,The Cuatro Torres Business Area is in which European city?,Madrid,1, city,3363,0,5,0.026220995508982037,1.0699882507324219,-0.06340872603359493,43.79133224487305,4.023376934625209,0.1195334866642952,0.29541015625,0.6390077
943,The first issue of which British children’s comic was published in April 1950?,The Beano,0,0,15,1,1,0.00011695359281437126,0.903641939163208,0.07067242412983887,45.46616744995117,7.037930934268912,0.009227111004292965,2.84375,3.3716905
944,"The 1951 ‘Treaty of Peace With Japan’ which served to officially end World War II, is commonly known as what?",Treaty of San Francisco,1, what,1148,0,5,0.008950848303393214,1.015754222869873,-0.1298222290115798,44.419342041015625,3.8035151245773013,0.08987627923488617,2.560546875,2.068515
945,The Tumut Hydroelectric Power Station is in which Australian state?,New South Wales,1, state,1614,0,6,0.012584206586826347,1.1630382537841797,-0.1992004034250674,41.000343322753906,3.6136313917054617,0.08646266907453537,0.14892578125,0.4454192
946,Who always holds the title of the Supreme Governor of the Church of England?,The British monarch.,1, England,9635,0,8,0.07512319111776447,1.029990792274475,-0.12187088997780116,40.84493637084961,12.27521212147887,0.07853000611066818,0.015625,0.45239145
947,How many players are on the field in a baseball team?,9,1, team,2128,0,5,0.01659181636726547,1.1389223337173462,0.036099688190899926,42.268394470214844,2.550026975021396,0.09284617751836777,4.75,0.84857875
948,"In the poem ‘Monday’s Child’, what is Wednesday’s child full of?",A little bit of money.,0, of,315,0,3,0.0024560254491017963,0.9102252125740051,0.2578258960562736,44.74307632446289,1.709222944251927,0.11978772282600403,0.0017423629760742188,4.862046
949,"In London in 1788, the ‘Daily Universal Register’ was relaunched as which newspaper?",The Times,1, newspaper,17222,0,10,0.13427831836327345,1.0645722150802612,0.585556674743474,40.504608154296875,1.4859325354671764,0.10911353677511215,1.92578125,0.8178828
950,Which clothing chain was founded by brothers Clemens and August Brenninkmeijer in 1841?,C&A,1,1,16,1,1,0.000124750499001996,0.9435784220695496,1.1404854456094933,47.73225784301758,11.521423523668659,0.01541610062122345,1.681640625,3.7477355
951,Falange was the name given to several political movements and parties dating from the 1930’s in which European country?,Germany,0, country,3224,0,8,0.025137225548902197,1.1246715784072876,0.14169943633174942,42.30955123901367,3.3388919537389787,0.0951291099190712,6.8046875,1.7528354
952,"In the novel ‘Jane Eyre’ by Charlotte Bronte, what is the name of Mr Rochester’s first wife?",Bertha Mason,1, wife,7555,0,5,0.05890562624750499,1.0466251373291016,0.014545075375264727,39.80221939086914,2.2132695545429657,0.09951449930667877,0.0183258056640625,2.2935138
953,"Which fictional character is the subject of George Frampton’s bronze statue in Kensington Gardens, London?",Peter Pan,1, London,7295,0,7,0.056878430638722555,1.0375961065292358,0.14461118283424623,45.3628044128418,11.961141112104151,0.10072804987430573,0.02349853515625,1.5541837
954,Who wrote the novel ‘The Prime of Miss Jean Brodie’?,1) Muriel Spark,1,die,27591,1,3,0.2151244386227545,1.186869502067566,0.47927964788488087,36.74483108520508,19.800572485478416,0.018525103107094765,9.620189666748047e-05,1.1814859
955,Sindh is a province of which Asian country?,Pakistan,1, country,3224,0,8,0.025137225548902197,1.1246715784072876,0.14169943633174942,45.40376663208008,5.083118100015657,0.10918837785720825,0.00952911376953125,0.26868337
956,Madame de Pompadour and Madame du Barry were mistresses of which French King?,Louis XV,1, King,6342,0,5,0.04944797904191617,1.1121609210968018,-0.05903693001708321,41.48799133300781,2.4182714518307433,0.11192558705806732,2.771484375,0.6833204
957,Odontology is the scientific study of what?,Teeth,1, what,1148,0,5,0.008950848303393214,1.015754222869873,-0.1298222290115798,45.95464324951172,7.312497523108769,0.07109545171260834,3.3125,2.41203
958,The wine ‘Bull’s Blood’ of Eger is produced in which country?,Hungary,1, country,3224,0,8,0.025137225548902197,1.1246715784072876,0.14169943633174942,43.86349868774414,3.588584799719066,0.10205491632223129,0.73388671875,1.8280106
959,The 1932 film ‘The Mask of Fu Manchu’ revolves around Fu Manchu’s quest for the sword and mask of which historical figure?,Genghis Khan.,1, figure,7216,0,7,0.0562624750499002,1.239235281944275,0.16036895347070557,45.87137985229492,2.018123406999944,0.07296713441610336,0.06817626953125,1.3109868
960,The mask worn in the 1996 film ‘Scream’ is based on a painting by which artist?,1.  Edward Gorey,0, artist,10255,0,7,0.07995727295409182,1.081459879875183,0.1252933375693046,43.77260208129883,3.024975866549097,0.11763648688793182,0.1807861328125,4.4045434
961,Which US athlete won a gold medal for the high jump in the 1968 Summer Olympics?,Dick Fosbury,1, Olympics,33063,0,9,0.2577891092814371,1.1460075378417969,0.3085073223999344,47.620849609375,4.080052703793813,0.0955277606844902,0.0102081298828125,1.0001633
962,In which London street does fictional character Sweeney Todd have his barber shop?,Fleet Street.,1, shop,8221,0,5,0.06409836576846308,1.1547969579696655,0.20652422431037287,47.63486099243164,1.383444151522963,0.09200812131166458,0.035308837890625,0.41124752
963,The Nullarbor Plain is in which country?,Australia,1, country,3224,0,8,0.025137225548902197,1.1246715784072876,0.14169943633174942,43.07109451293945,3.7132183365617513,0.10390853881835938,2.568359375,0.13894075
964,What is the official language of Nicaragua?,Spanish.,1, Nicaragua,77424,0,10,0.6036676646706587,1.0626894235610962,1.0790821305953857,32.13871765136719,1.0581555020536708,0.09976018220186234,6.328125,0.052148763
965,Who wrote the plays ‘The Cocktail Party’ and ‘The Family Reunion’?,The plays ‘The Cocktail Party’ and ‘The Family Reunion’ were,0,union,16588,1,5,0.12933507984031936,1.257897973060608,0.1469498220797245,40.92475891113281,44.5294633068701,0.004494551569223404,0.0004935264587402344,2.6816425
966,"Used in cooking, agar-agar is a gelatin made from what?",Red algae,0, what,1148,0,5,0.008950848303393214,1.015754222869873,-0.1298222290115798,47.61652374267578,4.1733496024016565,0.07958440482616425,2.77734375,0.926672
967,The fictional character ‘Disco Stu’ appears in which US cartoon tv Series?,The Simpsons,1, Series,11378,0,7,0.0887131986027944,1.145187258720398,0.15100281165738716,45.30173873901367,5.609522048983175,0.06184101849794388,7.9921875,3.5262086
968,"Marie Antoinette, Queen of France and Navarre, was born in which country?",Austria,1, country,3224,0,8,0.025137225548902197,1.1246715784072876,0.14169943633174942,43.95698928833008,4.706708867933609,0.10145553946495056,3.826171875,0.08329764
969,The song ‘Seventy Six Trombones’ is from which musical show?,The song ‘Seventy Six Trombones’ is from the musical show,0, show,1501,0,5,0.01170315618762475,1.1026017665863037,-0.16822578733708404,41.30565643310547,1.6812274298606065,0.06232629716396332,4.109375,1.3725685
970,Which US President was given the nickname the ‘Great Engineer’?,Herbert Hoover.,1, Engineer,29483,0,9,0.2298761851297405,1.1469224691390991,0.3002060953824821,42.390384674072266,26.98241875188082,0.08631205558776855,5.9140625,3.5983253
971,"In the human body, what is stored in adipose tissue?",Lipids,0, tissue,20438,0,7,0.15935316866267465,1.1645845174789429,0.24348636476793573,43.595218658447266,3.621166336988712,0.0861668810248375,0.060577392578125,2.907321
972,A craniotomy is the surgical removal of a portion of which part of the human body?,A craniotomy is the surgical removal of a portion of the skull.,1, body,2547,0,5,0.01985872005988024,1.2702053785324097,-0.13324124381578972,48.155860900878906,2.869195403317832,0.06821081787347794,0.708984375,2.4781768
973,Which country will host the 2014 FIFA World Cup?,Brazil,1, Cup,11098,0,4,0.08653006487025948,1.203895926475525,-0.15116212543658092,41.75202178955078,1.0626203138802879,0.07137063145637512,0.0015611648559570312,0.24889487
974,Which country has the internet domain .de?,Germany,1,de,451,1,2,0.0035164046906187626,1.0946588516235352,-0.045558285277634614,35.30375671386719,3.258332191168206,0.012313757091760635,7.1640625,0.02049558
975,A sequicentenary is an anniversary of how many years?,100,0, years,1667,0,6,0.01299744261477046,1.054459571838379,-0.037346800053552176,47.88599395751953,1.7215077116936515,0.12258347123861313,0.015777587890625,1.2935603
976,What is the International Vehicle Registration for Cambodia?,K,1, Cambodia,62138,0,9,0.48448415668662675,1.017162799835205,1.148170085170519,41.99274444580078,6.788929727357958,0.11555030196905136,6.12890625,4.2977157
977,Opera singer Leyla Gencer was born in which European country?,Turkey,1, country,3224,0,8,0.025137225548902197,1.1246715784072876,0.14169943633174942,45.776214599609375,9.038625822017938,0.11326170712709427,1.0859375,1.078318
978,In which South American country does Angostura Bitters originally come from?,Venezuela,1, from,505,0,5,0.003937437624750499,0.9809274673461914,-0.4288291262557671,47.559818267822266,8.66789104514966,0.12711821496486664,0.0012407302856445312,0.3417406
979,The Hel Peninsula is part of which European country?,Turkey,0, country,3224,0,8,0.025137225548902197,1.1246715784072876,0.14169943633174942,45.18092727661133,5.72716842722822,0.12425773590803146,0.267333984375,2.0811388
980,Which US singer released a 2010 album entitled ‘The Lady Killer’?,Cee Lo Green,1, Killer,54053,0,7,0.42144617015968067,1.1714825630187988,0.535141775364925,42.3976936340332,23.43558223786367,0.04423419386148453,0.361083984375,0.23322701
981,How many months is the gestation period for an elephant?,22 months.,1, elephant,46840,0,9,0.3652070858283433,1.140170693397522,0.32054373316488594,38.79745101928711,0.9268151122272217,0.10645662248134613,2.369140625,2.062842
982,"Raclette, Tilsit and Sbrinz are all types of which foodstuff?",Cheese,1,stuff,58404,1,5,0.4553705089820359,1.3061186075210571,0.36194966768716785,44.7933235168457,2.4569129615456307,0.04310068115592003,6.12109375,0.5081502
983,Adam Richman takes on food challenges in which US television series?,Man v. Food,1, series,4101,0,7,0.0319751122754491,1.1795010566711426,-0.2025460995850823,42.542327880859375,2.7783258991648045,0.10294712334871292,0.59716796875,0.59328455
984,Creme Anglaise is the French version of which English dessert item?,Crème Anglaise is the French version of English Custard.,1, item,1537,0,5,0.011983844810379242,1.094802975654602,0.01640305008704601,47.87189865112305,9.330858690308363,0.0915805995464325,6.15234375,2.1260521
985,Who was known as the ‘Waltz King’ of Vienna?,Johann Strauss II.,1, Vienna,47387,0,7,0.36947199351297405,1.052679419517517,0.2969232230793257,41.2551383972168,1.715242020190896,0.09279121458530426,4.2734375,0.44075716
986,Erotology is the study of what?,Human sexuality,1, what,1148,0,5,0.008950848303393214,1.015754222869873,-0.1298222290115798,43.98121643066406,8.158353206601806,0.07310192286968231,1.9345703125,2.4776921
987,‘The King of Barataria’ is the subtitle of which Gilbert and Sullivan operetta?,The King of Barataria is the subtitle of the Gilbert and Sullivan oper,1,etta,27625,1,4,0.21538953343313375,1.3550726175308228,0.17721349804235365,40.428794860839844,2.3579284604751605,0.035503845661878586,0.08404541015625,2.1182988
988,"Sufferers, Locksmen and Dreads are followers of which religion?",Rastafarianism,1, religion,13901,0,9,0.10838479291417166,1.0762666463851929,0.093897061277326,44.831825256347656,4.666650877171059,0.10361502319574356,1.2333984375,3.4801598
989,The 1965 film ‘The Heroes of Telemark’ is set in which European country?,Norway,1, country,3224,0,8,0.025137225548902197,1.1246715784072876,0.14169943633174942,44.029029846191406,3.7590416933294,0.11067322641611099,0.25927734375,0.88817704
990,What colour are the two stars on the national flag of Syria?,The two stars on the national flag of Syria are white. ,0, Syria,12911,0,6,0.10066585578842316,1.0004701614379883,0.37552466243289295,38.13011932373047,5.727693048112748,0.130547434091568,7.81640625,2.3075325
991,"In humans, Duane Syndrome affects which part of the body?",The eyes,1, body,2547,0,5,0.01985872005988024,1.2702053785324097,-0.13324124381578972,46.13005828857422,2.017047652778957,0.05718690901994705,6.265625,2.2948883
992,Taphephobia is the abnormal fear of being what?,Buried,0, what,1148,0,5,0.008950848303393214,1.015754222869873,-0.1298222290115798,40.19179153442383,2.8789907790213913,0.08649548143148422,10.1953125,2.3877702
993,What relation was Louis XV of France to Louis XIV of France?,Louis XV was the grandson of Louis XIV.,1, France,9822,0,7,0.0765812125748503,1.023292064666748,0.162849595634611,44.823734283447266,5.580123823545293,0.0756998285651207,0.0042877197265625,1.3262489
994,What type of leaves does a koala feed on?,Eucalyptus leaves,1, on,389,0,3,0.003032996506986028,0.9671120047569275,-0.3126943731450016,46.114356994628906,3.9810414798433404,0.1368817538022995,0.0243377685546875,1.8422633
995,What is the name of the village druid in the comic strip ‘Asterix’?,Getafix,1,ix,953,1,2,0.0074304515968063875,1.2352913618087769,0.05523594426513512,39.329647064208984,1.4201900471844002,0.058352500200271606,0.03863525390625,4.004209
996,In which English county was former British Prime minister Margaret Thatcher born?,Lincolnshire,1, born,9405,0,5,0.07332990269461077,1.1531862020492554,-0.07734579377559303,46.00938415527344,13.344892420830881,0.12425580620765686,1.6171875,4.47876
997,"In the British monarchy, who succeeded Queen Anne to the throne?","Queen Anne died without an heir, so the throne passed to her second cousin",0, throne,44721,0,7,0.34868544161676646,1.1205036640167236,0.49029970014984414,43.506710052490234,4.347875735253278,0.08843602240085602,0.0303955078125,2.0567813
998,Who directed the 1941 film ‘The Maltese Falcon’?,John Huston,1, Falcon,43961,0,7,0.34275979291417163,1.1980032920837402,0.40120774132480763,38.70359420776367,17.660767811509455,0.0475374273955822,0.00713348388671875,1.3709952
999,The 1981 film ‘Chariots of Fire’ was based on the stories of which two British athletes?,Eric Liddell and Harold Abrahams.,0, athletes,23579,0,9,0.183843250998004,1.0243600606918335,0.2782450768830995,40.26746368408203,2.153751186912462,0.11217784881591797,0.26611328125,3.6215196
