id,question,model_answer,is_correct,anchor_str,token_id,token_is_suffix,token_len,token_id_rank,layer0_norm,layer0_kurtosis,final_norm,final_kurtosis,drift_cosine,surprisal,prediction_entropy
0,Who was the man behind The Chipmunks?,The Chipmunks were created by Ross Bagdasarian Sr. (1,0,unks,15296,1,4,0.10067396798652065,1.3132553100585938,-0.04377365573941905,383.7093200683594,90.47005348338912,0.0005662804469466209,0.92724609375,5.437702
1,Which Lloyd Webber musical premiered in the US on 10th December 1993?,evita,0,3,18,1,1,0.0001184709351305813,1.0193626880645752,-0.468029710299267,434.594970703125,88.65955113897897,0.07663405686616898,2.908203125,5.423397
2,Who was the next British Prime Minister after Arthur Balfour?,The next British Prime Minister was David Lloyd George.,0,our,413,1,3,0.0027182497893850043,1.2086329460144043,-0.32136418510959697,372.676025390625,90.2642467262394,0.013325825333595276,0.00035858154296875,4.7077203
3,Who had a 70s No 1 hit with Kiss You All Over?,the beatles,0, Over,6065,0,5,0.03991812342038753,1.0237095355987549,-0.053750364947375395,380.65692138671875,109.0100255507249,0.04810032993555069,0.1993408203125,6.655939
4,What claimed the life of singer Kathleen Ferrier?,"The singer Kathleen Ferrier died in 1953, and the",0,rier,7253,1,4,0.047737205139005895,1.3064855337142944,0.11493318586875922,370.7598571777344,103.4371523570539,0.0123899532482028,0.0268402099609375,6.16516
5,Rita Coolidge sang the title song for which Bond film?,goldfinger,0, film,4531,0,5,0.02982176705981466,1.0787103176116943,-0.2514357474801372,375.6458740234375,84.09320711544407,0.052943337708711624,0.32958984375,5.4394884
6,What was the last US state to reintroduce alcohol after prohibition?,The last state to reintroduce alcohol after prohibition was Mississippi in 19,0, prohibition,49867,0,12,0.32821056234203877,1.0223006010055542,0.054536978712498296,394.1547546386719,83.08625591170433,0.049144964665174484,1.1806640625,4.876701
7,Which actress was voted Miss Greenwich Village in 1942?,The answer is: Joan Fontaine. Joan Fontaine was a talented actress,0,2,17,1,1,0.00011188921651221567,1.0637160539627075,-0.20697351491297633,401.36541748046875,106.55011991924863,0.09227491915225983,2.234375,6.575105
8,What is the Japanese share index called?,The Nikkei 225 is the most commonly reported Japanese stock,1, called,2598,0,7,0.0170993049705139,1.0582423210144043,-0.38455769444326915,371.1788330078125,94.42518628541356,0.0835299864411354,3.25390625,3.5511305
9,What was the name of Michael Jackson's autobiography written in 1988?,moonwalk,1,8,23,1,1,0.00015137952822240943,0.9617469906806946,-0.4643944625281149,356.039794921875,99.70604454292376,0.0813828855752945,0.6923828125,5.29819
10,In which decade did stereo records first go on sale?,"The first stereo records were released in 1958, and the",0, sale,6278,0,5,0.04132002948609941,1.0916197299957275,-0.16650441382142667,366.97625732421875,87.14180065857214,0.02822621539235115,0.01806640625,4.091732
11,In what year's Olympics were electric timing devices and a public-address system used for the first time?,1900,0, time,882,0,5,0.005805075821398484,1.0474069118499756,-0.6712612875746697,380.32110595703125,108.38160314539589,0.06309332698583603,0.003376007080078125,1.3812155
12,Which volcano in Tanzania is the highest mountain in Africa?,Mount Kilimanjaro,1, Africa,10174,0,7,0.06696240522325189,1.0422765016555786,-0.06265587259612149,364.0467529296875,67.6847223466969,0.05222480744123459,0.63720703125,3.327001
13,The flag of Libya is a plain rectangle of which color?,green,1, color,1894,0,6,0.0124657750631845,1.0890843868255615,-0.25578776304965434,353.4891052246094,53.80689339264663,0.05083329603075981,0.984375,2.9898143
14,Of which African country is Niamey the capital?,Niger,1, capital,6722,0,8,0.04424231255265375,1.1814755201339722,-0.13633393619735967,342.138671875,91.65655375715862,0.07794379442930222,0.08074951171875,3.8769796
15,Who was the director of the CIA from 1976-81?,The CIA was headed by William Colby from 1973 to,0,1,16,1,1,0.00010530749789385004,1.0931203365325928,-0.07595700257181415,359.1150207519531,100.0443213229311,0.09498325735330582,2.1953125,5.5891848
16,Which musical featured the song The Street Where You Live?,The Sound of Music,0, Live,11158,0,5,0.07343881634372368,1.1387574672698975,0.015114162354724847,383.16339111328125,92.30413295083498,0.052191901952028275,0.007663726806640625,6.6769295
17,"""Who was the target of the failed """"Bomb Plot"""" of 1944?""",the british,0,4,19,1,1,0.0001250526537489469,1.0074414014816284,-0.5086120047617011,420.54510498046875,134.77784835104848,0.1087348610162735,1.6162109375,6.146124
18,Who had an 80s No 1 hit with Hold On To The Nights?,bryan adams,0, Nights,63543,0,7,0.4182221461668071,1.2300878763198853,-0.13696272229271678,394.22528076171875,109.13144190596762,0.022928353399038315,3.927734375,6.690363
19,Who directed the classic 30s western Stagecoach?,john huston,0,coach,88093,1,5,0.5798033382476833,1.2368078231811523,0.01699786338264797,383.3272705078125,101.96265741933227,0.017947178333997726,0.018829345703125,1.3191613
20,Dave Gilmore and Roger Waters were in which rock group?,pink floyd,1, group,1874,0,6,0.012334140690817187,1.0304756164550781,-0.31984884115497403,416.9346618652344,90.21245390346519,0.041126903146505356,2.04296875,4.9242253
21,Which highway was Revisited in a classic 60s album by Bob Dylan?,1-90,0, Dylan,43358,0,6,0.2853701558550969,1.015580654144287,-0.0025863502648966197,404.94696044921875,108.18586286908305,0.03863803297281265,0.2252197265625,5.794491
22,Which was the only eastern bloc country to participate in the 1984 LA Olympics?,east germany,0, Olympics,31963,0,9,0.21037147219882055,1.0577998161315918,-0.11858288456241661,384.9848327636719,95.28490306627062,0.06938998401165009,0.59814453125,5.242101
23,Which 90s sci fi series with James Belushi was based on Bruce Wagner's comic strip of the same name?,the young and the restless,0, name,829,0,5,0.005456244734625105,1.0260158777236938,-0.24743828899493092,368.81439208984375,113.23314930434779,0.04412011802196503,0.0269927978515625,7.2266364
24,If I Were A Rich Man Was a big hit from which stage show?,musical,0, show,1473,0,5,0.00969487152485257,1.0663450956344604,-0.4242643006414428,348.02734375,83.91943564036167,0.05154768377542496,2.654296875,5.0266423
25,Men Against the Sea and Pitcairn's Island were two sequels to what famous novel?,the novel Robinson Crusoe,0, novel,11514,0,6,0.07578190817186184,1.096587896347046,-0.22828211995093284,400.983642578125,84.75154901868383,0.07381241768598557,1.279296875,6.016467
26,What was Truman Capote's last name before he was adopted by his stepfather?,capote,0,father,23017,1,6,0.15149141743892164,1.145752191543579,-0.00025242410830195183,464.1289978027344,131.5779486263668,0.01898355409502983,0.1451416015625,5.0453277
27,"In Lewis Carroll's poem The Hunting of the Snark, what did the elusive, troublesome snark turn into to fool hunters?",a barrel of beer,0, hunters,47973,0,8,0.31574478727885424,1.0770412683486938,-0.0647845719618525,362.93603515625,82.7965132580752,0.04506583884358406,5.6953125,6.256733
28,"In the Bible, who did the sun and moon stand still before?",gideon,0, before,1573,0,7,0.010353043386689133,0.9886865615844727,-0.4361979720276543,355.8593444824219,45.30939047505691,0.10095200687646866,3.732421875,4.774185
29,What Michelle Pfeiffer movie got a boost from the Coolio song Gangsta's Paradise?,The Color Purple,0, Paradise,47591,0,9,0.31323057076663857,1.1001181602478027,-0.16287308634921782,373.9876403808594,101.25311882278383,0.017621971666812897,0.07830810546875,6.471431
30,What was President Gerald Ford's middle name?,ford,0, name,829,0,5,0.005456244734625105,1.0260158777236938,-0.24743828899493092,349.8138427734375,83.70522842564925,0.06207377091050148,0.0248260498046875,5.771154
31,Art Garfunkel trained for which profession although he didn't qualify?,singer,0, qualify,25384,0,8,0.16707034540859309,1.1313824653625488,-0.07799803605037336,422.1145935058594,99.47300233029688,0.04013261944055557,6.765625,5.1048775
32,Who was the last inmate of Spandau jail in Berlin?,Spandau was the last prison in the world to hold a single inmate,0, Berlin,19846,0,7,0.13062078770008426,1.035614252090454,-0.03353181840962316,383.9750671386719,87.70381548240906,0.05483400076627731,1.1416015625,4.604369
33,What was Eddie Murphy's first movie?,Eddie Murphy's first movie was the 1981 comedy 4,0, movie,5700,0,6,0.03751579612468408,0.994441568851471,0.0029509247755399315,384.1983642578125,63.66111326509818,0.05998948961496353,1.70703125,3.6854315
34,In the 80s who wrote the novel Empire of The Sun?,j. g. ballard,1, Sun,8059,0,4,0.053042070345408594,1.1647669076919556,-0.0954898791704939,391.35833740234375,109.03694777012613,0.046396613121032715,0.01244354248046875,5.2339664
35,Kagoshima international airport is in which country?,Kagoshima Airport (KIX) is located in Kagoshima City,0, country,3146,0,8,0.020706086773378266,1.0923386812210083,-0.3030304391359464,351.9049072265625,87.70335397140785,0.05358603969216347,1.158203125,3.948332
36,In which sport could the Pacers take on the Pistons?,"The NBA is the most popular professional basketball league in the world, and the",1, Pistons,94708,0,8,0.6233414069081719,1.128537893295288,0.07225541669062974,365.66583251953125,78.32646962246574,0.04258623346686363,3.806640625,4.4123225
37,Kim Carnes' nine weeks at No 1 with Bette Davis Eyes was interrupted for one week by which song?,i Will Always Love You,0, song,5492,0,5,0.03614679865206403,1.0699658393859863,-0.12164236208154122,408.72625732421875,67.65684430062107,0.048008620738983154,2.18359375,7.5260873
38,Where in Canada is the Lion's Gate bridge?,"The Lions Gate Bridge, also known as the North Vancouver Bridge, is a",1, bridge,14164,0,7,0.09322346251053075,1.165724277496338,-0.03443317290545078,424.12933349609375,91.68439107705689,0.06342728435993195,3.4609375,4.340286
39,What was Walter Matthau's first movie?,Walter Matthau's first movie was The Longest Day (196,0, movie,5700,0,6,0.03751579612468408,0.994441568851471,0.0029509247755399315,384.9014587402344,62.14833606583329,0.051330458372831345,2.326171875,4.9078403
40,Otis Barton was a pioneer in exploring where?,"In 1903, Otis Barton, a pioneer in the",0, where,1380,0,6,0.009082771693344566,1.051438570022583,-0.5447210311563024,383.58905029296875,99.03107026833635,0.0809381753206253,6.39453125,4.567269
41,Where in England was actor Nigel Hawthorne born?,he was born in the English county of Kent,0, born,9223,0,5,0.060703190817186184,1.109512209892273,-0.17188246624324854,308.2740783691406,99.9868475569184,0.07176811993122101,0.1953125,6.010193
42,"What mythological beast has the head of a man, the body of a lion, and the tail and feet of a dragon?",sphinx,0, dragon,25105,0,7,0.1652340459140691,1.0541688203811646,-0.15338604170632575,340.40216064453125,86.41802121462469,0.04687023162841797,1.94921875,4.6119905
43,"In Greek mythology, who were Arges, Brontes and Steropes?",The three sons of the Titan Coeus and Phoebe were the three,0,opes,18523,1,4,0.12191317396798652,1.2686811685562134,0.0485390626854838,372.23797607421875,70.81974787235914,-0.0029610516503453255,0.007720947265625,4.6436777
44,Which musician founded the Red Hot Peppers?,steve martin,0,ppers,35523,1,5,0.23380239048020218,1.303904414176941,-0.13526099329336416,391.801025390625,92.6842286510211,-0.010768757201731205,0.0002608299255371094,5.4736238
45,Where did the Shinning Path terrorists operate?,"The Shining Path, or Sendero Luminoso (Shining Path",0, operate,14476,0,8,0.09527695871946082,1.0081149339675903,-0.2256997992143286,374.2585144042969,94.96379033569028,0.025049500167369843,2.8359375,3.8573208
46,How old was Jimi Hendrix when he died?,27,1, died,8469,0,5,0.0557405749789385,1.0215919017791748,0.11348410082240434,368.0963439941406,92.50971946135968,0.053589385002851486,0.86474609375,3.6539247
47,Which Brit broke the land speed record in 1990 in Thrust 2?,john sullivan,0,2,17,1,1,0.00011188921651221567,1.0637160539627075,-0.20697351491297633,403.2305603027344,78.68723123087692,0.11019682884216309,0.007541656494140625,5.2372956
48,In which state was Gene Vincent born?,gene vincent was born in the state of louisiana,0, born,9223,0,5,0.060703190817186184,1.109512209892273,-0.17188246624324854,329.9442443847656,100.74837910181037,0.06509923934936523,0.9658203125,5.3452754
49,How was the European Recovery Program in the 1940s more commonly known?,"The Marshall Plan was named after the U.S. Secretary of State, George",1, known,3881,0,6,0.025543649957877,1.0696938037872314,-0.207267345611287,408.0859680175781,115.9247858864148,0.07377921789884567,0.37841796875,3.964314
50,Brandon Lee died during the making of which movie?,The Crow,1, movie,5700,0,6,0.03751579612468408,0.994441568851471,0.0029509247755399315,377.6412658691406,86.58432996806722,0.06189778074622154,1.16015625,5.6970434
51,Who had a 70s No 1 hit with Let's Do It Again?,The Who,0, Again,13759,0,6,0.09055786647009267,1.085740327835083,-0.06290479596765541,381.636474609375,96.56540035610243,0.06386129558086395,0.22900390625,6.1236167
52,Who had a Too Legit To Quit Tour?,"The band's first single, ""Too Legit To Quit"", was released",0, Tour,14644,0,5,0.09638268744734625,1.1288549900054932,0.0008771052453675487,427.88177490234375,85.2834755600742,0.05974576622247696,5.6328125,5.9139323
53,"""According to Rudyard Kipling what were the """"two imposters"""" to meet and treat the same day?""",the British and the Americans,0, day,1899,0,4,0.012498683656276327,1.0639302730560303,-0.34790519281730203,471.219970703125,143.04869020862031,0.06300073862075806,3.322265625,6.4240894
54,Who is the most successful UK solo artist in the USA?,"The most successful UK solo artist in the USA is Elton John, who",1, USA,7279,0,4,0.047908329823083406,1.0592272281646729,-0.09303046162879225,370.482666015625,83.65096824119614,0.03336828202009201,7.30859375,5.473861
55,Which country does the airline TAAG come from?,"TAAG is a Portuguese airline based in Lisbon, Portugal.",0, from,504,0,5,0.003317186183656276,0.9354420304298401,-0.6998267280902555,349.8293151855469,100.0816054591008,0.09865187108516693,0.026092529296875,4.5510573
56,Which US No 1 single came from Diana Ross's platinum album Diana?,The Way We Were,0, Diana,44409,0,6,0.2922875421229992,1.0232510566711426,0.023999507718740265,436.5887756347656,136.784268046901,0.06906437128782272,4.515625,6.544331
57,River Phoenix died during the making of which movie?,river phoenix,0, movie,5700,0,6,0.03751579612468408,0.994441568851471,0.0029509247755399315,383.1302185058594,92.10720346146654,0.05990535765886307,1.306640625,5.339033
58,Which artist David was born in Bradford UK?,david bowie,0, UK,6424,0,3,0.04228096040438079,1.0027894973754883,-0.28927520499594417,420.0641784667969,104.6092598902908,0.05059685558080673,7.6953125,5.56474
59,What is Mel Gibson's middle name?,mel gibson middle name,0, name,829,0,5,0.005456244734625105,1.0260158777236938,-0.24743828899493092,361.9272766113281,91.07862051148582,0.06525222212076187,0.01531219482421875,6.5401955
60,Richard Daley was mayor of which city for 21 years?,chicago,1, years,1635,0,6,0.0107611099410278,1.0627470016479492,-0.28426042370832416,392.4972839355469,92.29169819568558,0.04336896911263466,0.255126953125,1.1406145
61,"""In which movie did Garbo say, """"I want to be alone"""".""",garbo lives,0, alone,7484,0,6,0.049257582139848356,1.1153371334075928,-0.20865458759043465,523.5139770507812,303.1928383919639,0.0503460131585598,0.37548828125,5.4629507
62,What is Osbert Lancaster best known for producing?,"Lancaster was best known for his work as a playwright, and for his role",0, producing,17387,0,10,0.11443634161752317,1.0326939821243286,-0.04619584831228174,380.0818786621094,95.01942518130065,0.04048023745417595,6.43359375,4.0436378
63,Who was the defending champion when Martina Navratilova first won Wimbledon singles?,Martina Navratilova,0, singles,17389,0,8,0.1144495050547599,1.194994568824768,-0.00309421829639156,388.67706298828125,75.89405065007688,0.07305458188056946,3.513671875,5.2626963
64,Who was the first US-born winner of golf's British Open?,The first US-born winner of the British Open was Horton Smith in 1,0, Open,5264,0,5,0.03464616680707666,1.1158297061920166,0.12226689380643085,403.25189208984375,75.86151428069925,0.08610463887453079,0.0277557373046875,6.0544624
65,In which country is the Sky Train Rail bridge?,The Sky Train Rail bridge is located in the country of Canada.,1, bridge,14164,0,7,0.09322346251053075,1.165724277496338,-0.03443317290545078,432.2793884277344,87.16018807865322,0.06871555000543594,8.2890625,5.954235
66,What was the Paramount Film Company originally called?,The Paramount Film Company was originally called the American Film Manufacturing Company.,0, called,2598,0,7,0.0170993049705139,1.0582423210144043,-0.38455769444326915,388.44525146484375,103.19164080802054,0.06895282864570618,0.80419921875,4.2774363
67,Who was the first person after Scott to reach the South Pole overland?,The first expedition to reach the South Pole was the Norwegian expedition led by Ro,0,land,1933,1,4,0.012722462089300758,1.2687921524047852,-0.25028287108408076,359.7413024902344,86.19022580544176,0.04335055127739906,0.433349609375,4.785775
68,Which journalist first told the world about the My Lai massacre?,The My Lai Massacre was a massacre of Vietnamese civilians by members of,0, massacre,48252,0,9,0.31758108677337826,0.9974654316902161,0.007013825921154737,321.9836120605469,68.36806658082655,0.06747417151927948,1.2998046875,5.1233983
69,What is the name of Terence and Shirley Conran's dress designer son?,terence conran,0, son,4438,0,4,0.029209667228306656,1.1339548826217651,-0.22183907029269,419.0498962402344,110.00659445335094,0.052475590258836746,4.65234375,6.728494
70,Which drink did The Spice Girls promote?,"The Spice Girls' first single, ""Wannabe"", was released in",0, promote,11926,0,8,0.07849357624262847,0.9701459407806396,-0.2591022260755991,409.35638427734375,96.68502205911233,0.0382009893655777,3.087890625,4.1921206
71,Who was the youngest brother in the Beach Boys?,"The youngest brother, Brian, was the most musically talented and was the",0, Boys,29757,0,5,0.195852200926706,1.1543487310409546,-0.11609119038998283,359.5378112792969,96.97640759963316,0.02931462600827217,0.02862548828125,4.942303
72,Who first hosted Family Feud?,"The show was first hosted by Richard Dawson, who was replaced by Steve Harvey",1,ud,661,1,2,0.00435051600673968,1.1791223287582397,0.00656752332811017,397.8387451171875,90.30111907758798,0.009928949177265167,0.0008139610290527344,5.071893
73,What did the Lone Ranger's title Kemo Sabe mean in Apache?,"The Lone Ranger's title Kemo Sabe means ""Red Man"" in",0, Apache,8914,0,7,0.0586694397641112,1.0461715459823608,0.0732541954067738,447.6239318847656,149.60264920998975,0.06302441656589508,4.5546875,3.7694492
74,Who or what was Gentle Ben in the 60s TV series?,The 1960s television series Gentle Ben starred James Garner as,0, series,4013,0,7,0.026412436815501265,1.1642203330993652,-0.2297426776435394,440.5141906738281,37.68246962440523,0.04901503026485443,1.6025390625,6.143872
75,Which 70s show was based on the British show Till Death Us Do Part?,the love boat,0, Part,3660,0,5,0.024089090143218198,1.046378493309021,-0.1319806894735729,361.5504150390625,108.80675546986228,0.05816071107983589,0.03570556640625,7.1333346
76,On what date in 1969 did Neil Armstrong first set foot on the Moon?,20 july 1969,1, Moon,17330,0,5,0.11406118365627632,1.0845527648925781,-0.032412965445780095,365.3004455566406,86.17491235394989,0.059910066425800323,1.66796875,2.1420674
77,Bandar Seri Begawan International airport is in which country?,brunei,1, country,3146,0,8,0.020706086773378266,1.0923386812210083,-0.3030304391359464,348.8711853027344,91.66904281033699,0.04787828028202057,0.67578125,2.2479002
78,What was the profession of Paul Strand (1890 - 1976)?,"Paul Strand was an American photographer, filmmaker, and writer.",1,6,21,1,1,0.00013821609098567817,0.9683542847633362,-0.49224772586111687,421.1951599121094,300.43722476249906,0.10345940291881561,0.005992889404296875,4.8811855
79,Who had a 60s No 1 with Downtown?,The 1960s were a decade of great change in the,0, Downtown,43885,0,9,0.28883872156697554,1.0753076076507568,-0.1768183188781256,281.70428466796875,11.340098925424556,0.03605453297495842,10.4453125,6.4314313
80,"Who was born first, Kiefer Sutherland or Christian Slater?",Christian Slater,0, Slater,97003,0,7,0.638446451137321,1.2198716402053833,0.043673062974282306,293.2946472167969,139.7574864383693,0.0066130924969911575,0.42578125,1.6038547
81,"To the nearest two, how many tennis Grand Slam titles did Jimmy Connors win?",10,1, win,3164,0,4,0.020824557708508846,1.1727904081344604,-0.16431119140283235,339.1204833984375,77.41637247410547,0.05761701986193657,0.26318359375,2.3728735
82,Who was the Georgia Peach?,"The Georgia Peach is a nickname for the state of Georgia, which is often",1, Peach,63595,0,6,0.4185643955349621,1.1422135829925537,0.07205874443673999,407.9456481933594,112.92478100492671,0.03125502169132233,8.6796875,6.3082943
83,Who set fire to his guitar at the Monterey Pop festival in 19676?,jimi hendrix,1,6,21,1,1,0.00013821609098567817,0.9683542847633362,-0.49224772586111687,426.52117919921875,220.16724090743264,0.13888400793075562,11.921875,4.889536
84,Della Street was whose secretary?,dale street was the secretary of the president of the united states,0, secretary,19067,0,10,0.1254936288963774,1.1047782897949219,0.13161222400914774,382.186279296875,98.79351345059139,0.05845020338892937,4.671875,5.5944
85,"In music, who was Sweet and Innocent and Too Young?","The song was written by Sweet and Innocent and Too Young, who were",0, Young,13263,0,6,0.08729333403538332,1.1171083450317383,-0.2144782693322349,442.44195556640625,129.49966444375022,0.038012608885765076,2.134765625,7.2985563
86,Who is featured on Puff Daddy's Can't Hold Me Down?,"The song was released as the second single from the album, and was produced",0, Down,6285,0,5,0.04136610151642797,1.1256580352783203,0.12146648467716448,469.528076171875,97.41038362592565,0.02685192972421646,0.2088623046875,6.6629353
87,What had Edmond Hillary worked at before taking up mountain climbing?,He had worked as a beekeeper and as a surveyor.,0, climbing,29508,0,9,0.19421335299073295,1.0386723279953003,-0.03449230774638812,362.73834228515625,84.82558428700403,0.047773923724889755,0.0297698974609375,4.545083
88,In which American state is the Isabella Stewart Gardner Museum?,boston,0, Museum,16328,0,7,0.10746630160067397,1.067544937133789,-0.23981142277681844,452.0458984375,167.60346816418294,0.05306240916252136,0.021697998046875,4.564106
89,Benina international airport is in which country?,"Benina International Airport (IATA: BNA, ICAO:",0, country,3146,0,8,0.020706086773378266,1.0923386812210083,-0.3030304391359464,344.2470703125,87.59530352053082,0.04424314573407173,1.1494140625,3.6072297
90,Beloved in 1999 was whose first movie since The Color Purple in 1985?,cary grant,0,5,20,1,1,0.00013163437236731254,0.98386549949646,-0.5437896952963652,386.37664794921875,109.63190260253191,0.09309759736061096,0.034088134765625,5.7733736
91,Which Star Trek star directed Three Men and a Baby?,Leonard Nimoy,1, Baby,20617,0,5,0.13569529275484415,1.0964001417160034,-0.07846986819614621,389.8380126953125,108.54691951189402,0.04635484889149666,0.6103515625,5.4846435
92,Which sitcom star appeared on the big screening The Object of My Affection?,jason biggs,0,ection,11915,1,6,0.07842117733782646,1.2995142936706543,-0.02395417748566553,431.7483825683594,100.42631962587727,-0.012609492987394333,0.0301666259765625,6.9302254
93,"""Which character did Julia """"Roberts play in Steven Spielberg's Hook?""",jessica,0, Hook,28171,0,5,0.1854135951979781,1.174904227256775,0.18220391521875623,433.9421691894531,168.27654229487246,-0.002062089741230011,8.6796875,4.2199945
94,Which US president did Anthony Hopkins play in a film whose title was simply his name?,richard nixon,1, name,829,0,5,0.005456244734625105,1.0260158777236938,-0.24743828899493092,367.5506896972656,88.74867941996169,0.0577930212020874,0.615234375,5.05757
95,Which movie was a biopic about the life of David Helfgott?,schindler's list,0,ott,1716,1,3,0.011294229149115417,1.2303372621536255,-0.02631577947348296,355.7796936035156,105.29902067893543,0.032841913402080536,0.0001652240753173828,6.096491
96,Which film director guested as the FBI Director in The Silence of the Lambs?,Jonathan Demme,0,bs,1279,1,2,0.008418018112889638,1.1627644300460815,0.0008655330824485219,364.9070739746094,86.80725878834936,0.022120080888271332,0.000701904296875,5.4001875
97,In which sci fi classic did the space ship Nostromo first appear?,alien,1, appear,4994,0,7,0.03286910278011795,1.0007109642028809,-0.2450192042817978,381.2345886230469,103.55965596975608,0.0655551552772522,0.488525390625,1.2826474
98,Nigel Hawthorne was Oscar nominated for The Madness of which King?,henry viii,0, King,6210,0,5,0.040872472620050546,1.0856488943099976,0.10370552519670762,411.5489807128906,90.03682812140357,0.05891120061278343,2.029296875,4.2847548
99,Which Swedish actress won the Best Supporting Actress Oscar for Murder on the Orient Express?,kathryn hahn,0, Express,17399,0,8,0.11451532224094356,1.1990694999694824,0.05771373360851584,380.8059997558594,92.96786232614089,0.02821507677435875,0.0040130615234375,5.4168878
100,Which Oscar-nominated film had You Sexy Thing as its theme song?,The Last Picture Show,0, song,5492,0,5,0.03614679865206403,1.0699658393859863,-0.12164236208154122,350.6846008300781,90.31842654870712,0.06888744235038757,0.1282958984375,7.0579205
101,Which Joan's career revived in Whatever Happened to Baby Jane?,"In 1962, Joan Crawford and Bette Davis starred in",1, Jane,21475,0,5,0.14134240732940184,1.0179688930511475,0.03073363711399857,424.58447265625,161.28231289233085,0.03774283826351166,0.053619384765625,5.444149
102,Which much-loved actor won the Best Actor Oscar for The Philadelphia Story?,cary grant,0, Story,15106,0,6,0.09942344144903117,1.1088632345199585,-0.14666141692056955,401.9915771484375,92.76049625855269,0.025689013302326202,0.01593017578125,5.1421847
103,Which legendary dancer was Oscar-nominated for The Towering Inferno?,Shirley MacLaine,0,no,2152,1,2,0.01416385846672283,1.1361757516860962,-0.0033287264540766692,390.9534912109375,83.99079114275223,0.021791817620396614,0.0001685619354248047,6.8263216
104,What was the name of the brothel in The Best Little Whorehouse in Texas?,The Best Little Whorehouse in Texas,0, Texas,8257,0,6,0.05434525063184499,0.9833111763000488,-0.10199044007413294,384.7030334472656,100.05695179958195,0.03968479484319687,0.0033435821533203125,6.741623
105,Who was the male star of the movie The Man of La Mancha?,peter cox,0,cha,6447,1,3,0.0424323399326032,1.2521705627441406,0.0789140737109939,370.15692138671875,102.60584010856859,-0.003204056527465582,0.0017948150634765625,5.3043284
106,What relation is Joey Richardson to Vanessa Redgrave?,He is the son of actress Vanessa Redgrave and the grandson of actor Sir,0,grave,76631,1,5,0.5043636794439764,1.2900259494781494,0.041876618129998544,362.3069763183594,104.57306890558837,-0.0008979593403637409,0.00495147705078125,5.6223435
107,Melanie Molitor is the mom of which tennis world NO 1?,Serena Williams,0,1,16,1,1,0.00010530749789385004,1.0931203365325928,-0.07595700257181415,468.028564453125,92.02445247794482,0.13514436781406403,0.1953125,5.681325
108,Marc Dutroux hit the headlines over a 'house of horrors' in which country?,belgium,1, country,3146,0,8,0.020706086773378266,1.0923386812210083,-0.3030304391359464,355.46728515625,110.93495331867936,0.044835690408945084,2.158203125,1.0323478
109,On which date in 1945 did Hitler take cyanide then shoot himself?,30 april,1, himself,5561,0,8,0.03660093723673125,1.2836769819259644,-0.006739337181528082,380.1042785644531,71.73762605643434,0.03768288344144821,0.005580902099609375,2.8863442
110,In which river is the Boulder Dam?,the Colorado River,1, Dam,16354,0,4,0.10763742628475148,1.150909423828125,0.01435377775114377,457.4189453125,99.53150507838254,0.07744993269443512,0.5712890625,4.7051783
111,"Which sports event was first held at Worcester, Massachusetts in 1927?",the Worcester World Series,0,7,22,1,1,0.0001447978096040438,0.9536826014518738,-0.50751436775009,399.1056213378906,106.22588232122129,0.09135205298662186,2.064453125,5.855611
112,In which European city is the Belvederen Gallery?,The Belvedere Gallery (Italian: Galleria dell'Accad,0, Gallery,19295,0,8,0.12699426074136477,1.0777291059494019,0.18206197334388285,467.9031982421875,124.62570891714108,0.05050400272011757,7.4609375,5.010986
113,How old was Woody Herman when he founded his own orchestra?,Woody Herman was born in 1906 and founded his own orchestra,0, orchestra,68055,0,10,0.4479188605728728,1.0197536945343018,-0.12843958214648987,348.5792236328125,89.61183882980112,0.08281038701534271,1.880859375,4.0309415
114,For which movie did Katharine Hepburn win her second Oscar?,the lion in winter,0, Oscar,30697,0,6,0.20203901642796968,1.035982370376587,-0.06478527880263352,374.7117004394531,57.048180762230174,0.07456167787313461,1.5966796875,6.338703
115,Who had a 60s No 1 hit with This Diamond Ring?,The Beatles,0, Ring,21525,0,5,0.14167149326032014,1.2045414447784424,0.1160648686458452,409.4460144042969,109.76952497017406,0.034428004175424576,0.2069091796875,6.265714
116,The world was first aware of the Chernobyl disaster after detectors were triggered at a nuclear plant in which country?,russia,0, country,3146,0,8,0.020706086773378266,1.0923386812210083,-0.3030304391359464,359.09423828125,83.98977856933153,0.025506144389510155,0.4501953125,4.449538
117,In which country was the first permanent bungee jumping site situated?,australia,0, situated,30083,0,9,0.19799784119629318,0.985552191734314,0.1299543607731115,325.49945068359375,88.55016989894952,0.059717100113630295,7.6875,4.94097
118,Who succeeded Brezhnev as Soviet premier?,The Soviet Union was led by Leonid Brezhnev from 19,0, premier,20496,0,8,0.1348989048020219,0.9861865639686584,-0.021380254348967398,370.087890625,94.79190512564855,0.05933245271444321,3.072265625,4.2253814
119,In the late 60s Owen Finlay MacLaren pioneered what useful item for parents of small chldren?,baby carrier,0,ren,1440,1,3,0.009477674810446503,1.2269649505615234,0.055864642581977986,405.99053955078125,105.7068346252568,0.0339759886264801,0.0149688720703125,6.014855
120,In which city's shipyard was Solidarity set up?,The Solidarity movement was founded in 1980 in the ship,0, up,705,0,3,0.004640111625947767,1.0466357469558716,-0.517644775950842,385.9938659667969,94.69391140366136,0.05101010948419571,0.480224609375,4.6405187
121,Which female singer was born on exactly the same day as impressionist Rich Little?,lana del rey,0, Little,14671,0,7,0.09656039385004213,1.1127480268478394,-0.0034700229267459193,390.7277526855469,103.02412618240842,0.04660772159695625,3.8515625,6.3472753
122,What is Harrison Ford's real name?,Harrison Ford's real name is Allan Herbert Harrison Ford Jr.,1, name,829,0,5,0.005456244734625105,1.0260158777236938,-0.24743828899493092,376.109619140625,95.6474667950992,0.06614474952220917,0.497314453125,5.1734905
123,Who's home runs record did Mark McGwire break in the 1998 season?,70,0, season,3200,0,7,0.02106149957877001,1.1873924732208252,-0.13883468388362852,336.51361083984375,84.82636374115208,0.07003195583820343,0.27783203125,3.7674105
124,Who won baseball's first World Series of the 80s?,The 1981 World Series was the 101st,0,s,82,1,1,0.0005397009267059814,1.4137271642684937,3.400345719081372,366.5772705078125,86.682107982006,0.037029191851615906,0.6552734375,4.030293
125,What was Pete Sampras seeded when he won his first US Open?,Pete Sampras was seeded 10th in the men's singles at,0, Open,5264,0,5,0.03464616680707666,1.1158297061920166,0.12226689380643085,471.8917236328125,102.09874263671936,0.08488671481609344,0.03472900390625,3.4201145
126,"""Which boxer famously said,"""" If I can't beat this bum take my name off the record books?""""""","""The Greatest""",0, books,6467,0,6,0.04256397430497051,1.03511643409729,-0.03795310215146497,529.9443359375,294.89037217145864,0.004314956720918417,6.6171875,6.3315525
127,Where did Jonathan Edwards set his 1995 triple jump world record?,The 1995 World Championships in Athletics were held in Gothen,0, record,3255,0,7,0.02142349410278012,1.1815026998519897,-0.186914625128066,361.6180114746094,64.07279995941279,0.06373212486505508,0.053985595703125,5.3953986
128,"In baseball, where do the Orioles come from?",the Baltimore Orioles,1, from,504,0,5,0.003317186183656276,0.9354420304298401,-0.6998267280902555,322.71466064453125,94.37351941527619,0.09331116080284119,0.023040771484375,4.4817066
129,The Naismith Award is presented in which sport?,basketball,1, sport,10552,0,6,0.0694502948609941,1.1629620790481567,-0.17357193736969734,328.55194091796875,56.27476591089819,0.06271419674158096,0.72021484375,2.7080793
130,Which cartoon and film character is the nickname of super athlete Michael Johnson?,michael jordan,0, Johnson,11351,0,8,0.07470908803706824,1.0847753286361694,-0.19245868042445036,384.9754943847656,105.58656392416779,0.07764467597007751,2.900390625,5.234975
131,For which team did Babe Ruth blast his last Major League home run?,boston red sox,0, run,1598,0,4,0.010517586352148273,1.1743332147598267,-0.2836414305489052,363.81390380859375,61.678912961894625,0.04559118673205376,0.00878143310546875,4.52994
132,What was Warren Beatty's first movie?,Beatty's first film was the 1960 musical The Tab,0, movie,5700,0,6,0.03751579612468408,0.994441568851471,0.0029509247755399315,386.4432678222656,66.88959636910684,0.05969405174255371,1.853515625,4.782531
133,"Which future Hollywood star got her break as Wonder Girl, Wonder Woman's sister Drusilla?",jessica alba,0,illa,6241,1,4,0.04107650589721988,1.2414710521697998,-0.04807332744738746,364.9187316894531,68.76494432110425,0.018535800278186798,0.02264404296875,6.1287546
134,Mickey Braddock in the 50s series Circus Boy found fame with which surname in which pop band?,braddock,0, band,7055,0,5,0.046434024852569505,1.2519491910934448,0.03285413949807703,430.216064453125,98.0147503727753,0.05559800565242767,1.9287109375,7.352995
135,Which war veteran was Director of News & Special Events for ABC before find fame as a TV cop?,robert dale,0, cop,6162,0,4,0.040556550126368995,1.2213506698608398,0.05791973340370271,402.12939453125,71.67337997694425,0.03731488436460495,7.546875,6.2894287
136,What US sitcom was the first exported to Britain?,"The first US sitcom to be exported to Britain was The Love Boat, which",0, Britain,13224,0,8,0.08703664700926705,1.0307390689849854,-0.013736343178571975,387.7547607421875,96.22198266647332,0.06007740646600723,3.2890625,5.9242682
137,In Hanna and Barbera's TV cartoons base on The Addams Family who was the voice of Gomez?,johnny cox,0, Gomez,62298,0,6,0.4100279064869419,1.0857630968093872,0.1495302114773791,392.84918212890625,212.8282705616543,0.02877313271164894,1.0537109375,6.253713
138,Who was the only female victim to be killed off in the opening credit sequence in Police Squad?,jill,0, Squad,34707,0,6,0.22843170808761584,1.1623833179473877,0.12015241915950581,398.5986022949219,212.78256983683602,0.04112369194626808,4.6015625,7.011475
139,Which US president won the Nobel Peace Prize in 1920?,woodrow wilson,1,0,15,1,1,9.872577927548442e-05,0.9974440932273865,-0.545924107382235,373.5260925292969,97.09249850146956,0.09184986352920532,1.8984375,4.5111227
140,Who beat Tim Henman in his first Wimbledon singles semifinal?,2001 saw the first Wimbledon singles semifinal between two British,0,inal,977,1,4,0.006430339090143219,1.2310506105422974,-0.22791958541583268,386.4072570800781,60.17676604041432,0.043456658720970154,0.051025390625,6.103617
141,What relation was Flo Jo to Jackie Joyner Kersee?,Flo Jo was the sister of Jackie Joyner-Kersee.,0,see,4060,1,3,0.026721777590564447,1.0216658115386963,-0.29644720750638376,339.7499084472656,105.81695089434514,0.027786798775196075,0.018951416015625,3.7060235
142,How long was swimmer Michelle Smith-de Bruin banned for attempting to manipulate a drugs test?,12 months,0, test,1273,0,5,0.008378527801179444,1.0486773252487183,-0.38132334776794474,365.1900329589844,67.31205748831094,0.07690710574388504,0.06585693359375,4.129265
143,Yuan Yuan was caught carrying drugs for which Chinese team?,Yuan Yuan was caught carrying drugs for the Chinese national team.,0, team,2083,0,5,0.013709719882055603,1.092939019203186,-0.33786543142588643,382.15533447265625,81.55800204470341,0.06088150292634964,8.1953125,4.6127353
144,Which grand slam did Pete Sampras not win in the 20th century?,1999,0, century,9294,0,8,0.061170492839090145,1.0545538663864136,-0.24965752293075427,337.6181945800781,87.79757446093957,0.05641776695847511,0.150390625,4.671785
145,In which events did Gert Fredriksson win six Olympic gold medals?,"In 1984, he won six gold medals at the Summer",0, medals,58982,0,7,0.38820292754844143,1.0591217279434204,0.13912028336405635,361.7989807128906,75.84402975786595,0.0405050627887249,0.0198974609375,4.018778
146,"How many of his 45 races did Mike Hawthorn, a former Formula One motor racing world champion, win?",1,0, win,3164,0,4,0.020824557708508846,1.1727904081344604,-0.16431119140283235,398.0542907714844,90.74267872081911,0.04978935420513153,0.393798828125,1.632086
147,On the Internet what is Spam?,Spam is unsolicited bulk email.,0, Spam,81667,0,5,0.5375092144060657,1.1179949045181274,-0.22798256106541936,388.07501220703125,83.26763769587141,0.05170821398496628,9.5859375,4.3732905
148,In which country did the Internet start?,The Internet started in the United States in 1969.,1, start,1191,0,6,0.007838826874473463,1.0299395322799683,-0.2730643365261627,443.69915771484375,87.1769609051229,0.05334126204252243,2.275390625,3.7288406
149,In which year was the Juilliard School founded in New York?,1905,1, York,4261,0,5,0.02804470303285594,0.990225613117218,0.12293511966053972,407.6158142089844,179.88803784845734,0.04213258624076843,0.0008864402770996094,3.2804515
150,"Who wrote My Life and Loves in 1926, originally banned in the US?",The first novel by a woman to be banned in the United States was My,0, US,2274,0,3,0.014966828138163437,1.013751745223999,-0.16657162586461727,422.64739990234375,107.3006300625934,0.0547124482691288,1.771484375,6.9712524
151,What was Blondie's last UK No 1 of the 80s?,1988,0,s,82,1,1,0.0005397009267059814,1.4137271642684937,3.400345719081372,365.0132751464844,79.11878251373497,0.036854714155197144,0.498291015625,6.0224757
152,"In baseball, where do the Royals come from?",the Kansas City Royals,1, from,504,0,5,0.003317186183656276,0.9354420304298401,-0.6998267280902555,322.49072265625,95.79139187867128,0.09287433326244354,0.034698486328125,4.442987
153,What is the largest city in Ohio?,Cleveland is the largest city in Ohio.,1, Ohio,14352,0,5,0.09446082561078349,0.9748981595039368,0.06509825187710128,344.3829345703125,77.53968913376775,0.058489054441452026,4.7890625,3.549732
154,In which decade of the 20th century was Anne Bancroft born?,1932,0, born,9223,0,5,0.060703190817186184,1.109512209892273,-0.17188246624324854,331.00238037109375,101.07224658561417,0.031320616602897644,2.986328125,3.83675
155,The Suez Canal connects the Mediterranean Sea to which other Sea?,red,0, Sea,15029,0,4,0.09891664911541702,1.109875202178955,-0.17238927580949692,328.3374938964844,70.75138050831035,0.057383593171834946,8.703125,2.4721677
156,Which rock star did Cindy Crawford name her first son after?,The rock star was David Bowie.,0, after,1283,0,6,0.0084443449873631,0.99919193983078,-0.35947405559915024,369.64874267578125,110.37259097244512,0.11166179925203323,0.09918212890625,6.460186
157,Sun Yat Sen overthrew the emperor in which country establishing a republic after 2000 years of imperial rule?,china,1, rule,5912,0,5,0.03891112047177759,1.175644040107727,-0.24737579581373703,354.966064453125,102.00928648085826,0.049308404326438904,0.042449951171875,3.4183824
158,Who designed the dress which made the most at Diana's dress auction?,The dress was designed by Jean Paul Gaultier and made by the fashion,0, auction,21165,0,8,0.13930207455770852,1.0686583518981934,-0.08065943501884965,386.30902099609375,86.1384253840894,0.06880220770835876,5.49609375,5.134939
159,Which Palestinian co-founded al Fatah in 1957?,"The PLO was founded in 1964, and the F",0,7,22,1,1,0.0001447978096040438,0.9536826014518738,-0.50751436775009,404.91998291015625,106.3258268220136,0.09111915528774261,1.927734375,4.8205647
160,In which country was Earl Spencer's acrimonious divorce settlement heard?,"The case was heard in the High Court of England and Wales, and the",0, heard,6617,0,6,0.04355123209772536,1.0697344541549683,-0.16598847505008063,372.71380615234375,82.30298978595486,0.06179698556661606,3.740234375,5.717135
161,"In which North African country was Mohammed Al-Fayed, owner of Harrods department store in London, born?",algeria,0, born,9223,0,5,0.060703190817186184,1.109512209892273,-0.17188246624324854,326.96319580078125,108.71398167493275,0.059764958918094635,0.556640625,3.194325
162,Aung San Suu Kyi is a controversial leader in which country?,burma,1, country,3146,0,8,0.020706086773378266,1.0923386812210083,-0.3030304391359464,302.20220947265625,63.40812226586509,0.0225107129663229,0.194580078125,2.542125
163,Which of the founders of United Artists had the last name nearest the beginning of the alphabet?,charles,0, alphabet,27790,0,9,0.18290596040438079,1.1419548988342285,0.30743588743387384,328.1764831542969,78.28312222170939,0.09017090499401093,0.329833984375,5.455991
164,"In La Cage Aux Folles, what was La Cage Aux Folles?","La Cage Aux Folles is a French cabaret, which is a type",0,les,642,1,3,0.004225463352990733,1.2659214735031128,-0.1258167668961261,413.39910888671875,100.72954180717984,0.025385286659002304,0.00013875961303710938,3.9695613
165,Where was the Fiddler in the musical's title?,The Fiddler on the Roof,1, title,2265,0,6,0.014907592670598147,1.0952284336090088,-0.18311992056519477,365.87518310546875,74.8573351184606,0.016086604446172714,7.05859375,6.1805215
166,South Pacific was set during which war?,"The film was set during the Second World War, and was the first film",1, war,4116,0,4,0.027090353833192922,1.1450039148330688,0.029239440136429096,370.3562316894531,72.58523375097492,0.06137677654623985,1.1142578125,4.2272353
167,What percentage of the earth's surface is covered by Europe?,Europe is the world's second smallest continent by area (after Asia) and,0, Europe,4505,0,7,0.02965064237573715,1.030229091644287,0.02480591691043399,345.2376708984375,86.66033914549563,0.06461739540100098,10.3046875,4.03758
168,Which European town gave its name to a Treaty which symbolizes closer economic links between European countries?,brussels,0, countries,5837,0,10,0.03841749157540017,0.9623826742172241,-0.017742755097775564,385.9832458496094,105.1076733851967,0.0521220788359642,0.5869140625,5.6099696
169,Which home of champagne in France was also where the German High Command surrendered in WWII?,Reims,1, WWII,60030,0,5,0.39510056866048865,0.980598509311676,-0.15325519671743937,386.3550109863281,94.32982752759968,0.04689013212919235,3.25390625,5.717408
170,Which was the first European city this century to open an underground railway system?,london,0, system,1849,0,7,0.012169597725358045,1.0426647663116455,-0.48853975556680806,388.7184143066406,88.0293139164727,0.08048544824123383,1.1748046875,4.419304
171,Who first drew Mickey Mouse when ?Disney first supplied the voice?,1928,0, voice,7743,0,6,0.05096224726200505,1.1340192556381226,0.0128765194896312,412.7586975097656,61.04634481997729,0.049578018486499786,5.51953125,3.5510683
172,Which actress wrote the novel The Last of the Really Great Whangdoodles?,jodi picoult,0,oodles,97121,1,6,0.6392230939342881,1.2090028524398804,0.11081775295732577,397.8980407714844,104.31817153343222,0.006495697423815727,0.033477783203125,6.4047
173,Who was the star of the film based on the record Harper Valley PTA by Jeannie C Riley?,loretta lynn,0, Riley,46835,0,6,0.30825479149115415,1.0957496166229248,-0.11050292870952916,386.0201110839844,112.3643006193923,0.030795089900493622,1.126953125,6.088639
174,What color golf balls are used on the golf course in Antarctica?,The color of the golf balls used on the course is white.,0, Antarctica,71687,0,11,0.47182366259477676,1.0651452541351318,-0.03868291336366969,342.1430969238281,94.72078753479767,0.0584721565246582,8.5,5.439768
175,Throughout the 80s and 90s Phil Collins recorded on which record label?,philippe collins,0, label,2383,0,6,0.01568423546756529,1.1340789794921875,-0.24161991200430455,379.7040710449219,100.12687881417315,0.07048527896404266,0.08148193359375,5.7459197
176,On which label did Chuck Berry record in the 1950s and 1960s?,rca,0,s,82,1,1,0.0005397009267059814,1.4137271642684937,3.400345719081372,331.17431640625,93.79508372794908,0.04261035844683647,0.0007195472717285156,6.7163944
177,What was the name of Michael Jackson's second wife?,"In 1995, Jackson married his second wife, Debbie Rowe",1, wife,7403,0,5,0.04872446293176074,1.0377483367919922,-0.2099649523765974,379.82330322265625,97.93134328929904,0.05418672412633896,2.94921875,5.8037386
178,Which US city was named after a British Prime Minister?,london,0, Minister,9486,0,9,0.062434182813816345,1.051050066947937,0.06469334240919844,408.929931640625,96.3818681513788,0.03914133459329605,0.0279083251953125,5.643961
179,"""Who said, To err is human but it feels divine?""""""","""To err is human, but it feels divine"" is a quote by",0, divine,29367,0,7,0.19328533066554338,1.025285243988037,-0.11494999236306569,508.8122863769531,271.6951665940538,0.02729390747845173,2.884765625,6.324668
180,Which singer had a big 60s No 1 with Roses Are Red?,The answer is: The Beatles. The Beatles were a British rock band formed,0, Red,3731,0,4,0.024556392165122155,1.1302145719528198,-0.11352928439165488,390.2403564453125,106.17868737029944,0.03520976006984711,0.01422882080078125,6.3181643
181,What are the international registration letters of a vehicle from Iceland?,The international registration letters of a vehicle from Iceland are IS.,1, Iceland,38396,0,8,0.2527116680707666,1.0632338523864746,0.06754792029034196,336.7493896484375,76.75922816689763,0.08261247724294662,7.68359375,5.4901996
182,Where was the American venue of the Live Aid concert?,"The concert was held at Wembley Stadium in London, England, on",0, concert,20830,0,8,0.13709719882055602,1.0421899557113647,0.08172357145493736,449.121337890625,109.28633835118708,0.0654122605919838,0.1881103515625,3.6711323
183,Which was the longest moon landing?,"The longest moon landing was Apollo 17, which lasted 12",1, landing,20327,0,8,0.13378659435551812,1.1642637252807617,-0.08815360923043336,414.87335205078125,77.09914265736631,0.07028932124376297,2.28125,4.1433735
184,Who had the most expensive presidential inauguration ceremony of the 20th century?,The inauguration of Barack Obama as the 44th President of the United,0, century,9294,0,8,0.061170492839090145,1.0545538663864136,-0.24965752293075427,382.03155517578125,96.25109774397171,0.033390529453754425,0.141357421875,4.401082
185,Who became Israel's head of state in 1993?,"In 1993, Yitzhak Rabin, the",0,3,18,1,1,0.0001184709351305813,1.0193626880645752,-0.468029710299267,382.9078063964844,101.78246293897224,0.09943758696317673,1.783203125,4.569089
186,"In WWII, who was the head of the Nazi party's security service?",The head of the Nazi party's security service was Heinrich Himmler,0, service,2473,0,8,0.016276590143218198,1.087038516998291,-0.4601098933043515,403.48907470703125,73.41940391467234,0.04081951081752777,1.146484375,5.637778
187,Which President of the Philippines was deposed in 1986?,"The 1986 People Power Revolution, also known as the E",0,6,21,1,1,0.00013821609098567817,0.9683542847633362,-0.49224772586111687,402.6764831542969,73.95737451086573,0.08067338168621063,0.0159759521484375,5.765523
188,"What kind of disaster claimed some 100,000 lives in Armenia in 1988?",The 1988 Armenian earthquake was a 6.8 M,1,8,23,1,1,0.00015137952822240943,0.9617469906806946,-0.4643944625281149,353.68902587890625,100.71043448321737,0.09642166644334793,0.00019884109497070312,5.0394397
189,Which state on the Gulf of Mexico is nearest the end of the alphabet?,florida,0, alphabet,27790,0,9,0.18290596040438079,1.1419548988342285,0.30743588743387384,345.47320556640625,75.49712287443256,0.09780314564704895,15.0078125,4.821196
190,Truax Field international airport is in which US state?,Montana,0, state,1584,0,6,0.010425442291491154,1.1069903373718262,-0.34977532061081096,336.4639587402344,84.98409222453678,0.044081173837184906,0.32763671875,5.013858
191,In what month was the attack on Pearl Harbor?,The attack on Pearl Harbor was a surprise military strike by the Imperial Japanese Navy,0, Harbor,39182,0,7,0.25788489890480204,1.189962387084961,0.014002622622057093,456.37237548828125,104.8834416345722,0.028972696512937546,0.0322265625,3.880891
192,Who did Dr. Crippen murder?,Dr. Crippen was convicted of murder and hanged on 2,0, murder,9901,0,7,0.06516559604043808,1.0047374963760376,-0.09776056374508357,386.4564208984375,99.36557267779776,0.06505949795246124,2.173828125,4.2610645
193,"In the 1904 Olympics, how many of the 23 track and field titles were won by Americans?",19,0, Americans,8877,0,10,0.05842591617523168,1.0862267017364502,-0.19539509731675775,348.2079772949219,91.84740921455469,0.03303615376353264,2.923828125,2.4721172
194,The Black Hills lie between which two rivers?,The Black Hills lie between the Belle Fourche and Cheyenne River.,1, rivers,35517,0,7,0.233762900168492,1.0062830448150635,-0.10066863672189186,354.66571044921875,88.08398009722035,0.042141951620578766,1.8623046875,3.2278712
195,In what year was the first in-flight movie shown on an internal flight in the USA.,1933,0, USA,7279,0,4,0.047908329823083406,1.0592272281646729,-0.09303046162879225,326.6661682128906,82.71525819452236,0.06386050581932068,2.3046875,0.43226165
196,In which city was John Lennon murdered?,manhattan,0, murdered,31385,0,9,0.20656723883740521,1.0073151588439941,-0.021965545645256324,355.0535583496094,90.56274414932706,0.04683239758014679,1.3984375,3.5771115
197,How was President Kennedy assassinated?,"The assassination of President John F. Kennedy on November 22,",0,inated,15479,1,6,0.10187842249368155,1.1425727605819702,0.040875357538732615,382.1693115234375,100.41930145939894,0.036282800137996674,0.0003209114074707031,4.0348096
198,Which caped crusader operated in Gotham City?,batman,1, City,4311,0,5,0.02837378896377422,1.079875111579895,-0.25523239080908144,424.8584289550781,86.55023015880248,0.06869817525148392,0.22802734375,5.5293393
199,Who did Jack Ruby shoot in November 1963?,"Jack Ruby, the nightclub owner who shot and killed Lee Harvey Oswald, the",1,3,18,1,1,0.0001184709351305813,1.0193626880645752,-0.468029710299267,357.8794860839844,99.29343796907875,0.08384281396865845,0.0030975341796875,5.4613442
200,Who was the first American to travel faster than the speed of sound?,Chuck Yeager,1, sound,5112,0,6,0.033645745577085086,1.1961097717285156,-0.029638368105409096,392.09161376953125,80.33520380237088,0.03913339972496033,0.12939453125,4.7549934
201,Who was the first US president Barbara Walters interviewed?,"The first interview was with Barbara Walters, who was asked about her career and",0, interviewed,29047,0,12,0.19117918070766637,1.1617026329040527,-0.03740096325126796,409.0647277832031,93.97864533984755,0.052940692752599716,0.52880859375,5.7790637
202,Which orchestral conductor was married to one of the subjects of the film Hillary and Jackie?,The film was directed by Robert Altman and stars Meryl Streep as,0, Jackie,50865,0,7,0.33477911752316764,1.0419538021087646,0.02348880680690124,358.1408386230469,108.71217834866945,0.05713629350066185,1.921875,6.6554585
203,Which writer and politician became Lord Tweedsmuir?,lord tweedsmuir,1,uir,20911,1,3,0.13763031802864364,1.203687310218811,-0.19496066190040162,379.4605407714844,96.61744888134751,-0.009574275463819504,0.007755279541015625,6.1404257
204,In what year was the first Tarzan novel published?,1912,0, published,4652,0,10,0.0306181550126369,1.0087971687316895,-0.05716102952357671,359.0013122558594,95.75571447909417,0.04713985323905945,0.366455078125,2.9842885
205,In which country were motorized ambulances first used?,The first motorized ambulances were used in the United States in,0, used,1483,0,5,0.009760688711036226,0.9711403250694275,-0.3859223744719156,388.0574951171875,88.89521776099656,0.05895039439201355,0.91552734375,5.088775
206,What is the Pacific terminus of the Trans Siberian Railway?,The Pacific terminus of the Trans-Siberian Railway is the city of,0, Railway,54456,0,8,0.35841406908171863,1.0795670747756958,-0.06631380233455264,355.822509765625,77.14747951651708,0.07124651223421097,0.4072265625,3.8098252
207,What is the name of the mountain pass which lies between Pakistan and Afghanistan?,khyber pass,1, Afghanistan,20500,0,12,0.13492523167649537,1.0047155618667603,-0.2005852769762706,372.03057861328125,94.14610194939591,0.0550004243850708,0.5791015625,4.8437777
208,"What is the name of the group of 1,196 islands in the North Indian Ocean, none bigger than five square miles?",maldives,1, miles,8756,0,6,0.05762952822240944,1.0716402530670166,-0.12542642277398475,406.0050048828125,96.77229323428935,0.02931460179388523,0.407958984375,4.9329762
209,Which Syrian city is said to be the oldest continually inhabited city in the world?,Damascus,1, world,1879,0,6,0.012367049283909014,1.091902494430542,-0.43102632138786,386.5129699707031,100.68350219530402,0.037626542150974274,0.007476806640625,4.980492
210,Who was king of France at the time of the French Revolution?,Louis XVI,1, Revolution,22126,0,11,0.14562710614995789,1.155454397201538,-0.1317432458560397,375.14129638671875,106.14776206515307,0.07088932394981384,0.25341796875,4.0651073
211,What is the principal language of Bulgaria?,The Bulgarian language is the official language of Bulgaria and is spoken by the Bulgarian,1, Bulgaria,58719,0,9,0.3864719355518113,1.0417423248291016,0.022461571847105066,331.3825988769531,97.12658921100234,0.06499500572681427,6.94140625,3.6574965
212,"What is the name of the cathedral in Red Square, Moscow?",The cathedral was built in 1555–1557,0, Moscow,22415,0,7,0.14752922283066555,1.0458459854125977,0.06672202935890503,349.0074768066406,94.09228596347812,0.0653143972158432,0.197021484375,4.522619
213,Which country is known to its people as Suomen Tasavalta?,finland,1,ta,2565,1,2,0.016882108256107836,1.239942193031311,0.0493192286800479,368.1011962890625,120.3276794501586,0.024855906143784523,4.5180320739746094e-05,2.4031239
214,Which crusade was led by Philip II Augustus of France and Richard I of England?,The First Crusade (1096–1099),0, England,9448,0,8,0.06218407750631845,1.0466564893722534,-0.03796081501771997,333.12054443359375,79.56549133206697,0.03625902533531189,0.0001533031463623047,4.124861
215,In which Netherlands city does the United Nations International Court of Justice sit?,the Hague,1, sit,2444,0,4,0.016085720303285592,1.1731306314468384,0.15347011113034004,353.0097961425781,81.07900835025916,0.04158993065357208,2.5546875,3.879944
216,"In which battle did Harold II, the last Saxon king, lose his life?",harold's death at the battle of hastings,1, life,2272,0,5,0.014953664700926706,1.107796311378479,-0.35971661122191545,364.9222717285156,91.65522080305941,0.02023937739431858,0.02789306640625,5.055346
217,Who proclaimed the People's Republic of China in 1949?,"The People's Republic of China (PRC), officially the People's Republic",0,9,24,1,1,0.00015796124684077506,0.9537014961242676,-0.4911801463078245,376.73980712890625,101.51334726261335,0.0930696502327919,0.0037822723388671875,4.1583967
218,"Which wife of Henry VIII had already married twice before she became queen, and married for a fourth time after Henry's death?",anna,0, death,4545,0,6,0.029913911120471776,1.1152479648590088,-0.21198201198325917,340.76153564453125,94.31888786488112,0.04062266647815704,0.87109375,3.9056559
219,In which country is the castle that gives the Habsburg dynasty its name?,austria,0, name,829,0,5,0.005456244734625105,1.0260158777236938,-0.24743828899493092,387.7810363769531,109.49936330316234,0.046097539365291595,0.095458984375,5.2726383
220,In which parliament has the UK 87 seats for members who are elected for a five0-year term?,the House of Commons,0, term,4647,0,5,0.030585246419545072,1.2153421640396118,-0.21053385207066988,357.38226318359375,84.79051630095195,0.06050484627485275,0.1158447265625,4.17764
221,What was the former name of the British Green Party?,The Green Party of England and Wales was formed in 1984,0, Party,8554,0,6,0.05630002106149958,1.1610609292984009,-0.14309118731816328,372.0802307128906,83.9643334707209,0.07677031308412552,0.29052734375,3.6700919
222,"""What is the more common name of the """"simple plurality"""" system of voting?""",first-past-the-post,1, voting,15668,0,7,0.10312236731255266,1.1147668361663818,-0.22089729443270345,403.61895751953125,90.7706900211398,0.029940854758024216,1.103515625,5.2874546
223,What word for unthinking patriotism is derived from the name of one of Napoleon's admirers?,jingoism,0,ers,388,1,3,0.0025537068239258635,1.2486217021942139,0.12139195714209183,402.6308898925781,113.7510683689071,0.014004848897457123,4.0546875,7.402593
224,Which builder of steam engines formed a successful partnership with Matthew Boulton?,James Watt,1,ton,777,1,3,0.005113995366470093,1.277964472770691,0.09917236039112387,376.3069152832031,95.02253903188439,0.028344659134745598,0.0001474618911743164,4.2322035
225,What was the nickname of the French singer Edith Piaf?,the French songbird,0,f,69,1,1,0.0004541385846672283,1.1495487689971924,-0.021160632356059583,337.4501037597656,106.40071676806626,0.06487388163805008,0.0009284019470214844,5.2596307
226,Whose birthday is celebrated by a public holiday on the third Monday in January in the USA?,washington,0, USA,7279,0,4,0.047908329823083406,1.0592272281646729,-0.09303046162879225,340.8875732421875,104.62001286303781,0.056240495294332504,2.994140625,4.7193265
227,What type of coal is brown and fibrous?,"Brown coal, also known as lignite, is the lowest rank of coal",1,rous,26522,1,4,0.17456034119629318,1.339022159576416,-0.010493128784819561,379.50103759765625,74.58498210150209,0.01806490123271942,0.0023784637451171875,4.4489436
228,What raw material is used for making glass?,"Glass is made from raw materials such as soda ash, limestone and sand.",1, glass,8991,0,6,0.05917623209772536,1.1525912284851074,-0.14989117081728676,401.5144348144531,110.2129909865213,0.03578410670161247,4.21875,4.2032857
229,What kind of an organism is a truffle?,Truffles are the underground fruiting bodies of certain ascomycete fungi,1,uffle,13208,1,5,0.0869313395113732,1.2635159492492676,0.3046329677294377,327.4137268066406,67.22767364702189,0.03752392902970314,2.408203125,4.451845
230,What is the name of the strong material found in plant cell walls?,cellulose,1, walls,14285,0,6,0.094019850463353,1.1240081787109375,-0.03186644198483357,361.8988037109375,77.51435163818381,0.05634419247508049,0.033843994140625,3.9578815
231,What name is given to the change of state from liquid to gas?,The change of state from liquid to gas is called evaporation.,1, gas,6819,0,4,0.04488073925863521,1.166797161102295,-0.1758929228982855,375.9658508300781,72.85140806463164,0.0580383837223053,0.388916015625,4.578496
232,"Which branch of science has four fundamental principles: addition, subtraction, multiplication, and division.",mathematics,0, division,12804,0,9,0.08427232518955349,1.1554328203201294,-0.034619009135221646,339.4024353027344,94.45698902560044,0.027604013681411743,0.004695892333984375,2.8909001
233,What is the force that opposes the relative motion of two bodies that are in contact?,Friction is the force that opposes the relative motion of two bodies that are,1, contact,3645,0,8,0.023990364363942713,1.1778725385665894,-0.2782620802070723,332.9045715332031,89.31802516616503,0.04505961760878563,0.047760009765625,3.678149
234,What is the fastest animal on two legs?,"The fastest animal on two legs is the cheetah, which can reach",0, legs,14201,0,5,0.09346698609941027,1.151411771774292,-0.09890232457067194,359.17205810546875,84.31211157995504,0.04612194746732712,0.282958984375,5.081635
235,What is the green pigment used by plants to trap sunlight?,Chlorophyll is the green pigment used by plants to trap sunlight.,1, sunlight,39020,0,9,0.2568186604886268,1.0516538619995117,0.020236567478456813,336.6318054199219,57.90014604501848,0.06378720700740814,1.94921875,3.74451
236,What id the name given to the study of birds?,Ornithology is the study of birds.,1, birds,19654,0,6,0.12935709772535806,1.0244019031524658,-0.09744433512613337,402.0711364746094,87.11820228591178,0.04459144547581673,6.51953125,4.1156864
237,"Of which reptile are there only two species, one living in the Mississippi and the other in China?",crocodile,0, China,5616,0,6,0.03696293176074136,1.0086536407470703,-0.1727775355854546,353.4626770019531,110.00104516757574,0.04599599540233612,4.109375,4.126577
238,"What type of seaweed grows up to 100 meters in length, and is farmed for its alginates?",kelp,1,ates,973,1,4,0.006404012215669756,1.2394213676452637,-0.2634894720455363,378.39892578125,74.35177313347619,0.017062224447727203,0.52880859375,3.069654
239,Where in a vertebrate would you find the protein myoglobin?,Myoglobin is a protein that stores oxygen in muscle cells.,0,oglobin,93755,1,7,0.6170690290648694,1.1421990394592285,-0.14503288316552876,365.7193298339844,65.74167764596616,0.05959763750433922,1.79296875,3.2031496
240,"What is the most abundant substance in the plant kingdom, which no mammal produces the enzyme to digest?",cellulose,1, digest,20882,0,7,0.13743944818871104,1.169093132019043,0.003541031756677082,393.4051818847656,90.61947326587604,0.07294852286577225,0.8994140625,2.6285007
241,"Which family of insects has species named 'drivers', 'weavers', 'and even individuals called 'soldiers'?",ant,1,iers,4813,1,4,0.031677811710193765,1.2815024852752686,-0.08584892818489376,531.2714233398438,459.73908474021147,-0.007882049307227135,0.116455078125,4.062365
242,What name is given to the study of animal behavior?,The study of animal behavior is known as ethology.,1, behavior,7709,0,9,0.05073846882898062,1.1112464666366577,-0.18111034391248193,372.31878662109375,91.27420226239518,0.05493889003992081,2.052734375,4.6570206
243,Mosses are classified as belonging to which part of the plant kingdom?,bryophytes,0, kingdom,25079,0,8,0.16506292122999158,1.0958571434020996,0.0034189902196750666,298.0523986816406,63.45149084489768,0.06430526822805405,0.052154541015625,4.59931
244,"Which rodent rears its young, called kittens, in a nest called a drey?",weasel,0,rey,8073,1,3,0.053134214406065715,1.262289047241211,0.13725442433505464,369.08331298828125,89.54494561409814,-0.0017347868997603655,0.0005617141723632812,5.5350175
245,What has a central vein called a midrib?,"The leaves of monocots are parallel-veined, and the veins of",1,rib,1897,1,3,0.012485520219039595,1.281739592552185,0.08696047611248359,387.4864196777344,69.97157143742392,0.01854139380156994,0.443115234375,5.309315
246,"Which mammal constructs a lodge in which to store food, rear young, and pass the winter?",beaver,1, winter,12406,0,7,0.08165280117944397,1.0840872526168823,0.06629035455436583,363.3238830566406,79.89862956621417,0.0687577947974205,0.0963134765625,3.7761374
247,What is the generic word for plants that grow in water or water-logged conditions?,hydrophytes,1, conditions,4682,0,11,0.03081560657118787,1.0811407566070557,-0.35713560519721543,318.52447509765625,82.87238103681028,0.062219008803367615,3.76953125,4.631925
248,"Which teeth are the third molars, and are always the last to0 erupt?",wisdom teeth,1, erupt,43679,0,6,0.28748288753159223,1.0638657808303833,-0.03685295021510093,403.35174560546875,79.71636937011651,0.0596761628985405,1.2431640625,3.7366872
249,What is secreted by the pancreas to regulate blood sugar levels?,"The pancreas secretes insulin and glucagon, which regulate blood sugar levels",1, levels,5866,0,7,0.03860836141533277,1.0666831731796265,-0.12019992140249114,325.9205322265625,70.51646463074367,0.045702479779720306,0.1239013671875,3.6372397
250,How many chambers has the heart?,The heart is a muscular organ in the chest that pumps blood throughout the human,0, heart,4746,0,6,0.03123683656276327,1.09750235080719,-0.2791929378544875,431.68267822265625,94.347868017773,0.07288844138383865,5.66015625,3.4788506
251,What is the name of the large buttock and thigh muscle?,The gluteus maximus is the largest and most superficial of the three,1, muscle,15747,0,7,0.10364232308340354,1.0708491802215576,-0.12285785486642853,423.8294372558594,66.01742992200124,0.07572872191667557,0.54638671875,4.527518
252,"When the egg is released from the ovary, what is left behind?","The egg is released from the ovary, and the follicle becomes a",0, behind,4815,0,7,0.031690975147430495,1.183325171470642,-0.12660613083119499,366.5457763671875,55.20107418147795,0.09013417363166809,0.1270751953125,3.7997653
253,What is the scientific name for the heart's pacemaker?,"The heart's pacemaker is the sinoatrial node, or SA node",1,emaker,58675,1,6,0.3861823399326032,1.2355904579162598,-0.10103349401376516,387.92205810546875,102.91339914302125,0.034757114946842194,0.0156402587890625,3.52862
254,Which hormone helps control ovulation?,The hypothalamus secretes gonadotropin-releasing hormone (,0,ulation,2914,1,7,0.01917912805391744,1.1353093385696411,-0.01266689599475379,336.5101013183594,63.65575620435091,0.036653921008110046,0.0237884521484375,4.210364
255,What is the second most common gas in the atmosphere?,The atmosphere of Earth is a layer of gases surrounding the planet Earth that is,0, atmosphere,16566,0,11,0.10903275063184499,1.1022677421569824,-0.25163250507433554,360.4467468261719,67.13235709578649,0.0632828027009964,1.4169921875,4.1783223
256,What is the term for nutrient enrichment of lakes?,The term eutrophication is used to describe the process of water body,1, lakes,43136,0,6,0.2839090143218197,1.0835423469543457,0.039805451539725034,335.29443359375,69.11650353785494,0.046676523983478546,3.923828125,4.7454414
257,Five-legged creatures have damaged which 1250 mile long wonder of the world?,The Great Wall of China,0, world,1879,0,6,0.012367049283909014,1.091902494430542,-0.43102632138786,402.80145263671875,88.58996341267827,0.055694885551929474,0.47216796875,5.090681
258,Which radioactive substance sometimes occurs naturally in spring water?,radon,1, water,3015,0,6,0.019843881634372368,1.044288992881775,-0.3834391912648032,343.9154357910156,57.78233265153325,0.06373214721679688,0.30419921875,4.388441
259,What is the approximate circumference of the earth?,"The circumference of the Earth is approximately 40,075 km",0, earth,9393,0,6,0.06182208298230834,1.191629409790039,-0.19705446300005347,377.934326171875,82.85496528031518,0.05504282936453819,3.74609375,3.5444684
260,"Which common mineral is used to make casts, moulds, blackboard chalk and plaster of Paris?",gypsum,1, Paris,12095,0,6,0.07960588668913227,1.0310442447662354,-0.09649313769000978,354.04010009765625,78.31180846749876,0.011681794188916683,0.28076171875,1.087511
261,What name was given to the invisible material once thought to occupy all space?,The term aether (or ether) is used in modern physics to refer,1, space,3550,0,6,0.023365101095197977,1.1562137603759766,-0.3582899205754373,388.6215515136719,83.50640419338644,0.0639072060585022,0.48095703125,5.3791103
262,From which areas of space can there be no escape?,The escape velocity from the surface of the Earth is about 11.,0, escape,12449,0,7,0.0819358150800337,1.1450815200805664,-0.048577150812754155,365.2279968261719,70.81107520674769,0.05404467508196831,2.1953125,5.464125
263,Who was the first man to walk on the Moon?,"The first man to walk on the Moon was Neil Armstrong, who was an",1, Moon,17330,0,5,0.11406118365627632,1.0845527648925781,-0.032412965445780095,365.9547424316406,94.76131963652102,0.053888462483882904,2.4765625,5.0781703
264,Proteus and Nereid are moons of which planet?,neptune,1, planet,11580,0,7,0.07621630160067397,1.1208245754241943,-0.008580303334093209,341.3280334472656,69.17732204500267,0.06638509035110474,0.1749267578125,3.4305089
265,What is the Milky Way?,The Milky Way is a barred spiral galaxy that contains the Solar System.,1, Way,12149,0,4,0.079961299494524,1.127733588218689,-0.07811714513741164,408.86505126953125,118.47620238900464,0.04684790223836899,0.1148681640625,3.103008
266,Which force is nothing more than the bending of space and time?,The force of gravity is nothing more than the bending of space and time.,1, time,882,0,5,0.005805075821398484,1.0474069118499756,-0.6712612875746697,401.26336669921875,84.43416421721014,0.048663586378097534,0.0294036865234375,4.448093
267,"Which star is as bright as 23 Suns, and is orbited by the Pup?",pup,0,up,454,1,2,0.002988100252737995,1.2012277841567993,-0.16439556509779196,422.21533203125,100.46530011667494,0.07440711557865143,2.4296875,5.5206566
268,What are the three primary colours of light?,"red, green, blue",0, light,3100,0,6,0.020403327716933446,1.1586614847183228,-0.19096147213475234,351.91326904296875,47.49854013883311,0.07209797203540802,0.607421875,3.5070817
269,In what film did Oprah Winfrey make her big screen acting debut?,the color purple,1, debut,17306,0,6,0.11390322240943555,1.0645842552185059,-0.02966462999827657,381.0143127441406,93.6019800686513,0.04696964472532272,0.0128936767578125,6.202834
270,What is the second lightest chemical element?,"The second lightest chemical element is hydrogen, which has an atomic number of",0, element,2392,0,8,0.01574347093513058,1.1206815242767334,-0.21635885725007187,398.0973815917969,66.73787629566901,0.08450619131326675,0.0246124267578125,4.9562936
271,"Used in mathematics, what is the value of Pi to three decimal places?",3.142,1, places,7482,0,7,0.04924441870261163,1.080421805381775,-0.16676214673211787,354.77935791015625,92.49656352696753,0.03979489952325821,0.2381591796875,1.178638
272,"What colour is the number 10 on the door of 10 Downing Street? White, Yellow or Brown?",yellow,0, Brown,10471,0,6,0.06891717565290649,1.1151994466781616,0.014838644989353611,382.6510009765625,110.99913611123026,0.06485340744256973,3.36328125,3.0637665
273,What was advertised with Eva Herzagovia using the slogan hello boys?,"Eva Herzagovia was a woman who used the slogan ""hello boys",0, boys,13007,0,5,0.08560841406908172,1.0720795392990112,-0.09457692371891602,505.03564453125,160.13189318552836,0.040691010653972626,8.078125,5.624459
274,What number in Bingo is sometimes referred to as Heinz varieties?,"The number 19 is sometimes referred to as Heinz varieties, because",0, varieties,35580,0,10,0.23417754844144903,1.012453317642212,-0.09090527625099032,420.03460693359375,108.90528392549258,0.05709651857614517,13.1328125,4.8951693
275,"As at March 2001, who holds the record for scoring the most league goals for the soccer team Arsenal?",gossett,0, Arsenal,32002,0,8,0.21062815922493683,1.1024514436721802,-0.020978196016006923,357.26531982421875,90.60143679648125,0.0679495632648468,3.41796875,5.1810164
276,How many verses make up the national anthem God Save The Queen?,4,0, Queen,16259,0,6,0.10701216301600674,1.096721887588501,-0.06032950012410243,347.02471923828125,94.76483884355164,0.07649211585521698,0.0565185546875,1.9421185
277,What colour is the cross on the national flag of Switzerland?,red,0, Switzerland,29121,0,12,0.19166622788542545,1.0303428173065186,0.02871951578664822,323.6965026855469,85.54477918654442,0.07873387634754181,5.08203125,3.3226528
278,Who was the American President when the Berlin Wall was constructed?,The Berlin Wall was constructed in 1961 by the German Democratic,0, constructed,20346,0,12,0.13391164700926705,1.0059319734573364,-0.11971880985631111,352.3546142578125,97.96511144541944,0.05811404436826706,2.2578125,5.324334
279,What is the minimum number of darts a person needs to throw to complete a leg from 501?,The minimum number of darts a person needs to throw to complete a leg,0,1,16,1,1,0.00010530749789385004,1.0931203365325928,-0.07595700257181415,340.48602294921875,46.36047883264678,0.114386186003685,0.076904296875,3.1621811
280,What was the first British football team to win the European Cup?,The first British team to win the European Cup was Liverpool in 19,0, Cup,10861,0,4,0.07148404591406908,1.171400785446167,-0.1044474591594251,388.3557434082031,69.06433477430575,0.03531822934746742,0.111328125,5.390081
281,What is the most popular natural attraction in Alaska?,The most popular natural attraction in Alaska is Denali National Park and Preserve.,1, Alaska,27267,0,7,0.17946372156697557,1.0211900472640991,0.18802636774195847,328.7391357421875,82.23322953653549,0.07709196209907532,6.1640625,4.781693
282,"What type of acid is extracted from the juice of lemons, oranges, limes, and grapefruit?",Citric acid,1,fruit,35598,1,5,0.23429601937657962,1.1915289163589478,0.18974487838614573,356.3266906738281,82.40830570973552,0.05146795138716698,1.9375,3.2849004
283,How many pieces are there in a standard set of dominoes?,A standard set of dominoes contains 28 pieces.,1,es,288,1,2,0.0018955349620893007,1.2819286584854126,0.4445675215437124,333.0356140136719,73.16286002385915,0.05128302052617073,0.02020263671875,3.2569568
284,What is the acronym for the agency which provides co-operation between police forces worldwide?,icp,0, worldwide,15245,0,10,0.10033830033698399,1.0102512836456299,-0.09116951238422777,347.49853515625,100.3338316959828,0.059926409274339676,5.046875,4.4758105
285,"What were Benjy and Laska, which were sent into space in 1958?","The first animal to orbit the Earth was the dog Laika, who died",0,8,23,1,1,0.00015137952822240943,0.9617469906806946,-0.4643944625281149,389.8800354003906,93.77414505031925,0.08670194447040558,2.263671875,5.7453876
286,In what year in the 20th century was the Miss World contest held for the first time?,1951,1, time,882,0,5,0.005805075821398484,1.0474069118499756,-0.6712612875746697,407.35400390625,87.25256940881809,0.05464281141757965,0.00812530517578125,1.3352538
287,In which year was the Encyclopedia Britannica first published?,1768,1, published,4652,0,10,0.0306181550126369,1.0087971687316895,-0.05716102952357671,352.0453186035156,86.53065896955417,0.05087967962026596,0.1190185546875,2.4442747
288,"On the London Underground, which is the only line to connect at some point with every other line on the system?",central line,0, system,1849,0,7,0.012169597725358045,1.0426647663116455,-0.48853975556680806,336.8896484375,79.23845604825443,0.04968918859958649,1.2392578125,4.9565353
289,Who wrote The Importance Of Being Earnest?,Oscar Wilde,1,est,477,1,3,0.0031394797809604046,1.2870439291000366,0.1467952943848383,392.88323974609375,102.06016313740778,0.04010683298110962,0.00206756591796875,4.7465687
290,"Thomas Edison, who invented the lightbulb, was afraid of the dark?",no,0, dark,6319,0,5,0.0415898799494524,1.0995557308197021,0.0448251733303775,400.0652770996094,95.23365580212084,0.03131367266178131,0.845703125,3.569087
291,Taphephobia is the fear of losing your teeth?,taphephobia,0, teeth,17832,0,6,0.11736520640269588,1.1171132326126099,0.03417210208625354,375.3627624511719,78.00686059555922,0.05900954455137253,4.40625,3.8624275
292,The letter t is the second most common letter used in the English language?,false,0, language,4128,0,9,0.02716933445661331,1.104209065437317,-0.2699476095741167,396.8169250488281,90.00911777032304,0.07770215719938278,0.1556396484375,3.5131855
293,"The invention of what in 1867, made Alfred Nobel famous?",Nobel's invention of dynamite in 1867 made him famous,1, famous,11245,0,7,0.07401142586352148,0.9233394861221313,0.03739276886778553,386.19488525390625,104.42079834464717,0.04211512953042984,4.4140625,4.292589
294,What is the most populated city in America?,The most populated city in America is New York City.,1, America,5159,0,8,0.03395508635214827,1.0549079179763794,-0.2058662827078548,370.1413269042969,89.42654640606789,0.05306726694107056,5.63671875,4.2024336
295,What is the only letter of the alphabet which does not appear in any of the names of the 50 American states?,a,0, states,5302,0,7,0.03489627211457456,1.1850640773773193,-0.2331917636713654,340.3495788574219,77.06279491498674,0.05349769443273544,0.04742431640625,3.896659
296,What was the Spice Girls' debut single called?,Spice Girls,0, called,2598,0,7,0.0170993049705139,1.0582423210144043,-0.38455769444326915,350.3249816894531,101.0472394141517,0.07977499812841415,1.875,4.4439974
297,What are the only two musical notes which have no flats?,C and D,0, flats,60357,0,6,0.3972527906486942,1.2596986293792725,0.07607818962899016,423.61151123046875,114.31950781221774,0.04045264422893524,6.35546875,4.6246066
298,"From which country do French fries originate? France, Belgium or Switzerland?",french fries are a type of potato that is cut into thin strips and fried,0, Switzerland,29121,0,12,0.19166622788542545,1.0303428173065186,0.02871951578664822,382.1075439453125,134.07265625497104,0.0804755836725235,4.40234375,3.6935158
299,For what novel did J. K. Rowling win the 1999 Whitbread Children's book of the year award?,harry potter and the goblet of fire,0, award,10084,0,6,0.066370050547599,1.107051134109497,-0.03874532446287082,347.40850830078125,99.61709594416314,0.06636277586221695,0.441162109375,2.425127
300,What is the longest word can be typed using only the top row of letters on a typewriter?,The longest word that can be typed using only the top row of letters on,0,ewriter,72480,1,7,0.4770429654591407,1.2722302675247192,0.13212816126509264,339.8374328613281,104.86731834380588,0.04489118978381157,0.0022830963134765625,6.199229
301,In which city would you find O'Hare International Airport?,chicago,1, Airport,20691,0,8,0.1361823399326032,1.042244553565979,-0.01092569257511844,303.7525939941406,72.53923621199883,0.060590919107198715,0.03070068359375,4.4672804
302,Which Asian country was once called Siam?,thailand,1,iam,4932,1,3,0.032461036225779276,1.2130450010299683,-0.2421659915647263,385.306640625,113.75170150801165,0.021752463653683662,0.0280303955078125,4.0183496
303,What are the names of Donald Duck's three nephews?,"Donald Duck's three nephews are Huey, Dewey, and Lou",1,ews,27744,1,3,0.18260320134793598,1.2956640720367432,0.07120846307529849,356.7257385253906,90.72022923129558,0.004750825464725494,9.822845458984375e-05,3.2999797
304,"In which 1993 film does a boy called Jonah write to a woman called Annie, asking her to meet his father at the Empire State building on St. Valentine's Day?",the big sleep,0, Day,6059,0,4,0.039878633108677335,1.0832399129867554,-0.14274473367963791,332.3726806640625,78.22021431397714,0.05734385922551155,0.10516357421875,6.922788
305,Who had a top ten hit in 1988 with Valentine?,"The 1988 single ""Valentine"" by the British band",0, Valentine,38769,0,10,0.25516664911541703,1.0842642784118652,0.3365920983530484,370.5447692871094,114.56633040201157,0.052255384624004364,10.8203125,6.8502593
306,What is the second most common word in written English?,"The second most common word in written English is ""the"".",0, English,6364,0,8,0.04188605728727885,1.100633978843689,-0.14677333824372862,364.00250244140625,74.08164359880563,0.06591092050075531,0.1878662109375,4.3512
307,"In which arcade game, would you find ghosts called Inky, Pinky, Blinky and Clyde?",pac-man,1, Clyde,90394,0,6,0.5949478727885426,1.159230351448059,0.1887076094396556,361.24884033203125,87.7419553181435,0.03585130721330643,0.000762939453125,2.1489952
308,"More commonly known as the thigh bone, what is the medical name for the longest bone in the human body?",femur,1, body,2487,0,5,0.016368734203875315,1.152815580368042,-0.3096367427382942,349.71417236328125,87.23666027246499,0.044524550437927246,0.022705078125,0.96986777
309,"What word is used to describe someone who is neither left or right handed, but can use both hands with equal ease?",ambidextrous,1, ease,14219,0,5,0.09358545703454085,1.0993638038635254,-0.07713195640059256,376.8155517578125,111.28053073240308,0.019197775050997734,1.392578125,1.2496731
310,"Which cult film, starring Harrison Ford, was based on the story Do Androids Dream of Electric Sheep?",bladerunner,0, Sheep,82908,0,6,0.5456771272114574,1.0916906595230103,-0.015613178330629474,447.1655578613281,282.0818785204187,-0.024846334010362625,0.0003407001495361328,2.4311934
311,"Which ITV magazine style show ran from 1968 to 1980 and featured presenters including Jenny Hanley, Mick Robertson and Tommy Boyd?",it's a f***ing secret,0, Boyd,62621,0,5,0.41215380160067394,1.174263596534729,0.34910367527020636,370.41619873046875,111.45485114709761,0.03052356094121933,4.1875,7.164046
312,Which type of animal was Robin Hood in the Disney cartoon film 'Robin Hood'?,fox,1, Hood,35343,0,5,0.2326176811288964,1.1566822528839111,-0.04292859665449145,333.9663391113281,84.4982296024541,0.05109209939837456,0.007144927978515625,4.558371
313,Who provided the voice for Bob The Builder on his number one hit Can We Fix It?,The voice of Bob The Builder on his number one hit Can We Fix It,0, It,1084,0,3,0.00713458298230834,0.8334631323814392,-0.26471439097822635,424.3076477050781,152.0858579601681,0.10055454075336456,0.158447265625,6.7962704
314,Which actor received 4 million dollars for his 10 minutes on screen in the film Superman?,Christopher Reeve,0, Superman,37709,0,9,0.24819002737994944,1.0150142908096313,0.08962824304732697,359.6587829589844,78.92001327530875,0.046967096626758575,7.5703125,5.555427
315,"Who directed the films Thelma and Louise, Hannibal and Black Hawk Down?",Oliver Stone,0, Down,6285,0,5,0.04136610151642797,1.1256580352783203,0.12146648467716448,397.8085632324219,118.15788688120024,0.025303050875663757,0.00981903076171875,5.101281
316,"Which serial killer is the subject of the films A Study In Terror, Murder By Decree and From Hell?",john christopher harris,0, Hell,23887,0,5,0.15721751263689976,1.1537623405456543,-0.009420810047650718,346.64093017578125,104.59874646771935,0.03239503875374794,1.5625,5.1524687
317,"In cricket, what is the score of 111 known as?",century,0, as,438,0,3,0.002882792754844145,0.9664580821990967,-0.5959937239894724,338.4079895019531,91.35334578549022,0.10542391240596771,0.00548553466796875,4.540159
318,"Who wrote the novels About A Boy, How To Be Good and High Fidelity?",John Gregory Dunne,0,idelity,45101,1,7,0.29684209140690815,1.2434005737304688,0.07251356089694383,376.4937744140625,109.63773287869014,-0.001601050142198801,0.0014657974243164062,4.711764
319,"With which game would you use a squidger, a circular disc between 25mm and 51 mm?",snooker,0, mm,9465,0,3,0.062295966722830665,1.009927749633789,-0.0402945444000431,493.4957580566406,158.58246117442903,0.06044001877307892,4.16015625,7.1510596
320,The melody for which famous song was written by sisters and school teachers Patty and Mildred Hill in Kentucky in 1893?,jingle bells,0,3,18,1,1,0.0001184709351305813,1.0193626880645752,-0.468029710299267,344.583984375,106.39092311167302,0.10263637453317642,0.31640625,3.4739387
321,What is the most common pub name in the UK?,"The most common pub name in the UK is ""The Crown"".",0, UK,6424,0,3,0.04228096040438079,1.0027894973754883,-0.28927520499594417,338.0439758300781,80.00718136812179,0.0485537126660347,0.8681640625,5.1380534
322,What is the name of Kevin the teenager's friend played by Kathy Burke in a series of sketches with Harry Enfield?,kevin,0,field,2566,1,5,0.0168886899747262,1.21637761592865,-0.0031158008527154557,361.8443298339844,90.19008395860209,0.029937921091914177,0.00487518310546875,7.3895507
323,"What seven letter word, beginning with the letters 'Ra' is a palindrome?",RAREARE,0, palindrome,73097,0,11,0.4811038858466723,1.1263790130615234,-0.11198842357934913,416.96533203125,90.22178635204622,0.0639326274394989,8.203125,5.6250076
324,Which fruit can go in the middle of the word aped to make a new word?,apple,0, word,3409,0,5,0.022437078770008424,1.1667613983154297,-0.20917978610195487,391.8429870605469,84.66915114631317,0.06173025816679001,0.1943359375,5.499667
325,How many scottish football league teams names end in United?,10,0, United,3639,0,7,0.023950874052232517,1.0223534107208252,-0.16290252241735592,370.5882873535156,109.9710317987543,0.05491968244314194,11.3125,3.2934165
326,Who had a top ten hit in the UK with Cupid in 1961?,The Beatles,0,1,16,1,1,0.00010530749789385004,1.0931203365325928,-0.07595700257181415,373.4608459472656,99.34792944520589,0.10830357670783997,3.427734375,6.349333
327,The theme tune to which TV show starts with the line Stick a pony in me pocket?,the beano,0, pocket,17822,0,7,0.11729938921651221,1.2208378314971924,-0.04369690979151519,437.11859130859375,118.77161989039307,0.05427522957324982,7.66015625,7.1316347
328,What word is given to a point in tennis which has to be replayed?,double fault,0,ed,291,1,2,0.0019152801179443976,1.3179280757904053,0.28804096022965764,414.4190368652344,87.24531800111738,0.05557386577129364,0.002208709716796875,4.549369
329,How many episodes of Prisoner: Cell Block H were made?,13 episodes,0, made,1865,0,5,0.012274905223251895,0.9641527533531189,-0.2585663961038107,370.6260070800781,78.83818763519716,0.06064004823565483,2.517578125,2.3275907
330,Who is the last English-born player to win the men's singles title at Wimbledon?,The last English-born player to win the men's singles title at Wimbledon is,0, Wimbledon,90157,0,10,0.5933880054759899,1.0879143476486206,0.0675734031507309,346.891357421875,67.88216217474864,0.07576144486665726,0.10400390625,6.0269647
331,"Which famous painter's surname was Harmenzoon van Rijn which translated as son of Harmen, of the Rhine?",Rembrandt,1,ine,482,1,3,0.0031723883740522327,1.2281304597854614,-0.07526435066954518,359.0552978515625,120.78291170934799,0.032339368015527725,0.1431884765625,3.4696007
332,"In 1976, which gymnast scored 7 maximum scores of 10 as she won three gold medals, one silver and one bronze?",nancy klain,0, bronze,39807,0,7,0.26199847304128054,1.0683802366256714,-0.13008214861052592,433.9200439453125,97.32697677890008,0.07120466232299805,0.007091522216796875,5.847165
333,"In years and days, how old was Luigina Giavotti when she won a silver medal in gymnastics in 1928, and is still the youngest medal winner today?",14,0, today,3351,0,6,0.02205533909014322,1.1528640985488892,-0.2948771756342543,390.388671875,110.65286534374272,0.048866767436265945,8.5859375,1.0523051
334,Which Eastenders actor has played the policeman Nick Rowan on TV?,john hughes,0, TV,5883,0,3,0.03872025063184499,1.0665005445480347,0.029634630237767023,398.3750915527344,52.4143450950239,0.03378875181078911,4.17578125,6.2251186
335,"What type of animal was Boris, the subject of a song by The Who?","Boris was a large, black, white and grey cat, who was the",0, Who,10479,0,4,0.06896982940185341,1.0395094156265259,-0.18411397439230592,359.45709228515625,90.78557977163159,0.08152970671653748,2.755859375,5.7507663
336,Which brand of beer does Homer Simpson drink regularly?,"homer drinks a beer called ""boulevard""",0, regularly,15502,0,10,0.10202980202190395,1.007443904876709,-0.03428131268167345,336.4654846191406,80.60777247372475,0.05004063621163368,5.5390625,5.891214
337,From which animal does Haggis come?,haggis,0, come,2525,0,5,0.01661883951137321,1.0650761127471924,-0.2735354742903171,418.1177062988281,129.9113690621108,0.06810042262077332,2.90625,3.748998
338,"In which country was Marie Curie born? Poland, Austria or Switzerland?",poland,1, Switzerland,29121,0,12,0.19166622788542545,1.0303428173065186,0.02871951578664822,399.6910400390625,153.01318861908982,0.07265592366456985,3.6953125,3.3765612
339,"What is the most common blood type in humans? A, B or O?",o,1, O,506,0,2,0.0033303496208930074,1.014162302017212,-0.06596122451764863,406.87664794921875,122.35855570418964,0.10267621278762817,0.5732421875,2.9206312
340,Which P is the correct technical term for the art of making and displaying fireworks?,pyrotechnics,1, fireworks,51833,0,10,0.34115022114574556,1.0780174732208252,0.03515324182248136,384.143798828125,88.83845622211032,0.04525134712457657,7.90625,3.8216817
341,Which King did Guy Fawkes attempt to kill with his gunpowder plot?,james i,1, plot,7089,0,5,0.046657803285593935,1.16851007938385,-0.18081498616925762,381.37713623046875,86.78724317815441,0.07416129857301712,0.323974609375,4.2239933
342,In which film was the song White Christmas first sung?,white christmas,0, sung,39339,0,5,0.25891822872788545,1.145323634147644,0.22540796871729185,367.281005859375,84.9107791626072,0.06515222787857056,3.7890625,3.7864056
343,Which Pop Idol had a number one hit in 2004 called All This Time?,kate middleton,0, Time,4120,0,5,0.027116680707666384,1.0171560049057007,-0.20628358348628328,373.1253662109375,111.24999089291249,0.04892453923821449,1.5126953125,5.878313
344,"Which Channel 4 TV show's presenters included Mark Lamarr, Amanda De Cadenet and Terry Christian?",the only way is up,0, Christian,8876,0,10,0.05841933445661331,1.0601813793182373,0.16849106285819193,371.1324157714844,118.81481736063355,0.030931830406188965,4.5859375,7.0983458
345,What is the name of the device made of wood and horsehair that is used to play a violin?,bow,1, violin,62037,0,7,0.4083100779275484,0.9710549712181091,0.054874915476534,363.0606994628906,83.27398806205024,0.06791448593139648,4.15625,2.0480392
346,What colour is the bottom stripe on the U.S. flag?,red,1, flag,5181,0,5,0.03409988416175232,1.1645305156707764,-0.26171740481945394,334.3773193359375,75.7380593980092,0.06888442486524582,0.2034912109375,3.4422626
347,What is the name given to the largest bee in a hive?,queen,1, hive,65507,0,5,0.43114864153327714,1.0843608379364014,-0.10442830895320299,351.00592041015625,73.48617249281429,0.0749288871884346,1.7255859375,4.789319
348,Who won the Ladies singles title at Wimbledon in 2004?,The 2004 Wimbledon Championships was the 109th,0,4,19,1,1,0.0001250526537489469,1.0074414014816284,-0.5086120047617011,356.8004150390625,88.99217279116829,0.08641399443149567,2.271484375,6.458203
349,What is the alcoholic ingredient of Irish coffee?,The alcoholic ingredient of Irish coffee is Irish whiskey.,1, coffee,10799,0,7,0.07107597935973041,1.031588077545166,-0.15030749898212425,363.5008239746094,92.44361630002535,0.07165272533893585,2.447265625,4.4290347
350,In which year did St George die?,303 AD,1, die,2746,0,4,0.018073399326032014,1.1614384651184082,-0.028244499790924582,400.5917663574219,99.03343929270673,0.051512595266103745,5.80859375,4.6293273
351,What are the names of the Four Horseman of the Apocalypse?,The Four Horsemen of the Apocalypse are a concept in the Book of Revelation,0, Apocalypse,79197,0,11,0.5212523694187026,1.1488287448883057,0.03825735497241434,406.725341796875,100.8967919016095,0.054770976305007935,0.039886474609375,5.43958
352,Who is the Vice-President for George W Bush?,The Vice President of the United States is the second-highest political office in,0, Bush,14079,0,5,0.09266401642796968,1.151824951171875,0.05847181797549483,400.28814697265625,97.98438944680946,0.05704154074192047,3.599609375,5.7721014
353,"Which film sees Clint Eastwood, Tommy Lee Jones, James Garner and Donald Sutherland as retired astronauts?",the right stuff,0, astronauts,68422,0,11,0.45033435130581295,1.0168298482894897,0.23356898086062472,490.56683349609375,94.91013568697902,0.05729132890701294,7.98046875,5.765645
354,"In a standard deck of cards, how many Kings have a moustache?",1,0,ache,1777,1,4,0.01169571398483572,1.2568459510803223,-0.10918369004535844,326.562744140625,48.28651167808919,0.014006680808961391,0.0036182403564453125,3.3859787
355,"According to the film Gremlins, if you are looking after a Gremlin you should not feed him after midnight, not get him wet and not expose him to what?",fire,0, what,1128,0,5,0.007424178601516428,0.9124044179916382,-0.4575977977787331,373.3443908691406,97.64348887358922,0.08526251465082169,1.9306640625,4.687607
356,The Canary Islands are named after what animal?,"The Canary Islands are named after the bird the Canary, which was brought to",0, animal,9864,0,7,0.06492207245155855,1.0976473093032837,-0.008605629760777056,388.39874267578125,80.48742766657475,0.04199028015136719,2.306640625,4.7074957
357,In which capital city would you find Charles Bridge and Wenceslas Square?,prague,1, Square,15619,0,7,0.10279986310025274,1.1541049480438232,0.02463526826454432,324.66778564453125,93.97687064731002,0.05689719319343567,0.0082550048828125,1.3717273
358,What was the surname of the woman who was the inspiration behind the Rolling Stones song Angie?,starr,0, Angie,98929,0,6,0.6511228411962932,1.1426808834075928,-0.060898174030704855,349.4069519042969,119.21539602401953,0.0526837557554245,5.84375,6.8481274
359,What is the final event in a decathlon?,"The decathlon is a track and field event that consists of ten events,",0,athlon,76917,1,6,0.506246050968829,1.1869728565216064,-0.14432863146420338,346.9271545410156,72.78572718708357,0.06655524671077728,2.3984375,3.4605548
360,"Peter Simple, Jack Horner and Ben Nevis have all won which famous sporting event?",the Tour de France,0, event,1538,0,6,0.010122683235046335,1.1030327081680298,-0.17005825566839716,396.0675964355469,83.86393283526745,0.0632067397236824,0.6533203125,5.6589575
361,What is the largest city in Turkey?,Istanbul is the largest city in Turkey.,1, Turkey,17009,0,7,0.11194845197978096,1.0344874858856201,-0.1880513711866869,339.8848571777344,83.2482684561683,0.06037408113479614,6.1015625,2.5306778
362,Who bought Chelsea football club for £1 in 1982?,ferdinand,0,2,17,1,1,0.00011188921651221567,1.0637160539627075,-0.20697351491297633,351.6225891113281,98.34205366399866,0.09507829695940018,2.841796875,6.0887027
363,"In 1998, which director's Oscar acceptance speech included the line I'm king of the world?",martin scorsese,0, world,1879,0,6,0.012367049283909014,1.091902494430542,-0.43102632138786,375.0669860839844,120.36988467138929,0.026980409398674965,0.294677734375,5.957902
364,What nationality was the painter Vincent Van Gogh?,Dutch,1,ogh,63936,1,3,0.42080876158382474,1.3050456047058105,-0.07257187410745525,380.40484619140625,109.53449682840291,0.02384132146835327,0.036407470703125,3.7718515
365,Which film features the characters Sally Albright and Harry Burns?,the film is based on the 1960 novel of the same,0, Burns,49916,0,6,0.32853306655433867,1.154280424118042,0.06733664864816369,446.8784484863281,107.22386952904405,0.02448352426290512,6.29296875,6.367037
366,Which act won the Eurovision Song Contest for the United Kingdom singing Love Shine A Light?,1997,0, Light,8658,0,6,0.05698451979780961,1.1362141370773315,-0.02871691499649387,418.34844970703125,107.1303465875593,0.04668440669775009,0.002590179443359375,4.9945574
367,Which English word comes from an old French word meaning sour wine?,vin de périgord,0, wine,13078,0,5,0.08607571609098567,1.0026925802230835,-0.05146242114657085,369.4318542480469,93.80280853939773,0.07393865287303925,2.0390625,5.69914
368,"Which team beat American Samoa 31-0 in a qualifying match for the 2002 World Cup, but still failed to qualify?",france,0, qualify,25384,0,8,0.16707034540859309,1.1313824653625488,-0.07799803605037336,399.1176452636719,91.16296852782784,0.03888079524040222,0.38330078125,5.2462363
369,What was the name of Roland Rat's gerbil friend?,The name of Roland Rat's gerbil friend is Gertrude.,0, friend,4238,0,7,0.02789332350463353,1.0761640071868896,-0.1215545490374228,393.15997314453125,96.62317660956084,0.054571256041526794,3.68359375,6.580718
370,Which animal has the longest gestation period at around 22 months?,elephant,0, months,3951,0,7,0.026004370261162594,1.0505754947662354,-0.3625268051490731,361.5749206542969,90.23239202752247,0.061496928334236145,0.654296875,5.1903377
371,What name is given to the home of a beaver?,lodge,1,aver,7255,1,4,0.04775036857624263,1.2302006483078003,-0.07448640268397,386.7835998535156,81.76551723787293,0.016478175297379494,0.4599609375,3.585537
372,What name is given to a baby marsupial?,joey,1,ial,530,1,3,0.0034883108677337825,1.2305842638015747,-0.09402109878809606,437.0457763671875,75.54584450241838,0.028697576373815536,0.0041656494140625,4.747829
373,Who dated actress Elizabeth Hurley between 2000 and 2001 and denied he was the father of her son born in 2002 before a DNA test proved otherwise?,jason taylor,0, otherwise,5937,0,10,0.03907566343723673,1.169329047203064,-0.08710831198163405,328.1736145019531,113.39539705215742,0.036186691373586655,1.0517578125,6.4298244
374,What type of animal is the star of the 2005 film Racing Stripes?,The star of the 2005 film Racing Stripes is a,0,ipes,8923,1,4,0.0587286752316765,1.3057045936584473,0.04368417828103288,392.6036682128906,106.88074795825301,0.005260951351374388,0.0235137939453125,5.996793
375,Author Dick Francis is famous for writing novels based around which sport?,horse racing,1, sport,10552,0,6,0.0694502948609941,1.1629620790481567,-0.17357193736969734,347.64501953125,91.66149761357278,0.06262797117233276,0.93896484375,2.0025713
376,Which Scottish newspaper features the Broons and Oor Wullie?,The Scottish newspaper that features the Broons and Oor Wullie is,0,ie,645,1,2,0.0042452085088458295,1.2260955572128296,0.0010887522133766758,418.60772705078125,86.73002468326449,0.030175423249602318,9.34600830078125e-05,5.483797
377,Which famous book features the character of Bob Cratchit?,a christmas carol,1,it,275,1,2,0.0018099726200505476,1.154874324798584,-0.031168559864063194,359.0247497558594,79.6274796300526,0.04114701598882675,0.0034503936767578125,2.3426287
378,Which act has had more Christmas number one singles than any other?,the christmas number one singles chart,0, other,1008,0,6,0.006634372367312552,0.96999192237854,0.12232505856947418,464.5499572753906,108.91441987725966,0.08561237156391144,0.019561767578125,6.1328826
379,Which Christmas song includes the line It seems so long since I could say 'sister Susie sitting on a thistle'?,it's a long way to the top if you wanna rock n roll,0,istle,28300,1,5,0.18626263689974726,1.2406939268112183,0.24209124450365005,486.15594482421875,197.93958942658304,0.02934148535132408,2.748046875,6.288826
380,Which British footballer has the most number of International caps?,John Charles,0, caps,18568,0,5,0.12220935130581298,1.2205722332000732,0.0032700134171599338,416.834228515625,62.69059467324891,0.06866157054901123,1.1416015625,5.968359
381,Who holds a trumpet on the album cover of Sgt. Pepper's Lonely Hearts Club Band by The Beatles?,George Harrison,0, Beatles,54857,0,8,0.3610533382476832,1.0204216241836548,0.008291909939967201,371.84869384765625,100.00480478456505,0.05629447102546692,0.0013790130615234375,4.5838733
382,Which song begins with the line The taxman's taken all my dough?,the taxman,0, dough,30352,0,6,0.19976832350463353,1.0674086809158325,0.00972135324611001,404.45281982421875,125.4638203334533,0.024393510073423386,7.5234375,6.4024177
383,The Kray twins were convicted of the murder of George Cornell in the East End of London in 1966. What was the name of the pub in which he was shot?,the Crown,0, shot,6552,0,5,0.04312342038753159,1.216536521911621,0.07936142691716075,396.0425109863281,75.7986241969028,0.051076505333185196,2.3125,5.3058414
384,Who composed the musical theme for the Pink Panther?,"The Pink Panther theme was composed by Henry Mancini, and the film",1, Panther,58512,0,8,0.3851095197978096,1.1407177448272705,0.17417709869163867,374.25909423828125,82.6380799039411,0.006137670949101448,0.2314453125,5.7322955
385,"Who was the cartoon adversary of Pixie and Dixie, who would often say I hate those meeces to pieces?","The cartoon adversary of Pixie and Dixie, who would often say """,0, pieces,9666,0,7,0.06361889216512216,1.1461561918258667,-0.23080557762939335,401.8001708984375,134.31603019312752,0.026069501414895058,11.015625,7.3531003
386,Which actress married Dennis Quaid on Valentine's Day in 1991?,jennifer aniston,0,1,16,1,1,0.00010530749789385004,1.0931203365325928,-0.07595700257181415,380.3511657714844,105.33849246661039,0.09178300201892853,2.53125,5.919581
387,"During Margaret Thatcher's years as Prime Minister, there were three Chancellors of the Exchequer. Geoffrey Howe and Nigel Lawson were two, but who was the other one?",tony blair,0, one,825,0,4,0.005429917860151643,0.9355081915855408,-0.5239335200325388,355.68548583984375,95.65718139812675,0.0659981518983841,3.875,5.4302588
388,Buddy Holly and the Big Bopper were two of the three musicians who died in a plane crash in February 1959. Who was the other one?,jerry lee lewis,0, one,825,0,4,0.005429917860151643,0.9355081915855408,-0.5239335200325388,398.54266357421875,118.80820149381425,0.07223495841026306,1.69140625,3.8325577
389,"Fruit, cricket and horseshoe are varieties of what type of animal?",insect,0, animal,9864,0,7,0.06492207245155855,1.0976473093032837,-0.008605629760777056,357.3365783691406,76.68866182722178,0.04603482037782669,1.306640625,5.0937066
390,"Apart from being warm blooded and giving birth to live young, what do mammals produce to differentiate them from other families of animals?",mammals produce milk to feed their young,1, animals,9898,0,8,0.06514585088458298,1.0394686460494995,-0.10061585744319013,368.0036315917969,101.28169672910695,0.06830993294715881,0.75146484375,4.7537355
391,To which poet does Il Postino deliver mail?,gregorio marconi,0, mail,8072,0,5,0.05312763268744734,1.104250192642212,0.07003824044617835,361.2023010253906,77.52958609079904,0.057200655341148376,3.826171875,6.1031756
392,"Which scientist was Time magazine's ""Person of the 20th Century""?",Albert Einstein,1, Century,27101,0,8,0.17837115627632688,1.129654884338379,-0.07509699381001544,450.8336181640625,400.0724031546588,0.00449335016310215,0.048736572265625,4.442661
393,What was the nickname given to premiership footballer Neil Ruddock?,nicked,0,ock,1176,1,3,0.007740101095197978,1.2771106958389282,0.018314124933425546,398.4630432128906,102.50009460745643,0.013316825032234192,0.036407470703125,6.8066983
394,The Ducati is manufactured in which city and what country?,"bologna, italy",1, country,3146,0,8,0.020706086773378266,1.0923386812210083,-0.3030304391359464,392.0667724609375,81.23454834754581,0.058634281158447266,3.984375,4.848056
395,Wayne Rooney signed for Manchester United from which other Premiership Club?,chelsea,0, Club,10140,0,5,0.06673862679022746,1.1401605606079102,-0.06136198206957921,391.73663330078125,93.46352798518289,0.05482460930943489,4.375,4.9538074
396,The Yalu river forms a sort of natural border between China and which of its neighbours?,north korea,1, neighbours,35856,0,11,0.23599410278011795,1.1762568950653076,-0.07381951736724135,358.8299865722656,89.81045663022226,0.04967426508665085,2.537109375,4.414366
397,Which stand-up comedian presents 8 Out Of 10 Cats and Distraction?,jon stewart,0,raction,16199,1,7,0.1066172598989048,1.2436418533325195,-0.009147297113462294,280.653076171875,1.2403189777198929,-0.0014817537739872932,0.69287109375,6.009703
398,"Name the game show, presented by Leslie Grantham and Melinda Messenger, where contestants were set physical and mental challenges?",the challenge,0, challenges,11513,0,11,0.07577532645324347,1.050790548324585,-0.03910881312381509,418.21075439453125,97.77079488452686,0.04806786775588989,0.2030029296875,6.698151
399,Who presented Family Fortunes in the two years between Bob Monkhouse and Les Dennis?,"The show was presented by Bob Monkhouse for two years, from 1",0, Dennis,34627,0,7,0.22790517059814658,1.0421749353408813,0.10617458270549962,440.17779541015625,114.76994306751943,0.013447592034935951,0.84326171875,5.6146245
400,For what did Einstien gat Nobel prize in Physics?,1921,0, Physics,27315,0,8,0.1797796440606571,1.059695839881897,-0.0901855908598872,399.424560546875,98.42825300530666,0.06241670623421669,2.76953125,4.656735
401,Which planet has moons named after Shakespearean characters?,jupiter,0, characters,5766,0,11,0.03795018955349621,1.1024224758148193,-0.20126211549132167,363.7782287597656,71.0034167543878,0.05520663410425186,0.10516357421875,2.514577
402,"Who was part man, part machine, all cop and hailed from a futuristic Detroit?",cyborg,0, Detroit,19761,0,8,0.13006134161752317,0.9954407811164856,-0.09382391343907237,431.8526306152344,93.33403774222484,0.07570864260196686,5.49609375,5.985463
403,Who dubbed Miss Piggy's singing voice in The Muppet Movie?,"To answer this question, I will search for information about the voice actor who",0, Movie,13944,0,6,0.09177548441449031,1.0337176322937012,0.15204204711001035,340.29681396484375,86.23752455062998,0.06488804519176483,0.8388671875,5.9049315
404,"Who wrote the Bourne trilogy of books, made into movies starring Matt Damon?",john le carré,0, Damon,72249,0,6,0.47552258845829826,1.1411449909210205,0.23225901295995666,406.3782958984375,113.2047297155374,0.0359061174094677,0.0004451274871826172,2.5999544
405,"The Bible tells of 3 wise men visiting Jesus after his birth, but in which of the Gospels does this appear?",Matthew,1, appear,4994,0,7,0.03286910278011795,1.0007109642028809,-0.2450192042817978,380.5517578125,92.77573877325035,0.05894811823964119,6.31640625,3.3364565
406,"Athos and Porthos are two of the 3 musketeers, name the other one.",Aramis,1, one,825,0,4,0.005429917860151643,0.9355081915855408,-0.5239335200325388,377.8818664550781,97.39660545033094,0.0795416608452797,1.2060546875,2.950874
407,What is the name of the small fifth claw called on the side of a dog's foot ?,dewclaw,1, foot,4478,0,5,0.02947293597304128,1.2395827770233154,-0.0672677406005251,414.8623046875,105.22184245624396,0.0692519098520279,0.99462890625,0.5158815
408,What is the name of the plastic bit on the end of shoelaces?,shoelace,0,aces,2434,1,4,0.016019903117101938,1.259857416152954,-0.08165573891673983,411.025390625,94.70367265719847,0.013328950852155685,0.03192138671875,4.5633826
409,The river Danube flows into which sea?,the Black Sea,1, sea,9396,0,4,0.06184182813816344,1.0964605808258057,-0.14358967753934015,341.7119140625,59.306583400554786,0.057761553674936295,0.880859375,3.5645006
410,Anna Nicole Smith was controversially married to which oil billionaire?,j. paul getty,0, billionaire,46694,0,12,0.30732676916596463,1.061279058456421,0.1736842563415686,389.3692321777344,76.31418630387964,0.08121754229068756,1.8583984375,4.365375
411,Wayne Rooney scored his first senior goal against which club?,manchester united,0, club,6335,0,5,0.04169518744734625,1.170794129371643,0.047903207722908014,374.6273498535156,76.20923436162253,0.07163374871015549,2.30859375,5.132616
412,How meny times have Liverpool won the Europion Cup?,5,1, Cup,10861,0,4,0.07148404591406908,1.171400785446167,-0.1044474591594251,410.2425537109375,88.29005842778705,0.04701417684555054,0.200927734375,3.8267272
413,The Sign Of Four was a detective story written by which author?,The Sign of Four is a detective story written by Sir Arthur Conan Doyle.,1, author,3150,0,7,0.02073241364785173,1.1403963565826416,-0.1770499757536106,387.78082275390625,82.17159602329252,0.05262661725282669,0.7587890625,4.6270366
414,Who was the author of 'The Old Curiosity Shop'?,charles dickens,1, Shop,14028,0,5,0.09232834877843303,1.1316457986831665,0.03583415694709702,457.9502868652344,406.2932891922371,0.013111896812915802,0.004871368408203125,3.6301017
415,In which sport or pastime can you see nose walking?,The sport of rugby union is played by two teams of 15 players,0, walking,11435,0,8,0.07526195240101095,1.0565969944000244,-0.02276041783254401,385.21575927734375,75.74409463349147,0.05008280277252197,10.1875,6.877331
416,What sport or pastime would you be playing if your balls were black and blue and your opponent's were red and yellow?,soccer,0, yellow,13753,0,7,0.09051837615838247,1.0326718091964722,-0.08929855153214739,355.7510070800781,98.49985736974968,0.0362725593149662,2.6328125,5.1122155
417,The age of the railway began in which year with the introduction of the Liverpool-Manchester line?,1830,1, line,1555,0,5,0.010234572451558552,1.1439615488052368,-0.4859340376810808,410.94317626953125,94.14813235711199,0.07286212593317032,1.8125,0.5274048
418,Who played Frankenstein in the 1994 film of the same name?,kiefer sutherland,0, name,829,0,5,0.005456244734625105,1.0260158777236938,-0.24743828899493092,377.77166748046875,93.61216404676203,0.0422985702753067,0.05859375,5.4167533
419,Who was the first person to sell one million records?,The first person to sell one million records was the American singer and songwriter Elvis,0, records,7424,0,8,0.04886267902274642,1.121443748474121,-0.183487765863378,396.7607421875,80.70170220839448,0.05204399675130844,0.994140625,5.089524
420,"In Greek mythology, where do righteous souls go after death?","In Greek mythology, the righteous souls go to Elysium.",0, death,4545,0,6,0.029913911120471776,1.1152479648590088,-0.21198201198325917,315.62030029296875,81.5956436026131,0.039197809994220734,0.08270263671875,4.742717
421,What is the scientific name given to tea?,The scientific name given to tea is Camellia sinensis.,1, tea,15243,0,4,0.10032513689974726,1.093401312828064,0.011042281930107478,411.0484924316406,127.00949854182227,0.050599414855241776,9.546875,4.6349416
422,"In the 1999 film Stuart Little, who plays the part of Mrs Eleanor Little?",catherine zeta-jones,0, Little,14671,0,7,0.09656039385004213,1.1127480268478394,-0.0034700229267459193,378.69561767578125,122.05951126777295,0.0675477534532547,3.09765625,6.6969256
423,Suger Mice was a 1987 single for which British rock band?,The Cure,0, band,7055,0,5,0.046434024852569505,1.2519491910934448,0.03285413949807703,426.93695068359375,83.52211714710062,0.06513705849647522,0.364013671875,5.381122
424,In which decade were ZIP codes introduced in the USA?,1960s,1, USA,7279,0,4,0.047908329823083406,1.0592272281646729,-0.09303046162879225,319.6286926269531,87.26456008726474,0.0565461628139019,4.73046875,3.677576
425,What are the shape-shifting foxes of the Japanese folklore?,The shape-shifting foxes of the Japanese folklore are called kitsune.,1, folklore,97869,0,9,0.6441462194608256,1.0484390258789062,0.10789248867522039,389.0898742675781,97.54862242001667,0.06685056537389755,2.61328125,4.665068
426,In Greek mythology who was the twin of Polydeuces?,Castor,1,uces,62271,1,4,0.409850200084246,1.2851759195327759,0.20236249668883532,372.1730651855469,91.08695315027681,-0.015132860280573368,0.1656494140625,5.5275335
427,Which film features the Dawes Tomes Mousley Grubbs Fidelity Fiduciary Bank?,The Grapes of Wrath,0, Bank,8547,0,5,0.05625394903117102,1.1043717861175537,-0.08365184882818211,455.75518798828125,99.72343736455896,0.042807530611753464,2.626953125,7.177577
428,What is Robin Williams character called in Good Morning Vietnam?,"Robin Williams' character is called ""Hoffa"" (short for Hoff",0, Vietnam,22500,0,8,0.1480886689132266,1.0540672540664673,-0.04727456136274277,351.7505187988281,107.67180572631149,0.06473550200462341,0.83544921875,6.243515
429,Who plays Cruella de Vil in the 1996 live action version of 101 Dalmations?,Glenn Close,1,ations,804,1,6,0.005291701769165965,1.1661300659179688,-0.22328650153134033,388.1332092285156,101.96497774990699,0.015985073521733284,2.134765625,4.4584556
430,Who stars in the 2008 movie Seven Pounds?,Will Smith,1,ounds,3095,1,5,0.020370419123841618,1.2389309406280518,-0.09608810746527086,382.8967590332031,102.09486347536517,0.0016219276003539562,0.006134033203125,5.009596
431,Marilyn Monroe starred in the Seven Year Itch. Who directed it?,michael cahill,0, it,432,0,3,0.0028433024431339512,0.8780074119567871,-0.6247333482545465,382.2820129394531,110.80006771771025,0.07234075665473938,1.53515625,4.9865723
432,On Red Nose Day 2001 who won Celebrity Big Brother?,the winner of Celebrity Big Brother 2001 was the comedian and,0, Brother,26348,0,8,0.17341512215669755,1.151857852935791,-0.10174689777895152,418.3826599121094,90.11525180963172,0.029388193041086197,0.10955810546875,6.3451915
433,What is the name of the London Underground station in EastEnders?,east enders,0,ers,388,1,3,0.0025537068239258635,1.2486217021942139,0.12139195714209183,376.27423095703125,80.97101252507709,0.025809044018387794,0.01543426513671875,6.7368
434,How many runs did Donald Bradman score in his last ever test match innings?,100,0, innings,35000,0,8,0.23036015164279697,1.1203787326812744,-0.1359681360611451,410.9491271972656,69.34572743286618,0.06909479945898056,3.396484375,1.752927
435,"Nicknamed the cannibal, who is the only rider to have won all three jerseys in the same year in the Tour de France?",jacques anquetil,0, France,9625,0,7,0.06334904170176917,1.0147902965545654,-0.05984466088663565,384.0519104003906,88.61091745894662,0.05717717856168747,0.00316619873046875,6.0519843
436,Whose arch nemisis is the Red Skull?,steven seagal,0, Skull,60791,0,6,0.40010925652906487,1.1628162860870361,0.10546229601091017,357.7303161621094,100.70871345137259,0.0417749360203743,1.4072265625,5.5638585
437,By what name is comic book villain Oswald Chesterfield Cobblepot better known?,the Penguin,1, known,3881,0,6,0.025543649957877,1.0696938037872314,-0.207267345611287,345.1183776855469,107.4775700986359,0.0670756846666336,0.0075531005859375,4.9755635
438,"First appearing on TV in 1967, which detective solved all of his crimes sitting down?",sherlock holmes,0, down,1495,0,5,0.009839669334456614,1.1074568033218384,-0.31521616027158617,434.6322326660156,96.20296491553722,0.045813433825969696,2.537109375,5.74284
439,How many times was Wyatt Earp shot?,Wyatt Earp was shot 10 times.,0, shot,6552,0,5,0.04312342038753159,1.216536521911621,0.07936142691716075,386.5467834472656,85.50671671305062,0.06360960006713867,1.3818359375,4.11429
440,Which famous cowboy was created by George W. Trendle?,bronco buster,0,le,273,1,2,0.0017968091828138163,1.1958906650543213,-0.009810692388487308,420.046142578125,120.3544147945887,0.055691495537757874,0.002628326416015625,5.996905
441,"The pub with the longest name in the UK has how many letters in it? 55, 75 or 95?",95,0,5,20,1,1,0.00013163437236731254,0.98386549949646,-0.5437896952963652,322.7366027832031,88.29277358537924,0.11930083483457565,0.264892578125,1.2541343
442,Which movie starred Michael Caine as a murderous transvestite psychiatrist?,a clockwork orange,0, psychiatrist,72869,0,13,0.4796032540016849,1.06029212474823,0.1483843270218137,419.9820556640625,98.19022574420839,0.06515611708164215,6.81640625,6.8433294
443,"In 1961, who famously scored six goals in a match but still ended up on the losing team in a FA Cup tie?",henry oxford,0, tie,18131,0,4,0.11933314026958719,1.140763521194458,-0.14362523122381132,415.2431335449219,76.98132960492349,0.04905551299452782,3.0390625,6.06829
444,Which economist wrote The Wealth Of Nations?,Adam Smith,1, Nations,19140,0,8,0.12597409435551812,1.1334924697875977,-0.04019536503929766,391.48681640625,95.84678042022256,0.01735188439488411,0.00928497314453125,3.4030082
445,Macbeth belonged to which royal house or dynasty?,The House of Stuarts was a Scottish royal house that ruled the Kingdom,0, dynasty,66846,0,8,0.43996156276326875,1.0529323816299438,-0.131309209292362,356.7006530761719,87.71562087232681,0.05396052449941635,0.4091796875,4.9038143
446,"Was James II known as: James The Bald, Fiery Face, or The Red King?",james the red king,0, King,6210,0,5,0.040872472620050546,1.0856488943099976,0.10370552519670762,375.1110534667969,137.01785823727192,0.07560288161039352,1.8203125,2.8404686
447,"In Harry Potter And The Goblet Of Fire, which dragon did Harry have to defeat?",Hungarian Horntail,1, defeat,18019,0,7,0.11859598778433024,1.0979797840118408,-0.04663929939199596,385.6019287109375,90.11870472605742,0.028427738696336746,1.3310546875,5.772936
448,What is the full name of the train robber played by Phil Collins in a 1988 movie?,the train robber,0, movie,5700,0,6,0.03751579612468408,0.994441568851471,0.0029509247755399315,397.443359375,80.62117168056909,0.047124236822128296,2.0625,6.775954
449,Tony Hadley was the lead singer with which 1980s new romantic band?,boyzone,0, band,7055,0,5,0.046434024852569505,1.2519491910934448,0.03285413949807703,412.3955383300781,91.25462348730625,0.06354349851608276,0.72314453125,6.4850526
450,What was the surname of the butler played by Gordon Jackson in Upstairs Downstairs?,mackenzie,0,stairs,30134,1,6,0.19833350884582981,1.247714638710022,-0.04872048892725056,339.74932861328125,99.37700176082312,0.021503832191228867,0.0022106170654296875,7.160231
451,Which Jackson appeared in Celebrity Big Brother in January 2009?,jackson,0,9,24,1,1,0.00015796124684077506,0.9537014961242676,-0.4911801463078245,406.9285583496094,105.35641937959771,0.07327520847320557,1.333984375,6.7911835
452,Who was the seventh president of the United States?,john adams,0, States,4180,0,7,0.027511583824768322,1.2056955099105835,-0.2006489174921975,381.56414794921875,93.16360365854541,0.03185213357210159,0.0020961761474609375,4.9134903
453,"In which country are the Angel Falls, the highest waterfall in the world?",venezuela,1, world,1879,0,6,0.012367049283909014,1.091902494430542,-0.43102632138786,340.5451354980469,68.16027504366028,0.029858507215976715,0.0155487060546875,1.6855772
454,"The 1955 comedy movie We're No Angels centred on three escaped convicts. Peter Ustinov and Aldo Ray were two, but who played the third?",john lewis,0, third,4843,0,6,0.031875263268744736,1.0898405313491821,-0.27749169956441566,431.2105407714844,166.75189042101817,0.036712031811475754,0.1986083984375,6.2448673
455,Who played King Arthur in the 1967 musical film Camelot?,kevin costner,0,ot,354,1,2,0.002329928390901432,1.2050719261169434,-0.02090007864163601,388.64923095703125,99.1008744048238,0.041582491248846054,0.0002734661102294922,5.575152
456,Which country grows the largest number of mangoes?,"India is the largest producer of mangoes, accounting for 80%",1,es,288,1,2,0.0018955349620893007,1.2819286584854126,0.4445675215437124,437.4297180175781,89.3894932729555,0.0468006394803524,0.06683349609375,3.6485362
457,Ecuador has a border with Peru and which other country ?,Colombia,1, country,3146,0,8,0.020706086773378266,1.0923386812210083,-0.3030304391359464,346.9525451660156,76.92714980436668,0.06027716398239136,0.271728515625,5.2090116
458,"In 2009, who was convicted of the murder of Lana Clarkson?","In 2009, Michael Jackson was convicted of the murder of",0, Clarkson,93194,0,9,0.6133766849199663,1.2788887023925781,0.07273040827598942,361.36016845703125,104.48412101582586,0.027097873389720917,5.23828125,6.329593
459,"The left side of the heart pumps blood to all parts of the body, but the right side pumps blood to which organ in particular?",lungs,1, particular,3953,0,11,0.026017533698399327,1.0417920351028442,-0.0002189427499756924,331.36407470703125,71.60771754187054,0.00953203346580267,0.56103515625,2.0636582
460,Which cartoon character lives in a pineapple under the sea?,sponge bob,1, sea,9396,0,4,0.06184182813816344,1.0964605808258057,-0.14358967753934015,320.4512939453125,86.99834556837514,0.05079500377178192,0.00048422813415527344,3.8972876
461,"Which serial killer hanged himself in Wakefield Prison in January 2004, four years after being found guilty of 15 murders?",john christopher walker,0, murders,41986,0,8,0.2763400379106992,1.01608407497406,0.027106624155313952,397.9100036621094,89.88463370172893,0.03395763039588928,0.345703125,4.9732184
462,What public school did the Duke of Edinburgh and Prince Charles attend?,The Duke of Edinburgh and Prince Charles attended the school.,0, attend,9417,0,7,0.061980044229149114,1.1531027555465698,-0.06497595604607609,403.4755554199219,101.03708232865284,0.041516583412885666,0.7763671875,4.0988603
463,"If it was Phil Mickelson in 2006, Zach Johnson in 2007, and Trevor Immelman in 2008, who was it in 2009?",Tiger Woods,0,9,24,1,1,0.00015796124684077506,0.9537014961242676,-0.4911801463078245,383.72760009765625,97.87048040971345,0.08180258423089981,0.03607177734375,5.6233606
464,Red Stripe lager comes from which country?,,0, country,3146,0,8,0.020706086773378266,1.0923386812210083,-0.3030304391359464,353.80859375,88.65224481430427,0.04175403341650963,0.71435546875,5.380998
465,Which architect was known as the Wizard of the Dome?,"The architect of the dome was the Italian architect Giorgio Vasari,",0, Dome,68445,0,5,0.45048573083403537,1.2326369285583496,0.02189047704824887,382.49127197265625,120.447951261705,0.05148440599441528,5.35546875,6.7357936
466,What is the name of the Salvador Dali painting that shows clocks oozing over a landscape?,the persistence of memory,1, landscape,18414,0,10,0.12119576663858467,1.0677247047424316,-0.08966409601252456,386.7940673828125,80.65105185447217,0.07866296172142029,2.271484375,5.635131
467,In what year did Edward Vlll abdicate?,1936,1,icate,8463,1,5,0.055701084667228305,1.2424030303955078,-0.0918470308342032,420.5010681152344,86.39454657933003,0.0003598285838961601,0.05810546875,4.2313447
468,Which well known couple live at Bagshot Park in Surrey?,the Duke and Duchess of Cambridge,0, Surrey,66964,0,7,0.4407382055602359,1.1076706647872925,-0.1772127037896074,392.6586608886719,93.34827449139517,0.06331024318933487,1.369140625,5.8248096
469,Which notorious murderer lived at 10 Rillington Place?,john christopher walker,0, Place,10771,0,6,0.07089169123841617,1.1138591766357422,0.0532757160879016,366.0581970214844,87.70425962283981,0.04682805761694908,0.0007958412170410156,5.2047973
470,Who killed Lee harvey Oswald?,"The Warren Commission, a special committee of the U.S. House of Representatives",0, Oswald,89350,0,7,0.5880765585509689,1.2109417915344238,-0.07707586046801795,396.5445251464844,105.2152455367784,0.08287520706653595,0.7744140625,4.4915447
471,Who killed Robert F Kennedy?,Robert F. Kennedy was shot and killed by Sirhan Sirhan on June,1, Kennedy,23651,0,8,0.15566422704296545,1.0336346626281738,0.15776639256854708,382.9454345703125,108.42022916788588,0.07077626883983612,2.9765625,4.568778
472,Who killed Jean Paul Marat?,The French Revolution was a period of far-reaching social and political upheaval in,0,at,266,1,2,0.0017507371524852569,1.1665576696395874,-0.10036193587608144,394.89703369140625,111.63409308937649,0.05576632544398308,0.1119384765625,4.4360547
473,What was the name of the kangaroo often mistaken by Sylvester the cat to be a giant mouse?,betty,0, mouse,8644,0,6,0.05689237573715249,1.0617291927337646,-0.09828301604212308,356.8666076660156,100.52884469188093,0.04084468260407448,2.943359375,5.011475
474,Gjetost is the national cheese of which country?,norway,1, country,3146,0,8,0.020706086773378266,1.0923386812210083,-0.3030304391359464,350.4018249511719,91.67251867242186,0.044610586017370224,0.70068359375,2.0686316
475,A youngberry is a cross between a dewberry and what else?,blackberry,1, else,770,0,5,0.005067923336141533,1.1992642879486084,-0.46133499003265355,341.627685546875,96.31753789030455,0.04591451585292816,6.92578125,4.3735476
476,Who is Arthur Wellesley better known as?,The Duke of Wellington,1, as,438,0,3,0.002882792754844145,0.9664580821990967,-0.5959937239894724,398.0341796875,121.07882694006398,0.11893913894891739,0.2080078125,4.749927
477,Which town in East Sussex now stands on the site of the battle of Hastings?,pevensey,0, Hastings,78744,0,9,0.518270850884583,1.204288363456726,-0.04984696805635602,349.4400939941406,94.1912184639123,0.05013132467865944,0.5595703125,5.112248
478,"Which 1986 Peter Weir movie and based on a Paul Theroux novel starred Harrison Ford, Helen Mirren and River Phoenix?",The Truman Show,0, Phoenix,22672,0,8,0.14922072451558552,1.0589567422866821,0.17035968756270892,395.63873291015625,117.82958384630348,0.01641792804002762,0.01338958740234375,4.732322
479,What is the name of CS Lewis' 7 book fantasy?,"the lion, the witch and the wardrobe",0, fantasy,18378,0,8,0.12095882476832351,1.0115101337432861,0.0846713633792282,508.59332275390625,188.312453891767,0.05429892614483833,3.22265625,5.1003213
480,Name the tv series about FBI agent Don Eppes and his mathematical genius brother Charlie,nashville,0, Charlie,24927,0,8,0.1640625,1.042724609375,-0.011199323657160143,377.11248779296875,98.1453279330267,0.04874727129936218,2.419921875,1.0678494
481,All children except one grow up.,This is false because all children grow up. The exception is the one child,0, up,705,0,3,0.004640111625947767,1.0466357469558716,-0.517644775950842,341.2891540527344,89.16312341047087,0.054903142154216766,0.364013671875,5.2970195
482,"Scarlett O'Hara was not beautiful, but men seldom realised it when caught by her charm as the Tarleton twins were",in love,0, were,1033,0,5,0.006798915332771693,0.9330245852470398,-0.5002122686376951,402.8368225097656,190.09990359383153,0.05108901858329773,1.4775390625,6.1893907
483,Which horse racing jockey was sometimes referred to as the long fellow?,jockey,0, fellow,12357,0,7,0.08133029696714406,1.117513656616211,-0.057218863961584265,421.5591125488281,113.4092901545798,0.05263611301779747,9.765625,6.469858
484,Who is the patron saint of lost causes?,The patron saint of lost causes is Saint Anthony of Padua.,1, causes,11137,0,7,0.07330060025273799,1.049013614654541,-0.155898930841337,351.84149169921875,106.10351122055091,0.030597876757383347,1.146484375,5.8810916
485,True or False: Sharks do not blink?,True,1, blink,33131,0,6,0.21805891954507162,1.1629606485366821,-0.09497869318711816,356.0030822753906,94.2922678210897,0.024820975959300995,8.5625,2.8758676
486,Which `B` was the name of the mechanical shark used in the original `Jaws` film?,b,0, film,4531,0,5,0.02982176705981466,1.0787103176116943,-0.2514357474801372,353.3565979003906,83.00171498135494,0.04907272011041641,0.845703125,5.2110386
487,"The American legal drama Shark ran from Sept 06 to May 08. Who starred in the title role, playing Sebastian Stark?",jason alexander,0, Stark,46749,0,6,0.3076887636899747,1.1145970821380615,-0.13505845164103514,311.170654296875,64.54799489927944,0.011751252226531506,6.97265625,6.0151763
488,Which Italian fashion designer was shot dead on the steps of his Miami mansion in 1997?,Gianni Versace,1,7,22,1,1,0.0001447978096040438,0.9536826014518738,-0.50751436775009,364.43450927734375,100.81044671251537,0.09154568612575531,0.19580078125,5.0670037
489,Who was famous for popularising the 'little black dress' in the 1920s?,Coco Chanel,1,s,82,1,1,0.0005397009267059814,1.4137271642684937,3.400345719081372,356.8004455566406,103.43447048411029,0.04728523641824722,0.1571044921875,5.2364283
490,Who designed Madonna's wedding dress for her marriage to Guy Ritchie?,"The dress was designed by Gianni Versace, and was worn by Madonna",0,ie,645,1,2,0.0042452085088458295,1.2260955572128296,0.0010887522133766758,349.2155456542969,98.40227380822932,0.03584044426679611,0.0003190040588378906,5.4341335
491,"Meryl Streep's character, Miranda, in the 2006 film The Devil Wears Prada was based on the editor-in-chief of which fashion magazine?",Vogue,1, magazine,14418,0,9,0.09489521903959562,1.0256481170654297,-0.008041439317021393,325.72064208984375,72.61250467430217,0.08482867479324341,0.015472412109375,4.3283186
492,"In the TV show Camberwick Green, who lived in Colly's Mill?","The show's main character, Camberwick Green, is a fictional character",1, Mill,8220,0,5,0.05410172704296546,1.151800274848938,-0.17345395832078836,445.9235534667969,115.23957175709576,0.05716531351208687,8.3359375,6.951724
493,Which part of the human body produces insulin?,The pancreas is an endocrine gland in the abdomen that produces hormones such,1, insulin,31052,0,8,0.20437552653748947,1.0333335399627686,0.11587319596014334,322.6687316894531,64.8021038537254,0.09120053052902222,3.783203125,2.7873466
494,Who played Dr. Doug Ross on the TV show E.R.?,chris hemsworth,0,.R,2013,1,2,0.013248999578770009,0.9101040363311768,-0.09440728595290926,465.3020324707031,177.28467902016124,0.06459201872348785,0.11358642578125,5.9162083
495,Who played the role of Kate Flax in the 1990 film Mermaids?,jennifer jackson,0,maids,97150,1,5,0.6394139637742208,1.2600128650665283,0.020130902042558407,361.4794006347656,107.92980854050059,0.02970285527408123,0.1383056640625,6.6058397
496,Who played the character Mrs. Merton on TV?,jill scott,0, TV,5883,0,3,0.03872025063184499,1.0665005445480347,0.029634630237767023,430.8006591796875,65.4989685782584,0.024810360744595528,5.14453125,6.7308745
497,What nationality was three time Olympic gold medallist in figure skating Sonja Henie?,Norwegian,1,ie,645,1,2,0.0042452085088458295,1.2260955572128296,0.0010887522133766758,366.83966064453125,103.63072005821948,0.03269234299659729,0.0027713775634765625,3.392898
498,At which Winter Olympic host city would you find the Cresta Run?,st. moritz,1, Run,6452,0,4,0.042465248525695026,1.1422793865203857,0.08011440798398084,395.80615234375,50.690377756738755,0.04930354282259941,0.005908966064453125,5.3291926
499,What kind of an animal is a wireworm?,wireworm,0,worm,55641,1,4,0.3662134056444819,1.2822024822235107,0.19817273794521517,339.3188171386719,82.65403163764643,0.05038094148039818,2.224609375,3.7972972
500,What are the flat treeless plains of Argentina called?,The flat treeless plains of Argentina are called Pampas.,1, called,2598,0,7,0.0170993049705139,1.0582423210144043,-0.38455769444326915,354.0237121582031,111.45754898895449,0.09297525882720947,2.072265625,4.205949
501,Which Canadian born  actress was the star in the movie Barb Wire?,sharon stone,0, Wire,19378,0,5,0.12754054338668913,1.247660517692566,0.20620870359093546,431.9166259765625,112.48200778938245,0.022952770814299583,2.630859375,6.6964817
502,"Which 2004 ""puppet"" movie, made by the makers of South Park, satirises Americas politics and jingoism?",the kid,0,ism,2142,1,3,0.014098041280539174,1.255337119102478,-0.19175505968063744,395.9268798828125,105.60470721394758,0.05423547700047493,0.09735107421875,5.7177076
503,"Which river originates in the Taurus Mountains, and flows through Syria and Iraq?",Euphrates,1, Iraq,11093,0,5,0.07301100463352991,0.997352659702301,0.11401527898391439,385.3754577636719,80.83676279261601,0.056275464594364166,1.7705078125,3.1738513
504,"Following success at the 1979 election whose party conference speeech included the lines 'you turn if you want to, the lady's not for turning'?",margaret thatcher,1, turning,13054,0,8,0.0859177548441449,1.0968719720840454,-0.0988442481274876,449.4881591796875,385.6777579360212,0.008940590545535088,0.0017566680908203125,5.29644
505,"In the run up to the 1997 election, Tony Blair outlined his parties' three priorities for office, can you name them?","education, health and the environment",0, them,1105,0,5,0.007272799073294018,1.0459085702896118,-0.7636202911118888,353.19744873046875,99.85144605757485,0.061345137655735016,1.048828125,6.0148335
506,Which snooker player was simply known as 'The Grinder'?,john parrott,0, Grinder,68500,0,8,0.4508477253580455,1.2736433744430542,-0.058243749416179824,467.0768127441406,344.3114128710637,-0.02006065845489502,8.046875,5.998153
507,Which former West Indian fast bowler was known as 'Whispering Death'?,clive cricke,0, Death,15911,0,6,0.1047217249368155,1.129913091659546,-0.13842363135057312,498.8228759765625,349.04663745435533,0.05831858888268471,1.537109375,6.955981
508,Which Eastenders character had a dog called Willy?,billy barker,0,ly,398,1,2,0.00261952401010952,1.3544362783432007,0.27387735522516854,430.45635986328125,105.64863978669747,0.03921160474419594,1.1708984375,6.6079135
509,In which year did the first episode of Minder take place?,1979,1, place,1992,0,6,0.01311078348778433,1.1221718788146973,-0.29547664942872265,336.7596740722656,90.77698722379981,0.047931842505931854,0.00969696044921875,1.6461369
510,What was the name of the cat in Rising Damp?,"The cat was named ""Molly"" and was played by a cat named",0,amp,1121,1,3,0.007378106571187868,1.2262663841247559,0.1955573851876573,394.8611145019531,103.36771366569796,0.026131436228752136,0.0083465576171875,6.8986983
511,"Which comedy written by Johnny Speight which first aired in 1965, featured a fervent West Ham supporter?",the young and restless,0, supporter,36463,0,10,0.2399892059814659,1.0604889392852783,0.03786619115380363,472.47552490234375,109.49437402958425,0.056916963309049606,0.63818359375,7.524003
512,"What was the name of the comedy written by Ray Galton, Alan Simpson which aired 57 episodes?",The Two Ronnies,0, episodes,17770,0,9,0.1169571398483572,1.0769747495651245,-0.15997252506698656,441.0762634277344,82.47791742850393,0.04984468221664429,1.779296875,6.7078214
513,Bonar Law is the only Prime Minister not born in the UK. In which country was he born?,ireland,0, born,9223,0,5,0.060703190817186184,1.109512209892273,-0.17188246624324854,358.28179931640625,110.93981370632332,0.06218204274773598,0.0309295654296875,4.7092323
514,Who lives in the Hundred Acre Wood?,The characters are anthropomorphic animals and objects that speak and have human-like behavior,0, Wood,12131,0,5,0.07984282855939343,1.0652761459350586,0.06758370103497358,396.9632568359375,91.74142108780006,0.059921976178884506,0.035186767578125,4.247281
515,"If you heard the catchphrase ""They're great"" what would expect to be advertised?","The catchphrase ""They're great"" is often associated with the brand of",0, advertised,45741,0,11,0.30105439132266215,1.1323819160461426,0.04463130824947159,366.6160583496094,86.11161295440387,0.050250470638275146,5.95703125,7.0263486
516,How many times was Boris Becker runner-up in the Men's Singles at Wimbledon?,1,0, Wimbledon,90157,0,10,0.5933880054759899,1.0879143476486206,0.0675734031507309,373.748046875,84.74157757750957,0.07891445606946945,0.12646484375,3.019295
517,How many times did Steffi Graf win the Ladies Singles at Wimbledon?,6,0, Wimbledon,90157,0,10,0.5933880054759899,1.0879143476486206,0.0675734031507309,382.59417724609375,80.5086650241995,0.08063171803951263,0.276123046875,3.4826798
518,"In which postcode area are the Wimbledon Championships held? SW15, SW17 or SW19?",sw19,1,9,24,1,1,0.00015796124684077506,0.9537014961242676,-0.4911801463078245,371.2188415527344,127.74608879637864,0.10796988010406494,0.5302734375,1.6564659
519,Who did Top of the Pops mistakenly portray in a Dexys Midnight Runners song?,"The song was released as a single in 1984, and",0, song,5492,0,5,0.03614679865206403,1.0699658393859863,-0.12164236208154122,387.6682434082031,74.7726538596797,0.057079218327999115,2.9765625,6.6125484
520,What story introduced the Cybermen?,The first appearance of the Cybermen was in the 1966,0,men,5676,1,3,0.037357834877843304,1.2188959121704102,-0.15718869749345554,393.13665771484375,87.16183910506147,0.027588799595832825,0.06695556640625,3.7856212
521,Who played the tenth Doctor?,"The Tenth Doctor was portrayed by David Tennant, who first appeared in",1, Doctor,18635,0,7,0.12265032645324347,1.0687960386276245,0.012969352323434435,368.3043212890625,71.53069919680324,0.05859456583857536,1.48046875,4.159168
522,"How many Rings of Power were there, in total?",12,0, total,2790,0,6,0.018362994945240102,1.0949218273162842,-0.2575507307523921,378.23773193359375,97.82744346606817,0.04853330925107002,1.611328125,3.2829068
523,Which common colour can also be known as heliotrope?,blue,0,pe,375,1,2,0.0024681444818871103,1.2360113859176636,-0.10916494459764303,360.0209045410156,90.22293333365386,0.025079306215047836,5.602836608886719e-06,4.12261
524,Which golf shot is the opposite of a slice?,A slice is a golf shot that curves to the right for a right-handed,0, slice,15983,0,6,0.10519560867733782,1.0946491956710815,0.02136149623023087,332.4906005859375,80.48155922479502,0.05573045089840889,3.99609375,3.0115578
525,Which actress left Eastenders for Hollywood only to flop as The Bionic Woman?,jessica taylor,0, Woman,24511,0,6,0.1613245050547599,1.081432580947876,0.16983058276279417,408.0633850097656,104.7637773343707,0.03989110141992569,0.07000732421875,6.324169
526,"In Only Fools And Horses, Rodney Trotter shares his middle name with which London football club?",west ham united,0, club,6335,0,5,0.04169518744734625,1.170794129371643,0.047903207722908014,420.9147033691406,81.31895296060699,0.060993947088718414,1.228515625,5.140296
527,"How were Dr Stantz, Dr Spengler and Dr Venkman better known in the 1980's?",Dr. Peter Venkman,0,'s,594,1,2,0.003909540859309182,1.0174208879470825,-0.5663189495600394,385.7774353027344,85.36667239934044,0.07053487002849579,1.41796875,5.4557166
528,General Charles de Gaulle was French President 1959 to 1969. Who succeeded him?,giscard d'esperey,0, him,1435,0,4,0.009444766217354676,1.13131844997406,-0.5675154275572414,415.8925476074219,99.77997402539214,0.05723534896969795,0.1287841796875,5.6251526
529,"When Mr Benn was looking for an adventure, what type of shop did he visit?",Mr Benn was looking for an adventure.,0, visit,3947,0,6,0.02597804338668913,1.0985890626907349,-0.22576863538533942,377.14752197265625,97.75529260019077,0.026779891923069954,1.865234375,4.404314
530,"What is the name of the enzyme usually added to milk to coagulate it, to make ""curds and whey""?",rennet,1,y,88,1,1,0.0005791912384161752,1.2872896194458008,0.9052387804790452,510.0869140625,474.3886370434232,0.06549635529518127,0.00011920928955078125,2.147167
531,Which cheese shares its name with a Guiness Premiership rugby team that play at Welford Road?,portugal,0, Road,9536,0,5,0.06276326874473462,1.0801525115966797,-0.03999051820560062,378.3830871582031,78.27395703043695,0.03825991228222847,0.00701141357421875,6.3220153
532,Where in London were the first escalators installed in 1898?,The first escalators were installed in 1898 in the Royal,0,8,23,1,1,0.00015137952822240943,0.9617469906806946,-0.4643944625281149,336.2302551269531,93.68003786419459,0.0939730852842331,2.59765625,5.6514025
533,"In what year was the first episode of Doctor Who broadcast? 1959, 1963 or 1967?",1963,1,7,22,1,1,0.0001447978096040438,0.9536826014518738,-0.50751436775009,306.8398132324219,93.09091970482665,0.10785599052906036,2.958984375,0.6101609
534,What is the name of the company that owned the spaceship Red Dwarf?,"Red Dwarf was originally owned by the company Red Dwarf Productions, which was owned",1, Dwarf,79730,0,6,0.5247604254422915,1.1253293752670288,-0.1456754631020436,378.6343994140625,99.23739876448704,0.04262551665306091,2.5703125,5.0181327
535,"Which character has been played by Jack Lord, Cec Linder, Rik Van Nutter, Norman Burton, David Hedison, John Terry, David Hedison and Jeffrey Wright?",captain kirk,0, Wright,26741,0,7,0.17600173757371526,1.0993304252624512,0.10814638339071703,409.3116149902344,118.14331032816352,0.01798245683312416,3.626953125,6.546246
536,Name the magician who first introduced us to Basil Brush.,The magician who first introduced us to Basil Brush is David Copperfield. David,0, Brush,32988,0,6,0.21711773378264532,1.1527365446090698,-0.058404435326286475,411.6719970703125,116.9331311368443,0.02803049050271511,1.9501953125,6.6071634
537,Who was the only Prime Minister of Britain to be assassinated?,The only Prime Minister of Britain to be assassinated was Lord Salisbury.,0,inated,15479,1,6,0.10187842249368155,1.1425727605819702,0.040875357538732615,383.48583984375,96.27976144210007,0.03363111615180969,0.0002579689025878906,5.903853
538,What is the name of the chain of islands in the southwestern Philippines?,"The Philippines is a country of islands, with more than 7,0",0, Philippines,25296,0,12,0.16649115417017693,1.0344229936599731,-0.1271000960161972,389.0356140136719,80.53554362358263,0.06704933941364288,5.578125,4.963683
539,What was the name of the ferry that capsized after leaving Zeebrugge in 1987,the Zeebrugge Ferry,0,7,22,1,1,0.0001447978096040438,0.9536826014518738,-0.50751436775009,394.5788269042969,95.11674154337905,0.1008768156170845,0.255615234375,7.0686054
540,The Flying Pickets were a British vocal group who had Christmas no1 hit in 1983. What was the title of the song.,the first time ever,0, song,5492,0,5,0.03614679865206403,1.0699658393859863,-0.12164236208154122,411.7373352050781,89.62883891184671,0.054558541625738144,0.346923828125,6.692118
541,"In Risk, what colour is Europe?","Europe is a neutral colour, and is the only colour that can be used",0, Europe,4505,0,7,0.02965064237573715,1.030229091644287,0.02480591691043399,375.9359436035156,72.88058567619267,0.06307709962129593,10.6875,4.493472
542,Which British band named themselves after a South African football team?,south african,0, team,2083,0,5,0.013709719882055603,1.092939019203186,-0.33786543142588643,415.7567138671875,82.98107217256509,0.05525774881243706,1.1982421875,6.435725
543,How many female P.Ms have there been?,11 female prime ministers have served in the history of the United Kingdom,1, been,1012,0,5,0.006660699241786015,0.9131674766540527,-0.4763448519991247,459.41583251953125,94.23766673998117,0.06660424917936325,0.0555419921875,4.633542
544,"Newspapers come is various sizes, broadsheet being the largest, and tabloid being smaller, but what name is given to the smallest size.",tabloid,0, size,1379,0,5,0.009076189974726201,1.07496976852417,-0.3560693249084319,424.8428649902344,101.02073904571483,0.07206637412309647,1.1669921875,4.1393924
545,Which wedding anniversary is celebrated with paper,10th,0, paper,5567,0,6,0.03664042754844145,1.1704931259155273,-0.2705015976415788,392.19073486328125,38.30644408532153,0.034706950187683105,8.0234375,4.8454304
546,"Which American female rap artist, film & television actress release a song called Paper in 1998",jennifer lopez,0,8,23,1,1,0.00015137952822240943,0.9617469906806946,-0.4643944625281149,421.96673583984375,104.01031465845237,0.07898157089948654,1.9462890625,6.3490863
547,Who won the 2010 Giro D'Italia?,The 2010 Giro d'Italia was won by Alberto,0,alia,18848,1,4,0.12405223251895535,1.31280517578125,-0.0040096361819665916,392.16632080078125,67.45719518388671,-0.004797210916876793,0.001438140869140625,5.683121
548,"In the Commonwealth games in Delhi, which British athlete won the mens 200m gold medal?",daniel hawthorne,0, medal,36612,0,6,0.24096988205560235,1.0561164617538452,0.05572440993664696,432.1169128417969,72.39214634088191,0.044496770948171616,0.56982421875,6.1522613
549,"Which singer picked up three Ivor Novello awards in May, including songwriter of the year for her hit single, The Fear?",jennifer platt,0, Fear,41967,0,5,0.2762149852569503,1.0842117071151733,-0.09531539335269423,382.19879150390625,107.87942271815784,0.03115936368703842,7.4609375,6.033853
550,Which American singer was born Eleanora Fagan?,Billie Holiday,1,agan,18345,1,4,0.12074162805391744,1.2728718519210815,0.02434637245018978,419.62835693359375,134.7887302667472,-0.000889421091414988,0.00421905517578125,2.8352013
551,Which famous woman in history had a cottage in Shottery in Warwickshire?,queen victoria,0,shire,14909,1,5,0.09812684288121314,1.230199933052063,0.4540558107636765,372.3173522949219,87.54746231265119,0.044856779277324677,0.00650787353515625,4.503232
552,Who sang the theme song for the TV show 'Rawhide'?,The theme song for the TV show 'Rawhide' was sung by the,0,hide,8559,1,4,0.056332929654591406,1.142459511756897,0.02718452816450645,453.68084716796875,289.47032771358323,0.02598285861313343,0.7099609375,6.805545
553,Which sea lies between Italy and the former Yugoslavia?,Adriatic Sea,1, Yugoslavia,96777,0,11,0.6369589827295703,1.1171454191207886,-0.12383981472875893,338.8818359375,91.65570058692833,0.07066979259252548,0.1715087890625,4.887458
554,In which country is the region Dalmatia?,Dalmatia is a region in Croatia.,1,ia,685,1,2,0.004508477253580455,1.1918758153915405,-0.06759902650823335,424.04913330078125,129.3084994938159,0.05674958601593971,0.047576904296875,4.4677935
555,Who was known as the Great Lover of the Silent Screen?,The Great Lover of the Silent Screen was Douglas Fairbanks.,0, Screen,13948,0,7,0.09180181128896378,1.1844919919967651,-0.190003976166206,390.7283020019531,115.21452685793908,0.036382779479026794,3.107421875,6.196794
556,"Which actor plays Cate Blanchett's father in the 2004 film ""The Missing"", a story set in 19th century New Mexico where the father works with estranged daughter Blanchett to get her kidnapped child back?",John Travolta,0, back,1182,0,5,0.007779591406908172,1.1655932664871216,-0.2405389742170696,421.2936096191406,144.71543605289273,0.047525499016046524,0.2125244140625,6.265161
557,How is Frances Gumm the actress better known?,Frances Gumm the actress better known as Frances Farmer was born in 1,1, known,3881,0,6,0.025543649957877,1.0696938037872314,-0.207267345611287,380.1066589355469,90.79720097917993,0.08507594466209412,0.91650390625,4.8817997
558,"Who won the Best Actress Oscar for the 1988 film, The Accused?",jennifer westfeldt,0,used,2591,1,4,0.01705323294018534,1.1163840293884277,0.006340781866030376,362.3578186035156,122.8450587322403,0.0199366994202137,0.351318359375,5.4290233
559,"Which  constellation contains many bright shining stars, such as Regulus?",leo,0,ulus,19425,1,4,0.1278498841617523,1.3014978170394897,0.2995033999374117,386.35418701171875,100.1174135042465,0.009284783154726028,0.00455474853515625,4.3984046
560,"Which London river, now flowing underground, rises in Hampstead, flows through St. Pancras, down Farringdon Street and enters the Thames by Blackfriars Bridge?",isle of thames,0, Bridge,19874,0,7,0.13080507582139847,1.1529603004455566,-0.11491976347419763,389.3409729003906,96.46623209722941,0.06828895211219788,0.2254638671875,5.905097
561,-Day in 1944 was the greatest sea-bourn invasion in history. What was the code name for the operation?,operation overlord,1, operation,5666,0,10,0.03729201769165964,1.096254587173462,0.0647775470788372,441.05291748046875,84.9593537351851,0.04848374426364899,1.4208984375,4.46358
562,On which island are the Cuillin Hills?,"The Cuillin Hills are a mountain range on the Isle of Skye,",1, Hills,24919,0,6,0.16400984625105308,1.19071364402771,0.04491056764989043,421.1790771484375,97.40654363434834,0.02665259875357151,1.72265625,4.4759517
563,"Which dancer has only one notable film cameo, appearing with Sean Connery in the 1979 movie The First Great Train Robbery, breaking into a guarded station office.",danny davis,0, office,5163,0,7,0.03398141322662174,1.1637203693389893,-0.14581408816242547,412.19976806640625,68.25809454353606,0.059200599789619446,6.59765625,6.729149
564,What was the first name of the character played by John Travolta in Saturday Night Fever.,john,0, Fever,83901,0,6,0.5522127737994945,1.1521577835083008,0.07011939801522615,359.7000732421875,102.05603927417114,0.017379146069288254,0.052276611328125,4.5515447
565,In which 1969 movie did Michael Caine appear with his brother Stanley.,the i zimbalosh trilogy,0, Stanley,30452,0,8,0.2004264953664701,1.1167258024215698,-0.0006998966932143524,422.44976806640625,145.85439803942907,0.02508554793894291,7.7578125,6.2984877
566,"In 1969, a man was stabbed to death by a member of the Hell's Angels at a Rolling Stones concert. Where was the concert held?",los angeles,0, held,5644,0,5,0.037147219882055604,1.1285556554794312,-0.060283509038058014,309.46923828125,103.12238472679024,0.05841681733727455,0.57568359375,5.654062
567,"How long does it take, approximately, for light to travel from the Sun to the Earth?",The Sun is approximately 93 million miles (150 million km,0, Earth,9237,0,6,0.060795334877843304,1.1534732580184937,-0.21376455931747973,330.5579528808594,74.2968104233053,0.058752696961164474,0.1448974609375,3.5698795
568,"A Long Island Iced Tea is a cocktail based on vodka, gin, tequila, and which other spirit?",rum,1, spirit,8913,0,7,0.05866285804549284,1.1491365432739258,-0.041504362335816225,321.60455322265625,55.403205909991584,0.08125311881303787,0.666015625,2.5014026
569,Anellini pasta is what type of shape?,"Anellini is a small, round, cylindrical pasta, shaped like a",0, shape,6083,0,6,0.04003659435551811,1.1352260112762451,-0.14641923774239807,362.69451904296875,79.96188365361692,0.07631614059209824,4.15234375,4.701404
570,A Cuba Libre is based on which spirit,rum,1, spirit,8913,0,7,0.05866285804549284,1.1491365432739258,-0.041504362335816225,370.3389892578125,60.90607444494354,0.06778685003519058,2.193359375,1.3825017
571,Which company were responsible for the production of the Spitfire?,"The Spitfire was designed and built by the Supermarine Aviation Works, a",1,fire,10796,1,4,0.07105623420387532,1.2235021591186523,0.2254849132779988,400.89111328125,78.95640005036348,0.0156535767018795,0.02410888671875,5.495742
572,"The lyric Always sunny in a rich man's world', is from which song?",always sunny in a rich man's world,0, song,5492,0,5,0.03614679865206403,1.0699658393859863,-0.12164236208154122,393.5531005859375,79.36070441240192,0.05642525106668472,1.1787109375,6.6347637
573,Who won the men's singles title at Wimbledon in 1987?,"The men's singles title was won by Ivan Lendl, who defeated John",0,7,22,1,1,0.0001447978096040438,0.9536826014518738,-0.50751436775009,344.0380554199219,81.65858663530658,0.0903327614068985,2.4140625,6.0517926
574,Who made Victor Krum's wand?,"The wand was made by Ollivander, who was the only wand",0, wand,28710,0,5,0.18896114153327717,1.1167064905166626,0.20377919900945018,395.21728515625,61.2104413534023,0.057287003844976425,2.9296875,4.6519074
575,What kind of creature is Firenze?,"Firenze is a centaur, a creature with the body of a horse",1,nze,84449,1,3,0.5558195556023589,1.339316964149475,0.17575133146866584,343.1277770996094,88.33388562539514,0.012923033908009529,4.0703125,4.1473184
576,What building in Scotland is said to house the Holy Grail and features prominently at the end of The Da Vinci Code?,edinburgh castle,0, Code,6119,0,5,0.040273536225779276,1.134299874305725,-0.1782367547101127,380.9696044921875,100.30953665768801,0.036463238298892975,0.005695343017578125,5.2249317
577,In which sitcom did Penelope Wilton play the wife of Richard Briers?,the office,0,riers,17291,1,5,0.11380449663016007,1.2699174880981445,-0.01134772430476172,394.5263671875,105.02890944227201,-0.03962024301290512,0.238037109375,6.7455983
578,Who plays the role of Bubble in Absolutely Fabulous?,jessica hynes,0,ulous,13540,1,5,0.0891164700926706,1.294251561164856,0.2026532936993508,373.84124755859375,96.16108117660316,0.0027339088264852762,0.0157623291015625,6.448504
579,"Which cockney private detective, co-created by Terry Venables, was portrayed on TV by Nicholas Ball?",billy the cockney private detective,0, Ball,12836,0,5,0.0844829401853412,1.1632472276687622,0.05146138473449513,401.3788146972656,113.96711552098381,0.010395818389952183,9.4453125,7.050417
580,Who in 1975 became the first black man to win a Wimbledon singles title?,john mcenroe,0, title,2265,0,6,0.014907592670598147,1.0952284336090088,-0.18311992056519477,391.8172912597656,89.26359842738337,0.05747682973742485,0.218505859375,5.3875217
581,Which South African fast bowler had the nickname White Lightning,brett mackerras,0, Lightning,33844,0,10,0.2227516849199663,1.0896731615066528,-0.041012160811918275,410.9981689453125,111.69176581169063,0.02503933198750019,1.0927734375,6.645349
582,"In 1953, Edmund Hillary was half of the famous pair to first do what?",climb mount everest,0, what,1128,0,5,0.007424178601516428,0.9124044179916382,-0.4575977977787331,408.32354736328125,84.95248484695135,0.08393972367048264,0.1513671875,2.563109
583,Another name for the Holy Wars between the  Christian states of Europe against the Saracens,crusades,1,ens,724,1,3,0.004765164279696714,1.2483398914337158,0.011882182930886387,385.8553466796875,101.56165493770717,0.04007803648710251,0.007232666015625,2.3834713
584,1986 film starring Goldie Hawn as a High School football coach.,coach,0, coach,7247,0,6,0.047697714827295706,1.149172067642212,-0.025993080462680673,383.4782409667969,106.61668389477505,0.05443958565592766,0.5498046875,5.876528
585,"Who was the 16th president of the U.S.A.,assasinated in 1865",abraham lincoln,1,5,20,1,1,0.00013163437236731254,0.98386549949646,-0.5437896952963652,442.9201965332031,126.9009241368816,0.09899432957172394,0.054840087890625,1.5889362
586,"Which Italian explorer had ships named Nina, Pinta and Santa Maria?",Christopher columbus,1, Maria,23016,0,6,0.15148483572030327,0.9846414923667908,0.18425765595764432,418.8562927246094,80.50155442333707,0.046352509409189224,0.09954833984375,5.279309
587,Who had chart hits which included Annie`s Song and Rocky Mountain High?,The answer is: Neil Diamond. Neil Diamond is a famous singer and songwriter,0, High,5124,0,5,0.03372472620050548,1.0371214151382446,-0.24275096676622043,388.9147033691406,115.05468193178622,0.04400693252682686,1.2685546875,5.88918
588,"Which cartoon series featured the characters Lion-o, Cheetera, Tygra and Snarf/",jungle book,0,arf,59226,1,3,0.38980886689132266,1.309141993522644,-0.003045586335088668,380.84844970703125,107.72476721220642,0.015069629997015,0.0828857421875,4.9805565
589,"Who was the leader of the gang whose members included Benny the Ball ,Brain and Choo Choo?",mobster,0,oo,2624,1,2,0.017270429654591406,1.2047706842422485,-0.0654628917599247,290.33642578125,12.17647608157338,0.03901984170079231,0.000759124755859375,6.284291
590,Which famous resident resides at Highgrove House?,"The Duke of Edinburgh, the Queen's husband, is a patron of the",0, House,4678,0,6,0.030789279696714408,1.1569125652313232,-0.07083251384576394,373.5772705078125,95.20748862284951,0.07116484642028809,0.4990234375,5.3970304
591,What is the currency of India?,The Indian rupee (sign: ₹; code: INR; also,1, India,6747,0,6,0.04440685551811289,1.0003899335861206,-0.14722151406578243,332.81878662109375,79.19143857212504,0.07042041420936584,4.21875,3.0930562
592,How many avenues radiate from the Arc de Triomphe?,"The Arc de Triomphe is a monumental arch in Paris, France,",0,he,383,1,2,0.0025207982308340354,1.1823182106018066,-0.16946221173333154,354.1640319824219,59.47440257022121,0.02425568737089634,2.0503997802734375e-05,3.6679115
593,In which country is Dubrovnik?,dubrovnik is a city in croatia.,1,nik,21490,1,3,0.14144113310867734,1.2649918794631958,-0.016284329117404628,390.9604797363281,101.47838386580085,-0.0006100169848650694,0.00539398193359375,5.0390487
594,"The Dakar Rally (previously known as the Paris Dakar rally) is an annual event, but of which country is Dakar the capital city?",senegal,1, city,3283,0,5,0.021607782224094357,1.0206034183502197,-0.3387700771193165,356.6312561035156,92.52237773666613,0.05967027321457863,2.173828125,1.3527801
595,The Miller Brewing Company got its start in what U.S. city?,milwaukee,1, city,3283,0,5,0.021607782224094357,1.0206034183502197,-0.3387700771193165,339.91552734375,89.80514183783616,0.05688240006566048,1.234375,4.7467504
596,Who did Simple Simon meet on his way to the fair?,Simple Simon met a pretty little girl on his way to the fair.,0, fair,6624,0,5,0.04359730412805392,1.2505879402160645,-0.039089869656300014,348.73291015625,77.6592310255194,0.047102466225624084,1.986328125,4.761863
597,Which cartoon strip character first appeared in The Beano in 1951?,bongo,0,1,16,1,1,0.00010530749789385004,1.0931203365325928,-0.07595700257181415,408.0285949707031,103.22553949227905,0.10830454528331757,1.2021484375,7.0449424
598,"The Asian Tsunami or Boxing day tsunami that hit Thailand, Indonesia and many other countries happened in what year?",2004,1, year,1042,0,5,0.006858150800336984,1.0539196729660034,-0.23248015427427893,337.7671813964844,97.40218472383788,0.07349281013011932,0.1328125,0.41979316
599,"Following that year's April Budget, Alderman Sir Cuthbert Ackroyd, who later became Lord Mayor of London, bought the first what on 1 November 1956?",The first television,0,6,21,1,1,0.00013821609098567817,0.9683542847633362,-0.49224772586111687,407.53314208984375,101.38695380404583,0.07661731541156769,2.26953125,7.445615
600,"Produced between 1970 and 1974, what is a Bond Bug?",The Bond Bug is a type of British car that was produced between 1,1, Bug,30501,0,4,0.20074899957877002,1.146277904510498,-0.013548377563586289,391.8228759765625,101.85394473842521,0.025340048596262932,13.71875,5.3272886
601,What was Jacques Cousteau's mobile oceonagraphic laboratory.,The Calypso,1, laboratory,26594,0,11,0.1750342249368155,1.0783432722091675,-0.07919174688144626,445.3591613769531,94.4991001608359,0.045091163367033005,1.1806640625,5.7223854
602,What is the name of the helicopter used to transport the President of the United States,presidential helicopter,0, States,4180,0,7,0.027511583824768322,1.2056955099105835,-0.2006489174921975,353.77203369140625,81.71511806424941,0.030921615660190582,0.007183074951171875,4.027201
603,Which queen consort of England is associated with Hever Castle in Kent?,anne boleyn,1, Kent,17734,0,5,0.11672019797809605,1.0955277681350708,-0.1342614514204925,324.73291015625,99.0539697593868,0.04739697277545929,0.0634765625,3.665071
604,What was the capital of the United States between 1785 and 1790??,Philadelphia,0,0,15,1,1,9.872577927548442e-05,0.9974440932273865,-0.545924107382235,330.1396179199219,88.51007272754916,0.10532408952713013,0.062469482421875,3.7664096
605,Which country does the drink Cinzano come from?,"Cinzano is a brand of Italian vermouth, produced by the company of",1, from,504,0,5,0.003317186183656276,0.9354420304298401,-0.6998267280902555,333.8701171875,101.92363099217476,0.10193333029747009,0.0093841552734375,4.7577114
606,Which fictional girls' boarding school was created by the cartoonist Ronald Searle,st. martin's,0,le,273,1,2,0.0017968091828138163,1.1958906650543213,-0.009810692388487308,396.5606384277344,106.52797398164968,0.0384831465780735,0.00382232666015625,6.255478
607,Who played the character Mr Chips in the 2002 TV adaptation of Goodbye Mr Chips,michael shankland,0, Chips,86668,0,6,0.5704243892165122,1.2501946687698364,0.008705913623226369,390.7401428222656,106.44512206178908,0.017615115270018578,0.018829345703125,5.83057
608,Rarely is the question asked: Is our children learning?,The answer is no.,0, learning,6832,0,9,0.04496630160067397,1.0932399034500122,-0.30093132706122283,503.9686279296875,104.74458243628891,0.03230505436658859,3.357421875,4.9640923
609,"Are you going to come quietly, or do I have to use earplugs?","I'm going to come quietly, but I'm not sure if you'll",0,ugs,13299,1,3,0.08753027590564448,1.2801300287246704,0.13268798778730861,364.15521240234375,86.70508862899783,0.0028004739433526993,2.86102294921875e-05,5.0568137
610,Which shipping forecast area is directly north of German Bight?,The shipping forecast area directly north of German Bight is the North Sea area,0,ight,491,1,4,0.0032316238416175234,1.2162842750549316,-0.05146083885968755,357.2336120605469,80.76319712829819,0.031288355588912964,3.719329833984375e-05,4.8431773
611,By what name did Samuel Langhorne Clemens publish his novels under?,mark twain,1, under,1212,0,6,0.00797704296545914,1.1267868280410767,-0.16716625712809163,352.2784118652344,99.90193337269099,0.06562153249979019,4.23828125,3.1541684
612,Who wrote the novel Rasselas in a single week in 1759 to pay for his mother's funeral?,john keats,0, funeral,30979,0,8,0.2038950610783488,1.0291049480438232,0.17891856604825485,417.69732666015625,98.55506560959846,0.0438736155629158,1.234375,5.5230446
613,Who painted Girl with a Pearl Earring?,Johannes Vermeer,1,arring,19859,1,6,0.130706350042123,1.217637300491333,-0.14581676378731112,387.29290771484375,101.3646423340173,0.023802489042282104,0.00676727294921875,3.4907281
614,What is 1009 when expressed as Roman Numerals?,1009 in Roman Numerals is MIX.,1,als,1127,1,3,0.007417596882898062,1.2644977569580078,-0.0662694483411399,373.46405029296875,107.81692466450325,0.021780485287308693,6.42538070678711e-05,3.6239665
615,Who had hits with Go Now and Nights in White Satin?,The Beatles,0,in,258,1,2,0.0016980834035383318,1.120869517326355,0.03101989377613057,397.1408996582031,111.00107973925849,0.08169418573379517,0.002422332763671875,5.222345
616,Which statesman was known as the Iron Chancellor?,bismarck,0, Chancellor,46963,0,11,0.30909725147430495,1.1731492280960083,-0.024562381322015714,374.9151916503906,107.68587866934188,0.04041546583175659,0.46826171875,4.903626
617,What was left in Pandora's Box after all the evil escaped?,"The box was then locked and sealed by the gods, and the warning was",0, escaped,27783,0,8,0.18285988837405223,1.1143978834152222,-0.16748608210644944,382.75335693359375,84.9679453872457,0.0345713347196579,5.5546875,4.7707477
618,What type of bird was the first released by Noah?,The first bird released was a dove.,0, Noah,41984,0,5,0.2763268744734625,1.054852843284607,0.21678798493985552,396.2790222167969,93.08682033613877,0.07192517071962357,6.66015625,4.5976033
619,What is the state capital of Florida?,"The state capital is Tallahassee, which is also the center of education",1, Florida,9589,0,8,0.063112099831508,0.960086464881897,0.04263271169792482,343.6167907714844,92.10467245294183,0.05856842175126076,3.845703125,4.6453257
620,Who was sacked as the Beatles' drummer and replaced by Ringo Starr?,Paul McCartney,0, Starr,75022,0,6,0.4937736941870261,1.2463808059692383,0.11432172013524822,384.4658508300781,112.46323380619333,0.030225463211536407,0.00981903076171875,5.2199645
621,In which is Shakespeare's plays are the title character's last words the rest is silence?,romeo and juliet,0, silence,21162,0,8,0.13928232940185342,1.1753978729248047,-0.0018731217903202868,389.99310302734375,118.80629885060252,0.020406236872076988,0.05340576171875,5.463674
622,"Tsar Nicholas I abidacated in 1917, who was the other monarch to abdicate during this period?",alexander ii,0, period,4168,0,7,0.027432603201347935,1.186719536781311,-0.30842796456654176,380.0876770019531,113.37655755160793,0.05978354439139366,1.3515625,5.192961
623,"Which Roman Emperor was allegedy killed by his wife, Aggripina, in AD54?",nero,0,4,19,1,1,0.0001250526537489469,1.0074414014816284,-0.5086120047617011,395.0618591308594,104.05096909064318,0.11072134226560593,2.15234375,3.3086212
624,Whose last words were Et Tu Brute according to Shakespeare?,julius caesar,1, Shakespeare,41382,0,12,0.2723646798652064,0.9643384218215942,0.11033926091044943,368.3320617675781,107.81839957208494,0.05198041722178459,0.3740234375,3.487867
625,Mel Gibson (1990) and Kenneth Branagh (1996) have both played which character in movies?,hamlet,1, movies,9508,0,7,0.06257898062342039,1.0112537145614624,-0.11192948198995545,402.9021911621094,88.99944779891841,0.04057817906141281,3.6171875,6.174779
626,"The original United Artists film studio was founded in 1919 by D.W. Griffith, Mary Pickford, Douglas Fairbanks and who else?",charlie chaplin,1, else,770,0,5,0.005067923336141533,1.1992642879486084,-0.46133499003265355,353.92437744140625,125.49111109000913,0.06652651727199554,0.505859375,3.8119316
627,Which Holiday movie favourite featured a character called Kevin McCallister?,home alone,1,ister,1571,1,5,0.010339879949452402,1.2918702363967896,-0.18786677566079524,387.6557312011719,109.98827257753774,0.006846797186881304,0.0003745555877685547,1.941048
628,Who was the author of Pygmalion'?,george bernard shaw,1,ion,290,1,3,0.001908698399326032,1.3011950254440308,0.14482253122838262,530.3616333007812,378.81168641819426,0.04929907247424126,0.00731658935546875,4.600014
629,"Who was the third President of the USA, following on from George Washington and John Adams was also famed for his numerous inventions?",thomas jefferson,1, inventions,84049,0,11,0.5531868681550126,1.0402239561080933,0.054990364698155325,404.0945739746094,112.85485403113285,0.0664890706539154,4.72265625,2.9264061
630,What is the minimum age of someone running for the office of President of the United States?,"The minimum age is 35 years, as set by the 2",0, States,4180,0,7,0.027511583824768322,1.2056955099105835,-0.2006489174921975,341.7501525878906,96.13201404536862,0.03396996483206749,0.002872467041015625,3.9438252
631,England won the 1966 World Cup beating Germany 4-2. Hurst scored 3 of England's goals who scored the other?,Geoff Hurst,0, other,1008,0,6,0.006634372367312552,0.96999192237854,0.12232505856947418,471.98187255859375,121.4537373877731,0.05997537449002266,1.0078125,5.054193
632,From which 1960s sci-fi movie did 1980s pop sensation Duran Duran take their name from a character from the movie?,the dune,0, movie,5700,0,6,0.03751579612468408,0.994441568851471,0.0029509247755399315,384.0059509277344,105.68542168734034,0.05449380353093147,1.3212890625,5.956684
633,What year did E.T. Hit the cinema screen?,1982,1, screen,4171,0,7,0.027452348357203032,1.1877772808074951,-0.24569245839559395,368.2642517089844,96.54092968590145,0.06601676344871521,3.76953125,3.358493
634,The Red Sea is connected to the Indian Ocean by which gulf ?,red sea,0,ulf,14308,1,3,0.0941712299915754,1.206531047821045,0.03515858335267641,321.6089782714844,58.601423084877496,0.023933151736855507,0.0033359527587890625,4.032096
635,The Red Setter is more properly known by which name?,red setter,1, name,829,0,5,0.005456244734625105,1.0260158777236938,-0.24743828899493092,407.5951232910156,94.37796324761852,0.06375664472579956,1.859375,5.137017
636,What was the name of the World War I fighter ace nicknamed the Red Baron?,Manfred von Richthofen,1, Baron,52907,0,6,0.34821898694187026,1.1475194692611694,0.008272223372867149,377.90570068359375,115.59429099577552,0.010612590238451958,0.041656494140625,4.7107058
637,What is the capital of the U.S. state of Connecticut?,Hartford,1, Connecticut,30361,0,12,0.1998275589721988,1.0020744800567627,-0.20180283951556,317.20098876953125,98.95940214229338,0.058333709836006165,3.90234375,4.2137504
638,What was founded by Ferdinand II of Aragon and Isabella I of Castile to keep Catholic orthodoxy as the major religion of their kingdoms?,"The Catholic Monarchs, Ferdinand II of Aragon and Isabella I of",0, kingdoms,95406,0,9,0.6279354465037911,1.0959115028381348,0.04827098888801595,354.3775939941406,100.11446194724465,0.040344033390283585,1.5341796875,3.3810809
639,"In golf, what name is given to a score of three under par on a given hole?",eagle,0, hole,14178,0,5,0.09331560657118787,1.1748573780059814,-0.08705870480834221,336.47357177734375,84.11116389664335,0.04492679238319397,0.07391357421875,2.6938143
640,"In dentistry, what is the name given to hardened dental plaque?",calculus,0, plaque,60364,0,7,0.39729886267902276,1.0957235097885132,-0.182982314894498,349.38092041015625,42.12293779590949,0.06036847084760666,1.0087890625,3.3154478
641,Which singer played the Goblin King Jareth in the film Labyrinth'?,david bowie,1,abyrinth,61530,1,8,0.40497314658803707,1.2320163249969482,0.16757329961590406,493.4438781738281,395.90204991309366,-0.0012335433857515454,0.001434326171875,3.7887697
642,Who played Aunty Entity' in the film 'Mad Max Beyond the Thunderdome'?,jennifer westfeldt,0,ome,635,1,3,0.004179391322662173,1.2549082040786743,0.11171233322326701,464.9348449707031,332.47953995799224,0.01982034556567669,0.0011739730834960938,6.510036
643,"Name the fantasy movie directed by Terry Gilliam, where 6 dwarves have stolen a map.",the lord of the rings,0, map,2415,0,4,0.01589485046335299,1.1169087886810303,-0.19875358339529647,422.27508544921875,86.13724599076303,0.0653194710612297,5.5390625,5.472886
644,"Which TV comedy had characters McLaren, Blanco & Warren",the young and restless,0, Warren,25631,0,7,0.1686960299073294,1.1031314134597778,0.022982658130092926,456.8507385253906,117.87698404944709,0.03248971700668335,8.375,7.0224757
645,In which TV series would you find an Eagle Transporter,star trek,0,er,261,1,2,0.0017178285593934287,1.3969640731811523,1.4532737801736006,463.1203308105469,89.9208655911621,0.05153525620698929,1.6123046875,4.224427
646,Which jazz saxophonist was nicknamed Bird,louis armstrong,0, Bird,23331,0,5,0.15355807708508845,1.1214747428894043,-0.0299222993510182,345.1170959472656,117.45593150804507,0.04345652088522911,7.359375,4.40817
647,Which patriotic Irving Berlin song includes the line  From the mountains to the prairie to the oceans white with foam ?,Yankee Doodle,0, foam,31083,0,5,0.2045795598146588,1.0866502523422241,0.136202116012067,484.9373474121094,180.2959126870291,0.0038901870138943195,0.00405120849609375,4.122093
648,Who created the Miss World pageant?,The Miss World pageant was created by the British socialite and beauty queen,0,ant,517,1,3,0.0034027485256950293,1.2468559741973877,-0.2125339746986481,375.2694396972656,90.20196856866302,0.05060470104217529,0.00565338134765625,3.6650934
649,In Egyptian myth who was the God of chaos and disorder?,Set,0, disorder,19267,0,9,0.12680997262005056,1.066345453262329,0.0472133595107076,351.358154296875,95.95681865041662,0.051726825535297394,1.7578125,5.3502064
650,What type of creature is a Painted Dragon?,"The Painted Dragon is a fictional character from the ""Dragon Ball"" series",0, Dragon,16145,0,7,0.10626184709351306,1.054794192314148,-0.11715686180593865,403.7622375488281,134.8006329269288,0.051637399941682816,4.7265625,5.074386
651,Which method of painting consists of applying pigment to wet plaster?,fresco,1, plaster,61927,0,8,0.40758608887952824,1.102657437324524,0.04208464543547574,340.7602844238281,28.438776706102335,0.07555431872606277,0.86083984375,4.5123634
652,Who is credited with the discovery of the tomb of King Tutankhamen in 1922?,Howard Carter,1,2,17,1,1,0.00011188921651221567,1.0637160539627075,-0.20697351491297633,329.7801513671875,103.40546491730584,0.10655663907527924,0.007732391357421875,3.9290617
653,The King of Wishful Thinking was a hit song used during the opening credits of the movie Pretty Woman. Who sang it?,jennifer lopez,0, it,432,0,3,0.0028433024431339512,0.8780074119567871,-0.6247333482545465,378.83966064453125,108.04044859735711,0.07614608108997345,1.21875,6.3022213
654,"What dish, especially popular in parts of Wales and the English Midlands,  is traditionally made from pig's heart, liver and fatty belly meat or bacon minced together, with herbs added for flavouring and sometimes bread crumbs",black pudding,0, crumbs,96577,0,7,0.6356426390058972,1.179867148399353,0.20388353871624787,444.04254150390625,95.69660279546487,0.04051019251346588,2.306640625,4.33939
655,What was the name of Shari Lewis' sassy sock puppet?,lurcher,0, puppet,49448,0,7,0.3254528222409436,1.0301432609558105,0.07810363950990107,409.54791259765625,97.1477621263409,0.06391911208629608,0.71435546875,5.445309
656,Captain Corelli's mandolin is a book a film set in which country,greece,1, country,3146,0,8,0.020706086773378266,1.0923386812210083,-0.3030304391359464,357.33624267578125,108.44472996679097,0.05230652913451195,0.62109375,3.3300686
657,The Bull is the village pub in an everyday tale of country folk. In which village is The Bull?,the bull is the village pub in the everyday tale of country folk. in,0, Bull,21622,0,5,0.1423099199663016,1.148325800895691,0.07894752955159401,433.4156188964844,89.54107137991207,0.036599352955818176,0.006244659423828125,7.0006547
658,What is the second biggest city in the UK?,The second biggest city in the UK is Birmingham.,1, UK,6424,0,3,0.04228096040438079,1.0027894973754883,-0.28927520499594417,389.2958679199219,89.69667041526598,0.04652905464172363,3.02734375,5.0312004
659,Who was the second wife of Henry VIII?,ann boleyn,1, VIII,57233,0,5,0.37669150168492,1.0565718412399292,-0.011788131334212526,378.5422058105469,111.37674803526531,0.03901679068803787,0.64990234375,5.016153
660,Which actor does the interviewing in 'Interview with a Vampire'?,kirsten dunst,0, Vampire,60114,0,8,0.39565343302443134,1.122479796409607,0.08909845990863507,422.72265625,216.2581962768134,0.02658919245004654,0.0609130859375,5.725978
661,What is the southernmost city in USA,"The southernmost city in the United States is Brownsville, Texas. Brown",0, USA,7279,0,4,0.047908329823083406,1.0592272281646729,-0.09303046162879225,385.028076171875,89.88989587997176,0.05835052207112312,7.71875,5.7957215
662,"In Vladimir Nabokov's book ""Lolita"", what is Lolita's real name?",Lolita's real name is Dolores Haze.,1, name,829,0,5,0.005456244734625105,1.0260158777236938,-0.24743828899493092,332.6268310546875,81.07965686571742,0.06390603631734848,0.203857421875,4.8215394
663,"Which Shakespeare play tells the story of Prospero, the rightful Duke of Milan?",The Tempest,1, Milan,38755,0,6,0.2550745050547599,1.0862360000610352,-0.1600584089124566,383.9419250488281,66.40875607699442,0.019581899046897888,0.0141448974609375,3.9771597
664,Which RAF fighter-bomber was built by the Panavia partnership?,The Panavia Tornado was a multirole combat aircraft built by a consortium,0, partnership,15305,0,12,0.10073320345408593,1.0666066408157349,-0.09292135282976677,399.9405822753906,83.26458669254873,0.06888993084430695,9.3828125,4.279136
665,What was the name of the sixth studio album released by Prince and the Revolution in June of 1984?,1999,0,4,19,1,1,0.0001250526537489469,1.0074414014816284,-0.5086120047617011,368.608642578125,99.12113802018001,0.08111850172281265,1.275390625,5.3881273
666,The undersurface of a person's foot or of a shoe?,"The sole of the foot is the underside of the foot, including the skin",1, shoe,28977,0,5,0.19071846040438079,1.1444889307022095,0.2059118436516143,372.1460876464844,59.042884006424444,0.062356214970350266,3.48046875,5.4193454
667,In which film series would you expect to film Katniss Everdeen and Peeta Malark?,hunger games,1,ark,838,1,3,0.005515480202190396,1.2589747905731201,-0.04379599457064387,394.0675354003906,172.93072668865832,0.041875194758176804,1.5634765625,2.505531
668,"""Rodney you plonka"" and ""This time next year we'll be millionaires"" are catchphrases from which well-known television sitcom?",the young and the restless,0, sitcom,80366,0,7,0.5289463984835721,1.0076130628585815,-0.07256587620919941,371.8183288574219,65.63081159312596,0.07257068902254105,2.732421875,5.952343
669,What did my true love bring to me on the Sixth Day of Christmas?,six geese-a-laying,1, Christmas,10074,0,10,0.06630423336141533,1.0538444519042969,-0.02653170761333623,369.9895324707031,99.31979569416339,0.09134340286254883,0.14208984375,4.329464
670,Louis Smith won an individual silver medal in gymnastics at the 2012 London Olympics. For what discipline?,floor exercise,0, discipline,25364,0,11,0.1669387110362258,1.1870261430740356,-0.1384809987054605,379.08795166015625,78.7323415482178,0.034112684428691864,3.697265625,3.654028
671,What animal did Reggie Perrin think of every time his Mother-in-law was mentioned?,Reggie Perrin thought of a cat every time his mother-in-law was mentioned,0, mentioned,9733,0,10,0.06405986731255266,1.0246996879577637,-0.09920463433838078,371.38616943359375,110.11678818200564,0.056392185389995575,2.6171875,6.802483
672,Which former prime minister appeared on the Morecambe and Wise Christmas Special in 1978?,harry westminster,0,8,23,1,1,0.00015137952822240943,0.9617469906806946,-0.4643944625281149,374.8687744140625,99.78593590118805,0.07644321024417877,1.771484375,5.6712074
673,"Where does the infamous ""Streif"" downhill ski race take place?","The St. Moritz race is the most famous of the ""Stre",0, place,1992,0,6,0.01311078348778433,1.1221718788146973,-0.29547664942872265,361.3282775878906,91.8519063398771,0.04055800288915634,0.0021514892578125,5.4314437
674,What song was a hit for Tom Jones and Cerys Matthews in 1999?,i'm loving it,0,9,24,1,1,0.00015796124684077506,0.9537014961242676,-0.4911801463078245,352.4213562011719,96.91297396607266,0.09598476439714432,1.75390625,7.3351398
675,How many lines are there in a sonnet?,14 lines,1,net,4711,1,3,0.031006476411120473,1.2779747247695923,-0.08286753088675747,358.32379150390625,63.64339932849897,0.043702881783246994,0.0048828125,3.7047577
676,What is the American version of Strictly Come Dancing called?,"Strictly Come Dancing is a British television dance competition show, which was first",0, called,2598,0,7,0.0170993049705139,1.0582423210144043,-0.38455769444326915,333.1567687988281,106.27470857763147,0.08260643482208252,2.275390625,4.592534
677,What is the lightest metal under standard conditions?,"The lightest metal is lithium, with a density of 0.5",1, conditions,4682,0,11,0.03081560657118787,1.0811407566070557,-0.35713560519721543,341.30084228515625,73.01167265064625,0.0791475847363472,0.50732421875,4.5621753
678,What artist designed the logo for Chupa Chups lollipops?,"The logo was designed by the artist and designer, Eduardo Paolozzi",0,ops,3721,1,3,0.0244905749789385,1.254888892173767,-0.23121666666471752,381.2762451171875,104.50576073431168,0.009387890808284283,0.0007505416870117188,6.357822
679,"What is being built in the Olympic Park, that will be the world's longest and tallest of its kind?","The Olympic Park is being built in Stratford, east London, and will",0, kind,3093,0,5,0.020357255686604885,1.1855876445770264,-0.18224916354439546,396.8990783691406,93.79895558848023,0.03841361403465271,0.39794921875,4.331113
680,In the 'Jungle Book' what type of creature was 'Bagheera'?,tiger,0,era,2416,1,3,0.015901432181971355,1.258231282234192,-0.05915542254890083,516.14404296875,375.12015890974516,0.01619548723101616,0.007740020751953125,5.2195373
681,What was the first Beatles film?,"The Beatles' first film was a 1964 documentary, A",0, film,4531,0,5,0.02982176705981466,1.0787103176116943,-0.2514357474801372,390.70184326171875,80.07188251386893,0.054575592279434204,4.09375,4.0672874
682,What was the name of the Liverpool nightclub where the Beatles regularly played?,"The Beatles' first single, ""Love Me Do"", was released in October",0, played,6342,0,7,0.04174125947767481,1.0781066417694092,-0.1245336925409859,384.5916442871094,60.477618680704126,0.04219121113419533,1.4208984375,5.111866
683,How many US states are prefixed by the word New?,13,0, New,1532,0,4,0.010083192923336141,1.0251067876815796,-0.3475783962004422,377.6636047363281,120.3579978008228,0.059827256947755814,3.94921875,2.8933232
684,"Although he never won an Oscar for best director, one of Hitchcock's films did win an Oscar for best picture. What was the film?",the trouble with richard is that he's rich,0, film,4531,0,5,0.02982176705981466,1.0787103176116943,-0.2514357474801372,405.5231018066406,88.8390895006579,0.03566550835967064,1.70703125,4.5140843
685,In which New York borough would you find Hell’s Kitchen?,hell's kitchen,0, Kitchen,19354,0,8,0.12738258213984835,1.0350828170776367,-0.13122031500417686,318.1549072265625,73.96390576718996,0.06562530994415283,0.0275726318359375,3.332279
686,Which airline is nicknamed ‘The Flying Kangaroo’?,qantas,1,aroo,75765,1,4,0.49866391112047176,1.3640915155410767,0.10468199304279935,379.0758056640625,226.79995661633964,0.00748688168823719,0.0252227783203125,3.8233473
687,Which cartoon character had the maiden name ‘Slaghoople’?,gumball,0,ople,1164,1,4,0.0076611204717775905,1.361067533493042,0.07899979148217762,438.154052734375,271.22775172873827,-0.003589419648051262,0.00885009765625,6.6888394
688,‘Think Different’ is an advertising slogan for which company?,apple,0, company,2813,0,8,0.01851437447346251,1.0547760725021362,-0.3862477089227001,368.77032470703125,90.85313829821675,0.05445363372564316,0.9833984375,0.66766715
689,Which ‘A’ is a calculating frame with sliding balls on wires?,abacus,1, wires,35008,0,6,0.23041280539174389,1.1388858556747437,-0.1022714607556714,404.0503845214844,76.30369703578168,0.0459122508764267,4.734375,4.6239376
690,The rowan tree is also known as the Mountain ‘what’?,mountain ash,1,what,12555,1,4,0.08263347725358046,0.9264620542526245,-0.4094208525911194,414.6315612792969,240.99062914326035,0.06326659768819809,5.44140625,5.0601597
691,Which ‘A’ means in the open air?,The ‘A’ in the open air means that the activity is suitable for,0, air,3720,0,4,0.024483993260320136,1.1387240886688232,-0.3269493263215648,431.83038330078125,137.43623745538488,0.07243110984563828,5.37890625,6.6247296
692,Buenos Aires is the capital of which South American country?,argentina,1, country,3146,0,8,0.020706086773378266,1.0923386812210083,-0.3030304391359464,340.4178161621094,88.06444309376514,0.05284444987773895,0.05291748046875,2.0639808
693,Apiculture is the raising and care of which creatures?,"Apiculture is the raising and care of honey bees, bumblebees",1, creatures,19970,0,10,0.13143692080876157,0.9913715124130249,-0.014521893373170336,342.1579284667969,73.56127788378366,0.04017268493771553,4.39453125,4.030498
694,What is the capital of Indonesia?,jakarta,1, Indonesia,23968,0,10,0.15775063184498736,0.9888139963150024,-0.04329277058375336,339.7015075683594,87.4277999499885,0.07411342114210129,5.28125,2.7834756
695,Which vegetable was the first to be canned?,"The first canned food was a vegetable, corn, in 181",0, canned,63014,0,7,0.41474041701769165,1.1112765073776245,0.011245356365283232,382.00140380859375,73.69033441046342,0.0529438778758049,6.37890625,4.936507
696,"In computers, the X-Y Position Indicator for a Display System is now known as what?",The X-Y Position Indicator for a Display System is now known as the cursor,1, what,1128,0,5,0.007424178601516428,0.9124044179916382,-0.4575977977787331,393.6457824707031,97.22067649428418,0.07647950947284698,1.09375,4.3047748
697,The Khyber Pass is approximately how many miles long?,The Khyber Pass is approximately 50 miles (80 km,0, long,1293,0,5,0.008510162173546757,1.062430739402771,-0.3233435779541325,348.8209533691406,95.98735260681777,0.057008061558008194,0.1920166015625,3.2659152
698,"Which fruit did Nell Gwynn, mistress of King Charles II, sell in Drury Lane?",apples,0, Lane,26018,0,5,0.1712431550126369,1.1526966094970703,-0.05266861941950696,383.0887756347656,75.26277103570354,0.048964980989694595,0.01248931884765625,4.7866764
699,The town of Tobermory is on which Scottish island?,isle of muck,0, island,12922,0,7,0.08504896798652065,1.133945345878601,-0.14302031099594226,342.57904052734375,72.02536801283017,0.07450056821107864,0.2283935546875,4.567344
700,"In the novel ‘Wuthering Heights’ by Emily Bronte, Catherine’s father found Heathcliffe on the streets of which English city?",liverpool,1, city,3283,0,5,0.021607782224094357,1.0206034183502197,-0.3387700771193165,342.8418273925781,86.23756260992027,0.0736575722694397,0.44873046875,3.1146576
701,Which Asian country hosted its first Formula One Grand Prix motor race in October 2010?,india,0,0,15,1,1,9.872577927548442e-05,0.9974440932273865,-0.545924107382235,368.718505859375,98.84724067192236,0.10848602652549744,1.4345703125,4.3401556
702,"In UK currency, how many sides does a twenty pence piece have?",2,0, have,614,0,5,0.004041175231676495,0.8557854294776917,-0.7663588675564985,331.6633605957031,86.08859405033044,0.07732737809419632,0.19970703125,2.9953842
703,"In humans, otalgia, is the medical term for what?","The term otalgia is used to describe pain in the ear, and",1, what,1128,0,5,0.007424178601516428,0.9124044179916382,-0.4575977977787331,424.90234375,125.91307728561657,0.08922959864139557,1.2880859375,4.2324867
704,"British MP, Diane Abbott, learned to play which musical instrument in the tv series ‘Play It Again’?",piano,1, Again,13759,0,6,0.09055786647009267,1.085740327835083,-0.06290479596765541,335.4217529296875,71.3142946914071,0.03783870488405228,0.1671142578125,2.9224007
705,Cristina Fernandez de Kirchner became President of which South American country in December 2007?,argentina,1,7,22,1,1,0.0001447978096040438,0.9536826014518738,-0.50751436775009,391.3758544921875,104.08189181909654,0.10377755761146545,0.01477813720703125,0.9911694
706,"In Greek mythology, what was the name of the nymph who fell in love with Narcissus, but who was said to have pined away when her love was not returned, leaving only her voice?",Echo,1, voice,7743,0,6,0.05096224726200505,1.1340192556381226,0.0128765194896312,415.54852294921875,93.41720465561968,0.031411100178956985,6.31640625,2.0020835
707,The Marquesas Islands lie in which ocean?,the Pacific Ocean,1, ocean,17951,0,6,0.11814843091828138,1.036584496498108,-0.158013940401049,369.7658996582031,62.95754275635609,0.05695128068327904,0.5693359375,3.5884774
708,Keflavik is the main international airport of which country?,iceland,1, country,3146,0,8,0.020706086773378266,1.0923386812210083,-0.3030304391359464,360.4008483886719,84.27842464247745,0.046423833817243576,0.440185546875,1.2024139
709,Which British artist’s works include ‘The First Real Target’?,john voelcker,0, Target,13483,0,7,0.08874131213142376,1.1279568672180176,-0.1620420194710981,502.4040222167969,159.5090323470169,0.02651650458574295,9.96875,6.5413465
710,Which King of England sold Dunkirk to Louis XIV of France?,"In 1662, the Treaty of Dover was signed between Charles",0, France,9625,0,7,0.06334904170176917,1.0147902965545654,-0.05984466088663565,411.0738220214844,101.34523044392233,0.06371431052684784,0.0010280609130859375,5.0075946
711,What was the middle name of US actor James Dean?,james dean,0, Dean,24061,0,5,0.15836273167649537,1.0642616748809814,0.05586632369033584,372.9612731933594,117.05477791041636,0.041375529021024704,3.16796875,5.06415
712,Which French author wrote the fairy tales ‘Little Red Riding Hood’ ‘Sleeping Beauty’ and ‘Puss in Boots’?,the brothers gilbert and auguste,0, Boots,45468,0,6,0.2992575821398484,1.2090193033218384,-0.09313827425907117,528.5562133789062,482.06519993260906,-0.016754571348428726,0.004878997802734375,4.7369003
713,Author J.R.R. Tolkien was born in which country?,england,0, country,3146,0,8,0.020706086773378266,1.0923386812210083,-0.3030304391359464,305.18353271484375,78.98656952451987,0.03189559653401375,1.41015625,3.0343192
714,The pilgrim route to Santiago de Compostela in Northern Spain is known as the ‘Way’ of which saint?,patrick,0, saint,35859,0,6,0.23601384793597305,1.0747352838516235,0.06899376833125714,368.41998291015625,88.73918949720422,0.06791562587022781,1.0107421875,4.7297335
715,Peter O’Sullevan was a BBC commentator for which sport?,cricket,0, sport,10552,0,6,0.0694502948609941,1.1629620790481567,-0.17357193736969734,390.3135681152344,66.67117142587743,0.05367549881339073,1.021484375,3.833968
716,Who was the first Hanover King of England?,"George I was the first Hanoverian king of England, and the first",1, England,9448,0,8,0.06218407750631845,1.0466564893722534,-0.03796081501771997,399.58673095703125,93.12670519975664,0.05170780047774315,1.107421875,3.802451
717,Which group released an album in 1986 entitled ‘The Queen is Dead’?,the cure,0, Dead,15021,0,5,0.09886399536647009,1.2256989479064941,0.054040829519621525,477.4703063964844,381.2290781775575,0.046983927488327026,0.07281494140625,4.8000007
718,Which British Prime Minister said of Downing Street ‘One of the most precious jewels in the national heritage’?,edward viii,0, heritage,27848,0,9,0.183287700084246,1.0603456497192383,-0.15775295857482652,486.08319091796875,210.57749651344045,-0.00483341421931982,3.0625,5.7832274
719,Antigonus is a character in which Shakespeare play?,antony and cleopatra,0, play,1486,0,5,0.009780433866891322,1.1224898099899292,-0.3447346038644308,336.40673828125,84.81261561798442,0.06485497206449509,0.35595703125,5.4425488
720,Which British monarch famously said ‘I don’t wish to open windows into men’s souls’?,queen victoria,0, souls,34726,0,6,0.22855676074136477,1.133931279182434,0.015362238793864336,470.9888000488281,217.5524100158394,0.007009012624621391,0.65283203125,3.9858866
721,Which bodily fluid is collected in a lachrymatory?,The lachrymatory fluid is collected in the lacrimal sac,0,atory,5269,1,5,0.03467907540016849,1.3034085035324097,-0.012989656254860815,349.8388671875,90.17628125129339,0.03500913828611374,2.498046875,4.573245
722,Which British singer played Jareth the Goblin King in the 1986 film ‘Labyrinth’?,david bowie,1,abyrinth,61530,1,8,0.40497314658803707,1.2320163249969482,0.16757329961590406,456.1336975097656,357.89806246028434,-0.003997486084699631,0.000732421875,3.181323
723,Golfer Ernie Els was born in which country?,south africa,1, country,3146,0,8,0.020706086773378266,1.0923386812210083,-0.3030304391359464,351.14642333984375,95.10217777968165,0.03458661958575249,1.09765625,2.2075531
724,Aconcagua is the highest mountain in which mountain range?,Andes,1, range,2088,0,6,0.01374262847514743,1.152984619140625,-0.32177119254397546,334.88397216796875,73.33274928531598,0.06480175256729126,0.04412841796875,3.2423856
725,The 1987 film ‘Cry Freedom’ is a biographical drama about which South African civil rights leader?,stewart biko,0, leader,7653,0,7,0.05036989258635215,1.0849231481552124,-0.2806800314064697,360.77288818359375,91.3400870939262,0.056301556527614594,2.693359375,2.4772835
726,Which British actress played Valerie in the 1997 film ‘Nil By Mouth’?,jennifer leigh,0, Mouth,65155,0,6,0.42883187657961247,1.2060989141464233,0.025197910495180054,480.9170837402344,369.76836224550516,-0.001966194249689579,0.01428985595703125,6.054338
727,"What was the name of the Brazilian player who won the Women’s Singles Finals at Wimbledon in 1959, 1960 and 1964?",maria de los angeles carvalho,0,4,19,1,1,0.0001250526537489469,1.0074414014816284,-0.5086120047617011,372.0111389160156,97.48707970077223,0.09669690579175949,2.5703125,6.7075605
728,"Apart from English, what is the official language of Canada?",The official languages of Canada are English and French.,1, Canada,6864,0,7,0.04517691659646167,0.990178644657135,-0.21587758143202151,320.8831481933594,94.58363011577849,0.08545640856027603,3.884765625,3.78253
729,What is the name of the steam locomotive which set the world speed record in July 1938 by reaching 126 mph on the East Coast Mainline  in England?,express,0, England,9448,0,8,0.06218407750631845,1.0466564893722534,-0.03796081501771997,393.04901123046875,113.03937861319888,0.05939134955406189,1.80859375,6.2749314
730,Singer and musician Bono called which venue ‘Rock and roll’s great cathedral’?,gare de lyon,0, cathedral,79150,0,10,0.5209430286436394,1.0401495695114136,-0.003629753663843438,438.23675537109375,201.37905536216408,0.040033526718616486,0.71875,6.0792885
731,What type of creature is a bufflehead?,The bufflehead is a small diving duck.,1,head,1983,1,4,0.01305154802021904,1.2526154518127441,-0.049520617214060536,378.3179016113281,99.52378100648362,0.053242720663547516,0.56787109375,4.0434093
732,The 1950’s Mau Mau uprising was against the British occupation of which country?,kenya,1, country,3146,0,8,0.020706086773378266,1.0923386812210083,-0.3030304391359464,352.5969543457031,98.68729200804701,0.036596234887838364,0.96435546875,0.5562032
733,What is a positively charged ion called?,A positively charged ion is called a cation.,1, called,2598,0,7,0.0170993049705139,1.0582423210144043,-0.38455769444326915,332.2350769042969,84.97983651005524,0.09329027682542801,0.63720703125,4.015476
734,Which 5th/6th Century Buddhist monk is described in Chinese texts as ‘The Blue-Eyed Barbarian’?,gautama,0,ian,1103,1,3,0.007259635636057287,1.2340848445892334,-0.23741163149155486,513.4456176757812,212.2685689033151,0.03612634912133217,0.0038928985595703125,6.2998967
735,In which part of the human body is the limbic system?,The limbic system is a group of structures in the brain that are involved,1, system,1849,0,7,0.012169597725358045,1.0426647663116455,-0.48853975556680806,418.5190734863281,111.72892011931262,0.06776842474937439,0.0245513916015625,2.9311664
736,Which year saw the only hijacking of a British commercial flight?,1986,0, flight,10971,0,7,0.0722080349620893,1.126033067703247,-0.13155051050282962,362.72149658203125,63.73426348487631,0.06244123727083206,3.384765625,2.2152283
737,What was the name of the Cunard ocean liner which was launched on 20th September 1906?,queen mary,0,6,21,1,1,0.00013821609098567817,0.9683542847633362,-0.49224772586111687,418.90753173828125,97.55682134758875,0.08845357596874237,1.9755859375,5.44024
738,Which European city had the world’s first birth control clinic?,The first birth control clinic in the world was opened in 185,0, clinic,27813,0,7,0.1830573399326032,1.0725595951080322,0.0597241721811721,379.19927978515625,78.67885202328421,0.05500813201069832,0.1651611328125,5.8600044
739,In which James Bond film does actress Jane Seymour play Solitaire?,goldeneye,0,itaire,59124,1,6,0.38913753159224934,1.3430083990097046,0.06103187073099914,496.94964599609375,156.96738733561455,0.020336497575044632,0.5361328125,4.8585386
740,What type of creature is a tanager?,The tanager is a small to medium-sized passerine bird of the family,1,anager,8184,1,6,0.053864785172704294,1.260097622871399,0.2325665439486877,368.3946533203125,90.40761222514625,0.012926934286952019,5.53515625,4.536604
741,"In ‘Follow That Camel’, the fourteenth Carry On film, Sid James was replaced by which US actor?",Jack Lord,0, actor,12089,0,6,0.07956639637742208,1.086487054824829,-0.01105727172818538,424.7294616699219,88.52072570200876,0.06253468990325928,0.69189453125,6.398078
742,"A mahout is a person who works, tends and rides which animal?",elephant,1, animal,9864,0,7,0.06492207245155855,1.0976473093032837,-0.008605629760777056,368.6069641113281,63.26819659965139,0.06710224598646164,0.54833984375,0.6136942
743,How many medals did the United States win at the 2010 Winter Olympics?,19,0, Olympics,31963,0,9,0.21037147219882055,1.0577998161315918,-0.11858288456241661,355.6554870605469,67.96239436728578,0.05750676244497299,0.0902099609375,2.7266314
744,‘The Weeping Woman’ is the work of which artist?,picasso,1, artist,10049,0,7,0.06613969039595619,1.0731632709503174,-0.20016103571744415,409.5791015625,94.22590230199083,0.048907097429037094,1.142578125,3.1339703
745,The Koppen System is a classification system for what?,The Koppen system is a classification system for climates.,1, what,1128,0,5,0.007424178601516428,0.9124044179916382,-0.4575977977787331,364.8226318359375,103.94524274122719,0.06193657964468002,3.7578125,3.1470833
746,"In humans, a hemispherectomy is the removal of half of the what?","In humans, a hemispherectomy is the removal of half of the",0, what,1128,0,5,0.007424178601516428,0.9124044179916382,-0.4575977977787331,335.1855773925781,100.75231888119595,0.0766637921333313,10.1875,3.6765547
747,"In Greek mythology, Tiresias disclosed the crimes of who?","In Greek mythology, Tiresias disclosed the crimes of Zeus and Hera.",0, who,879,0,4,0.005785330665543387,1.046358585357666,-0.46369827250751916,357.4523010253906,89.75206795843707,0.11620079725980759,4.57421875,4.770853
748,The United Nations University is based in which Asian city?,kyoto,0, city,3283,0,5,0.021607782224094357,1.0206034183502197,-0.3387700771193165,340.7955017089844,68.35041829710052,0.0793633982539177,0.64306640625,4.3180456
749,What is the name of the iron hook which is attached to the pole used by fisherman to land a heavy fish?,gaff,1, fish,7640,0,5,0.0502843302443134,1.0788778066635132,-0.02208282415851537,376.0717468261719,82.8743420916128,0.04732547327876091,0.8125,4.8049927
750,Which English singer/songwriter/musician wrote the Tremeloes hit ‘Here Comes My Baby’ at the age of eighteen?,johnny rzeznik,0, eighteen,62034,0,9,0.40829033277169335,1.0390413999557495,-0.1254570546423892,404.54119873046875,112.89431847717294,0.035425279289484024,4.88671875,5.940947
751,Mearth was the name of the child of which US tv characters?,mrs. mearth,0, characters,5766,0,11,0.03795018955349621,1.1024224758148193,-0.20126211549132167,402.4298400878906,97.35933795502879,0.04936334118247032,7.1796875,6.7615404
752,In which state of the US is it illegal to mis-pronounce the name of the state?,oklahoma,0, state,1584,0,6,0.010425442291491154,1.1069903373718262,-0.34977532061081096,389.4486999511719,76.51313982752671,0.03275460749864578,0.8212890625,5.432662
753,The Strawberry Museum in the town of Wepion is in which country?,france,0, country,3146,0,8,0.020706086773378266,1.0923386812210083,-0.3030304391359464,346.07177734375,95.27901052311505,0.042428601533174515,0.9169921875,4.6961684
754,The Hotel Matignon is the official residence of the Prime Minister of which European country?,france,1, country,3146,0,8,0.020706086773378266,1.0923386812210083,-0.3030304391359464,330.4200439453125,89.4375265466433,0.04742810130119324,0.11883544921875,0.70002264
755,Which British politician became Member of Parliament for Epping in October 1924?,john bennett,0,4,19,1,1,0.0001250526537489469,1.0074414014816284,-0.5086120047617011,379.4259948730469,102.73832594440157,0.08110907673835754,1.7724609375,6.0945897
756,‘The Crafty Cockney’ was the nickname of which British darts player?,dave hughes,0, player,2781,0,7,0.01830375947767481,1.0908657312393188,-0.050303519074836434,410.74127197265625,95.3839265323417,0.06581961363554001,0.1448974609375,5.897637
757,Which famous jewellers makes the Super Bowl Trophy?,"The trophy is made by Tiffany & Co. of New York City, New",1, Trophy,55104,0,7,0.36267902274641955,1.1977914571762085,0.0830481904762177,413.7054443359375,81.6130906452984,0.06261689215898514,5.40234375,6.225232
758,"Bedloe’s Island in New York Harbour, is the former name of which island?",liberty island,1, island,12922,0,7,0.08504896798652065,1.133945345878601,-0.14302031099594226,419.3458557128906,67.76072580850706,0.07455170154571533,0.91455078125,3.4247923
759,What is the name of the Jewish spring festival which celebrates the exodus of the Israelites from Egypt?,Passover,1, Egypt,14867,0,6,0.09785041069924179,1.0367991924285889,0.019593776784145422,395.3714294433594,107.47764866315399,0.040821634232997894,0.324951171875,2.4117248
760,Sadler’s Wells Ballet and the Vic-Wells Ballet were the previous names of which British ballet company?,royal ballet,1, company,2813,0,8,0.01851437447346251,1.0547760725021362,-0.3862477089227001,410.05029296875,80.10790522995606,0.06977808475494385,0.052825927734375,3.4460535
761,The roller coaster ride called Rita is located at which English theme park?,alton towers,1, park,6118,0,5,0.04026695450716091,1.1641827821731567,-0.13787408181890148,401.0379943847656,84.89923582081917,0.059437304735183716,0.00629425048828125,6.56055
762,Which is the first written single word number in which the letter ‘A’ appears?,one,0, appears,7952,0,8,0.05233782645324347,0.9458155632019043,-0.1950871042139628,449.8113098144531,93.78887071099001,0.0706639215350151,2.0390625,4.4151855
763,In which year did Margaret Thatcher become British Prime Minister?,1979,1, Minister,9486,0,9,0.062434182813816345,1.051050066947937,0.06469334240919844,343.80517578125,91.71620744092306,0.021078046411275864,0.00321197509765625,1.3393811
764,"In January 1957, Russell Endean became the first batsman to be dismissed from a test cricket match for doing what?",hitting the ball with his head,0, what,1128,0,5,0.007424178601516428,0.9124044179916382,-0.4575977977787331,365.64471435546875,80.23905469927838,0.0837213546037674,0.1134033203125,6.6193666
765,What type of animal is a dik-dik?,"The dik-dik is a small antelope, about 45 cm",1,ik,1579,1,2,0.010392533698399327,1.148875117301941,0.0096572485383839,343.3333740234375,81.13886994630283,0.049892228096723557,0.0003116130828857422,4.0943537
766,"Isoprene, Butyl and Nitrile are all types of which substance?",rubber,1, substance,19699,0,10,0.1296532750631845,1.1492462158203125,0.12635246715621795,361.18603515625,74.84991757676542,0.06246595084667206,2.900390625,4.823437
767,Taka is the basic monetary unit of which country?,thailand,0, country,3146,0,8,0.020706086773378266,1.0923386812210083,-0.3030304391359464,322.6584777832031,73.8033273621616,0.04978078603744507,0.420166015625,4.2025185
768,Who does Emilio Estevez play in the 1988 film ‘Young Guns’?,emilio estevez,0, Guns,59465,0,5,0.39138189764111203,1.1827888488769531,-0.10064259423331645,422.3047790527344,264.0919402369164,0.01174034271389246,0.1751708984375,6.172336
769,Which Mediterranean island gained independence in 1959 under the presidency of Archbishop Makarios?,cyprus,1,arios,10100,1,5,0.06647535804549284,1.2744182348251343,0.014842051639470721,377.60467529296875,123.19931377670872,0.012028597295284271,0.0032863616943359375,3.6735775
770,"In medicine, chromotopsia is the term for abnormally coloured what?","In medicine, chromotopsia is the term for abnormally coloured vision",1, what,1128,0,5,0.007424178601516428,0.9124044179916382,-0.4575977977787331,340.003173828125,80.01119143007037,0.06805792450904846,5.6875,5.0542445
771,Wanlockhead is the highest village in which European country?,scotland,1, country,3146,0,8,0.020706086773378266,1.0923386812210083,-0.3030304391359464,345.27252197265625,89.01584749730112,0.05206461623311043,0.06414794921875,1.8973858
772,Which European country hosted the 1956 Winter Olympic Games?,switzerland,0, Games,11610,0,6,0.07641375315922494,1.09450101852417,-0.05577926937654798,334.0352478027344,63.08604958167135,0.07015398889780045,0.01593017578125,4.5591407
773,‘Lofsongur’ is the national anthem of which country?,iceland,1, country,3146,0,8,0.020706086773378266,1.0923386812210083,-0.3030304391359464,382.2442626953125,93.79335841722578,0.04435141384601593,0.54443359375,1.1020817
774,"In Roman mythology, what was the name of the brother slain by Romulus?",The story of Romulus and Remus is a mythological account of the,1,ulus,19425,1,4,0.1278498841617523,1.3014978170394897,0.2995033999374117,348.59234619140625,85.48161346178053,0.030187930911779404,0.0001385211944580078,5.555977
775,"In 1951, which European country saw the abdication of King Leopold lll in favour of his son Baudouin?",belgium,1,in,258,1,2,0.0016980834035383318,1.120869517326355,0.03101989377613057,449.9096374511719,135.0180903229436,0.08053189516067505,0.011871337890625,1.5049405
776,In medicine the MMR vaccination gives protection against which diseases?,"measles, mumps and rubella",1, diseases,18808,0,9,0.12378896377422073,0.9761418700218201,-0.22763588031522675,348.8677062988281,90.03585223773032,0.050468675792217255,1.65625,3.2405543
777,A saluki is which type of animal?,"The saluki is a breed of dog, a sighthound, and",1, animal,9864,0,7,0.06492207245155855,1.0976473093032837,-0.008605629760777056,381.6168212890625,80.35975237970716,0.04781176894903183,2.46875,4.599339
778,"What disease was Robert the Bruce, King of Scotland, said to have died of in 1329?",leprosy,1,9,24,1,1,0.00015796124684077506,0.9537014961242676,-0.4911801463078245,390.9407958984375,107.69639456285864,0.0990900993347168,0.00424957275390625,5.4254665
779,‘Divine Wind’ is the English translation of which Japanese word?,kamikaze,1, word,3409,0,5,0.022437078770008424,1.1667613983154297,-0.20917978610195487,432.86968994140625,94.92515772697354,0.0599706694483757,1.22265625,2.1810446
780,Which Flemish Baroque painter’s Antwerp home is now a museum?,belvedere,0, museum,23971,0,7,0.15777037700084245,1.0576472282409668,-0.22735516438178172,437.9579772949219,82.69346862387515,0.07681968808174133,0.1805419921875,5.9442296
781,"In medicine, epiphora affects which part of the human body?",Epiphora is the medical term for excessive tearing of the eyes.,1, body,2487,0,5,0.016368734203875315,1.152815580368042,-0.3096367427382942,323.644287109375,63.24057181967713,0.03389710187911987,0.2359619140625,3.9977405
782,What nationality was 19th Century author Hans Christian Anderson?,Danish,1, Anderson,20642,0,9,0.13585983572030327,1.0841091871261597,0.03330253694676788,398.20574951171875,113.72576395139585,0.048009488731622696,2.51953125,2.630665
783,Umberto ll was the last king of which European country?,1946,0, country,3146,0,8,0.020706086773378266,1.0923386812210083,-0.3030304391359464,378.8663024902344,95.79035876584396,0.04970918595790863,0.34375,4.808306
784,Which US singing duo started out under the names Caesar and Cleo?,the Jackson 5,0,o,78,1,1,0.0005133740522325189,1.288561224937439,1.7027132938075002,474.6742248535156,141.66617515854267,0.04403752088546753,0.350830078125,6.6329937
785,"Fidel Castro, former President of Cuba, ordered which board game to be destroyed when he took power?",monopoly,1, power,2355,0,6,0.015499947346251054,1.1190073490142822,-0.2321920722247688,397.55572509765625,107.28307165416841,0.056913815438747406,0.70947265625,5.4999003
786,Which creature features on the label of a Bacardi rum bottle?,rum,0, bottle,16486,0,7,0.10850621314237574,1.117267370223999,0.1196687705517645,376.2490234375,77.56665486576948,0.09117010980844498,1.0537109375,6.2140193
787,"According to the Bible, who was the only apostle to witness the crucifixion of Jesus?",The only apostle to witness the crucifixion of Jesus was John the,1, Jesus,10588,0,6,0.06968723673125526,0.9891906976699829,-0.05842749272090941,337.8327941894531,93.68907113942271,0.09238151460886002,0.0228729248046875,5.3813124
788,"Who played the role of Caligula in the 1976 UK tv series ‘I, Claudius’?",peter cattaneo,0,ius,9156,1,3,0.06026221566975569,1.2789642810821533,-0.06190397090203703,428.3413391113281,299.77113061070173,-0.004440011456608772,3.695487976074219e-05,6.024845
789,What colour is the cross on the national flag of Denmark?,white,1, Denmark,34340,0,8,0.22601621735467564,1.036704421043396,0.09358197320253048,326.3865966796875,88.11848234653955,0.0731286108493805,4.36328125,3.2754102
790,Who wrote the 1963 novel ‘The Spy Who Came in From the Cold’?,john le carre,1, Cold,23185,0,5,0.15259714616680708,1.205954909324646,0.12049549100606294,475.57061767578125,407.20083929066163,0.027396822348237038,0.0085601806640625,2.79619
791,"Composite, Shield and Cinder Cone are all types of what?",volcano,1, what,1128,0,5,0.007424178601516428,0.9124044179916382,-0.4575977977787331,479.6229553222656,136.78524641366698,0.0811607837677002,1.1845703125,2.6413295
792,Mouldwarp is an old name for which creature?,mole,1, creature,17218,0,9,0.11332403117101937,1.0528570413589478,0.147791415973753,383.0556335449219,83.04270075760962,0.052221618592739105,2.712890625,4.335527
793,What is the name of Humphrey Bogart’s character in the film ‘Casablanca’?,ryan,0,ca,924,1,2,0.00608150800336984,1.1882870197296143,-0.11750583656440527,464.6554870605469,404.4270007145319,0.023623112589120865,0.00014638900756835938,4.569974
794,What is the US state capital of Louisiana?,The capital of Louisiana is Baton Rouge.,1, Louisiana,28874,0,10,0.19004054338668913,1.010787010192871,-0.03533456578589789,368.67681884765625,91.10152174263119,0.0731276422739029,4.02734375,4.2845855
795,What is the title of the 1996 Oscar-winning documentary about the Muhammad Ali and George Foreman 1974 ‘Rumble in the Jungle’ fight in Zaire?,jungle,0,aire,11998,1,4,0.0789674599831508,1.3356482982635498,0.21012260172363773,371.9671630859375,96.28780021277669,0.008999389596283436,0.000713348388671875,4.987288
796,The Battle of Vimy Ridge took place in which country during World War l?,france,1, l,326,0,2,0.0021456402695871945,1.053002953529358,0.13964187664876615,325.6201477050781,124.21112329120844,0.10032427310943604,14.140625,2.4386256
797,What colour is ‘Mr Man’ Mr Strong’s hat?,red,0, hat,8896,0,4,0.05855096882898062,1.0785648822784424,-0.09232962462009908,411.73291015625,81.93886695014594,0.07011958956718445,3.93359375,4.349791
798,What are the first names of art duo Proesch and Passmore?,"Proesch and Passmore are an art duo from the United States, consisting",0,more,6384,1,4,0.04201769165964617,1.0590814352035522,0.025657562950919033,404.5755615234375,117.56382042572206,0.05352300405502319,3.748046875,6.8581743
799,What was is the name of Penelope Pitstop’s car in the children’s tv cartoon series ‘Wacky Races’?,the Wacky Wagon,0, Races,97100,0,6,0.6390848778433025,1.3078492879867554,-0.10599765782057524,470.692138671875,365.0885803482665,-0.037221793085336685,0.025299072265625,7.052728
800,The Wang River is in which Asian country?,china,0, country,3146,0,8,0.020706086773378266,1.0923386812210083,-0.3030304391359464,314.3511047363281,78.2008484000847,0.056882720440626144,0.05364990234375,5.290653
801,Which tennis player was known as the Rockhampton Rocket?,john mcenroe,0, Rocket,39218,0,7,0.25812184077506317,1.1014951467514038,-0.045386498181672064,404.59912109375,105.52996459333106,0.05084475874900818,0.78857421875,6.278286
802,The ports of Puck and Jastarnia are in which European country?,poland,1, country,3146,0,8,0.020706086773378266,1.0923386812210083,-0.3030304391359464,335.2635498046875,90.33422095842076,0.050021637231111526,0.10101318359375,4.954239
803,Which famous racehorse won Australia’s Melbourne Cup in 1930?,black caviar,0,0,15,1,1,9.872577927548442e-05,0.9974440932273865,-0.545924107382235,362.9053039550781,77.33912137043951,0.10106043517589569,2.23046875,7.282552
804,Amr Shabana from Egypt is famous for playing which sport?,football,0, sport,10552,0,6,0.0694502948609941,1.1629620790481567,-0.17357193736969734,370.86114501953125,84.35511830878339,0.06400544941425323,1.7822265625,3.8421273
805,How many pounds are in a UK (long) ton?,2240,1, ton,8766,0,4,0.05769534540859309,1.1895869970321655,-0.15463653976286373,348.63446044921875,93.16615704443052,0.03900027647614479,0.1695556640625,2.6625118
806,Cobweb is a fairy in which Shakespeare play?,The Tempest,0, play,1486,0,5,0.009780433866891322,1.1224898099899292,-0.3447346038644308,359.1759948730469,97.96344569006997,0.0649605244398117,0.344482421875,5.581795
807,Apimania is an obsession with which creatures?,apimania,0, creatures,19970,0,10,0.13143692080876157,0.9913715124130249,-0.014521893373170336,377.8594665527344,92.40282681793228,0.04481511563062668,6.6015625,4.536709
808,"In 1216, English monarch King John was said to have lost the crown jewels while crossing which body of water?",english channel,0, water,3015,0,6,0.019843881634372368,1.044288992881775,-0.3834391912648032,338.7113342285156,68.34783837338718,0.04788396507501602,0.0009822845458984375,3.921956
809,Which British playwright was killed with a hammer by his lover Keith Haliwell in 1967?,john gielgud,0,7,22,1,1,0.0001447978096040438,0.9536826014518738,-0.50751436775009,387.83685302734375,108.48450143570298,0.09583547711372375,2.197265625,5.5079403
810,What is the nickname of baseball star Jimmie Foxx?,jimmy foxx,0,xx,4146,1,2,0.027287805391743893,1.0912259817123413,0.044208653194945935,374.87811279296875,101.38100460673515,0.0411219596862793,0.0022430419921875,5.5289555
811,The Free Officers Movement was composed of young junior army officers committed to unseating the monarchy of which African country?,Egypt,1, country,3146,0,8,0.020706086773378266,1.0923386812210083,-0.3030304391359464,325.44183349609375,80.7459123273303,0.04875366389751434,0.373779296875,3.3319135
812,"In which year was the storming of the Bastille, which started the French Revolution?",1789,1, Revolution,22126,0,11,0.14562710614995789,1.155454397201538,-0.1317432458560397,300.5701599121094,88.37508772493366,0.06327931582927704,0.00887298583984375,0.96703887
813,Who was the first poet to be buried at Poet’s Corner in London’s Westminster Abbey?,john wycliffe,0, Abbey,64455,0,6,0.4242246735467565,1.1141096353530884,0.09415040171336386,334.33648681640625,101.63245800225069,0.03931078314781189,0.0019626617431640625,5.0266633
814,‘The Night of the Long Knives’ refers to which leader eliminating many of his political enemies?,hitler,1, enemies,13883,0,8,0.09137399957877,1.0398406982421875,0.024982783411268805,396.45721435546875,98.18640887361587,0.03910547122359276,1.8828125,3.652622
815,Hans Holbein the Younger was court painter to which English monarch?,henry viii,1, monarch,62754,0,8,0.4130291701769166,1.0508136749267578,-0.10076461397080516,345.5862731933594,81.98279105574869,0.04382432624697685,1.1279296875,3.6047704
816,Who was the illustrator for most of Roald Dahl’s stories for children?,Roald Dahl,0, children,2841,0,9,0.018698662594776747,1.011590600013733,-0.2793825750722063,390.6826477050781,107.19711346663127,0.0595906563103199,0.29248046875,4.8746448
817,The 1958 film ‘Gigi’ was based on the novel by which French author?,marguerite duras,0, author,3150,0,7,0.02073241364785173,1.1403963565826416,-0.1770499757536106,405.81060791015625,93.64795774822792,0.05747547745704651,0.78564453125,4.0797415
818,‘Back to Bedlam’ was the debut album for which British singer?,the beatles,0, singer,22757,0,7,0.14978017059814658,1.0356261730194092,-0.10587905782288365,465.9798889160156,134.91938979466732,0.0720602422952652,3.287109375,6.6770005
819,Which US gangster was released from Alcatraz prison in November 1939?,john dillinger,0,9,24,1,1,0.00015796124684077506,0.9537014961242676,-0.4911801463078245,424.9687194824219,100.09684727379529,0.07243544608354568,0.299072265625,5.431389
820,The fictional characters William Dobbin and Rawdon Crawley appear in which novel?,pride and prejudice,0, novel,11514,0,6,0.07578190817186184,1.096587896347046,-0.22828211995093284,355.7396240234375,68.19924438695608,0.06469979882240295,1.2900390625,5.2649846
821,Who does the commentary in the UK tv programme ‘Come Dine With Me’?,thea mackenzie,0, Me,2157,0,3,0.01419676705981466,1.138572335243225,-0.012546148760911091,440.4383239746094,234.69586398979115,0.03982952982187271,0.0003161430358886719,6.531585
822,Hidrosis is the medical term for which bodily function?,sweating,1, function,729,0,9,0.004798072872788542,1.0679023265838623,-0.40087160792730714,358.38226318359375,67.29292225817566,0.04242679476737976,0.52978515625,3.1003458
823,The town of Honiton in Devon is famous for producing what?,Honiton lace,1, what,1128,0,5,0.007424178601516428,0.9124044179916382,-0.4575977977787331,462.97796630859375,113.65437053963254,0.06791296601295471,1.6953125,4.9895883
824,Which two colours make up the national flag of Greenland?,green and white,0, Greenland,72678,0,10,0.4783461457455771,1.1109669208526611,0.24139591888360057,349.6014404296875,93.24143083536492,0.05959556996822357,7.5625,3.3415442
825,Which national team beat Hungary 4-2 to win the 1938 FIFA World Cup?,france,0, Cup,10861,0,4,0.07148404591406908,1.171400785446167,-0.1044474591594251,351.6668701171875,63.54653887099494,0.03447534888982773,0.0022945404052734375,4.406121
826,"Yellow-pine, Uinta and Lodgepole are all types of which animal?",squirrel,0, animal,9864,0,7,0.06492207245155855,1.0976473093032837,-0.008605629760777056,390.36334228515625,76.3207303206277,0.05217580124735832,2.22265625,5.5243664
827,Who plays Daphne in the 2002 film ‘Scooby-Doo’?,jessica st. street,0,oo,2624,1,2,0.017270429654591406,1.2047706842422485,-0.0654628917599247,392.55474853515625,139.54505367794087,0.058234311640262604,0.00010478496551513672,6.4163327
828,The Euro is divided into how many cents?,The euro is divided into 100 cents.,1, cents,30191,0,6,0.19870866680707666,1.0971163511276245,-0.09477142424619434,384.1214294433594,88.8622207703867,0.05424495413899422,2.84375,3.349646
829,In the NATO phonetic alphabet which word represents the letter ‘C’?,CHARLIE,1,C,34,1,1,0.00022377843302443133,1.1040458679199219,-0.16781826816610623,437.34649658203125,411.67655981994596,0.07864472270011902,4.98828125,4.029153
830,Which former RAF pilot wrote the novel ‘Airport’?,james bond,0,Airport,83113,1,7,0.5470263795282224,1.104438066482544,0.02247790295292429,410.79107666015625,168.1640749351909,-0.0016703205183148384,8.84375,6.1431274
831,A creance is the name of the long fine cord used in which sport?,polo,0, sport,10552,0,6,0.0694502948609941,1.1629620790481567,-0.17357193736969734,371.2045593261719,75.35121000598895,0.06747182458639145,4.03125,5.767865
832,"In the UK tv series ‘Mr Bean’, what model car does Mr Bean drive?",ferrari,0, drive,6541,0,6,0.04305102148272957,1.1916300058364868,-0.17746874085379494,401.4870910644531,88.39607348334489,0.03449922055006027,1.1279296875,5.3908334
833,Rodolfo and Mimi are the main characters in which opera by Giacomo Puccini?,madama butterfly,0,ini,6591,1,3,0.04338010741364785,1.1869858503341675,0.06864502935912942,371.47991943359375,111.1001942989217,0.022068211808800697,0.0007648468017578125,2.2283416
834,In which year did it become compulsory to wear seat belts in front seats of cars in the UK?,1983,1, UK,6424,0,3,0.04228096040438079,1.0027894973754883,-0.28927520499594417,330.07391357421875,100.00290449774334,0.0549209788441658,0.5146484375,0.7997331
835,Which country was invaded by Iraq in 1990?,iraq,0,0,15,1,1,9.872577927548442e-05,0.9974440932273865,-0.545924107382235,373.3759460449219,86.42903736311008,0.09260980784893036,0.1995849609375,4.6279583
836,The Oroville Dam is in which US state?,california,1, state,1584,0,6,0.010425442291491154,1.1069903373718262,-0.34977532061081096,298.6286926269531,76.7111527607069,0.039068229496479034,0.12384033203125,2.57951
837,What was the name of the Prime Minister of Egypt who was assassinated in 1910?,The name of the Prime Minister of Egypt who was assassinated in 1,0,0,15,1,1,9.872577927548442e-05,0.9974440932273865,-0.545924107382235,359.6330871582031,111.344649132964,0.11759860068559647,2.4609375,5.887328
838,The OK Corral is in which US town?,arizona,0, town,6290,0,5,0.041399010109519796,1.0813933610916138,-0.00877817059419117,337.3404846191406,79.61288987399995,0.07195194065570831,4.7109375,5.6024427
839,"In Greek mythology, Amphitrite, queen of the sea, was the wife of which god?",Poseidon,1, god,9886,0,4,0.06506687026116259,1.1035045385360718,-0.005554310569892085,325.3166198730469,44.97673929531411,0.07490605115890503,0.662109375,1.837832
840,On which part of the body would a mukluk be worn?,The mukluk is a type of footwear worn by the Inuit,1, worn,23704,0,5,0.15601305812973884,1.124664068222046,0.14013437786229765,346.96087646484375,66.3893791409221,0.05379989370703697,0.445556640625,4.5049076
841,Sandygate Road football and cricket stadium is in which English city?,birmingham,0, city,3283,0,5,0.021607782224094357,1.0206034183502197,-0.3387700771193165,350.0103759765625,75.27304543143971,0.06582941114902496,1.291015625,5.5907288
842,How many hundredweight are in a UK ton?,20,1, ton,8766,0,4,0.05769534540859309,1.1895869970321655,-0.15463653976286373,337.2523193359375,87.38698459973101,0.03463112562894821,0.8310546875,3.1269333
843,"Smoky, Leaf-nosed and Vesper are all species of which creature?",bat,1, creature,17218,0,9,0.11332403117101937,1.0528570413589478,0.147791415973753,372.0301818847656,87.50773471652197,0.052696362137794495,3.11328125,3.4330947
844,‘Make Them Wait’ is rhyming slang for which Bingo number?,10,0, number,1372,0,7,0.00903011794439764,1.048916220664978,-0.4874534810464044,394.5332946777344,82.36107145109003,0.06513862311840057,2.849609375,2.012955
845,How many stars are on the national flag of Liberia?,5,0, Liberia,83525,0,8,0.549738047598989,1.0910104513168335,0.10013517870664357,323.0259704589844,88.93200735420935,0.05696922913193703,6.1875,3.145036
846,What is the US state capital of Idaho?,the capital of Idaho is Boise,1, Idaho,39587,0,6,0.2605504949452401,1.0266584157943726,0.04389832768142288,364.9620361328125,92.72537824438942,0.06269623339176178,4.18359375,5.108722
847,"In the children’s tv cartoon series, who is Inspector Gadget’s arch enemy?",billy the kid,0, enemy,9175,0,6,0.060387268323504634,1.0623329877853394,0.013337136453118514,409.9770202636719,92.05333682151361,0.0537957027554512,1.927734375,6.851728
848,Astrakhan is the curly hair of which young animal?,The answer is a horse. Astrakhan is the curly hair of a,0, animal,9864,0,7,0.06492207245155855,1.0976473093032837,-0.008605629760777056,412.8650207519531,88.57150239378993,0.06405024230480194,4.5625,6.5210733
849,Nguyen Tan Dung became Prime Minister of which country in June 2006?,vietnam,1,6,21,1,1,0.00013821609098567817,0.9683542847633362,-0.49224772586111687,364.98614501953125,105.20959438433282,0.09309964627027512,0.0914306640625,2.5307963
850,Boll weevil cause damage to which crop?,boll weevil,0, crop,19097,0,5,0.12569108045492838,1.1239378452301025,0.17632404725414697,397.1130065917969,78.90351020016719,0.09011585265398026,1.2529296875,4.0725055
851,What type of creature is a Dog Face?,"The Dog Face is a fictional character in the ""The Adventures of Tint",0, Face,18596,0,5,0.12239363942712721,1.1660828590393066,-0.07315047264866026,377.0876770019531,129.3039162173919,0.021955758333206177,5.91796875,5.585986
852,Which city hosted the 1992 Summer Olympic Games?,barcelona,1, Games,11610,0,6,0.07641375315922494,1.09450101852417,-0.05577926937654798,356.70831298828125,76.83159860166508,0.07023647427558899,0.0093231201171875,4.262949
853,Steve Martin and which other actor hosted the 2010 Academy Awards?,Robert Downey Jr.,0, Awards,22658,0,7,0.14912858045492838,1.0846151113510132,-0.058339577879472415,396.0758972167969,75.10645713822112,0.06193544715642929,0.0267181396484375,6.1842203
854,"Which British monarch founded the Yeomen of the Guard, originally as a royal bodyguard?",henry viii,1,guard,26098,1,5,0.17176969250210616,1.2554736137390137,-0.26561064234891596,368.38824462890625,56.208603042082935,0.04830468073487282,0.002765655517578125,4.068104
855,Which member of the British royal family married on the 29th April 2011?,prince william,1,1,16,1,1,0.00010530749789385004,1.0931203365325928,-0.07595700257181415,390.12664794921875,105.00277620463777,0.08587297052145004,0.67236328125,4.8761363
856,Which Italian fashion designer launched the first virtual online museum in December 2011?,Gucci,0,1,16,1,1,0.00010530749789385004,1.0931203365325928,-0.07595700257181415,392.31353759765625,98.4653693617081,0.09392622113227844,2.8125,5.491704
857,"In Greek mythology, who was the first wife of Aegeus?","Theseus was the son of Aegeus, king of Athens, and",0,us,355,1,2,0.0023365101095197977,1.213323950767517,-0.07784845512752891,296.73138427734375,82.52368027193161,0.06527367979288101,0.0009045600891113281,5.167786
858,Which breed of dog is Marley in the 2008 film ‘Marley and Me’?,golden retriever,0, Me,2157,0,3,0.01419676705981466,1.138572335243225,-0.012546148760911091,427.3763427734375,314.95527209526057,0.03964051976799965,0.08929443359375,3.5843232
859,‘Giovedi’ is the Italian word for which day of the week?,thursday,1, week,2003,0,5,0.013183182392586352,1.0606658458709717,-0.3106764087675953,372.589599609375,93.00547279116034,0.055668577551841736,0.0031299591064453125,3.4308674
860,How many stars are on the national flag of New Zealand?,12,0, Zealand,16911,0,8,0.11130344355518113,1.0453219413757324,-0.2662881134804862,320.73468017578125,87.7065113033315,0.04513610899448395,0.07562255859375,2.8648922
861,Scatology is the scientific study of what?,"Scatology is the scientific study of feces, and the study of the",1, what,1128,0,5,0.007424178601516428,0.9124044179916382,-0.4575977977787331,371.82080078125,76.26241661121905,0.06535157561302185,1.8076171875,4.225174
862,La Paz is the administrative capital of which South American country?,bolivia,1, country,3146,0,8,0.020706086773378266,1.0923386812210083,-0.3030304391359464,336.80340576171875,84.36415953403908,0.054640717804431915,0.07562255859375,1.9493153
863,"In the game of Bingo, ‘Get up and run’ represents which number?",75,0, number,1372,0,7,0.00903011794439764,1.048916220664978,-0.4874534810464044,402.11285400390625,67.95340747637778,0.061566080898046494,1.9013671875,2.6959648
864,"In February 1938, Roberto M. Ortiz became President of which South American country?",uruguay,0, country,3146,0,8,0.020706086773378266,1.0923386812210083,-0.3030304391359464,386.10894775390625,94.66498483558868,0.04745505750179291,0.351806640625,4.2874904
865,Which poet wrote ‘The Lake Isle of Innisfree’?,W.B. Yeats,1,free,10593,1,4,0.06972014532434709,1.1816362142562866,-0.16435283656219957,479.88067626953125,378.505593192543,0.03830930218100548,0.0104217529296875,2.6208134
866,In September 2006 the government of Prime Minister Thaksin Shinawatra was overthrown in which Asian country?,thailand,1, country,3146,0,8,0.020706086773378266,1.0923386812210083,-0.3030304391359464,378.2594299316406,90.77919438985046,0.04165655001997948,1.37109375,2.22169
867,Who wrote the 1930’s novel ‘Tender is the Night’?,F Scott Fitzgerald,1, Night,12826,0,6,0.08441712299915755,1.116470456123352,-0.010431379432235932,497.1720886230469,390.94013492353423,0.009299490600824356,0.05816650390625,4.6282086
868,Maria Fitzherbert was ‘married’ to which British monarch?,george iii,0, monarch,62754,0,8,0.4130291701769166,1.0508136749267578,-0.10076461397080516,369.790771484375,84.83262397243168,0.0559757798910141,0.483642578125,3.3106825
869,Amarelo is Portuguese for which colour?,yellow,1, colour,12463,0,7,0.08202795914069082,1.1617271900177002,-0.1654818229196553,386.2416687011719,81.41827953673105,0.0541054867208004,1.669921875,1.5125299
870,"On a standard dartboard, which number lies opposite number 4?","On a standard dartboard, the numbers are arranged in a circular pattern with",0,4,19,1,1,0.0001250526537489469,1.0074414014816284,-0.5086120047617011,323.1805725097656,69.89931711892758,0.14177075028419495,3.78515625,3.4715736
871,Mount Chimborazo is in which South American country?,equador,1, country,3146,0,8,0.020706086773378266,1.0923386812210083,-0.3030304391359464,334.1607666015625,84.87631244262377,0.046142615377902985,0.046875,4.26324
872,What is the basic monetary unit of Israel?,The basic monetary unit of Israel is the shekel (NIS).,1, Israel,6778,0,7,0.04461088879528222,1.0227293968200684,-0.0772262071864902,324.66107177734375,87.84439360765855,0.07826971262693405,5.6484375,2.9187217
873,In which European country is Lake Ree?,lake ree,0, Ree,56821,0,4,0.3739798336141533,1.1933811902999878,0.2124483123338936,449.7010498046875,187.2360373544072,-0.025253262370824814,16.09375,5.4516993
874,Who wrote the poem ‘The Lady of the Lake’?,Sir Walter Scott,1, Lake,11678,0,5,0.0768613100252738,1.1068450212478638,-0.16886278052215742,461.61480712890625,322.7140015146786,0.0360463447868824,0.382080078125,4.7057967
875,"Henry Blake, Charles Winchester and Father Mulcahy are all characters in which US tv series?",medical central,0, series,4013,0,7,0.026412436815501265,1.1642203330993652,-0.2297426776435394,385.2476806640625,72.33563339008866,0.07288458943367004,0.464111328125,4.147933
876,‘Obey your thirst’ is the advertising slogan for which soft drink?,coca cola,0, drink,7027,0,6,0.046249736731255264,1.106799602508545,0.04217997485998071,421.80694580078125,96.32015283193552,0.08006658405065536,0.1988525390625,4.6186843
877,Selenology is the scientific study of which celestial body?,Selenology is the scientific study of the Moon.,1, body,2487,0,5,0.016368734203875315,1.152815580368042,-0.3096367427382942,316.37054443359375,58.343729812468844,0.05683664232492447,0.04931640625,4.0355678
878,‘A crutch and a duck’ is the term for which bingo number?,13,0, number,1372,0,7,0.00903011794439764,1.048916220664978,-0.4874534810464044,424.881103515625,77.07178925069991,0.05268522724509239,2.208984375,2.091512
879,"Spud, Shot and Hand are all types of what?",beer,0, what,1128,0,5,0.007424178601516428,0.9124044179916382,-0.4575977977787331,482.0672912597656,142.90389574971874,0.06938304007053375,0.337890625,7.3575525
880,"In the game ‘Metal Gear Solid’,who is the twin brother of Solid Snake?",ronin,0, Snake,39656,0,6,0.2610046335299073,1.1396424770355225,-0.13025409152839718,390.9278869628906,109.50717410914197,0.048191916197538376,0.0428466796875,6.2280836
881,What did fictional detective Sherlock Holmes keep in the toe of his Persian slipper?,magnifying glass,0,per,712,1,3,0.004686183656276327,1.229533076286316,-0.13665045943109266,368.6515197753906,83.93649010693427,0.032346319407224655,0.00012946128845214844,6.159509
882,Which creatures are used as croquet balls in the novel ‘Alice’s Adventures in Wonderland’?,rabbits,0, Wonderland,88924,0,11,0.5852727464195451,1.195208191871643,-0.11258477335205974,461.7046813964844,364.57187713659914,0.019361846148967743,0.0028362274169921875,5.730838
883,Which Spanish artist painted the series known as ‘Fantasy and Invention’ in the 18th century?,Goya,1, century,9294,0,8,0.061170492839090145,1.0545538663864136,-0.24965752293075427,350.73944091796875,99.18986236840105,0.04447466507554054,0.04412841796875,5.4508667
884,‘Mucke’ is the Serbo-Croatian name for which UK tv series?,the only way up,0, series,4013,0,7,0.026412436815501265,1.1642203330993652,-0.2297426776435394,456.5553894042969,90.96860467174099,0.06172839552164078,2.28125,7.494224
885,"Comedian, actor and director Melvin Kaminsky is better known by what name?",mel torme,0, name,829,0,5,0.005456244734625105,1.0260158777236938,-0.24743828899493092,372.69464111328125,97.88964410857196,0.05924414098262787,1.251953125,5.625969
886,The Belgian beer ‘Kriek’ is flavoured with which fruit?,cherry,1, fruit,13779,0,6,0.09068950084245998,1.0977927446365356,0.007595391649611205,370.5299072265625,56.938994532434705,0.06805448979139328,0.705078125,1.8197107
887,The Forest of Arden is in which English county?,Herefordshire,0, county,13867,0,7,0.09126869208087615,1.0548526048660278,-0.17628701673106706,335.8111572265625,69.7397658411137,0.05667833983898163,0.107177734375,5.146631
888,Louis Reard created which two-piece item of clothing in 1946?,bikini,1,6,21,1,1,0.00013821609098567817,0.9683542847633362,-0.49224772586111687,395.1954345703125,94.77116269004695,0.0834638699889183,0.3203125,3.8168805
889,What colour are the flowers of a hawkbit plant?,yellow,1, plant,6008,0,6,0.03954296545914069,1.1664000749588013,-0.08930406458491191,345.86602783203125,78.78465136717823,0.05346567928791046,2.4296875,3.616521
890,In which British city is the Jewry Wall Museum?,london,0, Museum,16328,0,7,0.10746630160067397,1.067544937133789,-0.23981142277681844,453.0172424316406,137.42559759306448,0.06171629577875137,1.96484375,5.8003297
891,What is the main ingredient of borscht soup?,"Borscht is a soup made from beets, which is a root",1, soup,19174,0,5,0.12619787278854255,1.0994386672973633,-0.15674384869054014,369.4954833984375,95.39882930169362,0.0812266618013382,2.37890625,3.8952541
892,Thanatology is the scientific study of what?,"Thanatology is the scientific study of death, dying, bereavement,",1, what,1128,0,5,0.007424178601516428,0.9124044179916382,-0.4575977977787331,347.2285461425781,88.10265092098308,0.056248739361763,2.859375,2.738068
893,Which author wrote ‘I came form Des Moines. Somebody had to.’ in their book ‘The Lost Continent’?,john steinbeck,0, Continent,97745,0,10,0.6433300863521483,1.2313346862792969,-0.017036589179935557,528.9901733398438,327.47929419551156,-0.0008595557883381844,4.94140625,6.2026997
894,Which actor succeeded Marlon Brando as head of the Corleone family in the Godfather films?,vincent lozano,0, films,12351,0,6,0.08129080665543387,1.092642068862915,-0.23041969682731533,334.65570068359375,90.34872274068087,0.041122715920209885,1.9873046875,4.9179006
895,"Brown, American Rainbow and Cutthroat are all types of which fish?",trout,1, fish,7640,0,5,0.0502843302443134,1.0788778066635132,-0.02208282415851537,398.3827209472656,94.78929510965877,0.06184150651097298,2.23828125,3.6270223
896,Who designed St Paul’s Cathedral in London?,The cathedral was designed by Sir Christopher Wren and was built between 1,1, London,7148,0,7,0.047046124684077505,0.9839199781417847,-0.21810845797756517,373.76806640625,85.44719096391653,0.07813370227813721,0.457763671875,4.5701985
897,What colour is the liqueur ‘Parfait d’Amour’?,pink,0,our,413,1,3,0.0027182497893850043,1.2086329460144043,-0.32136418510959697,503.6398010253906,334.68726686378386,0.009744981303811073,0.18701171875,4.508223
898,What is the name of the clarified butter used in Indian cookery?,ghee,1,ery,722,1,3,0.004752000842459983,1.2741025686264038,-0.02838831999620206,358.4872741699219,94.26950211946985,0.04272857680916786,0.0028972625732421875,1.9452486
899,"In the 2005 Julian Barnes novel ‘Arthur and George’, who is Arthur?",george stephenson,0, Arthur,27586,0,7,0.1815632898062342,1.0205293893814087,0.08296394147499564,430.34979248046875,55.47906356849381,0.0633833035826683,1.919921875,5.5760536
900,"In humans, epicondylitis affects which part of the body?","Epicondylitis is a common condition that affects the elbow, causing",1, body,2487,0,5,0.016368734203875315,1.152815580368042,-0.3096367427382942,320.6354675292969,52.744426649382845,0.035703688859939575,2.978515625,4.063787
901,The UEFA (Union of European Football Associations) was founded in which European country in 1954?,germany,0,4,19,1,1,0.0001250526537489469,1.0074414014816284,-0.5086120047617011,319.3764953613281,89.5677587768111,0.11055418103933334,0.027069091796875,3.5763395
902,From which 1968 film did English band Duran Duran take their name?,"the 1968 film ""The Wizard of Oz""",0, name,829,0,5,0.005456244734625105,1.0260158777236938,-0.24743828899493092,334.9048156738281,82.70171606336697,0.09047544747591019,0.06719970703125,6.1350317
903,The ‘La Scala Opera House’ is in which European city?,milan,1, city,3283,0,5,0.021607782224094357,1.0206034183502197,-0.3387700771193165,375.404296875,87.77180803124826,0.08393482863903046,0.90234375,2.0880306
904,Who is the lead singer of the English band ‘The Specials’?,ray domino,0,s,82,1,1,0.0005397009267059814,1.4137271642684937,3.400345719081372,435.9713439941406,334.24840540363806,0.07310110330581665,0.035247802734375,5.7702503
905,"Elvis Presley’s manager, Andreas Cornelis van Kujik, was better known by what name?",elvis presley,0, name,829,0,5,0.005456244734625105,1.0260158777236938,-0.24743828899493092,387.66278076171875,101.73141075852436,0.06124641001224518,0.751953125,5.21315
906,The Transandine Railway runs between which two South American countries?,the Transandine Railway runs between Chile and Argentina,1, countries,5837,0,10,0.03841749157540017,0.9623826742172241,-0.017742755097775564,342.8507995605469,76.41209738964358,0.042581379413604736,0.30029296875,4.6527433
907,"Sinology is the study of the language, history and culture of which country?",china,1, country,3146,0,8,0.020706086773378266,1.0923386812210083,-0.3030304391359464,336.3254089355469,83.50012920189727,0.03580514341592789,0.83935546875,2.3976502
908,"On the human body, a keloid is a type of what?",keloid,0, what,1128,0,5,0.007424178601516428,0.9124044179916382,-0.4575977977787331,411.06085205078125,119.75939063119314,0.07062305510044098,2.302734375,3.6074789
909,"In the British military, a bombadier is equivalent to which other rank?",bombadier,0, rank,7077,0,5,0.046578822662173544,1.1956363916397095,-0.21200502470872928,333.37615966796875,47.52329769769463,0.09368227422237396,0.484130859375,4.803879
910,What type of animal is Baloo in the novel ‘The Jungle Book’ by Rudyard Kipling?,bear,1,ing,287,1,3,0.0018889532434709351,1.3407796621322632,-0.20016234413285172,356.8238220214844,115.17702602181122,0.04315096139907837,0.0002167224884033203,3.706098
911,Tirana is the capital of which European country?,albania,1, country,3146,0,8,0.020706086773378266,1.0923386812210083,-0.3030304391359464,351.4040222167969,86.79558681495804,0.04683425650000572,0.0596923828125,1.8319991
912,"In our solar system, which is the sixth planet from the sun?",jupiter,0, sun,7015,0,4,0.04617075610783488,1.165471076965332,-0.06528659613605159,334.91766357421875,78.44008970845974,0.04852208495140076,1.212890625,2.361678
913,Composer Giacomo Puccini died leaving which opera unfinished?,madame butterfly,0, unfinished,63616,0,11,0.41870261162594774,1.1313934326171875,0.17360087856102702,375.42462158203125,110.45545906986729,0.08325701951980591,0.1383056640625,5.0762677
914,"King Louie, Akela and Ziggy are all characters in which Disney film?",The Jungle Book,1, film,4531,0,5,0.02982176705981466,1.0787103176116943,-0.2514357474801372,357.0113220214844,60.67658963600242,0.05772416293621063,1.033203125,3.8799899
915,‘Impossible is nothing’ is the motto of which sportswear company?,puma,0, company,2813,0,8,0.01851437447346251,1.0547760725021362,-0.3862477089227001,407.8741455078125,92.39077415587005,0.07099449634552002,0.671875,4.7789807
916,Who wrote the play ‘The Iceman Cometh’?,Eugene O’Neill,1,eth,769,1,3,0.005061341617523168,1.2574479579925537,0.01827097600779437,464.2658386230469,389.06908248368194,0.003632267704233527,9.059906005859375e-06,3.5366366
917,"Which children’s playground game is sometimes called ‘Fivestones’, ‘Knucklebones’ or ‘Snobs’?",marbles,0,obs,5481,1,3,0.036074399747262,1.1935985088348389,-0.06837777937534018,512.6961059570312,187.55364583706458,0.03903821483254433,6.8125,6.094394
918,Mr and Mrs Potato Head appear in which film franchise?,potato head,0, franchise,19024,0,10,0.1252106149957877,1.1047911643981934,-0.03111406860170085,393.265625,77.13064151239274,0.05935012921690941,3.630859375,5.833167
919,How many square stickers are on each face of a classic Rubik’s Cube?,"A classic Rubik’s Cube has 6 faces, each with 9",1, Cube,42592,0,5,0.2803285593934288,1.133859395980835,0.011171959897413597,319.4320068359375,56.85205818165637,0.06441420316696167,0.54931640625,2.835134
920,Who composed the ballet ‘Swan Lake’?,tchaikovsky,1, Lake,11678,0,5,0.0768613100252738,1.1068450212478638,-0.16886278052215742,469.73236083984375,320.90766182691226,0.03111128881573677,0.01151275634765625,4.9627333
921,"In 1818, British obstetrician James Blundell performed the first successful human what?",blood transfusion,1, what,1128,0,5,0.007424178601516428,0.9124044179916382,-0.4575977977787331,310.6762390136719,71.67436921271243,0.07770447432994843,13.6640625,1.9572465
922,"In cooking, 190 degrees Celsius is the equivalent to which Gas Mark?",190 degrees celsius is equivalent to gas mark 6.,0, Mark,4389,0,5,0.028887163016006738,1.121769666671753,-0.12871760276787247,418.720458984375,132.3286363363246,0.07864981889724731,0.1400146484375,1.6311444
923,What do the interior angles of a hexagon add up to in degrees?,The sum of the interior angles of a hexagon is 720,1, degrees,12348,0,8,0.08127106149957877,1.1598870754241943,-0.2542042071610058,306.3096008300781,82.19562436048061,0.0844450443983078,0.55712890625,3.0887635
924,The roe of lumpfish is used as a substitute for which delicacy?,caviar,1,acy,2757,1,3,0.018145798230834037,1.288758635520935,-0.10847419801838631,361.3893737792969,60.66487738824258,0.010276498273015022,0.013458251953125,5.2337146
925,"In Vermont, USA, there is an old law stating that it is illegal for women to wear what without their husbands written consent?",headscarf,0, consent,14433,0,8,0.0949939448188711,1.0978436470031738,0.08701585563415115,356.62567138671875,109.38367423502514,0.018660033121705055,1.84375,5.7394695
926,"In medicine, algology is the study of what?",Algology is the study of pain.,1, what,1128,0,5,0.007424178601516428,0.9124044179916382,-0.4575977977787331,347.50360107421875,91.32283209458635,0.05606134235858917,2.294921875,3.9773803
927,How many imperial gallons are in a firkin?,1 firkin = 10 imperial gallons.,0,kin,7989,1,3,0.052581350042123,1.275757908821106,-0.08105267634576396,366.6164245605469,102.22560730448106,0.017579518258571625,0.006984710693359375,3.3598278
928,The meibomian gland is found in which part of the human body?,The meibomian glands are found in the tarsal plate of,0, body,2487,0,5,0.016368734203875315,1.152815580368042,-0.3096367427382942,309.0496826171875,67.62774852376128,0.037268973886966705,1.390625,3.1400948
929,The Manuel M.Torres Dam is the largest hydro plant in which country?,Peru,0, country,3146,0,8,0.020706086773378266,1.0923386812210083,-0.3030304391359464,347.432373046875,96.76247895176192,0.04308377951383591,0.5625,4.2107396
930,Which British swimmer won Olympic Gold Medals in 2008 in the 400 and 800 m freestyle?,daley,0,estyle,37383,1,6,0.24604438711036225,1.2406188249588013,-0.09497127777246028,460.10955810546875,135.84030885630023,0.025331690907478333,0.0246429443359375,6.00572
931,"In the NATO phonetic alphabet, which word represents the letter I?",india,1, I,358,0,2,0.0023562552653748946,1.0139727592468262,-0.5345138454634322,339.1984558105469,87.63290854011977,0.10684074461460114,6.29296875,4.465319
932,"Which US author wrote ‘The Naked and the Dead’, based on his military service in World War II?",pat conner,0, II,7946,0,3,0.05229833614153328,1.001117467880249,-0.1780401907667648,370.3669738769531,102.86407400441367,0.060078881680965424,0.1512451171875,2.6050594
933,Which Brooklyn-born author had parents named Malachy and Angela?,malachy and angela,0, Angela,37143,0,7,0.2444647746419545,1.031176209449768,-0.010868363310954088,537.28662109375,218.14275991893874,0.0034074520226567984,6.6015625,6.514084
934,What is the title of the 1944 film starring Barbara Stanwyck as the wife who seduces an insurance salesman into killing her husband?,double indemnity,1, husband,9972,0,8,0.06563289806234204,1.0982705354690552,-0.1440512856342715,360.5255432128906,103.99372309910179,0.040819376707077026,0.337158203125,6.381471
935,"What is the nickname of Thierry Guetta, the French-born street-artist?",the blind side,0,artist,18622,1,6,0.12256476411120472,1.1119213104248047,-0.019939409376312334,459.7646179199219,99.35759299934048,0.04116114228963852,1.0634765625,6.875
936,Wolf Mankowitz wrote the 1953 novel ‘A Kid For Two….’what’?,Fingers,0,what,12555,1,4,0.08263347725358046,0.9264620542526245,-0.4094208525911194,500.7159423828125,111.12003409741463,0.04416809231042862,7.3359375,5.9449973
937,What is the name of a triangle which has sides unequal in length?,scalene,1, length,3084,0,7,0.020298020219039595,1.0756433010101318,-0.21404105102601667,393.01666259765625,94.35361992183655,0.06631345301866531,0.09027099609375,0.9708578
938,‘Quicksilver’ is another name for which metallic element?,mercury,1, element,2392,0,8,0.01574347093513058,1.1206815242767334,-0.21635885725007187,396.33843994140625,78.69992616008999,0.08087761700153351,0.0966796875,1.3006977
939,"What is the name of the Japanese dish of bite-sized pieces of raw fish served with dipping sauces, vegetables and wasabi?",sushi,0,abi,25084,1,3,0.1650958298230834,1.2707512378692627,0.03702032630367169,351.7575988769531,75.60516569437937,0.038026560097932816,0.00021767616271972656,0.93706733
940,Who is recognised as Britain’s first Prime Minister?,george the 1st,0, Minister,9486,0,9,0.062434182813816345,1.051050066947937,0.06469334240919844,401.76702880859375,107.25254024107124,0.041022270917892456,0.01090240478515625,4.9283147
941,"In the human body, which bone connects the humerus with the calvicle?","The humerus is the bone that connects the shoulder to the elbow, and",0,icle,2002,1,4,0.013176600673967986,1.3061225414276123,-0.17693858345498237,323.3619079589844,53.20185538129284,0.028760923072695732,2.09765625,3.6675625
942,The Cuatro Torres Business Area is in which European city?,madrid,1, city,3283,0,5,0.021607782224094357,1.0206034183502197,-0.3387700771193165,359.3861999511719,77.58821506022026,0.0714925229549408,0.927734375,4.5961556
943,The first issue of which British children’s comic was published in April 1950?,scooby doo,0,0,15,1,1,9.872577927548442e-05,0.9974440932273865,-0.545924107382235,397.9187927246094,102.31275702008266,0.0889773890376091,4.484375,6.6832
944,"The 1951 ‘Treaty of Peace With Japan’ which served to officially end World War II, is commonly known as what?",peace treaty,0, what,1128,0,5,0.007424178601516428,0.9124044179916382,-0.4575977977787331,399.7115478515625,106.57922357435423,0.07916217297315598,1.462890625,3.9721174
945,The Tumut Hydroelectric Power Station is in which Australian state?,New South Wales,1, state,1584,0,6,0.010425442291491154,1.1069903373718262,-0.34977532061081096,314.10711669921875,77.35481941712295,0.051581971347332,0.16796875,3.4754825
946,Who always holds the title of the Supreme Governor of the Church of England?,"The monarch is the Supreme Governor of the Church of England, and the established",0, England,9448,0,8,0.06218407750631845,1.0466564893722534,-0.03796081501771997,378.25537109375,95.37938157321962,0.05818118527531624,0.15185546875,4.272855
947,How many players are on the field in a baseball team?,"In baseball, there are nine players on the field at any given time.",1, team,2083,0,5,0.013709719882055603,1.092939019203186,-0.33786543142588643,349.9142761230469,62.86920837392991,0.06365054845809937,3.455078125,4.172736
948,"In the poem ‘Monday’s Child’, what is Wednesday’s child full of?",Witty,0, of,315,0,3,0.0020732413647851725,0.8935352563858032,-0.9297182225416192,392.2811279296875,122.94749647406609,0.08891943842172623,0.0092620849609375,6.6716905
949,"In London in 1788, the ‘Daily Universal Register’ was relaunched as which newspaper?",the ‘Daily Universal Register’ was relaunched as the ‘Daily Universal,1, newspaper,16803,0,10,0.11059261794439765,0.9595422744750977,-0.10787548827484317,425.3257751464844,81.74772912976704,0.06754720956087112,1.3818359375,4.186757
950,Which clothing chain was founded by brothers Clemens and August Brenninkmeijer in 1841?,the Brenninkmeijer brothers,0,1,16,1,1,0.00010530749789385004,1.0931203365325928,-0.07595700257181415,391.856689453125,111.57699515583859,0.10896363109350204,2.2109375,7.228354
951,Falange was the name given to several political movements and parties dating from the 1930’s in which European country?,spain,1, country,3146,0,8,0.020706086773378266,1.0923386812210083,-0.3030304391359464,345.46380615234375,100.2576121685622,0.053765248507261276,0.163330078125,0.95706373
952,"In the novel ‘Jane Eyre’ by Charlotte Bronte, what is the name of Mr Rochester’s first wife?",elizabeth,0, wife,7403,0,5,0.04872446293176074,1.0377483367919922,-0.2099649523765974,357.5296325683594,83.80902342454499,0.049114346504211426,0.0274505615234375,3.2900589
953,"Which fictional character is the subject of George Frampton’s bronze statue in Kensington Gardens, London?",queen victoria,0, London,7148,0,7,0.047046124684077505,0.9839199781417847,-0.21810845797756517,368.626708984375,96.97109648359503,0.06923840194940567,0.1474609375,6.4197154
954,Who wrote the novel ‘The Prime of Miss Jean Brodie’?,margaret atwood,0,die,26493,1,3,0.17436947135636058,1.2877941131591797,0.10416367942024118,463.8892822265625,376.0667755400947,0.0013809711672365665,0.014495849609375,6.184107
955,Sindh is a province of which Asian country?,pakistan,1, country,3146,0,8,0.020706086773378266,1.0923386812210083,-0.3030304391359464,365.6236572265625,84.81502765706095,0.05284981429576874,0.059295654296875,2.8353586
956,Madame de Pompadour and Madame du Barry were mistresses of which French King?,louis xvi,1, King,6210,0,5,0.040872472620050546,1.0856488943099976,0.10370552519670762,327.0321960449219,80.29761720984698,0.07364456355571747,2.142578125,1.4714493
957,Odontology is the scientific study of what?,"Odontology is the scientific study of the mouth, teeth, and jaws.",1, what,1128,0,5,0.007424178601516428,0.9124044179916382,-0.4575977977787331,374.13653564453125,85.48585385474009,0.07059234380722046,2.251953125,3.7705848
958,The wine ‘Bull’s Blood’ of Eger is produced in which country?,hungary,1, country,3146,0,8,0.020706086773378266,1.0923386812210083,-0.3030304391359464,368.8482666015625,90.61502073784139,0.05387009680271149,0.452392578125,0.82606393
959,The 1932 film ‘The Mask of Fu Manchu’ revolves around Fu Manchu’s quest for the sword and mask of which historical figure?,genghis khan,1, figure,7071,0,7,0.046539332350463355,1.2467924356460571,-0.06343482363969821,338.4746398925781,76.00938003184307,0.049515802413225174,0.3193359375,5.6439204
960,The mask worn in the 1996 film ‘Scream’ is based on a painting by which artist?,edward hopper,0, artist,10049,0,7,0.06613969039595619,1.0731632709503174,-0.20016103571744415,361.49139404296875,87.22741657116364,0.03986846283078194,0.3974609375,6.179967
961,Which US athlete won a gold medal for the high jump in the 1968 Summer Olympics?,jim hines,0, Olympics,31963,0,9,0.21037147219882055,1.0577998161315918,-0.11858288456241661,367.0343017578125,72.87320761348242,0.07362627238035202,0.031219482421875,5.3948555
962,In which London street does fictional character Sweeney Todd have his barber shop?,london,0, shop,8061,0,5,0.053055233782645324,1.164176344871521,-0.033914341580213225,337.644775390625,70.17996626108183,0.08080586791038513,0.12091064453125,6.5805874
963,The Nullarbor Plain is in which country?,"The Nullarbor Plain is a large, flat, windswept plain",0, country,3146,0,8,0.020706086773378266,1.0923386812210083,-0.3030304391359464,326.7270812988281,80.09545251366116,0.044407494366168976,1.666015625,4.138968
964,What is the official language of Nicaragua?,The official language of Nicaragua is Spanish.,1, Nicaragua,76324,0,10,0.5023430918281382,1.058863878250122,-0.2795016259911187,301.5218811035156,91.5922810097268,0.08110222965478897,6.59765625,3.8055499
965,Who wrote the plays ‘The Cocktail Party’ and ‘The Family Reunion’?,gregory powter,0,union,16192,1,5,0.10657118786857624,1.244470238685608,-0.1360045479635228,500.16558837890625,440.27786992246365,-0.011640535667538643,0.0007572174072265625,5.5058827
966,"Used in cooking, agar-agar is a gelatin made from what?",algae,0, what,1128,0,5,0.007424178601516428,0.9124044179916382,-0.4575977977787331,474.8746032714844,133.6327855204644,0.0814630389213562,1.4931640625,3.2494333
967,The fictional character ‘Disco Stu’ appears in which US cartoon tv Series?,the simpsons,1, Series,11131,0,7,0.0732611099410278,1.1843663454055786,0.15690184998954937,427.0606689453125,86.39580674300727,0.055738385766744614,8.25,6.3108654
968,"Marie Antoinette, Queen of France and Navarre, was born in which country?",austria,1, country,3146,0,8,0.020706086773378266,1.0923386812210083,-0.3030304391359464,300.8898620605469,69.78845365109932,0.030796870589256287,2.5390625,2.2456992
969,The song ‘Seventy Six Trombones’ is from which musical show?,the music man,1, show,1473,0,5,0.00969487152485257,1.0663450956344604,-0.4242643006414428,361.5417175292969,82.09649624818086,0.06674732267856598,5.3515625,5.2443614
970,Which US President was given the nickname the ‘Great Engineer’?,"The Great Engineer was a nickname given to Theodore Roosevelt, the 26",0, Engineer,28383,0,9,0.18680891954507162,1.1343708038330078,-0.16248609776673106,468.7052307128906,296.36729634984084,0.03938579186797142,6.640625,5.1213126
971,"In the human body, what is stored in adipose tissue?",Adipose tissue is a type of connective tissue that stores energy in,0, tissue,19847,0,7,0.13062736941870262,1.0813883543014526,-0.22211877382149892,363.9189453125,52.85853099049887,0.08043183386325836,0.06500244140625,3.3229237
972,A craniotomy is the surgical removal of a portion of which part of the human body?,cranium,1, body,2487,0,5,0.016368734203875315,1.152815580368042,-0.3096367427382942,288.1033630371094,61.194768703242914,0.041194602847099304,0.42431640625,2.6444864
973,Which country will host the 2014 FIFA World Cup?,brazil,1, Cup,10861,0,4,0.07148404591406908,1.171400785446167,-0.1044474591594251,364.7019958496094,82.79401213523964,0.044261351227760315,0.0026607513427734375,4.882401
974,Which country has the internet domain .de?,Germany,1,de,450,1,2,0.0029617733782645326,1.1752368211746216,-0.10327974410246421,370.0364990234375,94.4877630440051,0.04170165956020355,4.609375,3.010585
975,A sequicentenary is an anniversary of how many years?,A sequicentenary is an anniversary of 150 years.,1, years,1635,0,6,0.0107611099410278,1.0627470016479492,-0.28426042370832416,396.4251403808594,105.25667626196018,0.0549037791788578,0.055084228515625,4.214236
976,What is the International Vehicle Registration for Cambodia?,The International Vehicle Registration for Cambodia is a system that allows foreign vehicles to be,0, Cambodia,61038,0,9,0.40173494102780116,1.016257882118225,-0.029018866392379383,393.97772216796875,98.60369296611346,0.06794890016317368,6.984375,3.6026382
977,Opera singer Leyla Gencer was born in which European country?,turkey,1, country,3146,0,8,0.020706086773378266,1.0923386812210083,-0.3030304391359464,369.55242919921875,86.94808790607591,0.0463896170258522,0.26708984375,3.6237597
978,In which South American country does Angostura Bitters originally come from?,venezuela,1, from,504,0,5,0.003317186183656276,0.9354420304298401,-0.6998267280902555,316.61236572265625,104.1100213524886,0.10954111814498901,0.0005407333374023438,3.2054493
979,The Hel Peninsula is part of which European country?,finland,0, country,3146,0,8,0.020706086773378266,1.0923386812210083,-0.3030304391359464,327.79052734375,70.72795235208382,0.046536676585674286,0.11492919921875,5.048523
980,Which US singer released a 2010 album entitled ‘The Lady Killer’?,kelly clarkson,0, Killer,52953,0,7,0.3485217459983151,1.1419494152069092,-0.07017020480756297,487.1502380371094,284.8482548439872,0.007184441201388836,4.8203125,6.1428056
981,How many months is the gestation period for an elephant?,"The gestation period for an elephant is 22 months, the longest",1, elephant,45740,0,9,0.3010478096040438,1.0709515810012817,0.12965314850506582,328.25677490234375,78.05433101757022,0.08551280200481415,1.5771484375,4.0598865
982,"Raclette, Tilsit and Sbrinz are all types of which foodstuff?",cheese,1,stuff,57304,1,5,0.3771588037068239,1.2225178480148315,-0.06976706928977405,360.5227966308594,73.0128120496797,0.07478175312280655,2.041015625,0.7945861
983,Adam Richman takes on food challenges in which US television series?,manhattan,0, series,4013,0,7,0.026412436815501265,1.1642203330993652,-0.2297426776435394,384.3707580566406,79.00014692905927,0.0716095045208931,1.076171875,4.5235515
984,Creme Anglaise is the French version of which English dessert item?,custard,1, item,1509,0,5,0.009931813395113733,1.0667847394943237,-0.32008574102617393,367.9305114746094,91.58810988644399,0.05686960369348526,7.24609375,3.856708
985,Who was known as the ‘Waltz King’ of Vienna?,waltz king,1, Vienna,46287,0,7,0.3046480096882898,1.0472750663757324,0.1392845117763275,346.7806091308594,102.51229556939435,0.07373342663049698,1.60546875,5.1156993
986,Erotology is the study of what?,The term is derived from the Greek words ερωτημα,0, what,1128,0,5,0.007424178601516428,0.9124044179916382,-0.4575977977787331,360.13885498046875,87.83686590502178,0.05987701565027237,1.462890625,4.602077
987,‘The King of Barataria’ is the subtitle of which Gilbert and Sullivan operetta?,The King of Barataria,1,etta,26527,1,4,0.174593249789385,1.3195849657058716,0.020265195591403717,420.9759826660156,82.54888353415969,0.021089285612106323,0.029266357421875,6.4756064
988,"Sufferers, Locksmen and Dreads are followers of which religion?",hinduism,0, religion,13587,0,9,0.08942581086773378,1.0771162509918213,-0.005206974740866954,386.1752624511719,95.24089712096553,0.05401584133505821,1.0654296875,5.052807
989,The 1965 film ‘The Heroes of Telemark’ is set in which European country?,sweden,0, country,3146,0,8,0.020706086773378266,1.0923386812210083,-0.3030304391359464,355.9537658691406,98.57590538895735,0.05066368356347084,0.057769775390625,2.0558505
990,What colour are the two stars on the national flag of Syria?,red,0, Syria,12623,0,6,0.08308103411962932,1.0141291618347168,0.04199176316990405,323.7152404785156,83.55294890509441,0.05762660875916481,6.2265625,3.5144036
991,"In humans, Duane Syndrome affects which part of the body?","Duane syndrome is a rare disorder that affects the eye muscles, causing the",1, body,2487,0,5,0.016368734203875315,1.152815580368042,-0.3096367427382942,310.470703125,43.97168380128178,0.02702954411506653,4.01953125,3.440887
992,Taphephobia is the abnormal fear of being what?,Taphephobia is the abnormal fear of being buried alive.,1, what,1128,0,5,0.007424178601516428,0.9124044179916382,-0.4575977977787331,357.07012939453125,81.19520777696277,0.0754418596625328,3.947265625,4.842758
993,What relation was Louis XV of France to Louis XIV of France?,Louis XV was the son of Louis XIV and Maria Theresa of Spain.,0, France,9625,0,7,0.06334904170176917,1.0147902965545654,-0.05984466088663565,338.13592529296875,99.42037863968633,0.0568414181470871,0.003986358642578125,2.8805375
994,What type of leaves does a koala feed on?,"Koalas are herbivores, and their diet consists almost exclusively of",0, on,389,0,3,0.002560288542544229,0.9322815537452698,-0.6160138454898934,317.1213684082031,66.89757741374491,0.10559112578630447,0.061920166015625,3.7189486
995,What is the name of the village druid in the comic strip ‘Asterix’?,centurion,0,ix,941,1,2,0.006193397219882056,1.2230117321014404,-0.18592619387041642,388.2424621582031,145.55026860640712,0.027212228626012802,0.00362396240234375,6.494701
996,In which English county was former British Prime minister Margaret Thatcher born?,sussex,0, born,9223,0,5,0.060703190817186184,1.109512209892273,-0.17188246624324854,335.0871276855469,105.91209030721362,0.060049768537282944,0.1322021484375,5.450128
997,"In the British monarchy, who succeeded Queen Anne to the throne?",The House of Hanover was established in 1714 when George,0, throne,43621,0,7,0.287101147851727,1.0823265314102173,0.10830822045741106,331.6739196777344,76.34474352111121,0.07434111088514328,0.03668212890625,4.5000587
998,Who directed the 1941 film ‘The Maltese Falcon’?,john huston,1, Falcon,42861,0,7,0.2820990417017692,1.0994752645492554,-0.03959070975118317,446.99066162109375,330.9192246398001,-0.05488330125808716,0.00507354736328125,3.5147364
999,The 1981 film ‘Chariots of Fire’ was based on the stories of which two British athletes?,harry richardson and john landy,0, athletes,22742,0,9,0.1496814448188711,1.0011732578277588,-0.19355427442015172,413.1183166503906,95.65350035145656,0.06688589602708817,0.90771484375,5.565717
