id,question,model_answer,is_correct,anchor_str,token_id,token_is_suffix,token_len,token_id_rank,layer0_norm,layer0_kurtosis,final_norm,final_kurtosis,drift_cosine,surprisal,prediction_entropy
0,Who was the man behind The Chipmunks?,"The man behind The Chipmunks was David Seville, a fictional character",1,unks,15296,1,4,0.10067396798652065,1.5604196786880493,0.04825624840735543,1328.68505859375,780.9859242256891,-0.002483353018760681,1.6005859375,0.18286683
1,Which Lloyd Webber musical premiered in the US on 10th December 1993?,The Phantom of the Opera,0,3,18,1,1,0.0001184709351305813,1.5794754028320312,53.84191418260034,1413.152587890625,760.5814923334287,0.07597322762012482,2.1953125,0.37104207
2,Who was the next British Prime Minister after Arthur Balfour?,The next British Prime Minister after Arthur Balfour was H. H.,0,our,413,1,3,0.0027182497893850043,1.7460355758666992,-0.03956924730403122,1325.9566650390625,751.3194785163057,0.02418510429561138,3.337860107421875e-06,0.45035484
3,Who had a 70s No 1 hit with Kiss You All Over?,The Sweet,0, Over,6065,0,5,0.03991812342038753,1.7138769626617432,-0.10230138927705301,1156.3779296875,630.5260406991057,0.01808932051062584,0.00020170211791992188,1.740473
4,What claimed the life of singer Kathleen Ferrier?,"Kathleen Ferrier, the renowned British contralto, passed away on September",0,rier,7253,1,4,0.047737205139005895,1.6490323543548584,0.21508568084913948,1168.10498046875,673.1652837022152,0.020613227039575577,0.0005841255187988281,2.1038694
5,Rita Coolidge sang the title song for which Bond film?,The Spy Who Loved Me,0, film,4531,0,5,0.02982176705981466,1.704827904701233,-0.022928700611097863,1134.0758056640625,572.4982283966485,0.01741565763950348,0.0308837890625,1.2000078
6,What was the last US state to reintroduce alcohol after prohibition?,The last US state to reintroduce alcohol after prohibition was Mississippi. Mississippi was,0, prohibition,49867,0,12,0.32821056234203877,1.4128798246383667,0.034824854105574676,1433.776611328125,731.85128183268,-0.009134809486567974,1.365234375,1.0448836
7,Which actress was voted Miss Greenwich Village in 1942?,The actress who was voted Miss Greenwich Village in 1942 is,0,2,17,1,1,0.00011188921651221567,1.5402464866638184,65.54336903170572,1396.53857421875,770.4019050525856,0.11417397856712341,2.232421875,3.40317
8,What is the Japanese share index called?,"The Nikkei 225, also known as the Nikke",1, called,2598,0,7,0.0170993049705139,1.8910608291625977,0.004024645252740822,1389.7236328125,799.4873505675116,0.015165848657488823,4.078125,0.75746363
9,What was the name of Michael Jackson's autobiography written in 1988?,Bad,0,8,23,1,1,0.00015137952822240943,1.6351768970489502,18.247345848185144,1301.6793212890625,766.0432199022732,0.07804964482784271,0.8935546875,0.76908225
10,In which decade did stereo records first go on sale?,The 1940s,0, sale,6278,0,5,0.04132002948609941,1.7156554460525513,-0.012147629421537687,1371.577880859375,886.2028879692946,0.05225962772965431,0.0035991668701171875,1.2885731
11,In what year's Olympics were electric timing devices and a public-address system used for the first time?,1936,0, time,882,0,5,0.005805075821398484,1.7933825254440308,0.21597275743657507,1469.75341796875,929.1835033095437,0.005704596638679504,0.000560760498046875,0.70608914
12,Which volcano in Tanzania is the highest mountain in Africa?,Mount Kilimanjaro,1, Africa,10174,0,7,0.06696240522325189,1.6685309410095215,0.032452186882178324,1355.7532958984375,706.2534317242365,0.015006003901362419,0.039398193359375,0.88311577
13,The flag of Libya is a plain rectangle of which color?,The flag of Libya is a plain rectangle of green.,1, color,1894,0,6,0.0124657750631845,1.7640432119369507,0.3485461711086737,1099.5380859375,568.0904962193542,0.03828885778784752,0.1644287109375,0.2273286
14,Of which African country is Niamey the capital?,Niger,1, capital,6722,0,8,0.04424231255265375,1.774929165840149,0.020119305321788072,1237.1475830078125,851.4431811916684,0.02572026289999485,0.0013580322265625,0.3564166
15,Who was the director of the CIA from 1976-81?,William J. Casey,0,1,16,1,1,0.00010530749789385004,1.570737600326538,240.21470640566866,1289.49169921875,780.2837761135099,0.09192390739917755,0.0281982421875,1.1242867
16,Which musical featured the song The Street Where You Live?,The Street Where You Live is a song from the 1946,0, Live,11158,0,5,0.07343881634372368,1.7070746421813965,0.12650905846706406,1327.1414794921875,830.3211082612199,0.02403067611157894,4.3511390686035156e-05,0.101281136
17,"""Who was the target of the failed """"Bomb Plot"""" of 1944?""","""The target of the failed """"Bomb Plot"""" of 194",0,4,19,1,1,0.0001250526537489469,1.589713215827942,35.19738274335967,1413.5672607421875,871.6994172663046,0.08186908066272736,1.3369140625,0.15888634
18,Who had an 80s No 1 hit with Hold On To The Nights?,"The band was formed in 1980 in London, England.",0, Nights,63543,0,7,0.4182221461668071,1.417395830154419,-0.06660762161387979,1429.7257080078125,793.3569826163344,-0.007250380702316761,1.5302734375,3.7369375
19,Who directed the classic 30s western Stagecoach?,John Ford,1,coach,88093,1,5,0.5798033382476833,1.3520538806915283,0.027617763293811937,1139.30029296875,740.2634161896103,0.023441700264811516,0.0037746429443359375,0.05143337
20,Dave Gilmore and Roger Waters were in which rock group?,Pink Floyd,1, group,1874,0,6,0.012334140690817187,1.7856281995773315,0.10522255187100127,1221.3590087890625,702.9890495506639,0.0512557253241539,3.53125,0.030513573
21,Which highway was Revisited in a classic 60s album by Bob Dylan?,Highway 61 Revisited,1, Dylan,43358,0,6,0.2853701558550969,1.507892370223999,0.009912655790544012,1400.7659912109375,877.922403747267,0.031446367502212524,0.0021991729736328125,0.16689631
22,Which was the only eastern bloc country to participate in the 1984 LA Olympics?,East Germany,0, Olympics,31963,0,9,0.21037147219882055,1.6313854455947876,0.16492482480404602,1339.5120849609375,730.1663871376227,0.04342474043369293,0.487548828125,0.66350496
23,Which 90s sci fi series with James Belushi was based on Bruce Wagner's comic strip of the same name?,"The Adventures of Jimmy Neutron, Boy Genius",0, name,829,0,5,0.005456244734625105,1.8392785787582397,0.01390981858990159,1490.434326171875,929.9985950250107,0.05120089277625084,0.00811767578125,1.1970289
24,If I Were A Rich Man Was a big hit from which stage show?,Fiddler on the Roof,1, show,1473,0,5,0.00969487152485257,1.8145217895507812,0.2397004469447661,1154.174072265625,554.5724920296645,0.0378587581217289,3.177734375,0.18798906
25,Men Against the Sea and Pitcairn's Island were two sequels to what famous novel?,The Swiss Family Robinson,0, novel,11514,0,6,0.07578190817186184,1.7028406858444214,-0.09197555211227915,1289.3453369140625,766.8450493783466,0.017183925956487656,2.34765625,1.1665794
26,What was Truman Capote's last name before he was adopted by his stepfather?,Truman Capote's last name before he was adopted by his stepfather was,0,father,23017,1,6,0.15149141743892164,1.4938145875930786,-0.0475455296025733,1294.9896240234375,836.3068214650303,0.0008180752047337592,0.0175323486328125,0.42973444
27,"In Lewis Carroll's poem The Hunting of the Snark, what did the elusive, troublesome snark turn into to fool hunters?","The elusive, troublesome snark in Lewis Carroll's poem ""The Hunting of",0, hunters,47973,0,8,0.31574478727885424,1.3789194822311401,-0.14979246893168252,1237.4937744140625,859.4843074609595,0.032109666615724564,10.046875,1.0278804
28,"In the Bible, who did the sun and moon stand still before?","The sun and moon stood still before Joshua, as recorded in the Book of",1, before,1573,0,7,0.010353043386689133,1.8577086925506592,-0.029899936383625203,1213.841552734375,606.3282004630425,0.01062924787402153,6.5625,1.0550429
29,What Michelle Pfeiffer movie got a boost from the Coolio song Gangsta's Paradise?,Batman Returns,0, Paradise,47591,0,9,0.31323057076663857,1.4851773977279663,0.12515223897171035,1472.2874755859375,947.0548844668585,0.01837732456624508,0.00018990039825439453,1.4997429
30,What was President Gerald Ford's middle name?,"The answer is ""Rudd"" as in ""Gerald Rudolph Ford",1, name,829,0,5,0.005456244734625105,1.8392785787582397,0.01390981858990159,1281.39794921875,737.198446697962,0.05595419928431511,0.004520416259765625,2.3192682
31,Art Garfunkel trained for which profession although he didn't qualify?,Art Garfunkel trained to be a dentist but did not qualify.,0, qualify,25384,0,8,0.16707034540859309,1.5962449312210083,-0.04327473390621561,1488.261962890625,903.1140065346356,0.023460550233721733,9.109375,0.24139278
32,Who was the last inmate of Spandau jail in Berlin?,The last inmate of Spandau jail in Berlin was John Demjanj,0, Berlin,19846,0,7,0.13062078770008426,1.6290475130081177,-0.013947709427402089,1394.17529296875,791.755644540129,0.010317137464880943,1.0283203125,1.4571065
33,What was Eddie Murphy's first movie?,"Eddie Murphy's first movie was ""48 Hrs."" in 1",0, movie,5700,0,6,0.03751579612468408,1.684216856956482,-0.0009526664300216758,1339.7921142578125,634.9513702642424,0.0332779623568058,1.3564453125,0.7099546
34,In the 80s who wrote the novel Empire of The Sun?,J.G. Ballard,1, Sun,8059,0,4,0.053042070345408594,1.748491883277893,-0.11682984669803753,1154.3101806640625,738.3114020219612,0.0009564983192831278,0.0308380126953125,1.037107
35,Kagoshima international airport is in which country?,"Kagoshima International Airport is located in Kagoshima Prefecture, Japan",1, country,3146,0,8,0.020706086773378266,1.7848823070526123,-0.04479972905568763,967.85498046875,469.2094028928634,0.04535336792469025,0.195068359375,0.58718157
36,In which sport could the Pacers take on the Pistons?,basketball,1, Pistons,94708,0,8,0.6233414069081719,1.0267585515975952,-0.09199246005944861,1254.3179931640625,823.3974292964807,0.024467833340168,3.39453125,0.09229765
37,Kim Carnes' nine weeks at No 1 with Bette Davis Eyes was interrupted for one week by which song?,"The Beatles' ""Hey Jude""",0, song,5492,0,5,0.03614679865206403,1.6752809286117554,0.015430208056025574,1169.947265625,575.0379624721903,0.007733804639428854,0.54150390625,2.0241709
38,Where in Canada is the Lion's Gate bridge?,"The Lion's Gate Bridge is located in Vancouver, British Columbia, Canada.",1, bridge,14164,0,7,0.09322346251053075,1.710837960243225,-0.05039223891088351,1307.072265625,580.8802248326766,0.04530427232384682,6.50390625,0.013385956
39,What was Walter Matthau's first movie?,"Walter Matthau's first movie was ""The Tarnished Angels"" (",0, movie,5700,0,6,0.03751579612468408,1.684216856956482,-0.0009526664300216758,1374.9638671875,645.1104079673275,0.031232671812176704,1.966796875,0.95975894
40,Otis Barton was a pioneer in exploring where?,Otis Barton was a pioneer in exploring the deep sea.,0, where,1380,0,6,0.009082771693344566,1.8205403089523315,0.35955807421102826,1415.2325439453125,680.6475952625585,0.04696543514728546,6.5078125,0.8910978
41,Where in England was actor Nigel Hawthorne born?,"Nigel Hawthorne was born in Paddington, London, England. He was",0, born,9223,0,5,0.060703190817186184,1.696534514427185,-0.013096545094561929,1294.4188232421875,690.5528023651129,0.042526550590991974,0.12158203125,1.9775965
42,"What mythological beast has the head of a man, the body of a lion, and the tail and feet of a dragon?",The chimera,0, dragon,25105,0,7,0.1652340459140691,1.556904673576355,-0.06032758821269013,1287.1864013671875,733.191959831038,0.014310497790575027,1.71875,0.5858668
43,"In Greek mythology, who were Arges, Brontes and Steropes?","In Greek mythology, Arges, Brontes, and Steropes were",0,opes,18523,1,4,0.12191317396798652,1.6773537397384644,0.15371568966882254,1088.84423828125,561.4669815387564,0.014024916104972363,0.003570556640625,0.85528785
44,Which musician founded the Red Hot Peppers?,"The Red Hot Chili Peppers were founded by Anthony Kiedis, Fle",0,ppers,35523,1,5,0.23380239048020218,1.4141556024551392,-0.0020550715256399954,1366.05810546875,742.3113987547083,0.018764466047286987,0.00046372413635253906,0.4094059
45,Where did the Shinning Path terrorists operate?,"The Shining Path, also known as the Communist Party of Peru, was",1, operate,14476,0,8,0.09527695871946082,1.6771159172058105,0.030532415654226153,1498.04443359375,829.0818133477807,0.04063018038868904,4.26171875,0.3205796
46,How old was Jimi Hendrix when he died?,Jimi Hendrix was 27 years old when he died.,1, died,8469,0,5,0.0557405749789385,1.6680166721343994,0.015963428205015173,1278.4068603515625,752.1613606754044,0.03918592631816864,0.48486328125,0.5705517
47,Which Brit broke the land speed record in 1990 in Thrust 2?,The Brit who broke the land speed record in 1990 in,0,2,17,1,1,0.00011188921651221567,1.5402464866638184,65.54336903170572,1481.2938232421875,722.1693603490147,0.09831506013870239,5.1975250244140625e-05,1.594128
48,In which state was Gene Vincent born?,Gene Vincent was born in the state of Virginia.,1, born,9223,0,5,0.060703190817186184,1.696534514427185,-0.013096545094561929,1326.493896484375,751.1106867243664,0.03880245238542557,0.2230224609375,1.0488518
49,How was the European Recovery Program in the 1940s more commonly known?,The Marshall Plan,1, known,3881,0,6,0.025543649957877,1.834195613861084,0.07052586993150767,1504.326904296875,839.942905270088,0.015654010698199272,0.053619384765625,1.1755508
50,Brandon Lee died during the making of which movie?,The Crow,1, movie,5700,0,6,0.03751579612468408,1.684216856956482,-0.0009526664300216758,1203.9117431640625,645.8063869417429,0.026814669370651245,0.599609375,0.18318976
51,Who had a 70s No 1 hit with Let's Do It Again?,The Osmonds,0, Again,13759,0,6,0.09055786647009267,1.629494547843933,-0.07690857765851122,1278.0579833984375,713.1975553840848,0.05688278377056122,1.1689453125,1.4542876
52,Who had a Too Legit To Quit Tour?,MC Hammer,1, Tour,14644,0,5,0.09638268744734625,1.6691771745681763,0.09099271236389894,1241.1082763671875,637.4082050696331,0.015524724498391151,3.12890625,2.0804212
53,"""According to Rudyard Kipling what were the """"two imposters"""" to meet and treat the same day?""","""The two imposters were the British and the Indian.""",0, day,1899,0,4,0.012498683656276327,1.8023886680603027,0.003513567016279584,1548.1861572265625,1039.8541987072733,0.034603819251060486,8.3984375,0.6486777
54,Who is the most successful UK solo artist in the USA?,The most successful UK solo artist in the USA is typically considered to be El,0, USA,7279,0,4,0.047908329823083406,1.738377571105957,0.06726300586900091,1195.935546875,611.3836312049534,0.029117343947291374,6.4765625,1.333067
55,Which country does the airline TAAG come from?,"TAAG is the national airline of Angola, a country located in southern Africa",1, from,504,0,5,0.003317186183656276,1.7910735607147217,3.54297290633631,1098.7056884765625,726.3938376321681,0.021404102444648743,0.0017766952514648438,1.4090701
56,Which US No 1 single came from Diana Ross's platinum album Diana?,I'm Coming Out,0, Diana,44409,0,6,0.2922875421229992,1.520640254020691,0.10604592201426444,1170.4727783203125,484.98788546178076,0.049776591360569,6.84375,1.2135514
57,River Phoenix died during the making of which movie?,"River Phoenix died during the making of the movie ""My Own Private Idaho""",0, movie,5700,0,6,0.03751579612468408,1.684216856956482,-0.0009526664300216758,1200.3018798828125,648.4926736398525,0.025348655879497528,1.1298828125,0.19902688
58,Which artist David was born in Bradford UK?,David Bowie,0, UK,6424,0,3,0.04228096040438079,1.722499966621399,-0.004682455791640727,1574.666748046875,768.0861529946078,0.014343174174427986,6.82421875,3.2308118
59,What is Mel Gibson's middle name?,Mel Gibson's middle name is Charles.,0, name,829,0,5,0.005456244734625105,1.8392785787582397,0.01390981858990159,1288.1392822265625,800.1640875743132,0.05526064336299896,0.0010881423950195312,0.51173455
60,Richard Daley was mayor of which city for 21 years?,Chicago,1, years,1635,0,6,0.0107611099410278,1.7845232486724854,0.16825248539342974,1411.7489013671875,762.3799388515304,0.03140841796994209,0.0018558502197265625,0.7158419
61,"""In which movie did Garbo say, """"I want to be alone"""".""","""The Torrents of Spring""",0, alone,7484,0,6,0.049257582139848356,1.7810041904449463,0.05056313484425701,1249.439208984375,536.2760068235439,0.02196929231286049,0.0003440380096435547,0.92412263
62,What is Osbert Lancaster best known for producing?,"Osbert Lancaster is best known for producing the comic strip ""The Unbear",0, producing,17387,0,10,0.11443634161752317,1.6901171207427979,-0.024420608863826132,1453.0340576171875,804.1916001218948,0.035765789449214935,10.59375,0.6211868
63,Who was the defending champion when Martina Navratilova first won Wimbledon singles?,Martina Navratilova first won Wimbledon singles in 198,0, singles,17389,0,8,0.1144495050547599,1.4694985151290894,-0.08149163870925147,973.5872802734375,385.3141960103955,0.02081267163157463,6.9453125,0.37489405
64,Who was the first US-born winner of golf's British Open?,The first US-born winner of golf's British Open was **John McDerm,0, Open,5264,0,5,0.03464616680707666,1.78046452999115,-0.06370085133707937,1127.9920654296875,702.7261251006149,0.025816945359110832,0.0023937225341796875,0.19636622
65,In which country is the Sky Train Rail bridge?,"The Sky Train Rail bridge is located in the United States, specifically in the",0, bridge,14164,0,7,0.09322346251053075,1.710837960243225,-0.05039223891088351,1403.321044921875,714.2737732590803,0.04695693403482437,13.421875,0.31391037
66,What was the Paramount Film Company originally called?,The original name of the Paramount Film Company was the Famous Players Film Company.,1, called,2598,0,7,0.0170993049705139,1.8910608291625977,0.004024645252740822,1513.384765625,896.6265046939666,0.00785839557647705,0.398193359375,0.8712205
67,Who was the first person after Scott to reach the South Pole overland?,The first person after Scott to reach the South Pole overland was Norwegian explorer,0,land,1933,1,4,0.012722462089300758,1.7981666326522827,-0.01575684328089144,1331.89208984375,834.9518387592078,0.01632583700120449,1.4853515625,0.23881882
68,Which journalist first told the world about the My Lai massacre?,The journalist who first told the world about the My Lai massacre was **,0, massacre,48252,0,9,0.31758108677337826,1.33768892288208,-0.04370299193243454,1470.029052734375,808.0981788110336,0.024824410676956177,0.6884765625,0.6316429
69,What is the name of Terence and Shirley Conran's dress designer son?,"Terence and Shirley Conran have a son named Jonathan. However, Jonathan",0, son,4438,0,4,0.029209667228306656,1.7817717790603638,0.037113616381099224,1436.3260498046875,833.9968777344523,0.025490669533610344,3.517578125,3.4594514
70,Which drink did The Spice Girls promote?,"The Spice Girls promoted the drink ""Spice"" by PepsiCo.",1, promote,11926,0,8,0.07849357624262847,1.6100717782974243,0.09174834845095647,1449.8214111328125,852.0777652761204,0.04090707749128342,2.42578125,1.278682
71,Who was the youngest brother in the Beach Boys?,The youngest brother in the Beach Boys was Brian Wilson.,0, Boys,29757,0,5,0.195852200926706,1.5646626949310303,-0.08456516819803017,1007.8251953125,587.9125976707637,-0.0021352076437324286,0.000598907470703125,1.3235232
72,Who first hosted Family Feud?,The first host of Family Feud was Richard Dawson. He hosted the show,1,ud,661,1,2,0.00435051600673968,1.770708680152893,-0.007098923620789677,1037.8028564453125,598.6112518587646,0.04086380451917648,5.7220458984375e-06,0.5602831
73,What did the Lone Ranger's title Kemo Sabe mean in Apache?,"""Friend""",0, Apache,8914,0,7,0.0586694397641112,1.6683483123779297,-0.02061250786312474,1158.5755615234375,651.0528214892969,0.03898526728153229,3.87109375,1.1936451
74,Who or what was Gentle Ben in the 60s TV series?,Gentle Ben was a television series that aired in the 1960,0, series,4013,0,7,0.026412436815501265,1.8363407850265503,0.0811259676890943,1341.7001953125,819.2456842271627,0.025814702734351158,0.322021484375,0.7044427
75,Which 70s show was based on the British show Till Death Us Do Part?,"The answer is ""All in the Family"". The British show ""Till",1, Part,3660,0,5,0.024089090143218198,1.7689720392227173,-0.03034177090718959,1325.055908203125,827.5180512148661,0.02937949448823929,6.875,1.5606087
76,On what date in 1969 did Neil Armstrong first set foot on the Moon?,"July 20, 1969",1, Moon,17330,0,5,0.11406118365627632,1.6968119144439697,0.07698442537043038,1246.4051513671875,692.0824703362136,0.03847553953528404,0.623046875,0.607028
77,Bandar Seri Begawan International airport is in which country?,Brunei,1, country,3146,0,8,0.020706086773378266,1.7848823070526123,-0.04479972905568763,1163.50634765625,690.8958931432107,0.0427241288125515,0.055633544921875,0.92304176
78,What was the profession of Paul Strand (1890 - 1976)?,Paul Strand was a photographer and filmmaker. He was a significant figure in the,1,6,21,1,1,0.00013821609098567817,1.5665326118469238,21.581200252238826,1691.41845703125,1052.3513508840529,0.07885732501745224,4.4465065002441406e-05,0.8114588
79,Who had a 60s No 1 with Downtown?,The Dave Brubeck Quartet,0, Downtown,43885,0,9,0.28883872156697554,1.4228324890136719,-0.024458339926476835,771.674072265625,200.59400410424308,0.02167525142431259,11.765625,1.337434
80,"Who was born first, Kiefer Sutherland or Christian Slater?",Kiefer Sutherland was born first.,1, Slater,97003,0,7,0.638446451137321,1.4339805841445923,0.004590112373898947,874.3333129882812,773.5773985771037,0.01418057270348072,0.2027587890625,0.5660528
81,"To the nearest two, how many tennis Grand Slam titles did Jimmy Connors win?",Jimmy Connors won a total of 109 tennis titles in his,1, win,3164,0,4,0.020824557708508846,1.7311279773712158,-0.008808416705408995,1354.2608642578125,835.4894134464614,0.04239457845687866,0.0933837890625,1.2753819
82,Who was the Georgia Peach?,"The Georgia Peach was a nickname for Margaret Mitchell, the author of ""G",1, Peach,63595,0,6,0.4185643955349621,1.4154753684997559,0.11054552764390113,1426.60107421875,864.6049651551591,-0.004715213552117348,8.078125,0.18309808
83,Who set fire to his guitar at the Monterey Pop festival in 19676?,Jimi Hendrix,1,6,21,1,1,0.00013821609098567817,1.5665326118469238,21.581200252238826,1408.3262939453125,913.7566555463309,0.07558389008045197,15.015625,0.18812524
84,Della Street was whose secretary?,Della Street was the secretary of Perry Mason.,1, secretary,19067,0,10,0.1254936288963774,1.5225542783737183,-0.02571564328835052,991.7425537109375,417.16758506320457,0.04625584930181503,0.84521484375,0.28459725
85,"In music, who was Sweet and Innocent and Too Young?",Sweet and Innocent and Too Young were songs by the British band The K,0, Young,13263,0,6,0.08729333403538332,1.7121083736419678,-0.1227342105417426,1853.076416015625,921.8809425218044,0.03487805649638176,0.552734375,2.1154616
86,Who is featured on Puff Daddy's Can't Hold Me Down?,"Puff Daddy's ""Can't Hold Me Down"" features the rapper Lil",0, Down,6285,0,5,0.04136610151642797,1.6622109413146973,-0.013679972551032815,1514.01953125,683.605238373228,0.03616577014327049,0.0003268718719482422,1.5549188
87,What had Edmond Hillary worked at before taking up mountain climbing?,"Before taking up mountain climbing, Edmond Hillary had worked as a taxi driver",0, climbing,29508,0,9,0.19421335299073295,1.564894199371338,-0.047578838859057004,1394.314697265625,760.6246179174269,0.01966637559235096,0.003604888916015625,2.6399534
88,In which American state is the Isabella Stewart Gardner Museum?,The Isabella Stewart Gardner Museum is located in the American state of Massachusetts.,1, Museum,16328,0,7,0.10746630160067397,1.731934905052185,-0.046893729564384756,1667.9752197265625,932.5964215217718,0.011072823777794838,0.00011968612670898438,0.9134576
89,Benina international airport is in which country?,Benina International Airport is located in the country of Sudan. It serves as,0, country,3146,0,8,0.020706086773378266,1.7848823070526123,-0.04479972905568763,1036.242919921875,527.5927686027939,0.03912888467311859,0.191650390625,0.225562
90,Beloved in 1999 was whose first movie since The Color Purple in 1985?,"The question is asking about the first movie of a particular person since ""The",0,5,20,1,1,0.00013163437236731254,1.572671890258789,45.32547104831048,1397.1246337890625,753.9242627798711,0.09514342248439789,0.036895751953125,2.1212587
91,Which Star Trek star directed Three Men and a Baby?,The Star Trek star who directed Three Men and a Baby is James Horner,0, Baby,20617,0,5,0.13569529275484415,1.5668493509292603,-0.07451875065598523,1333.2972412109375,868.6409186847025,0.045667264610528946,0.0249176025390625,1.5399122
92,Which sitcom star appeared on the big screening The Object of My Affection?,The sitcom star who appeared on the big screening of *The Object of My,0,ection,11915,1,6,0.07842117733782646,1.6007002592086792,-0.034009002906474795,1726.8623046875,887.6562944745947,0.008949176408350468,0.00022411346435546875,4.8946815
93,"""Which character did Julia """"Roberts play in Steven Spielberg's Hook?""","Julia Roberts played the character Tinker Bell in Steven Spielberg's film ""Hook",1, Hook,28171,0,5,0.1854135951979781,1.5608502626419067,-0.14238618123117552,1317.048583984375,963.7236726210755,0.006874572951346636,9.15625,1.2120188
94,Which US president did Anthony Hopkins play in a film whose title was simply his name?,"Anthony Hopkins played the role of President Andrew Jackson in the film ""Andrew Jackson",0, name,829,0,5,0.005456244734625105,1.8392785787582397,0.01390981858990159,1590.5574951171875,869.811156649623,0.058913715183734894,1.4345703125,0.1760303
95,Which movie was a biopic about the life of David Helfgott?,Shine,1,ott,1716,1,3,0.011294229149115417,1.7465513944625854,-0.006650259976313411,1319.2532958984375,828.800282846805,-0.004261467605829239,0.0002396106719970703,1.4558687
96,Which film director guested as the FBI Director in The Silence of the Lambs?,Jonathan Demme,0,bs,1279,1,2,0.008418018112889638,1.7952264547348022,0.05853176441105079,1142.6944580078125,732.4289931610244,0.010501135140657425,1.1920928955078125e-07,0.94268936
97,In which sci fi classic did the space ship Nostromo first appear?,Alien,1, appear,4994,0,7,0.03286910278011795,1.7457780838012695,-0.051154158892679824,1507.06689453125,848.327327020693,0.020260725170373917,0.01519775390625,0.54461557
98,Nigel Hawthorne was Oscar nominated for The Madness of which King?,Henry VIII,0, King,6210,0,5,0.040872472620050546,1.7287070751190186,0.15451993723988178,1180.0885009765625,638.6009509046321,0.022178184241056442,0.25,1.3231052
99,Which Swedish actress won the Best Supporting Actress Oscar for Murder on the Orient Express?,The Swedish actress who won the Best Supporting Actress Oscar for *Murder on,0, Express,17399,0,8,0.11451532224094356,1.7215787172317505,0.07261123699291128,1245.749755859375,809.9834237677363,0.007673577405512333,2.682209014892578e-05,2.281099
100,Which Oscar-nominated film had You Sexy Thing as its theme song?,"The answer to this question is ""The Wiz"", which is a",0, song,5492,0,5,0.03614679865206403,1.6752809286117554,0.015430208056025574,1404.98291015625,828.6921005524961,0.0054817297495901585,0.2325439453125,1.4372613
101,Which Joan's career revived in Whatever Happened to Baby Jane?,"Joan Crawford's career was revived in the film ""Whatever Happened to Baby",1, Jane,21475,0,5,0.14134240732940184,1.6602908372879028,0.02696204870810659,1153.7330322265625,689.9484940501977,0.032964952290058136,2.98046875,0.6571164
102,Which much-loved actor won the Best Actor Oscar for The Philadelphia Story?,The actor who won the Best Actor Oscar for *The Philadelphia Story* is,0, Story,15106,0,6,0.09942344144903117,1.721274495124817,0.2082366609487032,932.2496948242188,507.2747961610971,-0.01214788667857647,0.004512786865234375,1.7043701
103,Which legendary dancer was Oscar-nominated for The Towering Inferno?,The legendary dancer who was Oscar-nominated for *The Towering Inferno,0,no,2152,1,2,0.01416385846672283,1.7708834409713745,0.15891634566090396,1230.251708984375,782.6997477440956,0.018900414928793907,1.895427703857422e-05,2.5461237
104,What was the name of the brothel in The Best Little Whorehouse in Texas?,The name of the brothel in *The Best Little Whorehouse in,0, Texas,8257,0,6,0.05434525063184499,1.6949288845062256,-0.1051642473869383,1378.2835693359375,800.2100214770965,0.012624094262719154,0.00644683837890625,0.3494186
105,Who was the male star of the movie The Man of La Mancha?,Peter O'Toole,1,cha,6447,1,3,0.0424323399326032,1.6644691228866577,0.029429079637566247,1292.802001953125,825.0455750593726,0.021015170961618423,2.5391578674316406e-05,0.22452232
106,What relation is Joey Richardson to Vanessa Redgrave?,"Joey Richardson is the son of Vanessa Redgrave and the late John Richardson,",0,grave,76631,1,5,0.5043636794439764,1.4927057027816772,-0.02351244719410417,1152.3096923828125,776.6197291951938,0.01954825036227703,0.0002605915069580078,2.167179
107,Melanie Molitor is the mom of which tennis world NO 1?,"Melanie Molitor is the mother of Maria Sharapova, who was the",0,1,16,1,1,0.00010530749789385004,1.570737600326538,240.21470640566866,1294.7286376953125,547.1652948391783,0.0752190500497818,0.021026611328125,1.4743308
108,Marc Dutroux hit the headlines over a 'house of horrors' in which country?,Belgium,1, country,3146,0,8,0.020706086773378266,1.7848823070526123,-0.04479972905568763,1249.33447265625,759.4742697274253,0.04286760091781616,13.9765625,0.6818769
109,On which date in 1945 did Hitler take cyanide then shoot himself?,"April 30, 1945",1, himself,5561,0,8,0.03660093723673125,1.6821368932724,-0.0302406799764543,1387.5233154296875,679.738039425706,0.006593324709683657,0.0001220703125,1.3218025
110,In which river is the Boulder Dam?,"The Boulder Dam, now known as the Hoover Dam, is located on the",0, Dam,16354,0,4,0.10763742628475148,1.6270354986190796,0.1477378487262513,1611.7447509765625,824.3178223984326,0.02934168092906475,0.131103515625,0.77526087
111,"Which sports event was first held at Worcester, Massachusetts in 1927?","The first Boston Marathon was held in 1897, not",0,7,22,1,1,0.0001447978096040438,1.6516348123550415,18.402015645110435,1437.1285400390625,818.9379821112828,0.07289143651723862,2.490234375,0.45611167
112,In which European city is the Belvederen Gallery?,"The Belvedere is a museum in Vienna, Austria, located in the",1, Gallery,19295,0,8,0.12699426074136477,1.6485828161239624,-0.08976337167552506,1663.11376953125,847.79289678034,0.029122956097126007,6.84765625,0.07205403
113,How old was Woody Herman when he founded his own orchestra?,Woody Herman was 25 years old when he founded his own orchestra in,0, orchestra,68055,0,10,0.4479188605728728,1.4475007057189941,-0.07961315854829731,1143.049072265625,692.3789704061802,0.007657733280211687,2.087890625,0.65923023
114,For which movie did Katharine Hepburn win her second Oscar?,The African Queen,0, Oscar,30697,0,6,0.20203901642796968,1.5482975244522095,0.028833242146036664,1170.7181396484375,674.9339929995193,0.04959183931350708,2.009765625,1.3997183
115,Who had a 60s No 1 hit with This Diamond Ring?,The Beatles,0, Ring,21525,0,5,0.14167149326032014,1.6483513116836548,0.09774006448917039,1251.5216064453125,705.6181880136913,0.03551393374800682,0.007598876953125,1.2468988
116,The world was first aware of the Chernobyl disaster after detectors were triggered at a nuclear plant in which country?,The world was first aware of the Chernobyl disaster after detectors were triggered,0, country,3146,0,8,0.020706086773378266,1.7848823070526123,-0.04479972905568763,1010.2674560546875,562.7116357272948,0.04442877322435379,0.89501953125,0.4447429
117,In which country was the first permanent bungee jumping site situated?,The first permanent bungee jumping site was situated in New Zealand. This,1, situated,30083,0,9,0.19799784119629318,1.622853398323059,0.08095506087421356,1332.88916015625,764.6086208487217,0.05161678418517113,8.1640625,0.86754316
118,Who succeeded Brezhnev as Soviet premier?,Yuri Andropov,1, premier,20496,0,8,0.1348989048020219,1.5863499641418457,0.06897437271609741,1235.7125244140625,703.7300673739798,0.01655341498553753,4.7890625,0.8023868
119,In the late 60s Owen Finlay MacLaren pioneered what useful item for parents of small chldren?,The stroller,0,ren,1440,1,3,0.009477674810446503,1.736796259880066,-0.08610585300504114,1335.7684326171875,804.6332024214089,0.03502419590950012,0.00027179718017578125,1.324135
120,In which city's shipyard was Solidarity set up?,Gdansk,1, up,705,0,3,0.004640111625947767,1.7673795223236084,0.3506996420632533,1410.66845703125,731.899867627494,0.030627936124801636,0.0048370361328125,0.54062235
121,Which female singer was born on exactly the same day as impressionist Rich Little?,The female singer born on the same day as Rich Little is Shakin',0, Little,14671,0,7,0.09656039385004213,1.6897037029266357,-0.02507220752094108,1256.0313720703125,750.5593987929165,0.011405390687286854,0.755859375,1.4352012
122,What is Harrison Ford's real name?,"Harrison Ford's real name is Harrison Ford. Wait, that's not helpful",1, name,829,0,5,0.005456244734625105,1.8392785787582397,0.01390981858990159,1392.790283203125,765.3076872839347,0.0654725581407547,0.055908203125,0.25832155
123,Who's home runs record did Mark McGwire break in the 1998 season?,Mark McGwire broke the home run record previously held by Roger Maris.,1, season,3200,0,7,0.02106149957877001,1.7118427753448486,0.1652439793209708,1450.762939453125,772.7438898207928,0.016973519697785378,0.07366943359375,0.62498254
124,Who won baseball's first World Series of the 80s?,"The 1980 World Series was won by the Philadelphia Phillies,",1,s,82,1,1,0.0005397009267059814,1.5838184356689453,1.9282471493904731,1394.341796875,816.7411842707578,-0.0011682071490213275,0.379150390625,0.22949634
125,What was Pete Sampras seeded when he won his first US Open?,Pete Sampras was seeded number one when he won his first US Open in,0, Open,5264,0,5,0.03464616680707666,1.78046452999115,-0.06370085133707937,1256.329345703125,684.2816434760599,0.027492227032780647,0.00024402141571044922,0.97862166
126,"""Which boxer famously said,"""" If I can't beat this bum take my name off the record books?""""""","""Muhammad Ali""",0, books,6467,0,6,0.04256397430497051,1.8057583570480347,0.0792915066848705,1701.919921875,1200.5573771083498,0.026580307632684708,5.2265625,1.8321774
127,Where did Jonathan Edwards set his 1995 triple jump world record?,Jonathan Edwards set his 1995 triple jump world record at the,0, record,3255,0,7,0.02142349410278012,1.783564567565918,-0.02289243464360524,1229.0584716796875,676.9286512910194,0.005116580054163933,0.00014197826385498047,1.3838435
128,"In baseball, where do the Orioles come from?","The name ""Orioles"" comes from the Baltimore Orioles, a baseball",1, from,504,0,5,0.003317186183656276,1.7910735607147217,3.54297290633631,1430.7081298828125,778.2764222664682,0.023352336138486862,0.006252288818359375,0.14790635
129,The Naismith Award is presented in which sport?,basketball,1, sport,10552,0,6,0.0694502948609941,1.637024998664856,-0.0651968355171535,1328.805908203125,676.1995182649732,0.02277178317308426,0.1630859375,0.6286333
130,Which cartoon and film character is the nickname of super athlete Michael Johnson?,"Michael Johnson, the renowned American track and field athlete, is famously known by",0, Johnson,11351,0,8,0.07470908803706824,1.7009685039520264,0.011075078436395103,1334.3204345703125,846.8749419563937,0.0294669009745121,2.205078125,1.204203
131,For which team did Babe Ruth blast his last Major League home run?,The New York Yankees,0, run,1598,0,4,0.010517586352148273,1.7975046634674072,0.05925409024033845,1297.2667236328125,658.1084066250888,0.05065767467021942,0.0006642341613769531,0.73725647
132,What was Warren Beatty's first movie?,"Warren Beatty's first movie was ""The Trip"" (196",0, movie,5700,0,6,0.03751579612468408,1.684216856956482,-0.0009526664300216758,1374.8504638671875,622.0909206180525,0.03134326636791229,2.3515625,0.5158826
133,"Which future Hollywood star got her break as Wonder Girl, Wonder Woman's sister Drusilla?",Lynda Carter,0,illa,6241,1,4,0.04107650589721988,1.738538384437561,0.21279332106339277,1204.5657958984375,655.4538090166417,0.011247691698372364,0.033721923828125,0.48599505
134,Mickey Braddock in the 50s series Circus Boy found fame with which surname in which pop band?,"The answer is The Beatles. Mickey Braddock, a character in the",0, band,7055,0,5,0.046434024852569505,1.6961214542388916,-0.064775568659309,1419.2169189453125,769.4426092338218,0.023587487637996674,3.634765625,1.0442806
135,Which war veteran was Director of News & Special Events for ABC before find fame as a TV cop?,"The answer is Robert Urich. He was a war veteran, served in",0, cop,6162,0,4,0.040556550126368995,1.7041724920272827,-0.026765252681229867,1307.5738525390625,638.1935480267932,0.031795356422662735,8.7734375,4.019017
136,What US sitcom was the first exported to Britain?,"The answer is ""All in the Family"" (1975–",0, Britain,13224,0,8,0.08703664700926705,1.6642355918884277,0.04427055928447787,1405.0732421875,882.41109391512,0.026460865512490273,4.12890625,1.8694248
137,In Hanna and Barbera's TV cartoons base on The Addams Family who was the voice of Gomez?,The voice of Gomez Addams in Hanna and Barbera's TV cartoons based,0, Gomez,62298,0,6,0.4100279064869419,1.4257545471191406,-0.11803732584778803,866.5164794921875,272.08548520836416,0.037389207631349564,0.0221710205078125,1.323129
138,Who was the only female victim to be killed off in the opening credit sequence in Police Squad?,The only female victim to be killed off in the opening credit sequence of *,0, Squad,34707,0,6,0.22843170808761584,1.4430904388427734,-0.04479412362149171,1098.2928466796875,714.1456141474803,0.0249917134642601,3.2734375,2.054687
139,Which US president won the Nobel Peace Prize in 1920?,Woodrow Wilson,1,0,15,1,1,9.872577927548442e-05,1.4704278707504272,97.35945932219374,1422.7823486328125,773.9807893610298,0.09884713590145111,1.240234375,0.79542273
140,Who beat Tim Henman in his first Wimbledon singles semifinal?,Boris Becker,0,inal,977,1,4,0.006430339090143219,1.7517602443695068,0.12249354569697068,1192.711669921875,477.99743458618696,0.038010112941265106,0.0033817291259765625,0.4961946
141,What relation was Flo Jo to Jackie Joyner Kersee?,Flo Jo was a former rival of Jackie Joyner Kersee.,0,see,4060,1,3,0.026721777590564447,1.7603890895843506,0.12210952345149995,1280.412841796875,679.6495501881815,0.0032380667980760336,0.004322052001953125,1.0101489
142,How long was swimmer Michelle Smith-de Bruin banned for attempting to manipulate a drugs test?,2 years,0, test,1273,0,5,0.008378527801179444,1.8329367637634277,0.11064258552815032,1323.0633544921875,803.0996232563326,0.04023092985153198,0.002864837646484375,1.1115688
143,Yuan Yuan was caught carrying drugs for which Chinese team?,Yuan Yuan was caught carrying drugs for the Chinese national team.,0, team,2083,0,5,0.013709719882055603,1.7722951173782349,0.06777419059442913,1037.746337890625,457.9602796784116,0.025455059483647346,11.265625,1.2957429
144,Which grand slam did Pete Sampras not win in the 20th century?,Pete Sampras did not win the French Open in the 20th,1, century,9294,0,8,0.061170492839090145,1.6970765590667725,-0.06014197062374871,1426.2530517578125,859.6548969175052,0.02992151863873005,0.03253173828125,0.5779008
145,In which events did Gert Fredriksson win six Olympic gold medals?,Gert Fredriksson won six Olympic gold medals in the sport of row,0, medals,58982,0,7,0.38820292754844143,1.4727249145507812,0.02489120465161987,1313.0145263671875,785.2273012449529,0.0063118054531514645,0.007442474365234375,0.09751612
146,"How many of his 45 races did Mike Hawthorn, a former Formula One motor racing world champion, win?",Mike Hawthorn won 12 of his 45 races.,0, win,3164,0,4,0.020824557708508846,1.7311279773712158,-0.008808416705408995,1381.7696533203125,725.8610178057285,0.04078293219208717,0.10968017578125,1.1727651
147,On the Internet what is Spam?,Unsolicited bulk email,0, Spam,81667,0,5,0.5375092144060657,1.4636790752410889,-0.004169283221425513,1139.17626953125,519.0319689912036,0.012864295393228531,13.4921875,0.5607745
148,In which country did the Internet start?,The Internet started in the United States.,1, start,1191,0,6,0.007838826874473463,1.8076220750808716,-0.0691008515540914,1667.3861083984375,809.9255690912128,0.05551772564649582,2.119140625,0.20133598
149,In which year was the Juilliard School founded in New York?,The Juilliard School was founded in New York in 190,0, York,4261,0,5,0.02804470303285594,1.7186039686203003,0.0028583088389799727,1591.4005126953125,1040.5573830611238,0.00041982135735452175,4.279613494873047e-05,0.20165014
150,"Who wrote My Life and Loves in 1926, originally banned in the US?","The answer is ""My Life and Loves"" was written by **George Bernard",0, US,2274,0,3,0.014966828138163437,1.7536582946777344,-0.038525823247223645,1552.861572265625,846.8337719227676,0.02530272677540779,0.6708984375,3.197281
151,What was Blondie's last UK No 1 of the 80s?,The Last Pure Product,0,s,82,1,1,0.0005397009267059814,1.5838184356689453,1.9282471493904731,1407.6318359375,717.4580779073838,0.0024399771355092525,0.14111328125,2.0028093
152,"In baseball, where do the Royals come from?","The Kansas City Royals are a professional baseball team based in Kansas City, Missouri",1, from,504,0,5,0.003317186183656276,1.7910735607147217,3.54297290633631,1437.8284912109375,797.6109692842289,0.021202327683568,0.016754150390625,0.2628607
153,What is the largest city in Ohio?,The largest city in Ohio is Cleveland.,1, Ohio,14352,0,5,0.09446082561078349,1.6175518035888672,0.0789421622398212,1201.7130126953125,744.6448513317193,0.007012135349214077,5.0390625,0.9537002
154,In which decade of the 20th century was Anne Bancroft born?,Anne Bancroft was born in the 1930s.,1, born,9223,0,5,0.060703190817186184,1.696534514427185,-0.013096545094561929,1339.103515625,813.1133762994145,0.03554530441761017,0.473876953125,0.30279946
155,The Suez Canal connects the Mediterranean Sea to which other Sea?,The Suez Canal connects the Mediterranean Sea to the Red Sea.,1, Sea,15029,0,4,0.09891664911541702,1.6632192134857178,0.09973817724350731,1074.31103515625,432.2463414795523,0.028659194707870483,8.40625,0.9149304
156,Which rock star did Cindy Crawford name her first son after?,Cindy Crawford named her first son after the rock star **Freddie Mercury**,0, after,1283,0,6,0.0084443449873631,1.842008113861084,0.01261345662796387,1382.387451171875,877.9493520863224,0.058963701128959656,0.005039215087890625,2.0544724
157,Sun Yat Sen overthrew the emperor in which country establishing a republic after 2000 years of imperial rule?,China,1, rule,5912,0,5,0.03891112047177759,1.8036166429519653,-0.04813085267778483,1542.41064453125,737.6241257448434,0.030841607600450516,0.01026153564453125,0.5487675
158,Who designed the dress which made the most at Diana's dress auction?,The dress which made the most at Diana's dress auction was designed by David,0, auction,21165,0,8,0.13930207455770852,1.5610384941101074,-0.05179063484229385,1303.7294921875,797.4493647391891,0.051022790372371674,4.265625,0.85910475
159,Which Palestinian co-founded al Fatah in 1957?,Ahmed Shuqairi,0,7,22,1,1,0.0001447978096040438,1.6516348123550415,18.402015645110435,1407.65283203125,750.934372126948,0.06513199955224991,0.057708740234375,2.0649471
160,In which country was Earl Spencer's acrimonious divorce settlement heard?,The acrimonious divorce settlement of Earl Spencer was heard in the United Kingdom,0, heard,6617,0,6,0.04355123209772536,1.7187297344207764,-0.004795168008749684,1358.5594482421875,826.9409626608249,0.014822898432612419,5.69921875,1.7783484
161,"In which North African country was Mohammed Al-Fayed, owner of Harrods department store in London, born?","Mohammed Al-Fayed, the owner of Harrods department store in London",0, born,9223,0,5,0.060703190817186184,1.696534514427185,-0.013096545094561929,1333.47265625,851.4190691053303,0.0425041988492012,0.0034770965576171875,1.2412359
162,Aung San Suu Kyi is a controversial leader in which country?,Aung San Suu Kyi is a controversial leader in Myanmar.,1, country,3146,0,8,0.020706086773378266,1.7848823070526123,-0.04479972905568763,1240.0570068359375,809.8719009730809,0.04314589127898216,0.322021484375,0.15094316
163,Which of the founders of United Artists had the last name nearest the beginning of the alphabet?,"The founders of United Artists were Charlie Chaplin, Mary Pickford, Douglas",1, alphabet,27790,0,9,0.18290596040438079,1.6895134449005127,0.08204081278179176,1294.470947265625,759.0073840126797,0.02016071230173111,0.0202789306640625,1.9027137
164,"In La Cage Aux Folles, what was La Cage Aux Folles?",La Cage Aux Folles is a French musical that was first performed in,0,les,642,1,3,0.004225463352990733,1.7916191816329956,0.004462449227944365,1667.53857421875,870.9308937013507,0.0066601065918803215,6.4373016357421875e-06,0.6344738
165,Where was the Fiddler in the musical's title?,The Fiddler in the musical's title refers to the character of Te,0, title,2265,0,6,0.014907592670598147,1.8228745460510254,-0.10484262173291636,1358.7359619140625,727.2992244089445,0.009948210790753365,2.853515625,0.9822339
166,South Pacific was set during which war?,World War II,1, war,4116,0,4,0.027090353833192922,1.7052834033966064,0.013176407151126224,1235.38623046875,602.5104189384028,0.028704799711704254,0.57177734375,0.30303547
167,What percentage of the earth's surface is covered by Europe?,Europe covers about 5.4% of the Earth's surface.,0, Europe,4505,0,7,0.02965064237573715,1.7237880229949951,-0.15764637481281651,1220.526123046875,716.748144867745,0.025989387184381485,11.2734375,1.1250271
168,Which European town gave its name to a Treaty which symbolizes closer economic links between European countries?,Maastricht,1, countries,5837,0,10,0.03841749157540017,1.729595422744751,-0.028332682112636842,1493.7806396484375,880.823715461311,-0.002424651524052024,0.39599609375,1.5665814
169,Which home of champagne in France was also where the German High Command surrendered in WWII?,Reims,1, WWII,60030,0,5,0.39510056866048865,1.4510903358459473,0.07263422447983103,1291.530029296875,831.2169578153492,0.014693230390548706,1.9609375,0.85017556
170,Which was the first European city this century to open an underground railway system?,The first European city to open an underground railway system in this century (which,0, system,1849,0,7,0.012169597725358045,1.8354214429855347,-0.027579392991463614,1443.2340087890625,863.9856577556006,0.020733781158924103,1.2490234375,1.2146326
171,Who first drew Mickey Mouse when ?Disney first supplied the voice?,Walt Disney,0, voice,7743,0,6,0.05096224726200505,1.6879897117614746,0.08930635792683406,1495.3795166015625,784.4900423794503,0.03510671108961105,10.0546875,2.3203373
172,Which actress wrote the novel The Last of the Really Great Whangdoodles?,"The actress who wrote the novel ""The Last of the Really Great Whang",0,oodles,97121,1,6,0.6392230939342881,1.4006973505020142,0.06100940636750174,1406.9720458984375,957.6412715503332,0.006478860974311829,0.015655517578125,0.4956771
173,Who was the star of the film based on the record Harper Valley PTA by Jeannie C Riley?,Jeannie C. Riley,0, Riley,46835,0,6,0.30825479149115415,1.470287799835205,0.10230407947273035,1233.730224609375,839.0363780026647,0.013084609992802143,8.3515625,1.0281823
174,What color golf balls are used on the golf course in Antarctica?,The color of the golf balls used on the golf course in Antarctica is not,0, Antarctica,71687,0,11,0.47182366259477676,1.4485024213790894,-0.09332395135207294,1200.0048828125,779.3941861134638,0.019354769960045815,11.8828125,2.5775297
175,Throughout the 80s and 90s Phil Collins recorded on which record label?,The answer is PolyGram. Phil Collins was signed to PolyGram during the,0, label,2383,0,6,0.01568423546756529,1.7565739154815674,0.08417895559513422,1105.705078125,694.8903540699271,0.048666853457689285,0.035003662109375,2.9140635
176,On which label did Chuck Berry record in the 1950s and 1960s?,Chess Records,1,s,82,1,1,0.0005397009267059814,1.5838184356689453,1.9282471493904731,1409.092529296875,836.7203492835396,0.00223711971193552,0.0006155967712402344,1.6941721
177,What was the name of Michael Jackson's second wife?,Lisa Marie Presley,0, wife,7403,0,5,0.04872446293176074,1.6565725803375244,0.008379865779343021,1241.41259765625,840.7903983326687,0.02690964750945568,5.421875,2.0083632
178,Which US city was named after a British Prime Minister?,"Washington, D.C.",0, Minister,9486,0,9,0.062434182813816345,1.575903058052063,-0.014879681070254946,1283.5933837890625,720.6109062703883,0.018859559670090675,0.008148193359375,0.55307466
179,"""Who said, To err is human but it feels divine?""""""","""The quote 'To err is human, but to blunder is divine",0, divine,29367,0,7,0.19328533066554338,1.5699704885482788,-0.05444163076787145,1486.056640625,999.1407741022042,0.035991668701171875,2.642578125,0.6610338
180,Which singer had a big 60s No 1 with Roses Are Red?,The singer who had a big 60s No. 1 with,0, Red,3731,0,4,0.024556392165122155,1.754345417022705,0.10300364523946914,1389.04736328125,800.7565156794938,0.009401229210197926,0.0002560615539550781,0.92127484
181,What are the international registration letters of a vehicle from Iceland?,"The international registration letters of a vehicle from Iceland are the letters ""IS""",1, Iceland,38396,0,8,0.2527116680707666,1.4516363143920898,0.004371234242561695,1259.364990234375,780.0283783207985,0.043795712292194366,7.1171875,1.8396677
182,Where was the American venue of the Live Aid concert?,Philadelphia,1, concert,20830,0,8,0.13709719882055602,1.6268398761749268,0.0574595314421491,1110.7567138671875,573.1963605279125,0.014104096218943596,0.10546875,0.5505091
183,Which was the longest moon landing?,"The longest moon landing was the Apollo 17 mission, which lasted",1, landing,20327,0,8,0.13378659435551812,1.607260823249817,-0.034464622181522575,1020.3084716796875,385.9424889512949,0.05180605128407478,1.5908203125,0.23532136
184,Who had the most expensive presidential inauguration ceremony of the 20th century?,The most expensive presidential inauguration ceremony of the 20th century was that,0, century,9294,0,8,0.061170492839090145,1.6970765590667725,-0.06014197062374871,1357.7301025390625,816.6170524653589,0.025078073143959045,0.030426025390625,1.2457244
185,Who became Israel's head of state in 1993?,Yitzhak Rabin,0,3,18,1,1,0.0001184709351305813,1.5794754028320312,53.84191418260034,1452.8856201171875,782.3456482363333,0.07845301181077957,0.278564453125,1.2224627
186,"In WWII, who was the head of the Nazi party's security service?",Reinhard Heydrich,1, service,2473,0,8,0.016276590143218198,1.774577260017395,0.027980234473537813,1189.766845703125,534.1852648199008,0.03214417025446892,0.71435546875,1.0981417
187,Which President of the Philippines was deposed in 1986?,The President of the Philippines who was deposed in 1986,0,6,21,1,1,0.00013821609098567817,1.5665326118469238,21.581200252238826,1335.1414794921875,656.8884381882683,0.06296051293611526,0.018218994140625,1.1299213
188,"What kind of disaster claimed some 100,000 lives in Armenia in 1988?",The 1988 Armenian earthquake,1,8,23,1,1,0.00015137952822240943,1.6351768970489502,18.247345848185144,1232.7449951171875,793.0221617835563,0.07438754290342331,9.739398956298828e-05,0.8901757
189,Which state on the Gulf of Mexico is nearest the end of the alphabet?,The state on the Gulf of Mexico that is nearest to the end of the,0, alphabet,27790,0,9,0.18290596040438079,1.6895134449005127,0.08204081278179176,1465.819091796875,810.1373632736187,0.021624106913805008,11.8515625,0.70539755
190,Truax Field international airport is in which US state?,"Truax Field International Airport is located in the United States, specifically in",0, state,1584,0,6,0.010425442291491154,1.8099533319473267,-0.09757796202627356,879.1825561523438,383.1664069360511,0.052245911210775375,0.270751953125,1.3443049
191,In what month was the attack on Pearl Harbor?,The attack on Pearl Harbor occurred in December.,1, Harbor,39182,0,7,0.25788489890480204,1.515346884727478,0.12498664144051386,1650.74169921875,822.3215302568052,0.024464789777994156,0.0030059814453125,0.83264506
192,Who did Dr. Crippen murder?,"Dr. Crippen was accused of murdering his wife, Belle, in",1, murder,9901,0,7,0.06516559604043808,1.5665353536605835,0.060538255126294516,1253.231201171875,750.6324828136163,0.021673284471035004,2.001953125,1.7353292
193,"In the 1904 Olympics, how many of the 23 track and field titles were won by Americans?",22,0, Americans,8877,0,10,0.05842591617523168,1.6855076551437378,-0.052804120281972455,1159.677490234375,822.3161715275779,0.017600320279598236,1.72265625,0.9611147
194,The Black Hills lie between which two rivers?,The Black Hills lie between the Cimarron River and the Chey,0, rivers,35517,0,7,0.233762900168492,1.5621803998947144,-0.13453309464969587,1132.6025390625,593.218603857324,0.03326696902513504,1.6748046875,0.1140961
195,In what year was the first in-flight movie shown on an internal flight in the USA.,1927,0, USA,7279,0,4,0.047908329823083406,1.738377571105957,0.06726300586900091,1293.173828125,785.8948405525191,0.03656687214970589,3.1875,0.7407975
196,In which city was John Lennon murdered?,John Lennon was murdered in New York City.,1, murdered,31385,0,9,0.20656723883740521,1.405418038368225,-0.06520782851487805,1365.371337890625,765.3994949130633,0.03891434893012047,7.20703125,0.22105436
197,How was President Kennedy assassinated?,"President John F. Kennedy was assassinated on November 22,",0,inated,15479,1,6,0.10187842249368155,1.617114782333374,-0.04583070641566289,1454.1510009765625,712.1590641059898,-0.001173148863017559,4.76837158203125e-07,0.3861055
198,Which caped crusader operated in Gotham City?,Batman,1, City,4311,0,5,0.02837378896377422,1.7709825038909912,0.19198482969326136,1656.177734375,780.0781026679047,0.008285384625196457,0.394287109375,1.0319809
199,Who did Jack Ruby shoot in November 1963?,Jack Ruby shot Lee Harvey Oswald in November 1963.,1,3,18,1,1,0.0001184709351305813,1.5794754028320312,53.84191418260034,1372.9398193359375,706.4259172036743,0.07875814288854599,0.004062652587890625,0.7628128
200,Who was the first American to travel faster than the speed of sound?,Chuck Yeager,1, sound,5112,0,6,0.033645745577085086,1.7743927240371704,-0.22016724363405915,1222.0921630859375,481.50706232881197,0.01799708604812622,0.0032634735107421875,0.83631164
201,Who was the first US president Barbara Walters interviewed?,The first US president Barbara Walters interviewed was Richard Nixon.,1, interviewed,29047,0,12,0.19117918070766637,1.5332880020141602,-0.1035527272398018,1411.0455322265625,808.591798415516,0.010411334224045277,1.0771484375,2.0525343
202,Which orchestral conductor was married to one of the subjects of the film Hillary and Jackie?,The orchestral conductor married to one of the subjects of the film *Hillary,0, Jackie,50865,0,7,0.33477911752316764,1.4617342948913574,0.07902103056467391,1198.37744140625,818.1938259192033,0.035154543817043304,0.84130859375,2.8952546
203,Which writer and politician became Lord Tweedsmuir?,The writer and politician who became Lord Tweedsmuir was **John Buch,1,uir,20911,1,3,0.13763031802864364,1.560206651687622,0.08411882552776628,1247.453369140625,797.4799250374773,0.018092479556798935,0.00023508071899414062,1.5166259
204,In what year was the first Tarzan novel published?,"The first Tarzan novel, ""Tarzan of the Apes,"" was",0, published,4652,0,10,0.0306181550126369,1.758131504058838,0.03286636952461208,1293.35009765625,803.073266003987,0.030033085495233536,0.25830078125,0.36059976
205,In which country were motorized ambulances first used?,The first motorized ambulances were used in Germany during World War I,0, used,1483,0,5,0.009760688711036226,1.853902816772461,0.20063481081335865,1566.3409423828125,854.7417658371471,0.046553343534469604,0.8173828125,1.9045849
206,What is the Pacific terminus of the Trans Siberian Railway?,Vladivostok,1, Railway,54456,0,8,0.35841406908171863,1.6288975477218628,-0.03342342013887478,1410.552001953125,732.9700645160283,0.014241114258766174,0.482421875,1.2781459
207,What is the name of the mountain pass which lies between Pakistan and Afghanistan?,Khyber Pass,1, Afghanistan,20500,0,12,0.13492523167649537,1.5114351511001587,0.015727404582042137,1289.638427734375,732.2528227499097,0.03260922431945801,1.390625,0.5867743
208,"What is the name of the group of 1,196 islands in the North Indian Ocean, none bigger than five square miles?","The group of 1,196 islands in the North Indian Ocean",0, miles,8756,0,6,0.05762952822240944,1.7409682273864746,0.04664956407142151,1450.137451171875,901.3665401038177,0.015648243948817253,0.1409912109375,1.1592135
209,Which Syrian city is said to be the oldest continually inhabited city in the world?,Aleppo,0, world,1879,0,6,0.012367049283909014,1.8191484212875366,0.04429881683134207,1485.556396484375,824.278653943748,0.020986920222640038,0.06561279296875,1.1031809
210,Who was king of France at the time of the French Revolution?,Louis XVI,1, Revolution,22126,0,11,0.14562710614995789,1.673675537109375,0.08985630566246305,1242.7425537109375,741.7507565949686,0.021434899419546127,0.078369140625,1.0053507
211,What is the principal language of Bulgaria?,The principal language of Bulgaria is Bulgarian.,1, Bulgaria,58719,0,9,0.3864719355518113,1.3899248838424683,-0.0051496162696471615,1164.427001953125,803.5065714631122,-0.004168214742094278,10.125,0.7597821
212,"What is the name of the cathedral in Red Square, Moscow?","The name of the cathedral in Red Square, Moscow is the Cathedral of the",0, Moscow,22415,0,7,0.14752922283066555,1.5769191980361938,-0.004739376387151495,1266.375244140625,792.1219162542487,0.03143985569477081,0.09149169921875,0.79216987
213,Which country is known to its people as Suomen Tasavalta?,Finland,1,ta,2565,1,2,0.016882108256107836,1.7468311786651611,0.10514657692683915,1390.2279052734375,629.5989619527207,0.0451505184173584,0.00011014938354492188,0.27661657
214,Which crusade was led by Philip II Augustus of France and Richard I of England?,The Third Crusade,1, England,9448,0,8,0.06218407750631845,1.6887807846069336,-0.04533418307169379,1474.3111572265625,793.6812970872652,-0.004016462713479996,3.504753112792969e-05,0.71252733
215,In which Netherlands city does the United Nations International Court of Justice sit?,The Hague,1, sit,2444,0,4,0.016085720303285592,1.715266227722168,-0.04747546735484942,1190.6396484375,517.6823882593561,0.03042718954384327,3.076171875,1.2923436
216,"In which battle did Harold II, the last Saxon king, lose his life?",The Battle of Hastings,1, life,2272,0,5,0.014953664700926706,1.8380701541900635,0.08627073999958279,1465.6114501953125,749.1661932993826,0.022295605391263962,0.0094146728515625,0.95875216
217,Who proclaimed the People's Republic of China in 1949?,The People's Republic of China was proclaimed by Mao Zedong on October,1,9,24,1,1,0.00015796124684077506,1.6115447282791138,9.612222571418052,1392.26806640625,738.1815061355614,0.068997323513031,0.0006098747253417969,0.8481703
218,"Which wife of Henry VIII had already married twice before she became queen, and married for a fourth time after Henry's death?",Catherine of Aragon,0, death,4545,0,6,0.029913911120471776,1.7099767923355103,-0.0069030392734616974,1466.8988037109375,932.197505636817,0.010333111509680748,0.0010471343994140625,0.51440847
219,In which country is the castle that gives the Habsburg dynasty its name?,The castle that gives the Habsburg dynasty its name is located in Austria,0, name,829,0,5,0.005456244734625105,1.8392785787582397,0.01390981858990159,1316.04638671875,867.7578087567176,0.052945807576179504,0.01126861572265625,0.47675014
220,In which parliament has the UK 87 seats for members who are elected for a five0-year term?,"The UK has 87 seats in the European Parliament, which is elected",1, term,4647,0,5,0.030585246419545072,1.8168728351593018,-0.05851374206935667,1680.623779296875,901.1955594495707,0.015123340301215649,0.0287017822265625,1.7319363
221,What was the former name of the British Green Party?,The Green Party of England and Wales,0, Party,8554,0,6,0.05630002106149958,1.685369849205017,0.19811172674696786,1350.67236328125,788.6095719274002,0.046219777315855026,0.27587890625,0.36858204
222,"""What is the more common name of the """"simple plurality"""" system of voting?""","The more common name of the ""simple plurality"" system of voting is the",0, voting,15668,0,7,0.10312236731255266,1.6310389041900635,-0.09893202502686549,1223.268310546875,769.7632514632057,0.03740522637963295,0.9169921875,0.42790157
223,What word for unthinking patriotism is derived from the name of one of Napoleon's admirers?,jingoism,0,ers,388,1,3,0.0025537068239258635,1.7345987558364868,0.2541402758244571,1381.38623046875,870.1698561468884,0.018416211009025574,0.451171875,3.731538
224,Which builder of steam engines formed a successful partnership with Matthew Boulton?,James Watt,1,ton,777,1,3,0.005113995366470093,1.782126784324646,0.0004121045660570033,1398.3955078125,792.713429719197,0.012991176918148994,9.40561294555664e-05,0.1481803
225,What was the nickname of the French singer Edith Piaf?,La Môme,0,f,69,1,1,0.0004541385846672283,1.6447949409484863,1.1914051869190514,1325.3905029296875,725.6905204849988,0.052512627094984055,5.7578086853027344e-05,1.0443493
226,Whose birthday is celebrated by a public holiday on the third Monday in January in the USA?,Martin Luther King Jr.,1, USA,7279,0,4,0.047908329823083406,1.738377571105957,0.06726300586900091,1231.6611328125,733.8148546307278,0.02817067690193653,4.75390625,0.94033015
227,What type of coal is brown and fibrous?,Lignite,1,rous,26522,1,4,0.17456034119629318,1.6080210208892822,-0.03191392593135012,1548.793701171875,693.2783870607984,0.014133377000689507,0.00013780593872070312,1.6712384
228,What raw material is used for making glass?,"Glass is made from sand, soda ash, and limestone.",1, glass,8991,0,6,0.05917623209772536,1.732814908027649,0.13588171472233102,1385.8375244140625,692.581529421185,0.03680664673447609,3.869140625,1.4866751
229,What kind of an organism is a truffle?,"A truffle is a type of subterranean fungus, specifically a member",1,uffle,13208,1,5,0.0869313395113732,1.6005933284759521,-0.004540144289404413,1069.2750244140625,683.1032204933146,-0.018741421401500702,2.4921875,0.71492994
230,What is the name of the strong material found in plant cell walls?,Cellulose.,1, walls,14285,0,6,0.094019850463353,1.671018362045288,-0.004820622025734966,1418.5098876953125,806.8452668791883,0.03234759345650673,0.00469970703125,1.2446765
231,What name is given to the change of state from liquid to gas?,Evaporation,1, gas,6819,0,4,0.04488073925863521,1.755429744720459,-0.14560797141025894,1259.66064453125,643.0741189299458,0.022714834660291672,0.1285400390625,1.9383899
232,"Which branch of science has four fundamental principles: addition, subtraction, multiplication, and division.",Arithmetic,1, division,12804,0,9,0.08427232518955349,1.7798532247543335,-0.04106609182669585,1402.995849609375,900.6940750558728,0.053368501365184784,0.0015583038330078125,1.8490599
233,What is the force that opposes the relative motion of two bodies that are in contact?,Friction,1, contact,3645,0,8,0.023990364363942713,1.7744247913360596,0.05683281646320326,1306.2216796875,867.7552632835856,0.05012756586074829,0.0032787322998046875,0.86794436
234,What is the fastest animal on two legs?,The fastest animal on two legs is the ostrich. Ostriches,1, legs,14201,0,5,0.09346698609941027,1.6859225034713745,0.04772310006886782,1304.8896484375,811.5647433389753,0.022085094824433327,0.0117645263671875,0.3929347
235,What is the green pigment used by plants to trap sunlight?,Chlorophyll.,1, sunlight,39020,0,9,0.2568186604886268,1.6708301305770874,0.27043980620736763,1318.915771484375,712.2235362113028,0.04311038926243782,0.90966796875,1.233541
236,What id the name given to the study of birds?,Ornithology,1, birds,19654,0,6,0.12935709772535806,1.6201307773590088,-0.06203838017607621,1328.46923828125,803.7892457937422,0.016551822423934937,5.578125,0.5221629
237,"Of which reptile are there only two species, one living in the Mississippi and the other in China?",Alligator,1, China,5616,0,6,0.03696293176074136,1.7276233434677124,-0.14775595723275758,1216.12060546875,786.5401587829714,0.031287092715501785,4.91015625,1.1975317
238,"What type of seaweed grows up to 100 meters in length, and is farmed for its alginates?",Kelp,1,ates,973,1,4,0.006404012215669756,1.7039285898208618,-0.09504500542396421,1419.29736328125,805.0258982128769,0.0005068480968475342,1.931640625,1.7685143
239,Where in a vertebrate would you find the protein myoglobin?,"Myoglobin is found in the muscle cells of vertebrates, where it serves",0,oglobin,93755,1,7,0.6170690290648694,1.5681761503219604,-0.05713089878877886,1132.73583984375,611.8523234076744,0.020530810579657555,2.37890625,0.9851445
240,"What is the most abundant substance in the plant kingdom, which no mammal produces the enzyme to digest?",Cellulose,1, digest,20882,0,7,0.13743944818871104,1.6139578819274902,0.20103116108394348,1531.3673095703125,893.5574695182459,0.040130652487277985,0.46875,0.49159515
241,"Which family of insects has species named 'drivers', 'weavers', 'and even individuals called 'soldiers'?","The family of insects that has species named 'drivers', 'weavers',",0,iers,4813,1,4,0.031677811710193765,1.7098790407180786,-0.029509885341649333,2058.5498046875,1350.9798602776993,-0.011802595108747482,0.05328369140625,1.2195966
242,What name is given to the study of animal behavior?,The study of animal behavior is called ethology. Ethologists study the behavior,1, behavior,7709,0,9,0.05073846882898062,1.7935001850128174,0.0533308369849852,1292.53759765625,800.6438651510055,0.03739108145236969,0.53173828125,1.6175226
243,Mosses are classified as belonging to which part of the plant kingdom?,"The plant kingdom is divided into several groups, including algae, fungi, b",0, kingdom,25079,0,8,0.16506292122999158,1.6010305881500244,0.06205762750027377,970.2767944335938,411.6778439613665,0.03635492920875549,0.03497314453125,2.6729305
244,"Which rodent rears its young, called kittens, in a nest called a drey?",A squirrel,1,rey,8073,1,3,0.053134214406065715,1.6959539651870728,0.00043941391951074493,1393.029296875,772.9633308838148,0.019971759989857674,3.1948089599609375e-05,0.56656885
245,What has a central vein called a midrib?,A leaf.,1,rib,1897,1,3,0.012485520219039595,1.6656923294067383,0.0328670076764368,1219.1973876953125,583.9831671529587,0.005473422817885876,1.4814453125,0.20260186
246,"Which mammal constructs a lodge in which to store food, rear young, and pass the winter?","A beaver constructs a lodge in which to store food, rear young,",1, winter,12406,0,7,0.08165280117944397,1.6330182552337646,-0.1292229049195739,1327.527587890625,770.8665778170063,0.01980677805840969,0.079345703125,1.2078664
247,What is the generic word for plants that grow in water or water-logged conditions?,Hydrophytes,1, conditions,4682,0,11,0.03081560657118787,1.8183776140213013,0.06237656570951966,1324.040283203125,889.3501640838685,0.03784842789173126,4.609375,2.3153358
248,"Which teeth are the third molars, and are always the last to0 erupt?","The third molars are the wisdom teeth, and they are always the last",1, erupt,43679,0,6,0.28748288753159223,1.3608601093292236,-0.03770529588833549,1171.8099365234375,827.535584597136,0.027724366635084152,0.43310546875,0.88684005
249,What is secreted by the pancreas to regulate blood sugar levels?,Insulin and glucagon.,1, levels,5866,0,7,0.03860836141533277,1.7875205278396606,0.07034784876450573,1418.963134765625,751.328399336169,0.03253339231014252,0.8212890625,0.8994187
250,How many chambers has the heart?,The heart has four chambers: two atria and two ventricles.,1, heart,4746,0,6,0.03123683656276327,1.7531286478042603,-0.15351157830513618,1535.506103515625,743.3540772395507,0.027260953560471535,1.52734375,0.34926298
251,What is the name of the large buttock and thigh muscle?,The gluteus maximus.,1, muscle,15747,0,7,0.10364232308340354,1.6717462539672852,-0.0490975704327945,1517.715576171875,760.0378133531239,-0.013980423100292683,0.56982421875,0.72484905
252,"When the egg is released from the ovary, what is left behind?",The corpus luteum,1, behind,4815,0,7,0.031690975147430495,1.7702542543411255,-0.004533344796383787,1486.677490234375,771.7340462935778,0.023283982649445534,0.041778564453125,1.271759
253,What is the scientific name for the heart's pacemaker?,The scientific name for the heart's pacemaker is the sinoatrial node,1,emaker,58675,1,6,0.3861823399326032,1.5319546461105347,0.0018218948658681455,1243.8551025390625,634.8267220328092,0.02234138734638691,0.0012073516845703125,0.23062548
254,Which hormone helps control ovulation?,The hormone that helps control ovulation is **luteinizing hormone (,1,ulation,2914,1,7,0.01917912805391744,1.71604323387146,0.04875378190581303,1438.2501220703125,721.3884776088455,0.015863975510001183,0.002231597900390625,1.2651048
255,What is the second most common gas in the atmosphere?,The second most common gas in the atmosphere is oxygen. The atmosphere is composed,1, atmosphere,16566,0,11,0.10903275063184499,1.7219792604446411,0.10867326876832761,1324.558349609375,707.8706754199823,0.040103305131196976,0.399169921875,0.6496923
256,What is the term for nutrient enrichment of lakes?,Eutrophication,1, lakes,43136,0,6,0.2839090143218197,1.5212606191635132,0.016568020072174505,1406.20361328125,779.3443887176322,0.017571348696947098,4.21875,0.67962325
257,Five-legged creatures have damaged which 1250 mile long wonder of the world?,The Great Wall of China,0, world,1879,0,6,0.012367049283909014,1.8191484212875366,0.04429881683134207,1389.5086669921875,715.5308111803228,0.021480223163962364,1.025390625,0.8337522
258,Which radioactive substance sometimes occurs naturally in spring water?,Radon,1, water,3015,0,6,0.019843881634372368,1.807845115661621,0.10540894618329544,1426.2271728515625,719.1801622679341,0.014044838026165962,0.0297698974609375,0.765863
259,What is the approximate circumference of the earth?,"The Earth's circumference is approximately 40,075 kilometers (",0, earth,9393,0,6,0.06182208298230834,1.7395004034042358,-0.13177835210997868,1370.7310791015625,630.5525077026738,0.01827051118016243,4.87890625,0.49233794
260,"Which common mineral is used to make casts, moulds, blackboard chalk and plaster of Paris?",Gypsum,1, Paris,12095,0,6,0.07960588668913227,1.6724499464035034,0.11968902790342106,1404.642333984375,853.8003013614954,0.02401692420244217,0.1622314453125,0.6167422
261,What name was given to the invisible material once thought to occupy all space?,aether,1, space,3550,0,6,0.023365101095197977,1.8251210451126099,0.08896819207302453,947.5690307617188,381.83484388270415,0.049844447523355484,0.2261962890625,0.9778778
262,From which areas of space can there be no escape?,From a black hole.,1, escape,12449,0,7,0.0819358150800337,1.6906899213790894,0.06378301165769162,1166.6771240234375,624.5723690091706,0.03360074758529663,3.3046875,1.5845339
263,Who was the first man to walk on the Moon?,The first man to walk on the Moon was Neil Armstrong. He was an,1, Moon,17330,0,5,0.11406118365627632,1.6968119144439697,0.07698442537043038,1240.986328125,730.7615541949557,0.041419271379709244,1.462890625,0.4241089
264,Proteus and Nereid are moons of which planet?,Neptune,1, planet,11580,0,7,0.07621630160067397,1.72483491897583,0.10907642190289701,1145.8333740234375,533.5224102282349,0.04816333204507828,0.005275726318359375,1.4902159
265,What is the Milky Way?,"The Milky Way is a barred spiral galaxy that contains our Solar System, which",1, Way,12149,0,4,0.079961299494524,1.6883018016815186,0.045410021038659654,1416.376708984375,859.1828101060769,0.005107146687805653,0.002414703369140625,0.09285116
266,Which force is nothing more than the bending of space and time?,Gravity,1, time,882,0,5,0.005805075821398484,1.7933825254440308,0.21597275743657507,1587.034912109375,832.8373927825297,0.02701197937130928,0.004138946533203125,1.5801477
267,"Which star is as bright as 23 Suns, and is orbited by the Pup?","The star is called the ""Pup"" itself, which is a star",0,up,454,1,2,0.002988100252737995,1.748632788658142,0.08274517474524412,786.6900634765625,0.8729995628509521,0.023017361760139465,0.99169921875,1.5343856
268,What are the three primary colours of light?,"The three primary colours of light are red, green, and blue. These",0, light,3100,0,6,0.020403327716933446,1.7965967655181885,-0.15792472395665724,1272.885009765625,640.0606974046931,0.0025901668705046177,0.1380615234375,0.74438065
269,In what film did Oprah Winfrey make her big screen acting debut?,"The film in which Oprah Winfrey made her big screen acting debut was """,0, debut,17306,0,6,0.11390322240943555,1.5355364084243774,-0.0015316445468078754,1200.665283203125,744.4969711859503,0.029018906876444817,0.00019311904907226562,0.32382295
270,What is the second lightest chemical element?,"The second lightest chemical element is helium, with an atomic number of",1, element,2392,0,8,0.01574347093513058,1.8133900165557861,0.05288083339808747,1420.8721923828125,875.7379608650994,0.017459435388445854,0.0709228515625,1.3901141
271,"Used in mathematics, what is the value of Pi to three decimal places?",3.142,1, places,7482,0,7,0.04924441870261163,1.7725707292556763,-0.016246191880420646,1333.07568359375,773.8622928632795,0.020231448113918304,0.0028095245361328125,1.0444307
272,"What colour is the number 10 on the door of 10 Downing Street? White, Yellow or Brown?",The number 10 on the door of 10 Downing Street is,0, Brown,10471,0,6,0.06891717565290649,1.7289499044418335,-0.06445995009339711,1369.155029296875,913.1466251038713,0.03494246304035187,3.916015625,1.2827139
273,What was advertised with Eva Herzagovia using the slogan hello boys?,"The answer is ""The New York Times"". ",0, boys,13007,0,5,0.08560841406908172,1.7068846225738525,0.10117586727506955,1757.9794921875,1079.391070697354,0.02654435858130455,7.05078125,1.2163398
274,What number in Bingo is sometimes referred to as Heinz varieties?,5,0, varieties,35580,0,10,0.23417754844144903,1.6739879846572876,-0.09312023313386097,1368.7786865234375,879.725607849411,0.03450325131416321,19.859375,0.9387998
275,"As at March 2001, who holds the record for scoring the most league goals for the soccer team Arsenal?","As of March 2001, the record for scoring the most",0, Arsenal,32002,0,8,0.21062815922493683,1.3719563484191895,-0.05988342809241898,708.9854736328125,266.6339985746768,0.03290226310491562,3.80859375,0.7477868
276,How many verses make up the national anthem God Save The Queen?,"The national anthem ""God Save the Queen"" consists of 3 verses.",1, Queen,16259,0,6,0.10701216301600674,1.6403371095657349,0.020975020386796217,1512.217529296875,733.1856815659287,0.03003963641822338,0.1551513671875,0.84591377
277,What colour is the cross on the national flag of Switzerland?,White,1, Switzerland,29121,0,12,0.19166622788542545,1.5211167335510254,-0.0006825674202404208,1035.001220703125,709.9357116746008,0.024130256846547127,2.94140625,0.81882954
278,Who was the American President when the Berlin Wall was constructed?,The American President when the Berlin Wall was constructed was Dwight D. Eisenhower.,0, constructed,20346,0,12,0.13391164700926705,1.7454900741577148,-0.0005425289573848247,1335.50048828125,799.7068900385902,0.05780554190278053,2.1484375,0.45162496
279,What is the minimum number of darts a person needs to throw to complete a leg from 501?,The minimum number of darts is 3. This is because the highest,0,1,16,1,1,0.00010530749789385004,1.570737600326538,240.21470640566866,960.1010131835938,362.27558128317906,0.07140664756298065,0.00908660888671875,1.313163
280,What was the first British football team to win the European Cup?,The first British football team to win the European Cup was the team from which,0, Cup,10861,0,4,0.07148404591406908,1.6675267219543457,0.0568813099971357,1035.468505859375,406.51795587975045,0.022146102041006088,0.009521484375,0.39698842
281,What is the most popular natural attraction in Alaska?,"Denali National Park and Preserve, which is home to Denali, the",1, Alaska,27267,0,7,0.17946372156697557,1.6006364822387695,0.034307244057351305,1099.6759033203125,660.244174695563,0.03525332733988762,5.85546875,0.3769673
282,"What type of acid is extracted from the juice of lemons, oranges, limes, and grapefruit?",Citric acid,1,fruit,35598,1,5,0.23429601937657962,1.6373330354690552,-0.10501011939292892,1444.7196044921875,754.598951978908,0.01973036304116249,1.75390625,0.5467827
283,How many pieces are there in a standard set of dominoes?,A standard set of dominoes contains 28 pieces.,1,es,288,1,2,0.0018955349620893007,1.7042033672332764,0.5063538320956482,995.1555786132812,560.6732366762975,0.011304724961519241,0.0006985664367675781,0.6167151
284,What is the acronym for the agency which provides co-operation between police forces worldwide?,INTERPOL,1, worldwide,15245,0,10,0.10033830033698399,1.6888041496276855,0.03782191322862216,1498.4537353515625,961.6388037033755,0.009301019832491875,7.26953125,0.33255693
285,"What were Benjy and Laska, which were sent into space in 1958?",Benjy and Laska were two of the first animals to be sent,0,8,23,1,1,0.00015137952822240943,1.6351768970489502,18.247345848185144,1484.636474609375,856.0224360028607,0.06319112330675125,3.486328125,1.1548631
286,In what year in the 20th century was the Miss World contest held for the first time?,The Miss World contest was first held in the year 1951,1, time,882,0,5,0.005805075821398484,1.7933825254440308,0.21597275743657507,1493.92919921875,807.3343367728431,0.010301241651177406,0.00077056884765625,0.6153658
287,In which year was the Encyclopedia Britannica first published?,The Encyclopedia Britannica was first published in 1768.,1, published,4652,0,10,0.0306181550126369,1.758131504058838,0.03286636952461208,1330.4510498046875,811.5107574116828,0.03855875879526138,0.0255126953125,0.10939573
288,"On the London Underground, which is the only line to connect at some point with every other line on the system?",The Metropolitan Line,0, system,1849,0,7,0.012169597725358045,1.8354214429855347,-0.027579392991463614,1358.72802734375,905.2242847472661,0.030941320583224297,1.9462890625,0.2820605
289,Who wrote The Importance Of Being Earnest?,The Importance of Being Earnest was written by Oscar Wilde. It is a,1,est,477,1,3,0.0031394797809604046,1.7952566146850586,0.10972496685254729,1248.7958984375,734.9502880344293,0.0057778675109148026,2.6226043701171875e-06,0.8595633
290,"Thomas Edison, who invented the lightbulb, was afraid of the dark?","Thomas Edison, who invented the lightbulb, was afraid of the dark",0, dark,6319,0,5,0.0415898799494524,1.729440450668335,-0.08018002893378284,1020.9921875,506.65364274242944,0.009914354421198368,3.1948089599609375e-05,1.7508805
291,Taphephobia is the fear of losing your teeth?,False.,1, teeth,17832,0,6,0.11736520640269588,1.63985276222229,0.03676893919757651,1331.5633544921875,798.9316664574862,0.023193800821900368,8.6796875,0.7789194
292,The letter t is the second most common letter used in the English language?,"No, the letter t is not the second most common letter used in the",0, language,4128,0,9,0.02716933445661331,1.8179924488067627,0.017710588862073884,1242.7506103515625,595.6763925593165,0.037382934242486954,0.005008697509765625,1.2923049
293,"The invention of what in 1867, made Alfred Nobel famous?",dynamite,1, famous,11245,0,7,0.07401142586352148,1.7208611965179443,-0.04487521359495039,1340.9510498046875,762.860597906229,0.01647653803229332,5.55859375,0.31862813
294,What is the most populated city in America?,The most populated city in America is New York City.,1, America,5159,0,8,0.03395508635214827,1.7398096323013306,-0.0490099296472315,1277.9075927734375,664.8057711474347,0.0022406659554690123,6.7265625,0.8439297
295,What is the only letter of the alphabet which does not appear in any of the names of the 50 American states?,"The letter ""q"" is the only letter of the alphabet that does not",1, states,5302,0,7,0.03489627211457456,1.762466311454773,0.14538670153361322,1243.701171875,848.5802225867585,0.02873200550675392,0.038055419921875,0.1011949
296,What was the Spice Girls' debut single called?,Wannabe,1, called,2598,0,7,0.0170993049705139,1.8910608291625977,0.004024645252740822,1366.0992431640625,904.8772342583787,0.008401680737733841,3.88671875,0.65971696
297,What are the only two musical notes which have no flats?,The only two musical notes which have no flats are C and F.,1, flats,60357,0,6,0.3972527906486942,1.4321842193603516,-0.03148945227905875,1527.2808837890625,927.0848274914256,0.040289077907800674,6.1171875,1.7000954
298,"From which country do French fries originate? France, Belgium or Switzerland?",Belgium,0, Switzerland,29121,0,12,0.19166622788542545,1.5211167335510254,-0.0006825674202404208,1278.34423828125,880.2582848221829,0.014230640605092049,11.34375,2.0920975
299,For what novel did J. K. Rowling win the 1999 Whitbread Children's book of the year award?,J. K. Rowling won the 1999 Whitbread Children,0, award,10084,0,6,0.066370050547599,1.6319115161895752,-0.016404223983078836,1303.2076416015625,778.3699360288825,0.021588891744613647,0.119384765625,1.1548079
300,What is the longest word can be typed using only the top row of letters on a typewriter?,"The longest word is ""typewriter"" which has 11 letters.",1,ewriter,72480,1,7,0.4770429654591407,1.4965462684631348,-0.005990305682244568,1335.677978515625,717.7049633741273,0.01621726155281067,0.0030651092529296875,0.44377345
301,In which city would you find O'Hare International Airport?,Chicago,1, Airport,20691,0,8,0.1361823399326032,1.5699023008346558,-0.02540592768667782,1162.7261962890625,611.1261597785737,0.007823838852345943,0.0032558441162109375,0.8901224
302,Which Asian country was once called Siam?,Thailand,1,iam,4932,1,3,0.032461036225779276,1.740657925605774,-0.03565460904694273,1398.2794189453125,767.7541783470292,0.04641711711883545,0.04449462890625,0.09995732
303,What are the names of Donald Duck's three nephews?,"The three nephews of Donald Duck are Huey, Dewey, and",1,ews,27744,1,3,0.18260320134793598,1.639315128326416,0.1341761200212015,1150.1865234375,782.3002839819569,0.01572839543223381,3.5762786865234375e-07,0.5617372
304,"In which 1993 film does a boy called Jonah write to a woman called Annie, asking her to meet his father at the Empire State building on St. Valentine's Day?","The answer is ""The Lion King."" Wait, no, that's not",0, Day,6059,0,4,0.039878633108677335,1.7765408754348755,-0.06567442516349287,1257.28125,828.8164490727632,0.005038429517298937,0.1434326171875,0.7596432
305,Who had a top ten hit in 1988 with Valentine?,"The band was The Bangles. The song was ""Eternal Flame""",0, Valentine,38769,0,10,0.25516664911541703,1.5290868282318115,-0.0441514733556887,820.85302734375,87.88230437403611,0.03315337002277374,14.96875,0.9188916
306,What is the second most common word in written English?,"The second most common word in written English is ""the"". ",0, English,6364,0,8,0.04188605728727885,1.7815693616867065,-0.11521232801714776,1306.3878173828125,799.5969155201728,0.04698925465345383,0.095458984375,0.7886986
307,"In which arcade game, would you find ghosts called Inky, Pinky, Blinky and Clyde?",Pac-Man,1, Clyde,90394,0,6,0.5949478727885426,1.4236631393432617,0.047146762679071585,1335.249755859375,754.1027556104649,0.032690372318029404,0.376708984375,0.10795957
308,"More commonly known as the thigh bone, what is the medical name for the longest bone in the human body?",The femur,1, body,2487,0,5,0.016368734203875315,1.8188788890838623,0.072666644669241,1184.9532470703125,703.3388787160247,0.008972152136266232,0.00031256675720214844,0.3528766
309,"What word is used to describe someone who is neither left or right handed, but can use both hands with equal ease?",ambidextrous,1, ease,14219,0,5,0.09358545703454085,1.6614896059036255,0.12123743382480345,1522.1456298828125,938.0851101007227,-0.0020172593649476767,1.587890625,0.7377085
310,"Which cult film, starring Harrison Ford, was based on the story Do Androids Dream of Electric Sheep?",Blade Runner,1, Sheep,82908,0,6,0.5456771272114574,1.419291377067566,-0.02605732760202928,1537.698974609375,1250.2159406358458,0.0024408535100519657,0.00021791458129882812,0.06634393
311,"Which ITV magazine style show ran from 1968 to 1980 and featured presenters including Jenny Hanley, Mick Robertson and Tommy Boyd?","The answer is ""This Is Your Life"". Wait, no, that's",0, Boyd,62621,0,5,0.41215380160067394,1.5146759748458862,0.08341579999265436,1292.9100341796875,928.841176927356,0.03169192373752594,7.15625,1.4106799
312,Which type of animal was Robin Hood in the Disney cartoon film 'Robin Hood'?,Robin Hood is a human in the Disney cartoon film 'Robin Hood'. The,0, Hood,35343,0,5,0.2326176811288964,1.5003666877746582,-0.18850516020181773,911.58447265625,188.78238572559172,0.019217953085899353,1.3947486877441406e-05,0.91481614
313,Who provided the voice for Bob The Builder on his number one hit Can We Fix It?,"The voice of Bob the Builder on his number one hit ""Can We Fix",0, It,1084,0,3,0.00713458298230834,1.7664319276809692,0.05250504931497346,1577.4625244140625,933.9438486143489,0.030975310131907463,0.017333984375,1.0875031
314,Which actor received 4 million dollars for his 10 minutes on screen in the film Superman?,The actor who received $4 million for his 10 minutes on screen,0, Superman,37709,0,9,0.24819002737994944,1.4357099533081055,0.09612000073710414,1079.1754150390625,510.7050886196289,0.01771550253033638,7.578125,0.6802563
315,"Who directed the films Thelma and Louise, Hannibal and Black Hawk Down?",Ridley Scott,1, Down,6285,0,5,0.04136610151642797,1.6622109413146973,-0.013679972551032815,1322.5826416015625,858.0710518818653,0.03446730971336365,0.00013196468353271484,1.6946511
316,"Which serial killer is the subject of the films A Study In Terror, Murder By Decree and From Hell?",Jack the Ripper,1, Hell,23887,0,5,0.15721751263689976,1.5853279829025269,0.02048966608333158,1279.8111572265625,964.1665631490093,0.0318671315908432,0.94677734375,0.7762102
317,"In cricket, what is the score of 111 known as?","A ""duck""",0, as,438,0,3,0.002882792754844145,1.6983020305633545,1.8457146229690533,1406.419189453125,825.8416910039085,0.03461187705397606,0.0013895034790039062,1.8622468
318,"Who wrote the novels About A Boy, How To Be Good and High Fidelity?",Nick Hornby,1,idelity,45101,1,7,0.29684209140690815,1.5243273973464966,-0.11581560800383928,1434.2275390625,941.4129436194744,0.02519356459379196,0.0002224445343017578,0.66516745
319,"With which game would you use a squidger, a circular disc between 25mm and 51 mm?",The game is croquet. A squidger is a circular disc used in,0, mm,9465,0,3,0.062295966722830665,1.6857010126113892,-0.015541133997813095,1391.01904296875,738.7084333896462,0.040469907224178314,4.60546875,2.5805018
320,The melody for which famous song was written by sisters and school teachers Patty and Mildred Hill in Kentucky in 1893?,"The answer is ""Happy Birthday to You."" The song was originally written as",1,3,18,1,1,0.0001184709351305813,1.5794754028320312,53.84191418260034,1271.2130126953125,817.9676787011163,0.07614337652921677,0.09014892578125,0.70645475
321,What is the most common pub name in the UK?,"The most common pub name in the UK is ""The Crown"".",0, UK,6424,0,3,0.04228096040438079,1.722499966621399,-0.004682455791640727,1183.8280029296875,659.1190095953232,0.02369585819542408,0.1356201171875,0.19841208
322,What is the name of Kevin the teenager's friend played by Kathy Burke in a series of sketches with Harry Enfield?,The name of Kevin the teenager's friend played by Kathy Burke in a series,0,field,2566,1,5,0.0168886899747262,1.7770731449127197,-0.042755204957355186,1321.2733154296875,777.2142086943248,0.03484030067920685,0.0004794597625732422,3.911433
323,"What seven letter word, beginning with the letters 'Ra' is a palindrome?","Radar is a palindrome, but it's only five letters. The question is",0, palindrome,73097,0,11,0.4811038858466723,1.6611287593841553,0.22056731849945477,1437.1439208984375,822.8395539003936,0.024712348356842995,6.33203125,1.9020208
324,Which fruit can go in the middle of the word aped to make a new word?,"The fruit that can go in the middle of the word ""aped"" to",0, word,3409,0,5,0.022437078770008424,1.8380664587020874,-0.13089856249021947,1561.150634765625,810.6160866155086,0.04142162203788757,0.01158905029296875,2.5425265
325,How many scottish football league teams names end in United?,1,0, United,3639,0,7,0.023950874052232517,1.7507563829421997,0.022901054578923663,1460.0225830078125,886.8464535309695,0.024273017421364784,8.3125,0.6141918
326,Who had a top ten hit in the UK with Cupid in 1961?,"The song ""Cupid"" was a top ten hit in the UK in",0,1,16,1,1,0.00010530749789385004,1.570737600326538,240.21470640566866,1199.433349609375,642.7423325072419,0.0829632356762886,3.1015625,0.8542452
327,The theme tune to which TV show starts with the line Stick a pony in me pocket?,"The theme tune to the TV show ""The Prisoner"" starts with the",0, pocket,17822,0,7,0.11729938921651221,1.6290947198867798,-0.09382056312588416,1234.5177001953125,669.2146810560417,0.019613122567534447,10.6484375,0.0072016357
328,What word is given to a point in tennis which has to be replayed?,Let,1,ed,291,1,2,0.0019152801179443976,1.6011055707931519,0.6176355141222682,1702.42333984375,1019.6260486091304,-0.006553526967763901,8.71419906616211e-05,1.0318768
329,How many episodes of Prisoner: Cell Block H were made?,13,0, made,1865,0,5,0.012274905223251895,1.8394991159439087,0.10370801037848443,1252.458251953125,735.2677322916977,0.04300035163760185,0.806640625,1.5449208
330,Who is the last English-born player to win the men's singles title at Wimbledon?,The last English-born player to win the men's singles title at Wimbledon is,0, Wimbledon,90157,0,10,0.5933880054759899,1.3658113479614258,-0.10044402735293811,934.8607177734375,464.4854521286951,0.023675672709941864,0.33154296875,0.21447314
331,"Which famous painter's surname was Harmenzoon van Rijn which translated as son of Harmen, of the Rhine?","The famous painter whose surname was Harmenzoon van Rijn, translating to",0,ine,482,1,3,0.0031723883740522327,1.8018624782562256,0.03433273657623648,1741.17724609375,910.6001920195572,0.02706550993025303,4.4345855712890625e-05,1.0873275
332,"In 1976, which gymnast scored 7 maximum scores of 10 as she won three gold medals, one silver and one bronze?","In 1976, the gymnast who scored 7 maximum",0, bronze,39807,0,7,0.26199847304128054,1.5797938108444214,-0.05039582861655845,1492.309326171875,855.9579579917709,0.023056255653500557,0.0001226663589477539,1.3244772
333,"In years and days, how old was Luigina Giavotti when she won a silver medal in gymnastics in 1928, and is still the youngest medal winner today?",Luigina Giavotti was 14 years and 29,0, today,3351,0,6,0.02205533909014322,1.8169143199920654,-0.08987804787885434,1401.98046875,940.0949521625429,0.02079218067228794,6.98046875,1.2039526
334,Which Eastenders actor has played the policeman Nick Rowan on TV?,The Eastenders actor who has played the policeman Nick Rowan on TV is,0, TV,5883,0,3,0.03872025063184499,1.7274234294891357,-0.2130406518520016,1306.701171875,469.3909176368804,0.03349607437849045,4.7578125,4.277033
335,"What type of animal was Boris, the subject of a song by The Who?",Boris the Spider,1, Who,10479,0,4,0.06896982940185341,1.71294105052948,0.045606553581824194,1161.7127685546875,752.249454922395,0.0439273975789547,3.095703125,1.0555582
336,Which brand of beer does Homer Simpson drink regularly?,Duff Beer,1, regularly,15502,0,10,0.10202980202190395,1.670059084892273,-0.07739370771202259,1373.56591796875,855.425173001479,0.025855928659439087,5.8984375,1.1502972
337,From which animal does Haggis come?,"Haggis is a traditional Scottish dish made from sheep's organs, specifically",1, come,2525,0,5,0.01661883951137321,1.792771577835083,0.001602783630019644,1531.119873046875,815.6790313634447,0.04066900536417961,0.93359375,1.3953941
338,"In which country was Marie Curie born? Poland, Austria or Switzerland?",Marie Curie was born in Poland.,1, Switzerland,29121,0,12,0.19166622788542545,1.5211167335510254,-0.0006825674202404208,1247.4722900390625,903.6003481661077,0.014096127822995186,6.18359375,0.6152546
339,"What is the most common blood type in humans? A, B or O?",The most common blood type in humans is O. This is because the O,1, O,506,0,2,0.0033303496208930074,1.7694566249847412,0.09113842101624803,1503.798828125,811.6315315353477,0.04013654962182045,1.4208984375,0.7085281
340,Which P is the correct technical term for the art of making and displaying fireworks?,Pyrotechnics,1, fireworks,51833,0,10,0.34115022114574556,1.4716535806655884,0.005989946985421213,1281.3192138671875,827.7292351230742,0.012399186380207539,4.984375,0.53322536
341,Which King did Guy Fawkes attempt to kill with his gunpowder plot?,King James I,1, plot,7089,0,5,0.046657803285593935,1.7858357429504395,0.25052349526949724,1410.199951171875,732.9450529889411,0.04023674875497818,0.038238525390625,0.30481008
342,In which film was the song White Christmas first sung?,"The song ""White Christmas"" was first sung in the 194",0, sung,39339,0,5,0.25891822872788545,1.5000404119491577,-0.004748586074710737,1319.98974609375,731.7406973999884,0.02907547913491726,3.80078125,0.25207025
343,Which Pop Idol had a number one hit in 2004 called All This Time?,The Pop Idol who had a number one hit in 2004,0, Time,4120,0,5,0.027116680707666384,1.7760674953460693,0.04434186770642112,1562.1309814453125,958.5075086455219,0.02264183945953846,0.1622314453125,3.0063033
344,"Which Channel 4 TV show's presenters included Mark Lamarr, Amanda De Cadenet and Terry Christian?","The answer is ""The Gadget Show"". This show, which focuses on",0, Christian,8876,0,10,0.05841933445661331,1.718083143234253,0.09349243340312396,1393.3834228515625,867.71982727378,0.023423077538609505,2.056640625,1.4671595
345,What is the name of the device made of wood and horsehair that is used to play a violin?,A violin bow.,1, violin,62037,0,7,0.4083100779275484,1.5125033855438232,0.10766073745562865,1265.171630859375,653.4890019794241,0.03673524782061577,5.5703125,1.0401694
346,What colour is the bottom stripe on the U.S. flag?,The bottom stripe on the U.S. flag is red. The flag has,1, flag,5181,0,5,0.03409988416175232,1.7227050065994263,0.04127558938952536,1219.339111328125,669.2028425455848,0.020358335226774216,0.00485992431640625,0.2856094
347,What is the name given to the largest bee in a hive?,The queen bee.,1, hive,65507,0,5,0.43114864153327714,1.434059500694275,0.09335285744633648,1335.567626953125,851.409590908572,0.031191419810056686,0.5703125,0.6313087
348,Who won the Ladies singles title at Wimbledon in 2004?,Maria Sharapova,1,4,19,1,1,0.0001250526537489469,1.589713215827942,35.19738274335967,1283.59326171875,649.5190141353401,0.07863383740186691,2.462890625,1.5317827
349,What is the alcoholic ingredient of Irish coffee?,"Irish coffee is a cocktail that consists of Irish whiskey, hot coffee, and",1, coffee,10799,0,7,0.07107597935973041,1.6807907819747925,-0.016387086009732155,1311.3746337890625,735.402230211575,0.028201773762702942,1.22265625,0.53124624
350,In which year did St George die?,St George died in the year 1199.,0, die,2746,0,4,0.018073399326032014,1.8159810304641724,0.30917017749503417,1319.9827880859375,734.3332370912666,0.037139635533094406,11.40625,1.3649871
351,What are the names of the Four Horseman of the Apocalypse?,The Four Horsemen of the Apocalypse are a group of four figures that appear,0, Apocalypse,79197,0,11,0.5212523694187026,1.336431860923767,0.11854964003479873,1463.9671630859375,833.4025124450029,0.013701949268579483,0.050018310546875,0.8180953
352,Who is the Vice-President for George W Bush?,Dick Cheney,1, Bush,14079,0,5,0.09266401642796968,1.5758558511734009,-0.050762569117861034,1331.0244140625,673.9049356026479,0.01467222161591053,5.1484375,1.0633526
353,"Which film sees Clint Eastwood, Tommy Lee Jones, James Garner and Donald Sutherland as retired astronauts?",The Astronaut's Wife,0, astronauts,68422,0,11,0.45033435130581295,1.525521159172058,0.026919773068490915,1529.64990234375,776.552189983383,0.0016981520457193255,6.37890625,0.117714435
354,"In a standard deck of cards, how many Kings have a moustache?","In a standard deck of cards, there are no Kings with a moust",0,ache,1777,1,4,0.01169571398483572,1.7431538105010986,-0.14828805306520287,1283.7171630859375,909.6960458675328,0.004690099973231554,0.00016999244689941406,0.43128213
355,"According to the film Gremlins, if you are looking after a Gremlin you should not feed him after midnight, not get him wet and not expose him to what?","According to the film *Gremlins*, if you are looking after a",0, what,1128,0,5,0.007424178601516428,1.8533166646957397,0.45495811235288963,1098.6483154296875,479.2728877627084,0.040703076869249344,0.05596923828125,0.30366242
356,The Canary Islands are named after what animal?,"The Canary Islands are named after the dog, the canary.",1, animal,9864,0,7,0.06492207245155855,1.6961699724197388,0.06268385490111417,1175.0286865234375,623.4115052188506,0.03719239681959152,2.306640625,1.2947853
357,In which capital city would you find Charles Bridge and Wenceslas Square?,The capital city where you would find Charles Bridge and Wenceslas Square is,0, Square,15619,0,7,0.10279986310025274,1.7094051837921143,0.0033646581030790657,1086.0672607421875,616.3199904665997,0.029694095253944397,0.00049591064453125,1.1164207
358,What was the surname of the woman who was the inspiration behind the Rolling Stones song Angie?,Joplin,0, Angie,98929,0,6,0.6511228411962932,1.3110319375991821,0.19978985778246283,1215.8941650390625,866.2668271558065,0.034328263252973557,6.8046875,1.0404385
359,What is the final event in a decathlon?,"The decathlon consists of 10 events, and the final event is",0,athlon,76917,1,6,0.506246050968829,1.4921752214431763,0.02048365455229062,1056.542724609375,597.2840698319711,0.02624424174427986,0.0160369873046875,0.22794646
360,"Peter Simple, Jack Horner and Ben Nevis have all won which famous sporting event?","The answer is the Wimbledon Championships. Peter Simple, Jack Horner, and",0, event,1538,0,6,0.010122683235046335,1.7790368795394897,0.0807445536425484,1159.3992919921875,565.0203439523308,0.029485512524843216,2.32421875,0.76279026
361,What is the largest city in Turkey?,The largest city in Turkey is Istanbul.,1, Turkey,17009,0,7,0.11194845197978096,1.5363763570785522,0.054661721891182236,1239.1102294921875,762.2454209978034,0.025738732889294624,6.6484375,0.8114018
362,Who bought Chelsea football club for £1 in 1982?,The answer is: Ken Bates.,1,2,17,1,1,0.00011188921651221567,1.5402464866638184,65.54336903170572,1285.942626953125,740.9344826536803,0.11099864542484283,0.94287109375,0.8137241
363,"In 1998, which director's Oscar acceptance speech included the line I'm king of the world?","The director is Jack Nicholson, but he didn't win an Oscar for that",0, world,1879,0,6,0.012367049283909014,1.8191484212875366,0.04429881683134207,1383.4866943359375,935.4777608564314,0.02138432115316391,0.096923828125,0.5128903
364,What nationality was the painter Vincent Van Gogh?,Dutch,1,ogh,63936,1,3,0.42080876158382474,1.5559000968933105,0.10802911078276312,1423.09228515625,779.4072200775641,0.007331914268434048,5.066394805908203e-05,0.5975803
365,Which film features the characters Sally Albright and Harry Burns?,窈窕淑女 (Pygmalion),0, Burns,49916,0,6,0.32853306655433867,1.4985237121582031,-0.05952082719049212,1235.1317138671875,823.7592650334446,0.013688989914953709,2.078125,1.9386176
366,Which act won the Eurovision Song Contest for the United Kingdom singing Love Shine A Light?,"The UK's 1998 Eurovision entry, ""Love Shine",0, Light,8658,0,6,0.05698451979780961,1.7046916484832764,-0.005471052795083864,1552.4771728515625,863.9690443561223,0.0013198298402130604,0.022003173828125,1.4978133
367,Which English word comes from an old French word meaning sour wine?,vinegar,1, wine,13078,0,5,0.08607571609098567,1.655213475227356,-0.02783121339497363,1403.396728515625,838.4271690818418,0.03771299123764038,4.56640625,1.0005491
368,"Which team beat American Samoa 31-0 in a qualifying match for the 2002 World Cup, but still failed to qualify?",The team that beat American Samoa 31-0 in a qualifying match,0, qualify,25384,0,8,0.16707034540859309,1.5962449312210083,-0.04327473390621561,1444.6737060546875,845.2259541786337,0.026191389188170433,0.0938720703125,1.5334792
369,What was the name of Roland Rat's gerbil friend?,The name of Roland Rat's gerbil friend was Jerry. This is a,0, friend,4238,0,7,0.02789332350463353,1.751833438873291,0.051020129194892405,1297.2454833984375,769.9840473975564,0.05461899936199188,2.322265625,3.506848
370,Which animal has the longest gestation period at around 22 months?,The animal with the longest gestation period at around 22 months is,0, months,3951,0,7,0.026004370261162594,1.7317171096801758,0.027014703652668004,1360.7066650390625,787.5702281041524,0.03153141587972641,0.01079559326171875,0.40623614
371,What name is given to the home of a beaver?,A beaver's home is called a lodge. Beaver lodges are typically,1,aver,7255,1,4,0.04775036857624263,1.7353549003601074,-0.004490667121834768,1092.1395263671875,572.301602571934,0.022399093955755234,0.001995086669921875,0.9083732
372,What name is given to a baby marsupial?,A baby marsupial is called a joey. This term is used,1,ial,530,1,3,0.0034883108677337825,1.795168161392212,0.12140964112264552,1262.471923828125,489.7344396791091,0.018162351101636887,7.748603820800781e-05,0.66269535
373,Who dated actress Elizabeth Hurley between 2000 and 2001 and denied he was the father of her son born in 2002 before a DNA test proved otherwise?,The person who dated Elizabeth Hurley between 2000 and,0, otherwise,5937,0,10,0.03907566343723673,1.757816195487976,-0.09329000024640166,1407.885986328125,845.7162638404329,0.020801205188035965,1.064453125,4.127975
374,What type of animal is the star of the 2005 film Racing Stripes?,The star of the 2005 film Racing Stripes is a,0,ipes,8923,1,4,0.0587286752316765,1.5826398134231567,0.02316531708241598,1142.981689453125,929.4176862187055,0.012773179449141026,0.001987457275390625,0.33918232
375,Author Dick Francis is famous for writing novels based around which sport?,horse racing,1, sport,10552,0,6,0.0694502948609941,1.637024998664856,-0.0651968355171535,1241.6591796875,718.7847997548188,0.026471974328160286,0.33740234375,1.7178594
376,Which Scottish newspaper features the Broons and Oor Wullie?,The Sunday Post,1,ie,645,1,2,0.0042452085088458295,1.785406470298767,0.5143071356711495,1274.1519775390625,514.9849439993463,0.0323340967297554,0.0006084442138671875,0.12518962
377,Which famous book features the character of Bob Cratchit?,A Christmas Carol by Charles Dickens,1,it,275,1,2,0.0018099726200505476,1.7335374355316162,0.15290780021961803,1272.7481689453125,813.8665294756328,0.01918909326195717,0.006954193115234375,0.3395696
378,Which act has had more Christmas number one singles than any other?,The Beatles,1, other,1008,0,6,0.006634372367312552,1.8118054866790771,0.12526226929700046,1388.9146728515625,579.1073971637596,0.014167392626404762,0.0066070556640625,0.7679624
379,Which Christmas song includes the line It seems so long since I could say 'sister Susie sitting on a thistle'?,"The answer is ""The Twelve Days of Christmas."" This traditional Christmas carol",0,istle,28300,1,5,0.18626263689974726,1.509911060333252,-0.07875552068110858,1479.595947265625,873.6269794801514,0.023750731721520424,2.58984375,0.9397806
380,Which British footballer has the most number of International caps?,The British footballer with the most number of international caps is Peter Crouch,0, caps,18568,0,5,0.12220935130581298,1.6011942625045776,-0.07985951338244446,1397.099365234375,780.4049957952109,0.011253386735916138,0.513671875,1.1823039
381,Who holds a trumpet on the album cover of Sgt. Pepper's Lonely Hearts Club Band by The Beatles?,The person holding a trumpet on the album cover of *Sgt. Pepper,0, Beatles,54857,0,8,0.3610533382476832,1.481101393699646,-0.01620481653877448,1196.8551025390625,849.3194638938318,0.02402009256184101,1.4901161193847656e-05,0.74372596
382,Which song begins with the line The taxman's taken all my dough?,"The song that begins with the line ""The taxman's taken all my",0, dough,30352,0,6,0.19976832350463353,1.5509552955627441,-0.0744005535867629,1704.301513671875,1011.0462484531746,0.0024386397562921047,6.81640625,1.0014375
383,The Kray twins were convicted of the murder of George Cornell in the East End of London in 1966. What was the name of the pub in which he was shot?,The Kray twins were convicted of the murder of George Cornell in the East,0, shot,6552,0,5,0.04312342038753159,1.690544843673706,-0.07315011738175548,1072.390869140625,579.0594492244211,0.037040263414382935,1.79296875,0.08310664
384,Who composed the musical theme for the Pink Panther?,The musical theme for the Pink Panther was composed by Henry Mancini.,1, Panther,58512,0,8,0.3851095197978096,1.4058749675750732,-0.07028903984406876,674.418212890625,80.65195337526791,0.012996048666536808,1.830078125,0.12331054
385,"Who was the cartoon adversary of Pixie and Dixie, who would often say I hate those meeces to pieces?","The cartoon adversary of Pixie and Dixie who would often say ""I",0, pieces,9666,0,7,0.06361889216512216,1.7543864250183105,0.1561290849070227,1612.2974853515625,1036.9121192598554,0.015531618148088455,11.859375,1.620515
386,Which actress married Dennis Quaid on Valentine's Day in 1991?,The actress who married Dennis Quaid on Valentine's Day in 19,0,1,16,1,1,0.00010530749789385004,1.570737600326538,240.21470640566866,1368.3177490234375,822.5468217328103,0.0933542251586914,2.349609375,1.2372388
387,"During Margaret Thatcher's years as Prime Minister, there were three Chancellors of the Exchequer. Geoffrey Howe and Nigel Lawson were two, but who was the other one?",The other Chancellor of the Exchequer during Margaret Thatcher's years as Prime,0, one,825,0,4,0.005429917860151643,1.862463355064392,0.2209239164793435,1364.717041015625,918.1070485203236,0.04100192338228226,2.162109375,0.4236606
388,Buddy Holly and the Big Bopper were two of the three musicians who died in a plane crash in February 1959. Who was the other one?,The other musician who died in the plane crash in February 195,0, one,825,0,4,0.005429917860151643,1.862463355064392,0.2209239164793435,1406.741455078125,794.2615573904142,0.05477962642908096,1.1162109375,0.0351108
389,"Fruit, cricket and horseshoe are varieties of what type of animal?",crustacean,0, animal,9864,0,7,0.06492207245155855,1.6961699724197388,0.06268385490111417,1246.0489501953125,632.1108356129943,0.04499179124832153,1.9443359375,1.7083484
390,"Apart from being warm blooded and giving birth to live young, what do mammals produce to differentiate them from other families of animals?","Mammals produce milk to feed their young, which is a unique characteristic",1, animals,9898,0,8,0.06514585088458298,1.7146131992340088,-0.0653042874944707,1513.342041015625,797.9201344415021,0.014574012719094753,0.0144195556640625,0.58496803
391,To which poet does Il Postino deliver mail?,Pablo Neruda,1, mail,8072,0,5,0.05312763268744734,1.6992861032485962,-0.011506866985971254,1230.3851318359375,599.8757675178069,0.0096628088504076,8.6796875,0.31220773
392,"Which scientist was Time magazine's ""Person of the 20th Century""?",Albert Einstein,1, Century,27101,0,8,0.17837115627632688,1.6243195533752441,-0.09937916002799607,1942.5780029296875,1216.1698166991725,0.0024979677982628345,0.0165557861328125,0.6983846
393,What was the nickname given to premiership footballer Neil Ruddock?,"The answer to this question is ""The Beast"". This nickname was given to",0,ock,1176,1,3,0.007740101095197978,1.7359920740127563,0.07108914071670736,1341.7235107421875,815.5701821371911,0.005941622890532017,0.0006051063537597656,1.3939121
394,The Ducati is manufactured in which city and what country?,"The Ducati is manufactured in Bologna, Italy.",1, country,3146,0,8,0.020706086773378266,1.7848823070526123,-0.04479972905568763,1340.82275390625,647.3499441990099,0.043753039091825485,2.517578125,0.19973083
395,Wayne Rooney signed for Manchester United from which other Premiership Club?,Everton,1, Club,10140,0,5,0.06673862679022746,1.7046502828598022,-0.03206653127211734,1314.929931640625,712.3860163061079,0.0059314207173883915,4.42578125,0.41722268
396,The Yalu river forms a sort of natural border between China and which of its neighbours?,North Korea,1, neighbours,35856,0,11,0.23599410278011795,1.5048285722732544,0.13962346086840238,1171.97216796875,726.8838103714367,0.05018756538629532,5.3984375,0.3958034
397,Which stand-up comedian presents 8 Out Of 10 Cats and Distraction?,Lee Mack,0,raction,16199,1,7,0.1066172598989048,1.667995572090149,-0.03607445292969835,693.0558471679688,1.1505026135802217,-0.01693161018192768,1.3095703125,2.8421702
398,"Name the game show, presented by Leslie Grantham and Melinda Messenger, where contestants were set physical and mental challenges?","The answer is ""The Crystal Maze"". This game show, hosted by Leslie",0, challenges,11513,0,11,0.07577532645324347,1.7370723485946655,0.07585685549352705,1306.310791015625,750.8669645578025,0.042245883494615555,0.260498046875,0.4051903
399,Who presented Family Fortunes in the two years between Bob Monkhouse and Les Dennis?,"The answer to this question is not known with certainty. However, it is",0, Dennis,34627,0,7,0.22790517059814658,1.5682721138000488,-0.09412388121020543,1249.41015625,784.8440366287995,0.04374043270945549,1.5322265625,1.9279344
400,For what did Einstien gat Nobel prize in Physics?,For his explanation of the photoelectric effect.,1, Physics,27315,0,8,0.1797796440606571,1.7528177499771118,-0.013677057343653765,1553.31982421875,828.9595649337571,0.010780338197946548,1.572265625,1.8384277
401,Which planet has moons named after Shakespearean characters?,The planet with moons named after Shakespearean characters is **Uranus**,1, characters,5766,0,11,0.03795018955349621,1.7642486095428467,-0.015100119298959047,1334.4510498046875,746.832902443736,0.02793058753013611,0.007038116455078125,1.4869049
402,"Who was part man, part machine, all cop and hailed from a futuristic Detroit?",RoboCop,1, Detroit,19761,0,8,0.13006134161752317,1.5321327447891235,0.024911666456734594,1214.1951904296875,731.8301803879319,0.011525698937475681,6.30859375,0.78315794
403,Who dubbed Miss Piggy's singing voice in The Muppet Movie?,Miss Piggy's singing voice in *The Muppet Movie* was dubbed,0, Movie,13944,0,6,0.09177548441449031,1.61903715133667,-0.10435126528482064,1189.33642578125,720.2388991416083,0.029179347679018974,0.71533203125,1.5103542
404,"Who wrote the Bourne trilogy of books, made into movies starring Matt Damon?",Robert Ludlum,1, Damon,72249,0,6,0.47552258845829826,1.4332462549209595,-0.021116731530816057,1239.0296630859375,850.2457019963535,-0.008382357656955719,2.1457672119140625e-06,0.36916876
405,"The Bible tells of 3 wise men visiting Jesus after his birth, but in which of the Gospels does this appear?","The story of the three wise men, also known as the Magi,",0, appear,4994,0,7,0.03286910278011795,1.7457780838012695,-0.051154158892679824,1446.3367919921875,886.4058066596601,0.023333022370934486,3.962890625,0.6153881
406,"Athos and Porthos are two of the 3 musketeers, name the other one.","Athos and Porthos are two of the Three Musketeers,",0, one,825,0,4,0.005429917860151643,1.862463355064392,0.2209239164793435,1507.8255615234375,780.1312554313112,0.04861915111541748,4.31640625,0.41980323
407,What is the name of the small fifth claw called on the side of a dog's foot ?,The name of the small fifth claw on the side of a dog's foot,0, foot,4478,0,5,0.02947293597304128,1.6838396787643433,0.054389007898854036,1233.704833984375,717.9907889085342,0.02035962976515293,1.6044921875,0.27770114
408,What is the name of the plastic bit on the end of shoelaces?,"The plastic bit on the end of shoelaces is called a ""sh",0,aces,2434,1,4,0.016019903117101938,1.689276099205017,0.07062861474450699,1219.5198974609375,801.8972320295472,0.019080717116594315,4.00543212890625e-05,0.10770822
409,The river Danube flows into which sea?,The river Danube flows into the Black Sea.,1, sea,9396,0,4,0.06184182813816344,1.70651113986969,-0.0038385860706737773,1246.060546875,587.4450245210635,0.029453491792082787,0.1209716796875,0.7375783
410,Anna Nicole Smith was controversially married to which oil billionaire?,Anna Nicole Smith was controversially married to billionaire oilman J. Howard Marshall,1, billionaire,46694,0,12,0.30732676916596463,1.326707363128662,0.026968184007309493,1045.06396484375,506.65810933397205,0.0320361852645874,4.04296875,0.47139037
411,Wayne Rooney scored his first senior goal against which club?,Manchester City,0, club,6335,0,5,0.04169518744734625,1.691046953201294,-0.183062595359194,1037.50244140625,494.8521706052431,0.034030087292194366,1.533203125,3.5805235
412,How meny times have Liverpool won the Europion Cup?,"Liverpool has won the European Cup a record 6 times, in 1",0, Cup,10861,0,4,0.07148404591406908,1.6675267219543457,0.0568813099971357,1144.6385498046875,610.0689550009728,0.020217256620526314,0.572265625,1.1118549
413,The Sign Of Four was a detective story written by which author?,Arthur Conan Doyle,1, author,3150,0,7,0.02073241364785173,1.7993144989013672,0.07903732445751999,1407.66259765625,679.4362624867118,0.022823618724942207,0.2861328125,0.43917376
414,Who was the author of 'The Old Curiosity Shop'?,The author of 'The Old Curiosity Shop' is Charles Dickens. This,1, Shop,14028,0,5,0.09232834877843303,1.6504981517791748,-0.03838227972208186,1615.607666015625,1090.9261252361407,0.011365288868546486,0.0002491474151611328,0.19958054
415,In which sport or pastime can you see nose walking?,nose walking is a form of walking in which the person walks on their nose,0, walking,11435,0,8,0.07526195240101095,1.692815899848938,-0.059036088281182675,1449.569580078125,909.0037251984377,0.004200735129415989,14.2109375,1.5624384
416,What sport or pastime would you be playing if your balls were black and blue and your opponent's were red and yellow?,Billiards.,0, yellow,13753,0,7,0.09051837615838247,1.6779874563217163,-7.400151212388906e-05,1279.2386474609375,648.7249762589179,0.03819498419761658,5.21484375,2.1492112
417,The age of the railway began in which year with the introduction of the Liverpool-Manchester line?,1825,0, line,1555,0,5,0.010234572451558552,1.811111330986023,0.09602972528314879,1434.0885009765625,744.0211679698007,0.06687645614147186,2.76171875,0.7286108
418,Who played Frankenstein in the 1994 film of the same name?,"The 1994 film ""Frankenstein"" was directed by James",0, name,829,0,5,0.005456244734625105,1.8392785787582397,0.01390981858990159,1423.57958984375,786.0813578250484,0.04765554144978523,0.0030803680419921875,2.2216525
419,Who was the first person to sell one million records?,"The first person to sell one million records was the American singer and actor,",0, records,7424,0,8,0.04886267902274642,1.7524194717407227,-0.1432021095696956,1340.152587890625,817.0995441431597,0.041395317763090134,2.27734375,0.08542631
420,"In Greek mythology, where do righteous souls go after death?",The Elysian Fields,1, death,4545,0,6,0.029913911120471776,1.7099767923355103,-0.0069030392734616974,1281.91796875,867.6762979525985,0.01438093837350607,0.056121826171875,1.4618958
421,What is the scientific name given to tea?,Camellia sinensis,1, tea,15243,0,4,0.10032513689974726,1.6465789079666138,0.01443030999055761,1176.3934326171875,627.5271540866031,0.059853535145521164,11.65625,0.9758339
422,"In the 1999 film Stuart Little, who plays the part of Mrs Eleanor Little?","In the 1999 film *Stuart Little*, the role",0, Little,14671,0,7,0.09656039385004213,1.6897037029266357,-0.02507220752094108,1282.44189453125,873.734386414477,0.017473701387643814,0.0006299018859863281,0.3161457
423,Suger Mice was a 1987 single for which British rock band?,"The answer is The Cure. The song ""Suger Mice"" was",0, band,7055,0,5,0.046434024852569505,1.6961214542388916,-0.064775568659309,1192.928955078125,687.7673017296673,0.025269508361816406,0.042449951171875,0.74788237
424,In which decade were ZIP codes introduced in the USA?,The ZIP code system was introduced in the United States in the 19,0, USA,7279,0,4,0.047908329823083406,1.738377571105957,0.06726300586900091,1277.9534912109375,822.8046416191934,0.03018246591091156,3.072265625,1.154211
425,What are the shape-shifting foxes of the Japanese folklore?,"The kitsune (Japanese: 狐, ""fox"") is a",1, folklore,97869,0,9,0.6441462194608256,1.4689642190933228,0.053123641228224106,1466.440185546875,871.8506736019049,0.024340033531188965,1.072265625,1.311886
426,In Greek mythology who was the twin of Polydeuces?,Castor,1,uces,62271,1,4,0.409850200084246,1.4374691247940063,0.10790994037953894,1162.4356689453125,639.3502750134872,0.0009110458195209503,0.0194244384765625,0.46423405
427,Which film features the Dawes Tomes Mousley Grubbs Fidelity Fiduciary Bank?,"The answer is ""The Fugitive"" (1993),",0, Bank,8547,0,5,0.05625394903117102,1.7557629346847534,-0.014529254463542252,1580.546630859375,911.3490228257867,0.008363133296370506,1.3212890625,0.959883
428,What is Robin Williams character called in Good Morning Vietnam?,"The character is called ""Maj. T. K. "" (short",0, Vietnam,22500,0,8,0.1480886689132266,1.5892986059188843,-0.02859894953764286,1370.2872314453125,835.770354438923,0.03376299887895584,1.626953125,2.9690495
429,Who plays Cruella de Vil in the 1996 live action version of 101 Dalmations?,Glenn Close,1,ations,804,1,6,0.005291701769165965,1.749752163887024,0.1836039350225529,1128.109130859375,675.2188931696589,0.02056504599750042,5.0859375,0.9138858
430,Who stars in the 2008 movie Seven Pounds?,Will Smith,1,ounds,3095,1,5,0.020370419123841618,1.6468532085418701,-0.1412307511035107,1176.1568603515625,907.3244399824214,0.024038193747401237,0.0095977783203125,1.0993408
431,Marilyn Monroe starred in the Seven Year Itch. Who directed it?,Billy Wilder,1, it,432,0,3,0.0028433024431339512,1.783782958984375,1.049041027453577,1377.75390625,835.0332966008166,0.04360421746969223,1.02734375,1.0649705
432,On Red Nose Day 2001 who won Celebrity Big Brother?,"The winner of Celebrity Big Brother 1 was Tony Blackburn, a British radio",0, Brother,26348,0,8,0.17341512215669755,1.4864450693130493,0.14010999868702934,1139.6544189453125,455.22299587700695,0.0040093110874295235,0.00015282630920410156,2.9539206
433,What is the name of the London Underground station in EastEnders?,Whitechapel,0,ers,388,1,3,0.0025537068239258635,1.7345987558364868,0.2541402758244571,1262.41796875,766.3210608904132,0.018339689821004868,1.1920928955078125e-07,2.2846313
434,How many runs did Donald Bradman score in his last ever test match innings?,112,0, innings,35000,0,8,0.23036015164279697,1.4704666137695312,0.0289245998860177,1402.1148681640625,788.4337086485261,0.02084057219326496,6.44140625,1.105197
435,"Nicknamed the cannibal, who is the only rider to have won all three jerseys in the same year in the Tour de France?","The nickname ""cannibal"" is associated with the cyclist **Eddy",0, France,9625,0,7,0.06334904170176917,1.6925132274627686,0.04936757528535818,1084.654296875,528.7684775778208,0.019813455641269684,2.6226043701171875e-06,0.23393835
436,Whose arch nemisis is the Red Skull?,Captain America,0, Skull,60791,0,6,0.40010925652906487,1.3283237218856812,-0.008622910768749659,1204.344482421875,702.8841006713,-0.004417078103870153,2.2890625,0.25451985
437,By what name is comic book villain Oswald Chesterfield Cobblepot better known?,Penguin,0, known,3881,0,6,0.025543649957877,1.834195613861084,0.07052586993150767,1234.4764404296875,668.6623759090581,0.015017404220998287,0.0010318756103515625,0.8936242
438,"First appearing on TV in 1967, which detective solved all of his crimes sitting down?",Columbo,0, down,1495,0,5,0.009839669334456614,1.8465811014175415,0.11869258121017578,1324.590576171875,785.3864726749496,0.03162863478064537,3.189453125,0.66241455
439,How many times was Wyatt Earp shot?,Wyatt Earp was shot at least three times in his life. The first,0, shot,6552,0,5,0.04312342038753159,1.690544843673706,-0.07315011738175548,1258.4842529296875,720.2343945733202,0.037037238478660583,1.8291015625,1.851521
440,Which famous cowboy was created by George W. Trendle?,The famous cowboy created by George W. Trendle is Roy Rogers. Trend,0,le,273,1,2,0.0017968091828138163,1.7771044969558716,0.2116885210783006,1349.770263671875,789.7692377952769,0.03712915629148483,0.06146240234375,0.8849018
441,"The pub with the longest name in the UK has how many letters in it? 55, 75 or 95?","The pub with the longest name in the UK is called ""The Lord of",0,5,20,1,1,0.00013163437236731254,1.572671890258789,45.32547104831048,923.4028930664062,555.6316978373651,0.08418421447277069,0.1954345703125,0.7873515
442,Which movie starred Michael Caine as a murderous transvestite psychiatrist?,The Mirror Crack'd,0, psychiatrist,72869,0,13,0.4796032540016849,1.3072510957717896,-0.04527480009644158,1248.546142578125,733.8633273421185,0.04604034870862961,13.328125,0.24545574
443,"In 1961, who famously scored six goals in a match but still ended up on the losing team in a FA Cup tie?","In 1961, the famous player who scored six goals in",0, tie,18131,0,4,0.11933314026958719,1.669297218322754,-0.17286404822935042,1194.464111328125,734.4402631727598,0.031694330275058746,0.27880859375,0.82690775
444,Which economist wrote The Wealth Of Nations?,Adam Smith,1, Nations,19140,0,8,0.12597409435551812,1.6320146322250366,-0.0518398484769258,1603.8272705078125,808.0670910721586,-0.022727256640791893,0.0002428293228149414,0.21074131
445,Macbeth belonged to which royal house or dynasty?,The House of Duncans,0, dynasty,66846,0,8,0.43996156276326875,1.5040940046310425,-0.11037279558997826,1279.9862060546875,805.2253148712537,0.011323184706270695,0.07818603515625,1.0268117
446,"Was James II known as: James The Bald, Fiery Face, or The Red King?",The Red King,0, King,6210,0,5,0.040872472620050546,1.7287070751190186,0.15451993723988178,1294.438232421875,877.8984939399977,0.022171052172780037,0.11578369140625,1.9031525
447,"In Harry Potter And The Goblet Of Fire, which dragon did Harry have to defeat?","In *Harry Potter and the Goblet of Fire*, Harry had to",0, defeat,18019,0,7,0.11859598778433024,1.533665418624878,-0.015516827444135739,1431.39892578125,856.9608881217313,0.01136019080877304,2.869140625,0.91190726
448,What is the full name of the train robber played by Phil Collins in a 1988 movie?,The full name of the train robber played by Phil Collins in the 1,0, movie,5700,0,6,0.03751579612468408,1.684216856956482,-0.0009526664300216758,1358.641845703125,726.7965553739846,0.03255387023091316,2.123046875,2.2147796
449,Tony Hadley was the lead singer with which 1980s new romantic band?,Tony Hadley was the lead singer with the 1980s,0, band,7055,0,5,0.046434024852569505,1.6961214542388916,-0.064775568659309,1251.7857666015625,680.4925425404349,0.026581186801195145,0.08209228515625,1.2031449
450,What was the surname of the butler played by Gordon Jackson in Upstairs Downstairs?,The surname of the butler played by Gordon Jackson in Upstairs Downstairs,0,stairs,30134,1,6,0.19833350884582981,1.2992521524429321,-0.007623329492179032,1239.3284912109375,814.4156975723042,0.01931721344590187,3.5762786865234375e-07,4.370783
451,Which Jackson appeared in Celebrity Big Brother in January 2009?,The Jackson who appeared in Celebrity Big Brother in January 2009,0,9,24,1,1,0.00015796124684077506,1.6115447282791138,9.612222571418052,1446.45751953125,779.9614214220497,0.06391200423240662,1.6708984375,3.060194
452,Who was the seventh president of the United States?,The seventh president of the United States was Andrew Jackson. He served from,1, States,4180,0,7,0.027511583824768322,1.7537168264389038,0.010852865319968874,1354.5452880859375,668.0410656851453,0.018581360578536987,0.0010576248168945312,0.21983732
453,"In which country are the Angel Falls, the highest waterfall in the world?","Angel Falls, the highest waterfall in the world, is located in Venezuela.",1, world,1879,0,6,0.012367049283909014,1.8191484212875366,0.04429881683134207,1347.351806640625,793.8710325566627,0.024751557037234306,0.0015954971313476562,0.8842952
454,"The 1955 comedy movie We're No Angels centred on three escaped convicts. Peter Ustinov and Aldo Ray were two, but who played the third?",The third actor who played one of the three escaped convicts in the,0, third,4843,0,6,0.031875263268744736,1.7957663536071777,0.0036708916899024224,1311.531982421875,810.9828870324682,0.023533890023827553,0.003978729248046875,0.19253577
455,Who played King Arthur in the 1967 musical film Camelot?,Richard Harris,1,ot,354,1,2,0.002329928390901432,1.7595561742782593,0.18405566958663,1162.1793212890625,800.20636606896,0.03015179932117462,2.3126602172851562e-05,1.0564837
456,Which country grows the largest number of mangoes?,India,1,es,288,1,2,0.0018955349620893007,1.7042033672332764,0.5063538320956482,1458.29443359375,889.5411391619225,0.01920486055314541,0.42724609375,0.33566195
457,Ecuador has a border with Peru and which other country ?,Ecuador has a border with Peru and Colombia.,1, country,3146,0,8,0.020706086773378266,1.7848823070526123,-0.04479972905568763,1096.2645263671875,554.6243982165628,0.041917264461517334,0.132568359375,0.21480428
458,"In 2009, who was convicted of the murder of Lana Clarkson?","In 2009, the murder of Lana Clarkson was convicted of",0, Clarkson,93194,0,9,0.6133766849199663,1.3796464204788208,-0.02751737006264765,939.5276489257812,780.4700128332669,0.019918590784072876,0.166748046875,1.6470402
459,"The left side of the heart pumps blood to all parts of the body, but the right side pumps blood to which organ in particular?",The right side of the heart pumps blood to the lungs.,1, particular,3953,0,11,0.026017533698399327,1.8459635972976685,0.04327521602751583,1039.5321044921875,621.4795940827833,-0.0007789612282067537,0.45263671875,0.17049232
460,Which cartoon character lives in a pineapple under the sea?,SpongeBob SquarePants,1, sea,9396,0,4,0.06184182813816344,1.70651113986969,-0.0038385860706737773,1180.7625732421875,781.9617873427425,0.02664891816675663,0.00010824203491210938,0.52203876
461,"Which serial killer hanged himself in Wakefield Prison in January 2004, four years after being found guilty of 15 murders?",The serial killer who hanged himself in Wakefield Prison in January 2,0, murders,41986,0,8,0.2763400379106992,1.3542832136154175,-0.10881491365210705,1440.5430908203125,827.9496757344832,0.033304911106824875,0.08026123046875,3.0856578
462,What public school did the Duke of Edinburgh and Prince Charles attend?,"The Duke of Edinburgh and Prince Charles both attended the same public school, which",0, attend,9417,0,7,0.061980044229149114,1.64198637008667,-0.08290177282450228,1481.306884765625,874.1026868672142,0.031785666942596436,0.1448974609375,1.8479937
463,"If it was Phil Mickelson in 2006, Zach Johnson in 2007, and Trevor Immelman in 2008, who was it in 2009?","In 2009, the U.S. Open was won by",0,9,24,1,1,0.00015796124684077506,1.6115447282791138,9.612222571418052,1467.98291015625,766.2882117904193,0.05529608950018883,6.73532485961914e-05,0.96661013
464,Red Stripe lager comes from which country?,Jamaica,1, country,3146,0,8,0.020706086773378266,1.7848823070526123,-0.04479972905568763,1158.9996337890625,621.0313526689318,0.04146737605333328,0.10321044921875,0.6902089
465,Which architect was known as the Wizard of the Dome?,"The architect known as the ""Wizard of the Dome"" is **Thomas Rick",1, Dome,68445,0,5,0.45048573083403537,1.4398956298828125,-0.04013572063873161,1421.986572265625,841.1904431148491,-0.0041305022314190865,8.5546875,2.5983226
466,What is the name of the Salvador Dali painting that shows clocks oozing over a landscape?,The Persistence of Memory,1, landscape,18414,0,10,0.12119576663858467,1.6528455018997192,-0.03167315495319478,1331.604736328125,807.716488205992,0.02726844884455204,0.837890625,0.36830455
467,In what year did Edward Vlll abdicate?,Edward VIII abdicated in 1936. He was the,1,icate,8463,1,5,0.055701084667228305,1.647618293762207,0.10191855799664573,1394.6473388671875,637.1573815073134,-0.005195409059524536,1.800060272216797e-05,0.9522569
468,Which well known couple live at Bagshot Park in Surrey?,The well known couple who live at Bagshot Park in Surrey are the fictional,0, Surrey,66964,0,7,0.4407382055602359,1.4022853374481201,0.05570566096356,1355.510009765625,809.5258010951566,0.010346755385398865,5.39453125,1.6386251
469,Which notorious murderer lived at 10 Rillington Place?,John Christie,1, Place,10771,0,6,0.07089169123841617,1.6947294473648071,-0.041517755107143284,1091.84716796875,567.6890629021484,0.02771223708987236,0.0004558563232421875,0.03329398
470,Who killed Lee harvey Oswald?,Lee Harvey Oswald was killed by Jack Ruby while he was being transferred from the,1, Oswald,89350,0,7,0.5880765585509689,1.4027212858200073,-0.00579335026350547,1289.2308349609375,692.0925093846097,0.013516601175069809,2.501953125,0.68137395
471,Who killed Robert F Kennedy?,"Robert F. Kennedy was assassinated on June 5, 19",0, Kennedy,23651,0,8,0.15566422704296545,1.5979254245758057,-0.022131160636552405,1303.5521240234375,640.1110123769889,0.0275433287024498,3.142578125,0.26507246
472,Who killed Jean Paul Marat?,"Jean Paul Marat was killed by Charlotte Corday, a young woman from",1,at,266,1,2,0.0017507371524852569,1.713775873184204,0.26015997745064334,1178.82568359375,786.6436040908154,0.015813928097486496,0.0009083747863769531,1.1407208
473,What was the name of the kangaroo often mistaken by Sylvester the cat to be a giant mouse?,The name of the kangaroo often mistaken by Sylvester the cat to be,0, mouse,8644,0,6,0.05689237573715249,1.7010053396224976,0.21150065014459907,1329.9371337890625,829.7083965493172,0.04037065804004669,5.94921875,0.9061975
474,Gjetost is the national cheese of which country?,Gjetost is the national cheese of Norway.,1, country,3146,0,8,0.020706086773378266,1.7848823070526123,-0.04479972905568763,1211.7501220703125,701.5092070607383,0.03790257126092911,0.4677734375,0.5770527
475,A youngberry is a cross between a dewberry and what else?,A youngberry is a cross between a dewberry and a raspberry.,0, else,770,0,5,0.005067923336141533,1.822554111480713,-0.1117761907387207,1277.7130126953125,780.8750171667018,0.04211703687906265,7.30078125,0.027537106
476,Who is Arthur Wellesley better known as?,Arthur Wellesley is better known as the Duke of Wellington.,1, as,438,0,3,0.002882792754844145,1.6983020305633545,1.8457146229690533,1422.0079345703125,726.7627812611299,0.041336774826049805,0.034576416015625,0.33711198
477,Which town in East Sussex now stands on the site of the battle of Hastings?,Battle,1, Hastings,78744,0,9,0.518270850884583,1.4511950016021729,0.044253818568559034,1348.390869140625,774.6001426550315,0.006915036588907242,1.7841796875,0.07155239
478,"Which 1986 Peter Weir movie and based on a Paul Theroux novel starred Harrison Ford, Helen Mirren and River Phoenix?",The Last of the Mohicans,0, Phoenix,22672,0,8,0.14922072451558552,1.6018030643463135,-0.05453338526511242,1310.4127197265625,878.1832254378637,0.027969706803560257,2.5033950805664062e-05,1.2689393
479,What is the name of CS Lewis' 7 book fantasy?,The Chronicles of Narnia,1, fantasy,18378,0,8,0.12095882476832351,1.5245599746704102,-0.06284660244935614,1443.1837158203125,809.967158078596,0.015036070719361305,5.7109375,0.541847
480,Name the tv series about FBI agent Don Eppes and his mathematical genius brother Charlie,Numbers,0, Charlie,24927,0,8,0.1640625,1.6227365732192993,0.0179828293860691,1013.07666015625,374.0141990755283,0.02156224101781845,3.49609375,1.4990866
481,All children except one grow up.,All children except one grow up. ,0, up,705,0,3,0.004640111625947767,1.7673795223236084,0.3506996420632533,1121.42431640625,586.631918411433,0.028999963775277138,0.0110321044921875,0.6841277
482,"Scarlett O'Hara was not beautiful, but men seldom realised it when caught by her charm as the Tarleton twins were","Scarlett O'Hara was not beautiful, but men seldom realised it when caught",0, were,1033,0,5,0.006798915332771693,1.764693260192871,0.6731749067229007,1311.1138916015625,661.5528237945362,0.036750465631484985,2.3125,1.6980065
483,Which horse racing jockey was sometimes referred to as the long fellow?,The horse racing jockey sometimes referred to as the long fellow was **L,0, fellow,12357,0,7,0.08133029696714406,1.6444206237792969,-0.015421925260967306,1480.7828369140625,884.3011577151105,-0.006262551061809063,7.76171875,1.0774182
484,Who is the patron saint of lost causes?,The patron saint of lost causes is Saint Jude Thaddeus. He,1, causes,11137,0,7,0.07330060025273799,1.7509087324142456,0.08399110092307582,1280.5950927734375,843.968430131707,0.02111474797129631,0.486328125,0.6434355
485,True or False: Sharks do not blink?,True.,1, blink,33131,0,6,0.21805891954507162,1.5226590633392334,0.19564982932941577,1059.6514892578125,723.4311378963328,0.03541994094848633,10.8046875,0.7365055
486,Which `B` was the name of the mechanical shark used in the original `Jaws` film?,The mechanical shark used in the original *Jaws* film was named **,0, film,4531,0,5,0.02982176705981466,1.704827904701233,-0.022928700611097863,1416.9764404296875,784.7248531906296,0.013879162259399891,1.1923828125,0.12008825
487,"The American legal drama Shark ran from Sept 06 to May 08. Who starred in the title role, playing Sebastian Stark?","The American legal drama *Shark* ran from September 6,",0, Stark,46749,0,6,0.3076887636899747,1.5377068519592285,-0.12441115706243888,1045.85498046875,612.8194031057785,0.03009340539574623,7.1875,1.0740294
488,Which Italian fashion designer was shot dead on the steps of his Miami mansion in 1997?,Gianni Versace,1,7,22,1,1,0.0001447978096040438,1.6516348123550415,18.402015645110435,1356.2440185546875,829.7763818013999,0.06729613989591599,4.649162292480469e-05,0.05050268
489,Who was famous for popularising the 'little black dress' in the 1920s?,Coco Chanel,1,s,82,1,1,0.0005397009267059814,1.5838184356689453,1.9282471493904731,1435.4534912109375,771.7711963001908,0.004909482318907976,0.047821044921875,0.981972
490,Who designed Madonna's wedding dress for her marriage to Guy Ritchie?,Madonna's wedding dress for her marriage to Guy Ritchie was designed by **,0,ie,645,1,2,0.0042452085088458295,1.785406470298767,0.5143071356711495,1230.0399169921875,921.4713543990268,0.03798733279109001,2.86102294921875e-06,0.48736313
491,"Meryl Streep's character, Miranda, in the 2006 film The Devil Wears Prada was based on the editor-in-chief of which fashion magazine?",Vogue,1, magazine,14418,0,9,0.09489521903959562,1.6609023809432983,-0.04498406889605766,1233.8544921875,845.0718054387835,0.041993048042058945,0.1275634765625,0.7512346
492,"In the TV show Camberwick Green, who lived in Colly's Mill?","In the TV show Camberwick Green, the character of Colly lives",1, Mill,8220,0,5,0.05410172704296546,1.6483346223831177,0.14777665038658405,1281.632080078125,702.0117132074943,-0.009469911456108093,8.0703125,0.3040792
493,Which part of the human body produces insulin?,The pancreas.,1, insulin,31052,0,8,0.20437552653748947,1.555727481842041,0.037796622429103977,1317.564208984375,632.1829585514687,0.05510943382978439,2.431640625,0.75930345
494,Who played Dr. Doug Ross on the TV show E.R.?,Dr. Doug Ross on the TV show *E.R.* was played by,0,.R,2013,1,2,0.013248999578770009,1.7018070220947266,0.11921973575428213,1546.21630859375,819.0377822692772,0.03162789344787598,0.0029468536376953125,1.5309783
495,Who played the role of Kate Flax in the 1990 film Mermaids?,The role of Kate Flax in the 1990 film *,0,maids,97150,1,5,0.6394139637742208,1.251475214958191,0.009279674421744932,1240.8236083984375,902.5386623620369,0.00153902149759233,0.017120361328125,0.67397475
496,Who played the character Mrs. Merton on TV?,The character of Mrs. Merton was played by actress Jill Bennett in the,0, TV,5883,0,3,0.03872025063184499,1.7274234294891357,-0.2130406518520016,1078.9273681640625,271.0683142606509,0.043828658759593964,4.24609375,0.85068184
497,What nationality was three time Olympic gold medallist in figure skating Sonja Henie?,Norwegian,1,ie,645,1,2,0.0042452085088458295,1.785406470298767,0.5143071356711495,1241.7598876953125,727.2317139014241,0.03769275173544884,7.843971252441406e-05,0.16767693
498,At which Winter Olympic host city would you find the Cresta Run?,The Cresta Run is a natural ice skeleton sled run located in St.,0, Run,6452,0,4,0.042465248525695026,1.712795615196228,0.022244402741733893,935.235107421875,2.1884282001135977,0.016977012157440186,0.026275634765625,0.31595534
499,What kind of an animal is a wireworm?,Wireworms are the larvae of click beetles (family Elaterida,0,worm,55641,1,4,0.3662134056444819,1.563462257385254,0.04953745464446868,1045.40673828125,658.5528532873943,0.004485675133764744,0.34375,0.949576
500,What are the flat treeless plains of Argentina called?,Pampas,1, called,2598,0,7,0.0170993049705139,1.8910608291625977,0.004024645252740822,1309.1458740234375,790.0832825421868,0.005070896819233894,1.10546875,0.8622785
501,Which Canadian born  actress was the star in the movie Barb Wire?,The Canadian-born actress who starred in the movie *Barb Wire* is,0, Wire,19378,0,5,0.12754054338668913,1.5568732023239136,0.189459632433143,1446.44140625,873.3972477151113,0.020527122542262077,0.41748046875,2.2015061
502,"Which 2004 ""puppet"" movie, made by the makers of South Park, satirises Americas politics and jingoism?",A very very hungry caterpillar,0,ism,2142,1,3,0.014098041280539174,1.8104243278503418,-0.02807123616247642,1365.1959228515625,907.2420204396278,0.01439753919839859,0.333251953125,1.6752086
503,"Which river originates in the Taurus Mountains, and flows through Syria and Iraq?",The Euphrates River.,1, Iraq,11093,0,5,0.07301100463352991,1.5124149322509766,-0.02077317535803358,1308.6875,809.4818350199088,0.011578641831874847,2.37890625,0.80651927
504,"Following success at the 1979 election whose party conference speeech included the lines 'you turn if you want to, the lady's not for turning'?",Margaret Thatcher,1, turning,13054,0,8,0.0859177548441449,1.675941824913025,-0.13699860757188365,1555.1583251953125,1095.4997039304442,0.01573248952627182,5.125999450683594e-06,0.5555496
505,"In the run up to the 1997 election, Tony Blair outlined his parties' three priorities for office, can you name them?","The three priorities were: 1) Education, 2) Health,",0, them,1105,0,5,0.007272799073294018,1.824259877204895,-0.06937380764940704,1305.6851806640625,869.9597121094343,0.015842925757169724,0.342041015625,2.8952005
506,Which snooker player was simply known as 'The Grinder'?,'The Grinder' is a nickname for the snooker player Ronnie O,0, Grinder,68500,0,8,0.4508477253580455,1.1057294607162476,0.04999472662906568,1680.0457763671875,1121.920177606539,0.014820401556789875,6.45703125,1.4165485
507,Which former West Indian fast bowler was known as 'Whispering Death'?,Andy Roberts,0, Death,15911,0,6,0.1047217249368155,1.6328046321868896,-0.03408244795684379,1907.37060546875,1143.8780503231192,0.015550078824162483,0.0218658447265625,3.2622337
508,Which Eastenders character had a dog called Willy?,The Eastenders character who had a dog called Willy was **Graham,0,ly,398,1,2,0.00261952401010952,1.7781176567077637,0.11711208368169457,1279.9605712890625,717.4089046653222,-0.0024162435438483953,0.040679931640625,2.1148906
509,In which year did the first episode of Minder take place?,The first episode of Minder took place in the year 197,0, place,1992,0,6,0.01311078348778433,1.8322865962982178,0.05860340903190098,1282.358642578125,781.5764087586545,0.0042154863476753235,9.202957153320312e-05,0.7017178
510,What was the name of the cat in Rising Damp?,The cat's name was Marmalade.,0,amp,1121,1,3,0.007378106571187868,1.7556089162826538,-0.010670358933155377,1226.4139404296875,739.3790373968731,0.0328608900308609,0.07940673828125,0.80939645
511,"Which comedy written by Johnny Speight which first aired in 1965, featured a fervent West Ham supporter?",The Good Life,0, supporter,36463,0,10,0.2399892059814659,1.3705967664718628,-0.053616700863948985,1706.29052734375,869.9547686966625,0.016323428601026535,1.03515625,1.3279579
512,"What was the name of the comedy written by Ray Galton, Alan Simpson which aired 57 episodes?",The Good Life,0, episodes,17770,0,9,0.1169571398483572,1.5777606964111328,0.09631162233538992,1550.3284912109375,877.7740500400743,0.021549876779317856,1.8759765625,1.3275826
513,Bonar Law is the only Prime Minister not born in the UK. In which country was he born?,"Bonar Law was born in the United Kingdom, specifically in the town of",0, born,9223,0,5,0.060703190817186184,1.696534514427185,-0.013096545094561929,1237.62451171875,778.7169721534727,0.03868522495031357,0.0016927719116210938,0.18592966
514,Who lives in the Hundred Acre Wood?,"Winnie the Pooh, Piglet, Eeyore, Rabbit,",1, Wood,12131,0,5,0.07984282855939343,1.6753665208816528,-0.01672957572141165,1150.54296875,761.290421890413,0.007236450910568237,0.00044155120849609375,0.62523365
515,"If you heard the catchphrase ""They're great"" what would expect to be advertised?","The answer is ""They're great"" is a catchphrase from the",0, advertised,45741,0,11,0.30105439132266215,1.5369517803192139,0.056168008574685846,869.0305786132812,317.52712239607666,0.01640431210398674,12.8828125,1.350579
516,How many times was Boris Becker runner-up in the Men's Singles at Wimbledon?,0,0, Wimbledon,90157,0,10,0.5933880054759899,1.3658113479614258,-0.10044402735293811,1064.29150390625,619.6823570831506,0.017248233780264854,0.26953125,0.9315256
517,How many times did Steffi Graf win the Ladies Singles at Wimbledon?,"Steffi Graf won the Ladies Singles at Wimbledon 5 times, in the",0, Wimbledon,90157,0,10,0.5933880054759899,1.3658113479614258,-0.10044402735293811,1135.638671875,664.5309878879168,0.018499204888939857,0.1181640625,0.7234443
518,"In which postcode area are the Wimbledon Championships held? SW15, SW17 or SW19?",The Wimbledon Championships are held in the postcode area SW19.,1,9,24,1,1,0.00015796124684077506,1.6115447282791138,9.612222571418052,1272.5560302734375,869.6159054056592,0.07453932613134384,0.02252197265625,0.6397172
519,Who did Top of the Pops mistakenly portray in a Dexys Midnight Runners song?,The answer is the British Prime Minister Margaret Thatcher. In 198,0, song,5492,0,5,0.03614679865206403,1.6752809286117554,0.015430208056025574,1313.4212646484375,763.0047255018394,0.00128188356757164,4.37109375,2.8273995
520,What story introduced the Cybermen?,"The first story to feature the Cybermen was ""The Tenth Planet""",1,men,5676,1,3,0.037357834877843304,1.729400873184204,0.1068742382488197,1192.133544921875,727.8037381360365,0.032821547240018845,0.349853515625,0.7550781
521,Who played the tenth Doctor?,The tenth Doctor was played by David Tennant.,1, Doctor,18635,0,7,0.12265032645324347,1.6471548080444336,-0.009935887902935203,1160.94580078125,482.8483988510123,0.024444298818707466,0.27880859375,1.1081355
522,"How many Rings of Power were there, in total?","There were 7 rings of Power, in total.",0, total,2790,0,6,0.018362994945240102,1.8233708143234253,-0.0662962540740537,1297.0775146484375,748.2103803938184,0.02600548416376114,0.031402587890625,0.98072183
523,Which common colour can also be known as heliotrope?,violet,0,pe,375,1,2,0.0024681444818871103,1.764724612236023,0.08476980113422483,1204.47509765625,788.0507873711005,0.014948723837733269,3.5762786865234375e-07,1.7469847
524,Which golf shot is the opposite of a slice?,A hook.,1, slice,15983,0,6,0.10519560867733782,1.6704604625701904,-0.11578311264052443,1105.1019287109375,843.6513903227593,0.024341076612472534,2.900390625,0.8073034
525,Which actress left Eastenders for Hollywood only to flop as The Bionic Woman?,The actress who left Eastenders for Hollywood and subsequently flopped as The B,0, Woman,24511,0,6,0.1613245050547599,1.5828070640563965,0.026741673923431186,1307.62255859375,715.1785588378763,-0.010413898155093193,0.0010738372802734375,3.2938783
526,"In Only Fools And Horses, Rodney Trotter shares his middle name with which London football club?",West Ham United,0, club,6335,0,5,0.04169518744734625,1.691046953201294,-0.183062595359194,1243.990234375,678.4371735961591,0.033980969339609146,0.483642578125,2.5192802
527,"How were Dr Stantz, Dr Spengler and Dr Venkman better known in the 1980's?",Ghostbusters,1,'s,594,1,2,0.003909540859309182,1.754555106163025,2.2241836342674306,1356.261474609375,534.1936280225214,0.026685042306780815,2.396484375,0.7994296
528,General Charles de Gaulle was French President 1959 to 1969. Who succeeded him?,"Okay, so I need to figure out who succeeded General Charles de Gaul",0, him,1435,0,4,0.009444766217354676,1.7920806407928467,0.06776727345713196,1440.3677978515625,806.0866683451932,0.06010033190250397,0.013092041015625,2.2938519
529,"When Mr Benn was looking for an adventure, what type of shop did he visit?","When Mr. Benn was looking for an adventure, he visited a **book",0, visit,3947,0,6,0.02597804338668913,1.7560096979141235,-0.0471400482922566,1255.5875244140625,802.7158123798645,0.04073821008205414,1.75390625,1.2333672
530,"What is the name of the enzyme usually added to milk to coagulate it, to make ""curds and whey""?",rennet,1,y,88,1,1,0.0005791912384161752,1.655426263809204,1.0372530640133473,2424.988037109375,1426.068497619447,0.02691546641290188,0.0038318634033203125,1.3318092
531,Which cheese shares its name with a Guiness Premiership rugby team that play at Welford Road?,Leicester,1, Road,9536,0,5,0.06276326874473462,1.699818730354309,0.10277468228681075,1197.4346923828125,592.0466057850797,0.011428316123783588,0.00013363361358642578,2.618003
532,Where in London were the first escalators installed in 1898?,The first escalators were installed in London at the Oxford Circus station of the,0,8,23,1,1,0.00015137952822240943,1.6351768970489502,18.247345848185144,1284.8553466796875,744.3115994657684,0.07183264940977097,1.8759765625,0.42066807
533,"In what year was the first episode of Doctor Who broadcast? 1959, 1963 or 1967?",The first episode of Doctor Who was broadcast in 1963.,1,7,22,1,1,0.0001447978096040438,1.6516348123550415,18.402015645110435,1289.99365234375,913.5178525737681,0.07714041322469711,2.53515625,0.6673856
534,What is the name of the company that owned the spaceship Red Dwarf?,"The spaceship Red Dwarf is owned by the company called the ""Clyde",1, Dwarf,79730,0,6,0.5247604254422915,1.3542944192886353,0.17534736776383708,1131.267822265625,710.568916027298,0.04098071530461311,1.58984375,0.67833227
535,"Which character has been played by Jack Lord, Cec Linder, Rik Van Nutter, Norman Burton, David Hedison, John Terry, David Hedison and Jeffrey Wright?",The character is James Bond. Jack Lord played Bond in the 19,0, Wright,26741,0,7,0.17600173757371526,1.6245856285095215,0.0889761736668997,1393.0028076171875,914.5643573006524,0.010496482253074646,6.28515625,0.32707807
536,Name the magician who first introduced us to Basil Brush.,The magician who first introduced us to Basil Brush is **Arthur H. H,0, Brush,32988,0,6,0.21711773378264532,1.4340351819992065,-0.16135631354535684,1146.113525390625,657.400555279442,0.02909223735332489,2.646484375,1.3197807
537,Who was the only Prime Minister of Britain to be assassinated?,The only Prime Minister of Britain to be assassinated was Spencer Perceval,1,inated,15479,1,6,0.10187842249368155,1.617114782333374,-0.04583070641566289,1424.93994140625,802.7276077268016,-0.0030351290479302406,-0.0,1.1955138
538,What is the name of the chain of islands in the southwestern Philippines?,The chain of islands in the southwestern Philippines is called the Sulu Archipel,0, Philippines,25296,0,12,0.16649115417017693,1.5582730770111084,-0.1593571378886347,1328.0576171875,712.7197801733911,0.0435122586786747,6.9765625,0.24557608
539,What was the name of the ferry that capsized after leaving Zeebrugge in 1987,The Herald of Free Enterprise,1,7,22,1,1,0.0001447978096040438,1.6516348123550415,18.402015645110435,1281.389404296875,753.0110079492334,0.066244937479496,0.0214691162109375,0.9912268
540,The Flying Pickets were a British vocal group who had Christmas no1 hit in 1983. What was the title of the song.,Step 1: Identify the key information from the question. The question is,0, song,5492,0,5,0.03614679865206403,1.6752809286117554,0.015430208056025574,1448.1949462890625,790.3533864424875,0.007247570436447859,0.06689453125,2.932339
541,"In Risk, what colour is Europe?",Europe is a light blue region in Risk.,1, Europe,4505,0,7,0.02965064237573715,1.7237880229949951,-0.15764637481281651,1358.1204833984375,742.2018119500865,0.025921031832695007,9.84375,0.9558485
542,Which British band named themselves after a South African football team?,"The band is called The Specials. They were formed in Birmingham, England",0, team,2083,0,5,0.013709719882055603,1.7722951173782349,0.06777419059442913,1389.48193359375,773.4172381334674,0.027471691370010376,0.7890625,0.6632166
543,How many female P.Ms have there been?,1,1, been,1012,0,5,0.006660699241786015,1.811927318572998,0.5105558620256789,1453.7030029296875,746.2454807431575,0.03779910132288933,0.0029010772705078125,1.7364709
544,"Newspapers come is various sizes, broadsheet being the largest, and tabloid being smaller, but what name is given to the smallest size.","The smallest size is called the ""broadsheet"" but wait, that",0, size,1379,0,5,0.009076189974726201,1.8098803758621216,0.081824083961481,1403.94873046875,726.5821062123332,0.030109766870737076,2.216796875,0.9399472
545,Which wedding anniversary is celebrated with paper,1st,1, paper,5567,0,6,0.03664042754844145,1.7992916107177734,0.12881534783405835,1182.71630859375,552.2352886218396,0.023047639057040215,5.31640625,1.0176034
546,"Which American female rap artist, film & television actress release a song called Paper in 1998","The American female rap artist, film & television actress who released a song called",0,8,23,1,1,0.00015137952822240943,1.6351768970489502,18.247345848185144,1604.8931884765625,914.505622702776,0.07220287621021271,1.373046875,3.6758132
547,Who won the 2010 Giro D'Italia?,The 2010 Giro d'Italia was won by Alberto,0,alia,18848,1,4,0.12405223251895535,1.637792944908142,0.10208668277485566,1223.677490234375,533.1143103606967,0.01996409334242344,4.172325134277344e-06,0.1635772
548,"In the Commonwealth games in Delhi, which British athlete won the mens 200m gold medal?","In the Commonwealth games in Delhi, the British athlete who won the men's",0, medal,36612,0,6,0.24096988205560235,1.5280213356018066,0.0826355391409086,1453.20556640625,711.6206965050458,0.035502031445503235,1.01953125,1.433341
549,"Which singer picked up three Ivor Novello awards in May, including songwriter of the year for her hit single, The Fear?","The singer who picked up three Ivor Novello awards in May, including",0, Fear,41967,0,5,0.2762149852569503,1.4990767240524292,0.05708617165786256,1264.3262939453125,615.2017398071579,0.01620589755475521,5.625,2.0497699
550,Which American singer was born Eleanora Fagan?,Billie Holiday,1,agan,18345,1,4,0.12074162805391744,1.6666337251663208,0.05784974295084,751.04541015625,25.762378381686034,0.0048957038670778275,0.0166168212890625,0.08399986
551,Which famous woman in history had a cottage in Shottery in Warwickshire?,"The famous woman in history who had a cottage in Shottery, Warwickshire",0,shire,14909,1,5,0.09812684288121314,1.5439536571502686,-0.07552022274498427,1267.20947265625,764.3346178542762,0.004041820764541626,0.0002913475036621094,2.3137724
552,Who sang the theme song for the TV show 'Rawhide'?,The theme song for the TV show 'Rawhide' was sung by Johnny,0,hide,8559,1,4,0.056332929654591406,1.6530128717422485,0.012577472385302269,1197.8021240234375,922.2646737976454,0.031134547665715218,0.133056640625,0.35551357
553,Which sea lies between Italy and the former Yugoslavia?,The Adriatic Sea,1, Yugoslavia,96777,0,11,0.6369589827295703,1.4029209613800049,-0.021213473557382567,1104.9423828125,737.5418546097044,0.023754103109240532,0.10040283203125,0.35121927
554,In which country is the region Dalmatia?,Dalmatia is a historical region in the eastern part of the Adri,0,ia,685,1,2,0.004508477253580455,1.7968707084655762,0.19406014422535467,1630.504150390625,915.168611601442,-0.0007172735640779138,2.110004425048828e-05,0.80405307
555,Who was known as the Great Lover of the Silent Screen?,The Great Lover of the Silent Screen is a nickname for the actor Douglas Fair,0, Screen,13948,0,7,0.09180181128896378,1.613997459411621,-0.0433648302773082,1393.1939697265625,796.0139743489124,0.02266453392803669,3.283203125,2.3197448
556,"Which actor plays Cate Blanchett's father in the 2004 film ""The Missing"", a story set in 19th century New Mexico where the father works with estranged daughter Blanchett to get her kidnapped child back?",The actor who plays Cate Blanchett's father in the 20,0, back,1182,0,5,0.007779591406908172,1.83817720413208,0.000431445633945593,1462.7886962890625,975.8264302119329,0.02286485582590103,0.040740966796875,3.565771
557,How is Frances Gumm the actress better known?,Marilyn Monroe,0, known,3881,0,6,0.025543649957877,1.834195613861084,0.07052586993150767,1545.573486328125,841.1204128088788,0.01865091361105442,0.1885986328125,1.6877016
558,"Who won the Best Actress Oscar for the 1988 film, The Accused?","The 1988 film ""The Accused"" was a significant",0,used,2591,1,4,0.01705323294018534,1.67147696018219,0.12517244429904872,1196.685546875,952.5840042667492,0.024152109399437904,0.98828125,0.43872145
559,"Which  constellation contains many bright shining stars, such as Regulus?",Leo,0,ulus,19425,1,4,0.1278498841617523,1.6956515312194824,-0.013336711969469395,1381.372314453125,857.8516058927269,0.030179303139448166,1.537799835205078e-05,0.119173005
560,"Which London river, now flowing underground, rises in Hampstead, flows through St. Pancras, down Farringdon Street and enters the Thames by Blackfriars Bridge?",The River Fleet,1, Bridge,19874,0,7,0.13080507582139847,1.6572357416152954,-0.048167433338131005,1385.6695556640625,782.9907604235908,0.041517775505781174,0.44921875,0.044267647
561,-Day in 1944 was the greatest sea-bourn invasion in history. What was the code name for the operation?,D-Day,0, operation,5666,0,10,0.03729201769165964,1.8019081354141235,0.04584207301908272,1495.0655517578125,752.3778086852635,0.046492695808410645,0.49072265625,0.90324205
562,On which island are the Cuillin Hills?,Skye,1, Hills,24919,0,6,0.16400984625105308,1.5615344047546387,-0.026730920262983293,1572.8038330078125,851.276471710641,0.019878529012203217,2.802734375,0.8585924
563,"Which dancer has only one notable film cameo, appearing with Sean Connery in the 1979 movie The First Great Train Robbery, breaking into a guarded station office.",The dancer is **Mikhail Baryshnikov**. He made,0, office,5163,0,7,0.03398141322662174,1.7403602600097656,0.18869881577808645,1392.694091796875,854.6109366308747,0.046310633420944214,7.84375,3.7451854
564,What was the first name of the character played by John Travolta in Saturday Night Fever.,Tony,0, Fever,83901,0,6,0.5522127737994945,1.3964999914169312,0.03015444952791979,1186.4356689453125,797.4621386378005,0.026896078139543533,0.0058441162109375,1.1687636
565,In which 1969 movie did Michael Caine appear with his brother Stanley.,The Italian Job,1, Stanley,30452,0,8,0.2004264953664701,1.5933679342269897,0.03357288002624559,855.92626953125,2.4312747647213326,0.0059194909408688545,9.90625,0.27113977
566,"In 1969, a man was stabbed to death by a member of the Hell's Angels at a Rolling Stones concert. Where was the concert held?",The concert was held at the Altamont Free Concert in California.,1, held,5644,0,5,0.037147219882055604,1.7925812005996704,0.010597099156547163,1178.6038818359375,855.8333923942668,0.0034151312429457903,0.9462890625,0.11984479
567,"How long does it take, approximately, for light to travel from the Sun to the Earth?",It takes approximately 8 minutes for light to travel from the Sun to the,0, Earth,9237,0,6,0.060795334877843304,1.7914111614227295,-0.11743521234762788,1321.4443359375,799.336827472165,0.01615692488849163,0.01361083984375,1.8582181
568,"A Long Island Iced Tea is a cocktail based on vodka, gin, tequila, and which other spirit?","A Long Island Iced Tea is a cocktail based on vodka, gin,",0, spirit,8913,0,7,0.05866285804549284,1.7201980352401733,-0.008736941984472502,1148.72314453125,708.3055563977343,0.00930752232670784,0.142333984375,0.46583197
569,Anellini pasta is what type of shape?,"Anellini pasta is a type of shell pasta, characterized by its small",0, shape,6083,0,6,0.04003659435551811,1.7958407402038574,-0.07680326627778733,1475.62841796875,801.0972059699781,0.032914191484451294,7.16796875,1.7417616
570,A Cuba Libre is based on which spirit,rum,1, spirit,8913,0,7,0.05866285804549284,1.7201980352401733,-0.008736941984472502,1136.362548828125,595.082199239076,0.016839083284139633,0.68359375,0.58869016
571,Which company were responsible for the production of the Spitfire?,The Supermarine company,1,fire,10796,1,4,0.07105623420387532,1.6681238412857056,0.04096695618800483,1328.6790771484375,758.9370471199069,0.01864616759121418,0.04315185546875,1.0969354
572,"The lyric Always sunny in a rich man's world', is from which song?","The lyric ""Always sunny in a rich man's world"" is from the",0, song,5492,0,5,0.03614679865206403,1.6752809286117554,0.015430208056025574,1299.1279296875,728.6660972269535,0.0021231253631412983,0.458251953125,1.1693968
573,Who won the men's singles title at Wimbledon in 1987?,The men's singles title at Wimbledon in 1987 was won,0,7,22,1,1,0.0001447978096040438,1.6516348123550415,18.402015645110435,1096.5966796875,607.0486271795709,0.0721975564956665,4.234375,0.38687232
574,Who made Victor Krum's wand?,"Victor Krum's wand was made by Garrick Ollivander,",0, wand,28710,0,5,0.18896114153327717,1.5898743867874146,-0.0016944861988976712,938.2426147460938,174.0118099131511,0.03440115600824356,4.55859375,0.6406494
575,What kind of creature is Firenze?,Firenze is a centaur.,1,nze,84449,1,3,0.5558195556023589,1.3106060028076172,-0.081152630540819,1177.529541015625,842.7968057998961,0.0007820999016985297,4.05078125,0.33881253
576,What building in Scotland is said to house the Holy Grail and features prominently at the end of The Da Vinci Code?,The building in Scotland that is said to house the Holy Grail and features,0, Code,6119,0,5,0.040273536225779276,1.8050158023834229,0.0008909229446194544,1329.8939208984375,836.8276291497543,0.028932973742485046,0.0009622573852539062,1.1266614
577,In which sitcom did Penelope Wilton play the wife of Richard Briers?,"Yes, and the answer is ""Yes, and the answer is..."" but",0,riers,17291,1,5,0.11380449663016007,1.5206573009490967,-0.043661863884340235,1198.6817626953125,698.5192431029443,0.02679978683590889,0.0032787322998046875,2.0143187
578,Who plays the role of Bubble in Absolutely Fabulous?,"The role of Bubble in the British television series ""Absolutely Fabulous"" is",0,ulous,13540,1,5,0.0891164700926706,1.5481326580047607,-0.11424866078054885,1098.1939697265625,659.0689167813739,0.012029730714857578,1.0728836059570312e-06,2.1845565
579,"Which cockney private detective, co-created by Terry Venables, was portrayed on TV by Nicholas Ball?",The cockney private detective co-created by Terry Venables and portrayed on TV,0, Ball,12836,0,5,0.0844829401853412,1.6912821531295776,-0.027873741502254745,1186.531494140625,745.1004726358904,0.049139104783535004,3.9140625,1.9845071
580,Who in 1975 became the first black man to win a Wimbledon singles title?,The first black man to win a Wimbledon singles title in 197,0, title,2265,0,6,0.014907592670598147,1.8228745460510254,-0.10484262173291636,1224.9180908203125,653.204929831375,0.010813891887664795,0.01352691650390625,1.8285817
581,Which South African fast bowler had the nickname White Lightning,Which South African fast bowler had the nickname White Lightning,0, Lightning,33844,0,10,0.2227516849199663,1.5458989143371582,-0.010766013356338533,1472.5531005859375,863.6274541422642,0.01960630901157856,0.64990234375,3.8332276
582,"In 1953, Edmund Hillary was half of the famous pair to first do what?",Edmund Hillary was half of the famous pair to first climb Mount Everest in,0, what,1128,0,5,0.007424178601516428,1.8533166646957397,0.45495811235288963,1295.583984375,717.970440158798,0.026958473026752472,0.288330078125,1.1152312
583,Another name for the Holy Wars between the  Christian states of Europe against the Saracens,The Crusades,1,ens,724,1,3,0.004765164279696714,1.7848050594329834,0.0029033998952834317,1622.910888671875,705.9251784348023,0.03162376582622528,0.00028204917907714844,1.741926
584,1986 film starring Goldie Hawn as a High School football coach.,9 to 5,0, coach,7247,0,6,0.047697714827295706,1.6110416650772095,0.009583862617042804,1416.1280517578125,801.0525235006814,0.028913257643580437,0.07611083984375,1.425335
585,"Who was the 16th president of the U.S.A.,assasinated in 1865",Abraham Lincoln,1,5,20,1,1,0.00013163437236731254,1.572671890258789,45.32547104831048,1775.17236328125,930.7804532060387,0.09096493571996689,0.004817962646484375,1.1555274
586,"Which Italian explorer had ships named Nina, Pinta and Santa Maria?",Christopher Columbus,1, Maria,23016,0,6,0.15148483572030327,1.6793707609176636,0.0010904705085241773,1374.493896484375,713.56210824574,0.006477732211351395,0.00989532470703125,0.43678173
587,Who had chart hits which included Annie`s Song and Rocky Mountain High?,John Denver,1, High,5124,0,5,0.03372472620050548,1.743411660194397,0.00205827282988702,1300.475341796875,781.8839740991941,-0.0008624028414487839,0.005428314208984375,0.24837635
588,"Which cartoon series featured the characters Lion-o, Cheetera, Tygra and Snarf/","The cartoon series that featured the characters Lion-o, Cheeta, Tygra",0,arf,59226,1,3,0.38980886689132266,1.5261600017547607,0.06110241323325294,1310.6458740234375,823.3073158866341,0.00037133158184587955,2.298828125,0.18962348
589,"Who was the leader of the gang whose members included Benny the Ball ,Brain and Choo Choo?","The leader of the gang whose members included Benny the Ball, Brain, and",0,oo,2624,1,2,0.017270429654591406,1.7652568817138672,0.01906481658173531,954.1317138671875,557.370387838955,0.021481089293956757,-0.0,0.8206691
590,Which famous resident resides at Highgrove House?,"The Prince of Wales, now King Charles III, resides at Highgrove",1, House,4678,0,6,0.030789279696714408,1.7458066940307617,-0.021859333888680332,1396.3052978515625,757.4934158370753,-0.002990243025124073,0.0217437744140625,1.4850384
591,What is the currency of India?,"The currency of India is the Indian rupee (INR), which is",1, India,6747,0,6,0.04440685551811289,1.7524288892745972,-0.08982182077507606,1357.2103271484375,810.3493552122171,0.018279455602169037,3.201171875,0.41039562
592,How many avenues radiate from the Arc de Triomphe?,12,1,he,383,1,2,0.0025207982308340354,1.759033441543579,0.03735672729225481,1274.877685546875,594.807378297919,0.005251827649772167,1.1920928955078125e-07,1.5320076
593,In which country is Dubrovnik?,Dubrovnik is a city located in Croatia. It is a coastal city,1,nik,21490,1,3,0.14144113310867734,1.6866989135742188,0.11079974086182176,1377.228271484375,807.0682164829027,-0.0009062779136002064,4.279613494873047e-05,0.8442333
594,"The Dakar Rally (previously known as the Paris Dakar rally) is an annual event, but of which country is Dakar the capital city?",Senegal,1, city,3283,0,5,0.021607782224094357,1.772355318069458,-0.03698332961270845,1237.81591796875,679.8942348846462,0.023504415526986122,1.9921875,1.2850975
595,The Miller Brewing Company got its start in what U.S. city?,"Milwaukee, Wisconsin",1, city,3283,0,5,0.021607782224094357,1.772355318069458,-0.03698332961270845,1083.9510498046875,543.2125354226438,0.025769585743546486,0.08917236328125,0.010781262
596,Who did Simple Simon meet on his way to the fair?,Simple Simon met a pie in the face.,0, fair,6624,0,5,0.04359730412805392,1.7511749267578125,-0.0076036539646247014,1283.2044677734375,716.3237915474746,0.03900452330708504,0.1131591796875,1.4786147
597,Which cartoon strip character first appeared in The Beano in 1951?,"The answer is ""The Bash Street Kids"". This character first appeared in The",0,1,16,1,1,0.00010530749789385004,1.570737600326538,240.21470640566866,1460.488037109375,749.4697446408887,0.08607997000217438,1.818359375,0.8876057
598,"The Asian Tsunami or Boxing day tsunami that hit Thailand, Indonesia and many other countries happened in what year?",2004,1, year,1042,0,5,0.006858150800336984,1.7814589738845825,-0.006246458715262637,1378.75927734375,851.21847827215,0.010203038342297077,0.006992340087890625,0.8006989
599,"Following that year's April Budget, Alderman Sir Cuthbert Ackroyd, who later became Lord Mayor of London, bought the first what on 1 November 1956?",The first computer,0,6,21,1,1,0.00013821609098567817,1.5665326118469238,21.581200252238826,1220.1217041015625,787.7729035845649,0.07015934586524963,4.08203125,1.1627241
600,"Produced between 1970 and 1974, what is a Bond Bug?",A Bond Bug is a type of toy car produced by the British company Ham,1, Bug,30501,0,4,0.20074899957877002,1.6336705684661865,-0.06530541747451446,924.48046875,481.82390314616225,0.00626099668443203,8.390625,0.55680513
601,What was Jacques Cousteau's mobile oceonagraphic laboratory.,The Calypso,1, laboratory,26594,0,11,0.1750342249368155,1.7044813632965088,0.043564397568880864,1681.9095458984375,894.0682659809215,0.00326608307659626,0.5859375,1.8083119
602,What is the name of the helicopter used to transport the President of the United States,The helicopter used to transport the President of the United States is called the Marine,0, States,4180,0,7,0.027511583824768322,1.7537168264389038,0.010852865319968874,1431.8865966796875,803.209140922879,0.014618981629610062,8.189678192138672e-05,0.606903
603,Which queen consort of England is associated with Hever Castle in Kent?,Anne Boleyn,1, Kent,17734,0,5,0.11672019797809605,1.5949503183364868,0.02254851122254209,1402.2423095703125,917.7135928295806,0.009695896878838539,0.0518798828125,1.4621847
604,What was the capital of the United States between 1785 and 1790??,Philadelphia,0,0,15,1,1,9.872577927548442e-05,1.4704278707504272,97.35945932219374,1366.967041015625,805.9796008307246,0.0957833081483841,0.042755126953125,1.2612593
605,Which country does the drink Cinzano come from?,"Cinzano is a brand of vermouth, which is a fortified and arom",0, from,504,0,5,0.003317186183656276,1.7910735607147217,3.54297290633631,1156.4293212890625,731.0506149585791,0.01603688672184944,0.00016427040100097656,0.16321218
606,Which fictional girls' boarding school was created by the cartoonist Ronald Searle,The fictional girls' boarding school created by the cartoonist Ronald Searle,0,le,273,1,2,0.0017968091828138163,1.7771044969558716,0.2116885210783006,1295.0318603515625,704.0961352124485,0.03496476635336876,0.01555633544921875,2.4528854
607,Who played the character Mr Chips in the 2002 TV adaptation of Goodbye Mr Chips,"The 2002 TV adaptation of *Goodbye, Mr.",0, Chips,86668,0,6,0.5704243892165122,1.3805588483810425,-0.020854729808551742,1219.0323486328125,781.0455533194105,0.011421706527471542,0.1876220703125,3.2884564
608,Rarely is the question asked: Is our children learning?,"The answer is yes, but not in the way we think. The answer",0, learning,6832,0,9,0.04496630160067397,1.7932580709457397,0.1393127567311896,1108.77734375,575.6565345558816,0.04794443026185036,4.59375,3.0605292
609,"Are you going to come quietly, or do I have to use earplugs?","I'm going to come quietly, so you don't need to use ear",0,ugs,13299,1,3,0.08753027590564448,1.6509660482406616,0.034208708239754415,1165.7550048828125,689.931877625369,0.028246980160474777,2.384185791015625e-07,1.1792612
610,Which shipping forecast area is directly north of German Bight?,"The North Sea shipping forecast is divided into areas, and the area directly north",0,ight,491,1,4,0.0032316238416175234,1.7443684339523315,0.22304623504362553,1128.22314453125,723.9904971597244,0.016617419198155403,2.1696090698242188e-05,1.072663
611,By what name did Samuel Langhorne Clemens publish his novels under?,Mark Twain,1, under,1212,0,6,0.00797704296545914,1.8307504653930664,0.01399141173206564,1145.41015625,550.5989414772525,0.03558547422289848,5.17578125,0.62786806
612,Who wrote the novel Rasselas in a single week in 1759 to pay for his mother's funeral?,Samuel Taylor Coleridge,0, funeral,30979,0,8,0.2038950610783488,1.418121576309204,-0.07597425246024647,1088.7000732421875,617.7048175776456,0.016799569129943848,0.5068359375,1.6583018
613,Who painted Girl with a Pearl Earring?,"The painting ""Girl with a Pearl Earring"" was created by the renowned",0,arring,19859,1,6,0.130706350042123,1.5854315757751465,0.12030529788348066,1293.266357421875,789.2065667845438,0.03334004431962967,0.0006747245788574219,0.9504136
614,What is 1009 when expressed as Roman Numerals?,1009 in Roman Numerals is MIIX. Let me,0,als,1127,1,3,0.007417596882898062,1.804527759552002,-0.07518085183773326,1413.873779296875,804.8899443694371,-0.006391190458089113,1.1920928955078125e-07,1.0805874
615,Who had hits with Go Now and Nights in White Satin?,The Moody Blues,1,in,258,1,2,0.0016980834035383318,1.654983401298523,2.1366077246661943,1250.1317138671875,773.7751781871314,0.05948098003864288,3.5762786865234375e-07,0.26514375
616,Which statesman was known as the Iron Chancellor?,Otto von Bismarck,1, Chancellor,46963,0,11,0.30909725147430495,1.4311002492904663,0.11657946921040807,1455.3868408203125,873.597160637494,0.017351366579532623,0.033111572265625,0.1604561
617,What was left in Pandora's Box after all the evil escaped?,Hope,1, escaped,27783,0,8,0.18285988837405223,1.5364052057266235,-0.06227664355453211,1356.4710693359375,705.7146076424549,0.023877311497926712,5.61328125,0.2130877
618,What type of bird was the first released by Noah?,The first bird released by Noah was a raven.,1, Noah,41984,0,5,0.2763268744734625,1.533903956413269,-0.07305127509594378,1463.84326171875,854.9843055338299,0.023223888128995895,7.94140625,1.4397312
619,What is the state capital of Florida?,Tallahassee,1, Florida,9589,0,8,0.063112099831508,1.674471139907837,-0.10317987364036929,1270.499267578125,768.6506038464978,-0.0024669489357620478,3.509765625,0.3990027
620,Who was sacked as the Beatles' drummer and replaced by Ringo Starr?,Pete Best,1, Starr,75022,0,6,0.4937736941870261,1.4309757947921753,0.004994950747860383,1351.071044921875,888.9340379586188,0.022823983803391457,0.0130767822265625,0.63084805
621,In which is Shakespeare's plays are the title character's last words the rest is silence?,Hamlet,1, silence,21162,0,8,0.13928232940185342,1.5721224546432495,-0.013301223882604685,1620.6629638671875,922.7098827149842,0.018674321472644806,0.00157928466796875,1.1334295
622,"Tsar Nicholas I abidacated in 1917, who was the other monarch to abdicate during this period?",The other monarch to abdicate during this period was Emperor Franz Joseph I,0, period,4168,0,7,0.027432603201347935,1.7551045417785645,0.006659824473313147,1520.8616943359375,880.4208063350014,0.019466077908873558,1.65625,0.79202527
623,"Which Roman Emperor was allegedy killed by his wife, Aggripina, in AD54?",The Roman Emperor who was allegedly killed by his wife Agrippina the Young,0,4,19,1,1,0.0001250526537489469,1.589713215827942,35.19738274335967,1547.563232421875,858.8445753200332,0.07701339572668076,0.7666015625,1.6833373
624,Whose last words were Et Tu Brute according to Shakespeare?,"According to Shakespeare's play ""Julius Caesar,"" the last words of Julius",1, Shakespeare,41382,0,12,0.2723646798652064,1.610411286354065,-0.0023508710123985033,1317.4073486328125,753.8266684348692,0.010090176947414875,0.3681640625,1.0784335
625,Mel Gibson (1990) and Kenneth Branagh (1996) have both played which character in movies?,Mel Gibson (1990) and Kenneth Branagh (19,0, movies,9508,0,7,0.06257898062342039,1.6392203569412231,0.004337375846700908,1146.84619140625,485.15319019500305,0.046479482203722,5.2734375,2.2354643
626,"The original United Artists film studio was founded in 1919 by D.W. Griffith, Mary Pickford, Douglas Fairbanks and who else?",Charles Chaplin,1, else,770,0,5,0.005067923336141533,1.822554111480713,-0.1117761907387207,1170.2093505859375,694.4732180010996,0.042727455496788025,0.11810302734375,1.5212625
627,Which Holiday movie favourite featured a character called Kevin McCallister?,Home Alone,1,ister,1571,1,5,0.010339879949452402,1.7222938537597656,0.09533023945793273,1368.717529296875,879.4063407712557,0.032995011657476425,2.1457672119140625e-05,0.27357167
628,Who was the author of Pygmalion'?,"The author of ""Pygmalion"" is George Bernard Shaw. This",1,ion,290,1,3,0.001908698399326032,1.7954728603363037,0.014649353795084696,1209.6280517578125,878.5116243977617,0.02277814969420433,9.5367431640625e-07,0.8541763
629,"Who was the third President of the USA, following on from George Washington and John Adams was also famed for his numerous inventions?",Thomas Jefferson,1, inventions,84049,0,11,0.5531868681550126,1.4776179790496826,-0.0919585160340417,1344.4361572265625,895.8441426414669,0.039599355310201645,3.80078125,0.43744883
630,What is the minimum age of someone running for the office of President of the United States?,The minimum age is 35 years old. This requirement is outlined in,0, States,4180,0,7,0.027511583824768322,1.7537168264389038,0.010852865319968874,1407.594482421875,848.5345327033248,0.01403800118714571,0.00014913082122802734,1.1619753
631,England won the 1966 World Cup beating Germany 4-2. Hurst scored 3 of England's goals who scored the other?,"The other goals were scored by Martin Chivers, Geoff Hurst, and",0, other,1008,0,6,0.006634372367312552,1.8118054866790771,0.12526226929700046,1461.88134765625,793.8182623026778,0.025804731994867325,0.128173828125,0.83638686
632,From which 1960s sci-fi movie did 1980s pop sensation Duran Duran take their name from a character from the movie?,"The answer is ""The Man Who Fell to Earth"" (197",0, movie,5700,0,6,0.03751579612468408,1.684216856956482,-0.0009526664300216758,1446.5064697265625,845.1831411582356,0.02759910374879837,0.60205078125,0.7501892
633,What year did E.T. Hit the cinema screen?,1982,1, screen,4171,0,7,0.027452348357203032,1.7498762607574463,-0.06411689325830361,1545.1064453125,744.4757126938397,0.036910489201545715,4.62109375,0.9004168
634,The Red Sea is connected to the Indian Ocean by which gulf ?,The Red Sea is connected to the Indian Ocean by the Gulf of Aden,1,ulf,14308,1,3,0.0941712299915754,1.6498963832855225,-0.04053533251868924,1029.7547607421875,414.95077064892104,0.00545975286513567,2.0742416381835938e-05,0.17984891
635,The Red Setter is more properly known by which name?,The Red Setter is more properly known as the Irish Setter.,1, name,829,0,5,0.005456244734625105,1.8392785787582397,0.01390981858990159,1310.8087158203125,667.3355296170134,0.0641619935631752,0.339599609375,0.18546827
636,What was the name of the World War I fighter ace nicknamed the Red Baron?,The name of the World War I fighter ace nicknamed the Red Baron is Man,1, Baron,52907,0,6,0.34821898694187026,1.5599547624588013,-0.08990113947329625,1421.6005859375,834.0963889514836,0.005841883830726147,0.06634521484375,0.70818216
637,What is the capital of the U.S. state of Connecticut?,The capital of the U.S. state of Connecticut is Hartford.,1, Connecticut,30361,0,12,0.1998275589721988,1.5289835929870605,-0.07951917371102013,1091.8294677734375,816.0644667377421,0.02259061299264431,5.9921875,0.6577496
638,What was founded by Ferdinand II of Aragon and Isabella I of Castile to keep Catholic orthodoxy as the major religion of their kingdoms?,The Spanish Inquisition,1, kingdoms,95406,0,9,0.6279354465037911,1.4422166347503662,-0.1572258899921164,1390.084716796875,865.087694279691,0.03790505230426788,2.3359375,0.92311877
639,"In golf, what name is given to a score of three under par on a given hole?","A ""birdie"" is the term used for a score of three under",0, hole,14178,0,5,0.09331560657118787,1.710815191268921,-0.08105540730210814,1027.466064453125,746.0405264167142,0.02611798793077469,0.0002560615539550781,0.8786338
640,"In dentistry, what is the name given to hardened dental plaque?",Calculus,0, plaque,60364,0,7,0.39729886267902276,1.4733083248138428,0.09631506420489977,1286.615966796875,690.1629595815638,0.028248434886336327,0.024871826171875,1.0567203
641,Which singer played the Goblin King Jareth in the film Labyrinth'?,David Bowie,1,abyrinth,61530,1,8,0.40497314658803707,1.4519661664962769,-0.028405636912695265,1650.235107421875,1106.4779683966617,0.021999914199113846,4.112720489501953e-05,0.18018197
642,Who played Aunty Entity' in the film 'Mad Max Beyond the Thunderdome'?,The character of Aunty Entity in the film *Mad Max Beyond the,0,ome,635,1,3,0.004179391322662173,1.7447788715362549,0.05146629173219708,1361.2850341796875,1140.1814512515427,0.027528150007128716,5.9604644775390625e-06,2.914091
643,"Name the fantasy movie directed by Terry Gilliam, where 6 dwarves have stolen a map.","The answer is ""The Adventures of Baron Munchausen"" (1",0, map,2415,0,4,0.01589485046335299,1.7915773391723633,0.04408380738317108,1427.9207763671875,817.2634581657622,0.034688450396060944,3.951171875,0.05913187
644,"Which TV comedy had characters McLaren, Blanco & Warren","The answer is ""The Office (UK)"".",0, Warren,25631,0,7,0.1686960299073294,1.548043966293335,0.05708932043073567,1353.4970703125,874.8112442116575,0.06601770967245102,8.2578125,2.4559274
645,In which TV series would you find an Eagle Transporter,"The TV series ""Doctor Who"" features an Eagle Transporter. However,",0,er,261,1,2,0.0017178285593934287,1.6864144802093506,0.5410849635308526,1030.1690673828125,458.181306385567,0.0165952667593956,1.75390625,1.9496588
646,Which jazz saxophonist was nicknamed Bird,Charlie Parker,1, Bird,23331,0,5,0.15355807708508845,1.6160420179367065,0.12755707254423276,1292.5821533203125,813.2577992558683,0.007587673142552376,8.2890625,0.5373386
647,Which patriotic Irving Berlin song includes the line  From the mountains to the prairie to the oceans white with foam ?,God Bless America,1, foam,31083,0,5,0.2045795598146588,1.5105315446853638,0.19244201291721774,1986.545166015625,1031.997256459219,0.03741365298628807,0.084716796875,1.2374035
648,Who created the Miss World pageant?,The Miss World pageant was created by a British entrepreneur named Eric Morley,1,ant,517,1,3,0.0034027485256950293,1.7878817319869995,0.11185282705195165,1221.7001953125,710.7143712828064,0.046086326241493225,0.0002453327178955078,0.03001676
649,In Egyptian myth who was the God of chaos and disorder?,The God of chaos and disorder in Egyptian mythology was **Set** (also,0, disorder,19267,0,9,0.12680997262005056,1.655617594718933,-0.0571766269471925,1272.3900146484375,771.9198398308084,-0.007292452268302441,4.01953125,1.276041
650,What type of creature is a Painted Dragon?,"The Painted Dragon is a type of lizard, specifically a species of ag",0, Dragon,16145,0,7,0.10626184709351306,1.5894265174865723,-0.03948028071416676,889.9872436523438,240.92669637381874,0.026047948747873306,7.8515625,0.8770385
651,Which method of painting consists of applying pigment to wet plaster?,Fresco,1, plaster,61927,0,8,0.40758608887952824,1.4674721956253052,0.026155444640694636,1274.91064453125,725.544232779692,0.017341692000627518,0.2427978515625,1.0102054
652,Who is credited with the discovery of the tomb of King Tutankhamen in 1922?,Howard Carter,1,2,17,1,1,0.00011188921651221567,1.5402464866638184,65.54336903170572,1279.5443115234375,767.4555714908151,0.12111961841583252,0.0003509521484375,0.9211284
653,The King of Wishful Thinking was a hit song used during the opening credits of the movie Pretty Woman. Who sang it?,The King of Wishful Thinking was a hit song used during the opening credits,0, it,432,0,3,0.0028433024431339512,1.783782958984375,1.049041027453577,1155.8074951171875,662.1095626680727,0.0401080921292305,0.04815673828125,0.1966977
654,"What dish, especially popular in parts of Wales and the English Midlands,  is traditionally made from pig's heart, liver and fatty belly meat or bacon minced together, with herbs added for flavouring and sometimes bread crumbs","The dish you're referring to is **""bubble and squeak""**",0, crumbs,96577,0,7,0.6356426390058972,1.2407728433609009,0.02453070525679868,1448.823974609375,794.2743425737705,0.008876247331500053,1.650390625,2.11303
655,What was the name of Shari Lewis' sassy sock puppet?,The name of Shari Lewis' sassy sock puppet was Lamb Chop.,1, puppet,49448,0,7,0.3254528222409436,1.4607820510864258,0.006319371577336863,1032.63134765625,347.98342389965495,0.00633480679243803,0.00373077392578125,1.2117378
656,Captain Corelli's mandolin is a book a film set in which country,Greece,1, country,3146,0,8,0.020706086773378266,1.7848823070526123,-0.04479972905568763,1236.6845703125,660.4167497064783,0.04646039381623268,0.334716796875,1.0809556
657,The Bull is the village pub in an everyday tale of country folk. In which village is The Bull?,"The Bull is the village pub in the village of **Woolpit**,",0, Bull,21622,0,5,0.1423099199663016,1.585272192955017,-0.1095559343816741,1183.3636474609375,399.3067339792245,0.04974661022424698,0.00015270709991455078,0.6532978
658,What is the second biggest city in the UK?,The second largest city in the UK is Birmingham. It is located in the,1, UK,6424,0,3,0.04228096040438079,1.722499966621399,-0.004682455791640727,1313.8875732421875,699.4422840728097,0.017888842150568962,1.08203125,1.1657276
659,Who was the second wife of Henry VIII?,Catherine Howard,0, VIII,57233,0,5,0.37669150168492,1.5746978521347046,0.004836375675814519,1264.9246826171875,692.8439629307875,0.0273489598184824,0.318359375,1.5458447
660,Which actor does the interviewing in 'Interview with a Vampire'?,"In the film *Interview with a Vampire*, the interviewing is conducted by **",0, Vampire,60114,0,8,0.39565343302443134,1.3963688611984253,-0.05225780742725972,843.4983520507812,224.3622340186353,-0.0030744627583771944,0.3037109375,0.7164661
661,What is the southernmost city in USA,"The southernmost city in the United States is Key West, Florida. It",0, USA,7279,0,4,0.047908329823083406,1.738377571105957,0.06726300586900091,1320.797119140625,673.1117124497437,0.023362956941127777,7.9765625,0.4690671
662,"In Vladimir Nabokov's book ""Lolita"", what is Lolita's real name?","The real name of Lolita is Catherine. In the novel, she is",1, name,829,0,5,0.005456244734625105,1.8392785787582397,0.01390981858990159,1299.0697021484375,874.6300588690623,0.0638018250465393,0.01474761962890625,0.97222334
663,"Which Shakespeare play tells the story of Prospero, the rightful Duke of Milan?",The Tempest,1, Milan,38755,0,6,0.2550745050547599,1.5200629234313965,-0.08411078141457917,1156.3233642578125,732.4176538250176,0.04098116233944893,5.3882598876953125e-05,0.084238194
664,Which RAF fighter-bomber was built by the Panavia partnership?,The Tornado,1, partnership,15305,0,12,0.10073320345408593,1.627887487411499,0.027549982205654633,1521.92333984375,785.3028608964202,0.007480614352971315,7.91796875,0.45525822
665,What was the name of the sixth studio album released by Prince and the Revolution in June of 1984?,Purple Rain,1,4,19,1,1,0.0001250526537489469,1.589713215827942,35.19738274335967,1396.592529296875,808.5611186957536,0.08281705528497696,4.234375,1.8477094
666,The undersurface of a person's foot or of a shoe?,The undersurface of a person's foot or of a shoe?,0, shoe,28977,0,5,0.19071846040438079,1.5911158323287964,0.011091396107258511,978.6267700195312,353.46505435196167,0.02379710227251053,3.6796875,0.21011339
667,In which film series would you expect to film Katniss Everdeen and Peeta Malark?,The Hunger Games,1,ark,838,1,3,0.005515480202190396,1.7780942916870117,0.03664936163526944,796.0797119140625,221.84977704879935,0.029413048177957535,3.1953125,0.23571645
668,"""Rodney you plonka"" and ""This time next year we'll be millionaires"" are catchphrases from which well-known television sitcom?","""Rodney you plonka"" and ""This time next year we",0, sitcom,80366,0,7,0.5289463984835721,1.2914772033691406,0.03981531763777246,788.1880493164062,172.4638184324008,0.013120555318892002,6.5078125,0.3532039
669,What did my true love bring to me on the Sixth Day of Christmas?,Six geese a-laying.,0, Christmas,10074,0,10,0.06630423336141533,1.6771005392074585,-0.07007899057327682,1325.458984375,741.7620612504644,0.050683483481407166,0.0239715576171875,1.9533533
670,Louis Smith won an individual silver medal in gymnastics at the 2012 London Olympics. For what discipline?,Louis Smith won an individual silver medal in gymnastics at the 20,0, discipline,25364,0,11,0.1669387110362258,1.635658621788025,-0.009016612325574602,1136.250244140625,626.6869631404942,0.010218998417258263,14.015625,1.4854544
671,What animal did Reggie Perrin think of every time his Mother-in-law was mentioned?,"Reggie Perrin, a character from the British sitcom ""Yes, Minister,""",0, mentioned,9733,0,10,0.06405986731255266,1.766700029373169,0.016824230202862278,1311.2822265625,962.78123141435,0.03153497353196144,0.83056640625,1.6378917
672,Which former prime minister appeared on the Morecambe and Wise Christmas Special in 1978?,The former prime minister who appeared on the Morecambe and Wise Christmas Special,0,8,23,1,1,0.00015137952822240943,1.6351768970489502,18.247345848185144,1479.0858154296875,848.8878631214279,0.07146386802196503,2.55859375,2.327334
673,"Where does the infamous ""Streif"" downhill ski race take place?","The infamous ""Streif"" downhill ski race takes place at Kitz",0, place,1992,0,6,0.01311078348778433,1.8322865962982178,0.05860340903190098,1296.1558837890625,765.2169958627107,-0.005813745316118002,9.882450103759766e-05,0.32921657
674,What song was a hit for Tom Jones and Cerys Matthews in 1999?,The song that was a hit for Tom Jones and Cerys Matthews in,0,9,24,1,1,0.00015796124684077506,1.6115447282791138,9.612222571418052,1408.1441650390625,802.680848486442,0.06487217545509338,0.61279296875,1.8652664
675,How many lines are there in a sonnet?,"A sonnet is a poem of 14 lines, typically written in",1,net,4711,1,3,0.031006476411120473,1.7934682369232178,-0.02954238063425141,1168.04345703125,571.2258838360355,0.012761076912283897,0.0011463165283203125,0.27113345
676,What is the American version of Strictly Come Dancing called?,Strictly Come Dancing,0, called,2598,0,7,0.0170993049705139,1.8910608291625977,0.004024645252740822,1266.330078125,906.3322507073276,0.014744877815246582,2.541015625,2.0062213
677,What is the lightest metal under standard conditions?,Lithium is the lightest metal under standard conditions. It has a density,1, conditions,4682,0,11,0.03081560657118787,1.8183776140213013,0.06237656570951966,1489.8544921875,863.9248243501751,0.04890584945678711,0.1185302734375,0.70093966
678,What artist designed the logo for Chupa Chups lollipops?,The logo for Chupa Chups lollipops was designed by the,0,ops,3721,1,3,0.0244905749789385,1.7611372470855713,-0.07064849306395127,1311.409423828125,729.790034466097,0.018413661047816277,3.5762786865234375e-07,0.37168205
679,"What is being built in the Olympic Park, that will be the world's longest and tallest of its kind?","The answer is the ""Olympic Park"" itself, which is a",0, kind,3093,0,5,0.020357255686604885,1.7872098684310913,0.01691033689996191,1442.048095703125,821.1752908505799,0.0268876776099205,0.234619140625,0.48434445
680,In the 'Jungle Book' what type of creature was 'Bagheera'?,Bagheera is a black panther.,1,era,2416,1,3,0.015901432181971355,1.7715564966201782,0.038478576392023456,1330.8048095703125,918.8720557154726,0.009798422455787659,0.00023317337036132812,0.5751873
681,What was the first Beatles film?,A Hard Day's Night,1, film,4531,0,5,0.02982176705981466,1.704827904701233,-0.022928700611097863,1315.8316650390625,630.7417981745026,0.029085936024785042,5.60546875,0.13194549
682,What was the name of the Liverpool nightclub where the Beatles regularly played?,The Cavern Club,1, played,6342,0,7,0.04174125947767481,1.7167097330093384,-0.017083432318373504,1274.6875,474.0076223890333,-0.0020577283576130867,1.3056640625,0.38160953
683,How many US states are prefixed by the word New?,13,0, New,1532,0,4,0.010083192923336141,1.7853418588638306,0.029107290464917224,1390.0360107421875,898.4055268346689,0.0275777205824852,5.4453125,1.4711521
684,"Although he never won an Oscar for best director, one of Hitchcock's films did win an Oscar for best picture. What was the film?",The Birds,0, film,4531,0,5,0.02982176705981466,1.704827904701233,-0.022928700611097863,1392.864501953125,784.3226730281115,0.02305644191801548,1.0927734375,0.2833039
685,In which New York borough would you find Hell’s Kitchen?,Manhattan,1, Kitchen,19354,0,8,0.12738258213984835,1.5095906257629395,0.13279896536571334,1069.5672607421875,704.4307269533625,0.005417462904006243,4.291534423828125e-05,0.46939245
686,Which airline is nicknamed ‘The Flying Kangaroo’?,Qantas,1,aroo,75765,1,4,0.49866391112047176,1.5183244943618774,-0.10158015999725478,1665.3154296875,1148.007465840518,-0.008660354651510715,0.00933837890625,1.1647111
687,Which cartoon character had the maiden name ‘Slaghoople’?,The answer is the character 'Bugs Bunny'. The name 'Slag,0,ople,1164,1,4,0.0076611204717775905,1.5611417293548584,-0.09471909720999472,1629.7353515625,1067.1357262036454,-0.01427878625690937,0.0021209716796875,1.4217954
688,‘Think Different’ is an advertising slogan for which company?,Apple,0, company,2813,0,8,0.01851437447346251,1.8134483098983765,-0.03645351555036935,1259.454833984375,737.3049881400647,0.05926971882581711,0.4072265625,0.53434557
689,Which ‘A’ is a calculating frame with sliding balls on wires?,Abacus,1, wires,35008,0,6,0.23041280539174389,1.688405990600586,-0.09968732526526747,1458.7762451171875,778.9472914471037,0.031118638813495636,0.85400390625,1.313745
690,The rowan tree is also known as the Mountain ‘what’?,The rowan tree is also known as the Mountain Ash. This name is,1,what,12555,1,4,0.08263347725358046,1.7161184549331665,0.04888542027287812,1401.9090576171875,917.2129985776196,0.015215810388326645,2.388671875,0.27380797
691,Which ‘A’ means in the open air?,A is for Air.,0, air,3720,0,4,0.024483993260320136,1.7943968772888184,-0.026049356641775656,1709.0289306640625,954.4446479950125,0.023444434627890587,6.29296875,2.8027809
692,Buenos Aires is the capital of which South American country?,Buenos Aires is the capital of Argentina.,1, country,3146,0,8,0.020706086773378266,1.7848823070526123,-0.04479972905568763,1277.8607177734375,690.884279517623,0.036793939769268036,0.0357666015625,0.40780228
693,Apiculture is the raising and care of which creatures?,Bees,1, creatures,19970,0,10,0.13143692080876157,1.556808590888977,-0.05379973210013933,1169.1756591796875,699.0910137663094,0.019553808495402336,4.79296875,1.0984762
694,What is the capital of Indonesia?,The capital of Indonesia is Jakarta.,1, Indonesia,23968,0,10,0.15775063184498736,1.6239900588989258,0.12289433471886246,1187.2225341796875,733.8771248325385,-0.0005114956293255091,5.546875,0.8832221
695,Which vegetable was the first to be canned?,The first vegetable to be canned was corn. Corn was canned in the early,0, canned,63014,0,7,0.41474041701769165,1.4459333419799805,0.06907797911235392,1360.14599609375,832.938292520592,0.01233639381825924,5.63671875,1.0645573
696,"In computers, the X-Y Position Indicator for a Display System is now known as what?",A mouse,0, what,1128,0,5,0.007424178601516428,1.8533166646957397,0.45495811235288963,1394.269775390625,783.1305526234532,0.032019272446632385,0.5791015625,1.8195835
697,The Khyber Pass is approximately how many miles long?,The Khyber Pass is approximately 50 miles long.,0, long,1293,0,5,0.008510162173546757,1.8366645574569702,-0.038121403260311215,1074.88134765625,660.8271507454405,0.04805538430809975,0.150390625,0.08020879
698,"Which fruit did Nell Gwynn, mistress of King Charles II, sell in Drury Lane?","Nell Gwynn, the mistress of King Charles II, sold **",0, Lane,26018,0,5,0.1712431550126369,1.596556305885315,-0.08964651797349044,1184.543701171875,482.92641323019024,0.040159665048122406,0.0006628036499023438,0.5697062
699,The town of Tobermory is on which Scottish island?,Tobermory is a village and former burgh in the Isle of,0, island,12922,0,7,0.08504896798652065,1.667397141456604,-0.08449410475772412,1181.56689453125,561.8931318407315,0.03372623026371002,0.05865478515625,0.34566948
700,"In the novel ‘Wuthering Heights’ by Emily Bronte, Catherine’s father found Heathcliffe on the streets of which English city?",Liverpool,1, city,3283,0,5,0.021607782224094357,1.772355318069458,-0.03698332961270845,1228.2181396484375,735.2490808100791,0.014560919255018234,0.2415771484375,1.2791551
701,Which Asian country hosted its first Formula One Grand Prix motor race in October 2010?,Singapore,0,0,15,1,1,9.872577927548442e-05,1.4704278707504272,97.35945932219374,1381.638916015625,800.9226983997058,0.08596798032522202,2.662109375,1.7317934
702,"In UK currency, how many sides does a twenty pence piece have?",A twenty pence piece in the UK currency has 12 sides.,0, have,614,0,5,0.004041175231676495,1.835005760192871,0.7987873023644623,957.03857421875,611.8111905258255,0.033094655722379684,0.0017690658569335938,1.5007936
703,"In humans, otalgia, is the medical term for what?",ear pain,1, what,1128,0,5,0.007424178601516428,1.8533166646957397,0.45495811235288963,1268.993896484375,748.1613624527658,0.048901788890361786,0.79443359375,1.0062807
704,"British MP, Diane Abbott, learned to play which musical instrument in the tv series ‘Play It Again’?","Diane Abbott, the British MP, learned to play the piano in the TV",1, Again,13759,0,6,0.09055786647009267,1.629494547843933,-0.07690857765851122,775.82568359375,1.1236197074551528,0.03595155477523804,0.034332275390625,0.8469743
705,Cristina Fernandez de Kirchner became President of which South American country in December 2007?,Cristina Fernandez de Kirchner became President of Argentina in December 200,1,7,22,1,1,0.0001447978096040438,1.6516348123550415,18.402015645110435,1214.7738037109375,658.2241373959066,0.06702638417482376,4.76837158203125e-06,0.7049548
706,"In Greek mythology, what was the name of the nymph who fell in love with Narcissus, but who was said to have pined away when her love was not returned, leaving only her voice?",The nymph's name was Liriope. She was the mother of,0, voice,7743,0,6,0.05096224726200505,1.6879897117614746,0.08930635792683406,1243.7222900390625,443.3229678398829,0.035976964980363846,1.5283203125,0.63700086
707,The Marquesas Islands lie in which ocean?,The Marquesas Islands lie in the Pacific Ocean.,1, ocean,17951,0,6,0.11814843091828138,1.6868906021118164,0.08528686157746357,1136.9871826171875,478.03958406162286,0.016300253570079803,0.04266357421875,0.19455993
708,Keflavik is the main international airport of which country?,Iceland,1, country,3146,0,8,0.020706086773378266,1.7848823070526123,-0.04479972905568763,1276.763427734375,679.560099809492,0.042469315230846405,0.2978515625,0.8000168
709,Which British artist’s works include ‘The First Real Target’?,The answer is Banksy. Banksy is a British artist known for his,0, Target,13483,0,7,0.08874131213142376,1.666417121887207,0.024488017730468492,1537.160888671875,916.993140165411,0.03505483269691467,9.890625,2.6674838
710,Which King of England sold Dunkirk to Louis XIV of France?,The King of England who sold Dunkirk to Louis XIV of France was **,0, France,9625,0,7,0.06334904170176917,1.6925132274627686,0.04936757528535818,1469.8623046875,819.0377978442784,0.0154105294495821,2.3245811462402344e-05,2.0037336
711,What was the middle name of US actor James Dean?,"The middle name of US actor James Dean was ""Van"" as he was",0, Dean,24061,0,5,0.15836273167649537,1.6306676864624023,0.06943517375483976,1189.8594970703125,790.6964247980965,0.028365377336740494,0.74072265625,0.88772255
712,Which French author wrote the fairy tales ‘Little Red Riding Hood’ ‘Sleeping Beauty’ and ‘Puss in Boots’?,"The French author who wrote the fairy tales 'Little Red Riding Hood', '",0, Boots,45468,0,6,0.2992575821398484,1.3488128185272217,0.13828605993141352,1583.98486328125,1063.6539734449948,0.00899099837988615,3.5643577575683594e-05,0.33220425
713,Author J.R.R. Tolkien was born in which country?,J.R.R. Tolkien was born in South Africa.,1, country,3146,0,8,0.020706086773378266,1.7848823070526123,-0.04479972905568763,1095.021728515625,669.1076413000328,0.042901746928691864,0.880859375,1.0770552
714,The pilgrim route to Santiago de Compostela in Northern Spain is known as the ‘Way’ of which saint?,The pilgrim route to Santiago de Compostela in Northern Spain is known,0, saint,35859,0,6,0.23601384793597305,1.421037197113037,0.02264450037439447,1248.0140380859375,731.6214971597045,-0.0002334386808797717,0.279541015625,0.7546999
715,Peter O’Sullevan was a BBC commentator for which sport?,Peter O’Sullevan was a BBC commentator for which sport?,0, sport,10552,0,6,0.0694502948609941,1.637024998664856,-0.0651968355171535,1237.5438232421875,638.7764157292708,0.02783314138650894,0.393310546875,0.16041353
716,Who was the first Hanover King of England?,"The first Hanoverian King of England was George I, who reigned",1, England,9448,0,8,0.06218407750631845,1.6887807846069336,-0.04533418307169379,1289.4959716796875,762.7955266581728,-0.005473526660352945,0.99072265625,0.97102875
717,Which group released an album in 1986 entitled ‘The Queen is Dead’?,The Smiths,1, Dead,15021,0,5,0.09886399536647009,1.624716877937317,0.02186202694480288,1664.286376953125,1174.373694727865,0.032161686569452286,0.01496124267578125,0.021191446
718,Which British Prime Minister said of Downing Street ‘One of the most precious jewels in the national heritage’?,Winston Churchill,0, heritage,27848,0,9,0.183287700084246,1.5787415504455566,-0.00930388536470561,1987.939208984375,1082.1043175905545,0.030558332800865173,2.609375,2.447121
719,Antigonus is a character in which Shakespeare play?,The Winter's Tale,1, play,1486,0,5,0.009780433866891322,1.7828432321548462,-0.08442548585640752,1235.7808837890625,663.2401768543273,0.02844570390880108,0.51318359375,1.8960308
720,Which British monarch famously said ‘I don’t wish to open windows into men’s souls’?,"The British monarch who famously said, ""I don't wish to open windows",0, souls,34726,0,6,0.22855676074136477,1.4973663091659546,0.00859307611569271,1753.95556640625,1220.8473513264348,-0.00996444746851921,0.00014698505401611328,2.0614738
721,Which bodily fluid is collected in a lachrymatory?,Tears,1,atory,5269,1,5,0.03467907540016849,1.7165671586990356,0.08877400329028617,1489.425048828125,905.5986816073101,0.029498819261789322,0.70849609375,0.4763663
722,Which British singer played Jareth the Goblin King in the 1986 film ‘Labyrinth’?,David Bowie,1,abyrinth,61530,1,8,0.40497314658803707,1.4519661664962769,-0.028405636912695265,1691.1904296875,1230.166906444372,0.011531035415828228,8.857250213623047e-05,0.3507229
723,Golfer Ernie Els was born in which country?,South Africa,1, country,3146,0,8,0.020706086773378266,1.7848823070526123,-0.04479972905568763,1121.1798095703125,633.1265321137549,0.03977620229125023,0.1710205078125,0.166045
724,Aconcagua is the highest mountain in which mountain range?,Andes,1, range,2088,0,6,0.01374262847514743,1.812777042388916,0.04287568256443297,1086.5828857421875,628.5848712145108,0.05121815949678421,0.0004749298095703125,0.5451331
725,The 1987 film ‘Cry Freedom’ is a biographical drama about which South African civil rights leader?,The 1987 film ‘Cry Freedom’ is a bi,0, leader,7653,0,7,0.05036989258635215,1.659492015838623,-0.11275904447643548,1171.858154296875,749.3352063591631,0.04028814285993576,1.974609375,2.060688
726,Which British actress played Valerie in the 1997 film ‘Nil By Mouth’?,The British actress who played Valerie in the 1997 film *,0, Mouth,65155,0,6,0.42883187657961247,1.3216787576675415,0.12480024833373271,1549.4114990234375,1218.380589289682,-6.846815813332796e-05,0.004726409912109375,4.149893
727,"What was the name of the Brazilian player who won the Women’s Singles Finals at Wimbledon in 1959, 1960 and 1964?",The Brazilian player who won the Women’s Singles Finals at Wimbledon in 1,0,4,19,1,1,0.0001250526537489469,1.589713215827942,35.19738274335967,1434.7327880859375,781.8639555706706,0.08731771260499954,4.1328125,0.73832154
728,"Apart from English, what is the official language of Canada?",French,1, Canada,6864,0,7,0.04517691659646167,1.7023518085479736,-0.00017069025900173784,1119.2685546875,686.8320129857843,0.05517401918768883,5.31640625,1.142888
729,What is the name of the steam locomotive which set the world speed record in July 1938 by reaching 126 mph on the East Coast Mainline  in England?,The name of the steam locomotive that set the world speed record in July,0, England,9448,0,8,0.06218407750631845,1.6887807846069336,-0.04533418307169379,1401.0865478515625,827.6532070047017,0.0008723148494027555,1.248046875,0.3769182
730,Singer and musician Bono called which venue ‘Rock and roll’s great cathedral’?,"Bono, the lead singer of U2, famously referred to the venue",0, cathedral,79150,0,10,0.5209430286436394,1.3611458539962769,-0.13383006868296432,1667.3123779296875,1104.1256171290163,0.003215824719518423,2.26953125,0.8643787
731,What type of creature is a bufflehead?,"The bufflehead is a small sea duck, a member of the Anat",1,head,1983,1,4,0.01305154802021904,1.7657370567321777,0.08055877473621686,1201.47021484375,550.5237120247907,0.04323802888393402,0.012054443359375,0.9655982
732,The 1950’s Mau Mau uprising was against the British occupation of which country?,Kenya,1, country,3146,0,8,0.020706086773378266,1.7848823070526123,-0.04479972905568763,1159.2989501953125,745.7480137629467,0.04448714107275009,1.40625,0.76434773
733,What is a positively charged ion called?,A positively charged ion is called a cation. A negatively charged ion is,1, called,2598,0,7,0.0170993049705139,1.8910608291625977,0.004024645252740822,1332.466552734375,769.188752946028,0.005012046545743942,0.1461181640625,0.80924016
734,Which 5th/6th Century Buddhist monk is described in Chinese texts as ‘The Blue-Eyed Barbarian’?,"The answer is the monk Xuanzang (玄奘), who was",0,ian,1103,1,3,0.007259635636057287,1.809552788734436,0.13426108823232985,2310.652587890625,1164.0453010930523,0.006886967923492193,0.0003230571746826172,1.878555
735,In which part of the human body is the limbic system?,The limbic system is located in the brain.,1, system,1849,0,7,0.012169597725358045,1.8354214429855347,-0.027579392991463614,1884.703369140625,937.094409523221,0.018530596047639847,0.0017719268798828125,0.14368205
736,Which year saw the only hijacking of a British commercial flight?,1972,0, flight,10971,0,7,0.0722080349620893,1.7092561721801758,0.03662196277741048,1406.632568359375,711.37298016214,0.06152809411287308,2.474609375,0.47359297
737,What was the name of the Cunard ocean liner which was launched on 20th September 1906?,The RMS Carpathia,0,6,21,1,1,0.00013821609098567817,1.5665326118469238,21.581200252238826,1353.871337890625,758.1574708575512,0.058737631887197495,1.3310546875,1.2973688
738,Which European city had the world’s first birth control clinic?,The world's first birth control clinic was established in 1921,0, clinic,27813,0,7,0.1830573399326032,1.5746175050735474,-0.10809427041390718,1210.40380859375,735.4124998699969,0.03832119703292847,0.9013671875,1.1096169
739,In which James Bond film does actress Jane Seymour play Solitaire?,"The answer is ""Diamonds Are Forever"" (1971).",0,itaire,59124,1,6,0.38913753159224934,1.5517972707748413,-0.01033003904924712,1148.731201171875,647.2882507686314,0.0071870568208396435,0.386962890625,0.2777312
740,What type of creature is a tanager?,"A tanager is a type of bird, specifically a member of the family",1,anager,8184,1,6,0.053864785172704294,1.5021151304244995,0.29477603656489215,983.6950073242188,547.2020012867301,0.011734062805771828,6.74609375,0.95718163
741,"In ‘Follow That Camel’, the fourteenth Carry On film, Sid James was replaced by which US actor?","In the fourteenth Carry On film, 'Follow That Camel', Sid James",0, actor,12089,0,6,0.07956639637742208,1.6096765995025635,-0.013743956894259668,1271.21142578125,681.436690815914,0.04342057928442955,1.7626953125,0.2286146
742,"A mahout is a person who works, tends and rides which animal?","A mahout is a person who works, tends and rides which animal?",0, animal,9864,0,7,0.06492207245155855,1.6961699724197388,0.06268385490111417,1245.2022705078125,579.6375831468006,0.04283898323774338,0.638671875,0.34752575
743,How many medals did the United States win at the 2010 Winter Olympics?,The United States won a total of 37 medals at the 2,1, Olympics,31963,0,9,0.21037147219882055,1.6313854455947876,0.16492482480404602,1181.0491943359375,651.2529889551455,0.033892542123794556,0.037689208984375,0.54189616
744,‘The Weeping Woman’ is the work of which artist?,Pablo Picasso,1, artist,10049,0,7,0.06613969039595619,1.6683698892593384,-0.03542660104010498,1266.844970703125,682.6411976454881,0.02130940742790699,1.0859375,1.3441387
745,The Koppen System is a classification system for what?,The Koppen System is a classification system for climates.,1, what,1128,0,5,0.007424178601516428,1.8533166646957397,0.45495811235288963,1441.9276123046875,714.1551208902318,0.04263506829738617,0.2252197265625,0.1128166
746,"In humans, a hemispherectomy is the removal of half of the what?",brain,1, what,1128,0,5,0.007424178601516428,1.8533166646957397,0.45495811235288963,1185.836669921875,653.4842878273098,0.05554971098899841,9.9375,1.0874028
747,"In Greek mythology, Tiresias disclosed the crimes of who?","The answer is Oedipus. Tiresias, the blind prophet",1, who,879,0,4,0.005785330665543387,1.823325276374817,0.34751900280860637,1199.40869140625,805.5298959849313,0.0347810797393322,9.9921875,2.0415392
748,The United Nations University is based in which Asian city?,Tokyo,1, city,3283,0,5,0.021607782224094357,1.772355318069458,-0.03698332961270845,1050.82275390625,515.2533375909035,0.02009066939353943,0.97998046875,0.3732644
749,What is the name of the iron hook which is attached to the pole used by fisherman to land a heavy fish?,The iron hook attached to the pole used by fishermen to land a heavy fish,0, fish,7640,0,5,0.0502843302443134,1.6974620819091797,-0.06409993576216877,1459.666015625,759.0644873293818,0.03354570269584656,0.1600341796875,1.3679684
750,Which English singer/songwriter/musician wrote the Tremeloes hit ‘Here Comes My Baby’ at the age of eighteen?,The English singer/songwriter/musician who wrote the Tremeloes hit,0, eighteen,62034,0,9,0.40829033277169335,1.4371386766433716,-0.030694205241350137,1557.6746826171875,916.2073674759913,0.03731482848525047,8.265625,2.4778378
751,Mearth was the name of the child of which US tv characters?,Mearth was the name of the child of the US TV characters named Mr,0, characters,5766,0,11,0.03795018955349621,1.7642486095428467,-0.015100119298959047,1366.358642578125,758.85542401139,0.03613090515136719,10.5859375,1.3073195
752,In which state of the US is it illegal to mis-pronounce the name of the state?,The state of Texas.,0, state,1584,0,6,0.010425442291491154,1.8099533319473267,-0.09757796202627356,1317.12060546875,729.3092530772439,0.0466722697019577,0.2498779296875,1.5494708
753,The Strawberry Museum in the town of Wepion is in which country?,The Strawberry Museum in the town of Wepion is located in Belgium.,1, country,3146,0,8,0.020706086773378266,1.7848823070526123,-0.04479972905568763,1157.395751953125,705.7913839974482,0.046039119362831116,0.318603515625,0.4177612
754,The Hotel Matignon is the official residence of the Prime Minister of which European country?,France,1, country,3146,0,8,0.020706086773378266,1.7848823070526123,-0.04479972905568763,1164.8367919921875,741.2538428383932,0.041029855608940125,0.072509765625,0.3302205
755,Which British politician became Member of Parliament for Epping in October 1924?,The British politician who became Member of Parliament for Epping in October 1,0,4,19,1,1,0.0001250526537489469,1.589713215827942,35.19738274335967,1312.0311279296875,704.3990619307724,0.09127596020698547,1.4697265625,4.0281477
756,‘The Crafty Cockney’ was the nickname of which British darts player?,The Crafty Cockney was the nickname of the British darts player Eric,1, player,2781,0,7,0.01830375947767481,1.7390661239624023,-0.021715037641544033,1080.2869873046875,598.2157818301057,0.02718483842909336,0.001781463623046875,1.2474334
757,Which famous jewellers makes the Super Bowl Trophy?,"The Super Bowl Trophy is made by the famous jewellers, Tiffany & Co",1, Trophy,55104,0,7,0.36267902274641955,1.4674890041351318,0.07307933404696731,1484.6995849609375,832.1472774834252,0.0007026698440313339,8.140625,0.679908
758,"Bedloe’s Island in New York Harbour, is the former name of which island?","Bedloe’s Island in New York Harbour, is the former name of which",1, island,12922,0,7,0.08504896798652065,1.667397141456604,-0.08449410475772412,1321.406494140625,624.4412020278746,0.04166892170906067,1.0390625,0.50193
759,What is the name of the Jewish spring festival which celebrates the exodus of the Israelites from Egypt?,Passover,1, Egypt,14867,0,6,0.09785041069924179,1.6043519973754883,-0.05190470897122923,1501.125244140625,825.0405067808111,0.013081399723887444,0.0648193359375,1.1268181
760,Sadler’s Wells Ballet and the Vic-Wells Ballet were the previous names of which British ballet company?,The Royal Ballet,1, company,2813,0,8,0.01851437447346251,1.8134483098983765,-0.03645351555036935,1119.46337890625,700.0358236184743,0.05868232622742653,0.001033782958984375,0.37310684
761,The roller coaster ride called Rita is located at which English theme park?,Alton Towers,1, park,6118,0,5,0.04026695450716091,1.6914457082748413,0.010822034589551333,1037.973388671875,535.0728838281635,0.007319224067032337,0.00010669231414794922,1.5523058
762,Which is the first written single word number in which the letter ‘A’ appears?,The first written single word number in which the letter ‘A’ appears is,0, appears,7952,0,8,0.05233782645324347,1.7471373081207275,-0.11310393437368305,1679.6939697265625,896.2471968088342,0.03363560140132904,0.52734375,0.9389145
763,In which year did Margaret Thatcher become British Prime Minister?,Margaret Thatcher became British Prime Minister in 1979.,1, Minister,9486,0,9,0.062434182813816345,1.575903058052063,-0.014879681070254946,1349.150146484375,743.1887147790962,0.02276148647069931,0.0019702911376953125,0.26387948
764,"In January 1957, Russell Endean became the first batsman to be dismissed from a test cricket match for doing what?","In January 1957, Russell Endean became the first bats",0, what,1128,0,5,0.007424178601516428,1.8533166646957397,0.45495811235288963,1376.564208984375,777.0168757197757,0.035348474979400635,0.050933837890625,1.178888
765,What type of animal is a dik-dik?,A dik-dik is a small antelope.,1,ik,1579,1,2,0.010392533698399327,1.7921364307403564,0.16612102477802315,1113.987060546875,697.5804370017074,0.02729983814060688,-0.0,0.84891796
766,"Isoprene, Butyl and Nitrile are all types of which substance?","Isoprene, butyl, and nitrile are all types of",0, substance,19699,0,10,0.1296532750631845,1.722298502922058,-0.11719864253902434,1309.2239990234375,801.4301917838344,0.020914770662784576,4.29296875,0.6887784
767,Taka is the basic monetary unit of which country?,Taka is the basic monetary unit of Bangladesh.,1, country,3146,0,8,0.020706086773378266,1.7848823070526123,-0.04479972905568763,1242.5753173828125,724.5756040672661,0.03992612659931183,0.335693359375,0.103676334
768,Who does Emilio Estevez play in the 1988 film ‘Young Guns’?,"Emilio Estevez plays the role of ""The Kid"" in the",0, Guns,59465,0,5,0.39138189764111203,1.3742616176605225,0.06125420059342268,1325.7371826171875,972.9486314079999,0.013320705853402615,0.0855712890625,0.77521026
769,Which Mediterranean island gained independence in 1959 under the presidency of Archbishop Makarios?,Cyprus,1,arios,10100,1,5,0.06647535804549284,1.5523632764816284,-0.05313587074730064,1152.635986328125,593.7745756999027,0.012958323583006859,0.0021190643310546875,0.021949438
770,"In medicine, chromotopsia is the term for abnormally coloured what?",light,0, what,1128,0,5,0.007424178601516428,1.8533166646957397,0.45495811235288963,1276.964111328125,776.2998001124785,0.04380160570144653,5.01171875,1.823851
771,Wanlockhead is the highest village in which European country?,"Wanlockhead is the highest village in Scotland, which is a country in",1, country,3146,0,8,0.020706086773378266,1.7848823070526123,-0.04479972905568763,1123.7218017578125,664.230529688562,0.042920202016830444,0.01336669921875,0.885978
772,Which European country hosted the 1956 Winter Olympic Games?,"The 1956 Winter Olympic Games were hosted by Italy, specifically",1, Games,11610,0,6,0.07641375315922494,1.7235853672027588,-0.07636773308456934,1350.234375,788.7820984305857,-0.005379853770136833,0.0562744140625,0.71557164
773,‘Lofsongur’ is the national anthem of which country?,Lofsongur is the national anthem of Iceland.,1, country,3146,0,8,0.020706086773378266,1.7848823070526123,-0.04479972905568763,1249.8057861328125,806.2828017482772,0.04107951000332832,0.24560546875,1.5002685
774,"In Roman mythology, what was the name of the brother slain by Romulus?",Remus,1,ulus,19425,1,4,0.1278498841617523,1.6956515312194824,-0.013336711969469395,1076.893310546875,589.2643323612292,0.020833861082792282,4.649162292480469e-06,1.3015045
775,"In 1951, which European country saw the abdication of King Leopold lll in favour of his son Baudouin?",Belgium,1,in,258,1,2,0.0016980834035383318,1.654983401298523,2.1366077246661943,1472.1365966796875,774.8300576430314,0.057537924498319626,4.0531158447265625e-06,0.42790908
776,In medicine the MMR vaccination gives protection against which diseases?,"Measles, mumps, and rubella",0, diseases,18808,0,9,0.12378896377422073,1.6257189512252808,0.0030043532221952773,1220.87255859375,732.8344911239689,0.020596545189619064,3.927734375,0.69914764
777,A saluki is which type of animal?,A saluki is a type of dog.,1, animal,9864,0,7,0.06492207245155855,1.6961699724197388,0.06268385490111417,824.53466796875,240.4812646419787,0.040615011006593704,0.71142578125,0.04225807
778,"What disease was Robert the Bruce, King of Scotland, said to have died of in 1329?","The disease that Robert the Bruce, King of Scotland, was said to have",0,9,24,1,1,0.00015796124684077506,1.6115447282791138,9.612222571418052,1446.400634765625,703.9082531199812,0.06638502329587936,0.0084075927734375,2.2206748
779,‘Divine Wind’ is the English translation of which Japanese word?,‘Divine Wind’ is the English translation of the Japanese word **K,1, word,3409,0,5,0.022437078770008424,1.8380664587020874,-0.13089856249021947,1354.181640625,773.3933199633555,0.03057103045284748,0.6943359375,1.596443
780,Which Flemish Baroque painter’s Antwerp home is now a museum?,Peter Paul Rubens,1, museum,23971,0,7,0.15777037700084245,1.559533715248108,-0.009757576689849223,1457.00830078125,763.3185513077281,0.033896610140800476,0.033477783203125,1.5420834
781,"In medicine, epiphora affects which part of the human body?","Epiphora is the medical term for excessive tearing, which affects the eyes",1, body,2487,0,5,0.016368734203875315,1.8188788890838623,0.072666644669241,1194.1861572265625,729.7926685749744,0.013295894488692284,0.0282440185546875,0.97333384
782,What nationality was 19th Century author Hans Christian Anderson?,Hans Christian Andersen was a Danish author.,1, Anderson,20642,0,9,0.13585983572030327,1.6521735191345215,-0.017275933903468044,1476.3424072265625,804.8352470021547,0.022005388513207436,1.5966796875,0.5228148
783,Umberto ll was the last king of which European country?,Umberto II was the last king of Italy.,1, country,3146,0,8,0.020706086773378266,1.7848823070526123,-0.04479972905568763,1194.287841796875,640.166185518897,0.046237751841545105,0.0888671875,0.081157185
784,Which US singing duo started out under the names Caesar and Cleo?,The answer is The Pointer Sisters. They were originally known as Caesar and Cle,0,o,78,1,1,0.0005133740522325189,1.6618870496749878,1.9469806323544656,1449.6617431640625,813.8062482714569,0.0420827642083168,6.17578125,0.72389007
785,"Fidel Castro, former President of Cuba, ordered which board game to be destroyed when he took power?","Fidel Castro, former President of Cuba, ordered the board game **Mon",0, power,2355,0,6,0.015499947346251054,1.810831904411316,-0.01783284830073928,1273.45556640625,791.6979519650911,0.03386389836668968,0.47314453125,0.1872604
786,Which creature features on the label of a Bacardi rum bottle?,The label of a Bacardi rum bottle features a picture of a **bac,0, bottle,16486,0,7,0.10850621314237574,1.6714714765548706,0.16962912978838807,1396.5643310546875,820.4622244254673,0.051178064197301865,0.08685302734375,0.6047145
787,"According to the Bible, who was the only apostle to witness the crucifixion of Jesus?","According to the Bible, the only apostle to witness the crucifixion",0, Jesus,10588,0,6,0.06968723673125526,1.7017840147018433,0.03188208684316329,1360.0777587890625,917.5886570496892,0.02670353278517723,0.044403076171875,0.874067
788,"Who played the role of Caligula in the 1976 UK tv series ‘I, Claudius’?",Derek Jacobi,0,ius,9156,1,3,0.06026221566975569,1.7863918542861938,0.0479570247683796,1535.6195068359375,1126.6737530953787,-0.0006114671705290675,-0.0,1.0695935
789,What colour is the cross on the national flag of Denmark?,The cross on the national flag of Denmark is red. The flag consists of,0, Denmark,34340,0,8,0.22601621735467564,1.5015159845352173,-0.07796593557261566,1010.84423828125,798.6186024059348,-0.0018503358587622643,3.51953125,0.88947415
790,Who wrote the 1963 novel ‘The Spy Who Came in From the Cold’?,John le Carré,1, Cold,23185,0,5,0.15259714616680708,1.597400188446045,0.0020230921242809785,1336.481689453125,736.4593639078694,0.025348087772727013,3.266334533691406e-05,0.78880143
791,"Composite, Shield and Cinder Cone are all types of what?","Composite, Shield, and Cinder Cone are all types of **volcanoes",1, what,1128,0,5,0.007424178601516428,1.8533166646957397,0.45495811235288963,984.5928344726562,247.0975266695656,0.030307427048683167,0.139404296875,0.503818
792,Mouldwarp is an old name for which creature?,Mouldwarp is an old name for which creature?,0, creature,17218,0,9,0.11332403117101937,1.5585401058197021,-0.013321793043846064,1175.8594970703125,748.2203316604266,0.01983051188290119,1.1220703125,1.1251534
793,What is the name of Humphrey Bogart’s character in the film ‘Casablanca’?,Rick Blaine,1,ca,924,1,2,0.00608150800336984,1.7771226167678833,0.09570308758697266,1361.097412109375,903.1235259384099,0.008057728409767151,-0.0,0.19292058
794,What is the US state capital of Louisiana?,Baton Rouge,1, Louisiana,28874,0,10,0.19004054338668913,1.5576142072677612,-0.13245116888820796,1198.779296875,791.3037863655289,0.021213700994849205,3.51953125,0.91854984
795,What is the title of the 1996 Oscar-winning documentary about the Muhammad Ali and George Foreman 1974 ‘Rumble in the Jungle’ fight in Zaire?,When We Were Kings,1,aire,11998,1,4,0.0789674599831508,1.7077219486236572,-0.07008944621905355,1241.236083984375,736.6165631775649,-0.005235730204731226,0.0005936622619628906,1.1139926
796,The Battle of Vimy Ridge took place in which country during World War l?,The Battle of Vimy Ridge took place in France during World War I.,1, l,326,0,2,0.0021456402695871945,1.6900147199630737,1.252934661931942,1573.129638671875,661.3486552103329,0.03678607940673828,11.1640625,1.0781544
797,What colour is ‘Mr Man’ Mr Strong’s hat?,Mr Man is a character from the children's book series by David Wies,0, hat,8896,0,4,0.05855096882898062,1.7041442394256592,-0.0990031838227523,1310.1243896484375,688.1632586598987,0.013967929407954216,2.404296875,1.9247319
798,What are the first names of art duo Proesch and Passmore?,Proesch and Passmore are the first names of the art duo known as,0,more,6384,1,4,0.04201769165964617,1.7381081581115723,0.11921441920447373,1517.3985595703125,830.1430709664019,0.00875883363187313,1.8369140625,2.9845808
799,What was is the name of Penelope Pitstop’s car in the children’s tv cartoon series ‘Wacky Races’?,The name of Penelope Pitstop’s car in the children’s TV cartoon,0, Races,97100,0,6,0.6390848778433025,1.363591194152832,-0.029408796653670688,1415.6572265625,1015.7912260792084,0.01864711567759514,0.033599853515625,0.30125853
800,The Wang River is in which Asian country?,The Wang River is in Thailand.,1, country,3146,0,8,0.020706086773378266,1.7848823070526123,-0.04479972905568763,925.6593017578125,492.3592212143664,0.045179352164268494,0.0209503173828125,0.32178247
801,Which tennis player was known as the Rockhampton Rocket?,The tennis player known as the Rockhampton Rocket was **Ken Rosewall,0, Rocket,39218,0,7,0.25812184077506317,1.5575766563415527,0.01848326222202612,934.5355834960938,125.17303261932443,0.02717014029622078,2.32421875,2.2169845
802,The ports of Puck and Jastarnia are in which European country?,The ports of Puck and Jastarnia are located in the European,0, country,3146,0,8,0.020706086773378266,1.7848823070526123,-0.04479972905568763,1136.56982421875,626.259743823673,0.04030896723270416,0.01078033447265625,0.46183017
803,Which famous racehorse won Australia’s Melbourne Cup in 1930?,The famous racehorse that won Australia’s Melbourne Cup in 193,0,0,15,1,1,9.872577927548442e-05,1.4704278707504272,97.35945932219374,1322.8570556640625,661.6892653753109,0.09988442063331604,2.509765625,2.2886574
804,Amr Shabana from Egypt is famous for playing which sport?,squash,1, sport,10552,0,6,0.0694502948609941,1.637024998664856,-0.0651968355171535,1279.715576171875,638.7332071705234,0.02415648102760315,0.22412109375,1.9065151
805,How many pounds are in a UK (long) ton?,A UK (long) ton is equal to 2240 pounds,1, ton,8766,0,4,0.05769534540859309,1.6737340688705444,0.00024187735559255685,1174.1822509765625,669.0511704014698,0.009664869867265224,0.0029392242431640625,1.263326
806,Cobweb is a fairy in which Shakespeare play?,A Midsummer Night's Dream,1, play,1486,0,5,0.009780433866891322,1.7828432321548462,-0.08442548585640752,1299.5823974609375,651.7587166791047,0.027641836553812027,0.2230224609375,1.1654508
807,Apimania is an obsession with which creatures?,Apimania is an obsession with bees.,1, creatures,19970,0,10,0.13143692080876157,1.556808590888977,-0.05379973210013933,1299.3289794921875,875.4642453799652,0.014592049643397331,7.87890625,0.14874367
808,"In 1216, English monarch King John was said to have lost the crown jewels while crossing which body of water?",The English Channel,0, water,3015,0,6,0.019843881634372368,1.807845115661621,0.10540894618329544,1285.6826171875,793.2283334138123,0.0027935663238167763,0.00021219253540039062,1.4930258
809,Which British playwright was killed with a hammer by his lover Keith Haliwell in 1967?,The British playwright who was killed with a hammer by his lover Keith Hali,0,7,22,1,1,0.0001447978096040438,1.6516348123550415,18.402015645110435,1516.4464111328125,851.7000414989114,0.06854242831468582,2.36328125,0.7724788
810,What is the nickname of baseball star Jimmie Foxx?,"The nickname of baseball star Jimmie Foxx is ""The Whiz Kid",0,xx,4146,1,2,0.027287805391743893,1.7246567010879517,0.11572901065261743,1255.3406982421875,756.0829019726041,0.01976027898490429,0.037933349609375,1.2515768
811,The Free Officers Movement was composed of young junior army officers committed to unseating the monarchy of which African country?,The Free Officers Movement was composed of young junior army officers committed to unse,0, country,3146,0,8,0.020706086773378266,1.7848823070526123,-0.04479972905568763,1211.7298583984375,801.3042356464482,0.04616441950201988,0.2266845703125,0.75255907
812,"In which year was the storming of the Bastille, which started the French Revolution?","The storming of the Bastille occurred on July 14,",0, Revolution,22126,0,11,0.14562710614995789,1.673675537109375,0.08985630566246305,1330.919189453125,838.3182842585851,0.018706344068050385,0.013458251953125,0.5283766
813,Who was the first poet to be buried at Poet’s Corner in London’s Westminster Abbey?,The first poet to be buried at Poet’s Corner in London’s Westminster,0, Abbey,64455,0,6,0.4242246735467565,1.4981515407562256,-0.008762615666054963,1333.4085693359375,793.8798016937134,0.021669775247573853,0.000942230224609375,0.85263443
814,‘The Night of the Long Knives’ refers to which leader eliminating many of his political enemies?,‘The Night of the Long Knives’ refers to Adolf Hitler eliminating many,1, enemies,13883,0,8,0.09137399957877,1.5488288402557373,-0.07614630109940279,1379.0252685546875,854.9919428380143,0.025005100294947624,1.6328125,1.8982788
815,Hans Holbein the Younger was court painter to which English monarch?,King Henry VIII,1, monarch,62754,0,8,0.4130291701769166,1.5002659559249878,0.11441863805025809,1280.407958984375,729.5612604589813,0.019535209983587265,1.51171875,1.309596
816,Who was the illustrator for most of Roald Dahl’s stories for children?,Quentin Blake,1, children,2841,0,9,0.018698662594776747,1.7629725933074951,0.12603013917302208,1467.6190185546875,915.1124303697189,0.02580048330128193,0.05194091796875,0.8400497
817,The 1958 film ‘Gigi’ was based on the novel by which French author?,The 1958 film ‘Gigi’ was based on the,0, author,3150,0,7,0.02073241364785173,1.7993144989013672,0.07903732445751999,1257.404052734375,745.4495344741073,0.02368556335568428,0.086181640625,0.1366017
818,‘Back to Bedlam’ was the debut album for which British singer?,‘Back to Bedlam’ was the debut album for the British singer **,0, singer,22757,0,7,0.14978017059814658,1.5138745307922363,-0.074396813275726,1283.510009765625,778.0421250646514,0.05460584536194801,3.1796875,1.4347819
819,Which US gangster was released from Alcatraz prison in November 1939?,Al Capone,1,9,24,1,1,0.00015796124684077506,1.6115447282791138,9.612222571418052,1501.79296875,814.6560149842226,0.06026063486933708,0.1070556640625,1.7093151
820,The fictional characters William Dobbin and Rawdon Crawley appear in which novel?,Vanity Fair,1, novel,11514,0,6,0.07578190817186184,1.7028406858444214,-0.09197555211227915,1050.1058349609375,495.7047677456665,0.011975405737757683,0.2174072265625,1.0086086
821,Who does the commentary in the UK tv programme ‘Come Dine With Me’?,The commentary in the UK television programme *Come Dine With Me* is,0, Me,2157,0,3,0.01419676705981466,1.7627100944519043,-0.12527877698415013,1542.4649658203125,1085.6472423668254,0.017124401405453682,4.76837158203125e-06,0.8496673
822,Hidrosis is the medical term for which bodily function?,Hidrosis is the medical term for the process of sweating. It is,1, function,729,0,9,0.004798072872788542,1.8529263734817505,0.18227662401006395,1252.9539794921875,751.7441573612057,0.01510896161198616,0.103759765625,0.587044
823,The town of Honiton in Devon is famous for producing what?,"Honiton is famous for its lace-making industry, which dates back to the",1, what,1128,0,5,0.007424178601516428,1.8533166646957397,0.45495811235288963,1280.947021484375,602.6946486375979,0.034236326813697815,0.205078125,0.24106452
824,Which two colours make up the national flag of Greenland?,The national flag of Greenland consists of two main colors: white and red.,1, Greenland,72678,0,10,0.4783461457455771,1.5059362649917603,-0.08810589692644433,1099.50146484375,791.4375185878134,-0.007823129184544086,7.0625,0.39933485
825,Which national team beat Hungary 4-2 to win the 1938 FIFA World Cup?,"The 1938 FIFA World Cup was won by Italy, who",1, Cup,10861,0,4,0.07148404591406908,1.6675267219543457,0.0568813099971357,1299.3399658203125,497.13818596532093,0.01564214564859867,3.1948089599609375e-05,1.8118942
826,"Yellow-pine, Uinta and Lodgepole are all types of which animal?","Yellow-pine, Uinta, and Lodgepole are all types of **",0, animal,9864,0,7,0.06492207245155855,1.6961699724197388,0.06268385490111417,1035.3563232421875,490.14386276097554,0.03763245418667793,3.9375,1.6333652
827,Who plays Daphne in the 2002 film ‘Scooby-Doo’?,"In the 2002 film ""Scooby-Doo,""",0,oo,2624,1,2,0.017270429654591406,1.7652568817138672,0.01906481658173531,1362.9747314453125,838.1206849103554,0.035957321524620056,2.2649765014648438e-06,2.5935755
828,The Euro is divided into how many cents?,The Euro is divided into 100 cents.,1, cents,30191,0,6,0.19870866680707666,1.6338039636611938,0.1371126926109012,1441.242431640625,817.1683159024523,0.025819288566708565,0.275390625,0.7394465
829,In the NATO phonetic alphabet which word represents the letter ‘C’?,Charlie,1,C,34,1,1,0.00022377843302443133,1.6659371852874756,1.3322889775791236,1676.2154541015625,1004.8564403272396,0.08108586072921753,2.96484375,0.23561274
830,Which former RAF pilot wrote the novel ‘Airport’?,The former RAF pilot who wrote the novel *Airport* is **A.,0,Airport,83113,1,7,0.5470263795282224,1.302101969718933,-0.07331362533994579,1013.6256713867188,411.0391325636604,0.04008644074201584,7.875,1.3291193
831,A creance is the name of the long fine cord used in which sport?,A creance is the name of the long fine cord used in which sport,0, sport,10552,0,6,0.0694502948609941,1.637024998664856,-0.0651968355171535,1209.4661865234375,680.0651884904573,0.028844399377703667,0.58935546875,0.42577037
832,"In the UK tv series ‘Mr Bean’, what model car does Mr Bean drive?","In the UK TV series *Mr. Bean*, the titular character, Mr",0, drive,6541,0,6,0.04305102148272957,1.7208118438720703,0.00023193801162735284,1374.3740234375,789.5026855966695,0.0568879209458828,0.2183837890625,1.6524452
833,Rodolfo and Mimi are the main characters in which opera by Giacomo Puccini?,La bohème,1,ini,6591,1,3,0.04338010741364785,1.7955132722854614,0.07378369208694036,1177.8814697265625,758.3773174686843,0.02458135411143303,1.0728836059570312e-06,1.7347398
834,In which year did it become compulsory to wear seat belts in front seats of cars in the UK?,1983,1, UK,6424,0,3,0.04228096040438079,1.722499966621399,-0.004682455791640727,1090.36181640625,772.2034991871342,0.024374360218644142,0.1075439453125,0.79308254
835,Which country was invaded by Iraq in 1990?,Kuwait,1,0,15,1,1,9.872577927548442e-05,1.4704278707504272,97.35945932219374,1426.48876953125,670.5135822793055,0.08409421145915985,0.00237274169921875,0.30121803
836,The Oroville Dam is in which US state?,"The Oroville Dam is located in the state of California, USA. It",1, state,1584,0,6,0.010425442291491154,1.8099533319473267,-0.09757796202627356,1095.1070556640625,562.6449453718001,0.0467388890683651,0.040435791015625,0.73346794
837,What was the name of the Prime Minister of Egypt who was assassinated in 1910?,The Prime Minister of Egypt who was assassinated in 1910,0,0,15,1,1,9.872577927548442e-05,1.4704278707504272,97.35945932219374,1441.7847900390625,769.5675458112319,0.10050584375858307,2.474609375,1.8361654
838,The OK Corral is in which US town?,"Tombstone, Arizona",1, town,6290,0,5,0.041399010109519796,1.7277867794036865,-0.01891905239709013,1047.107421875,486.6918648117693,0.010571355000138283,6.546875,0.6795266
839,"In Greek mythology, Amphitrite, queen of the sea, was the wife of which god?",Neptune,0, god,9886,0,4,0.06506687026116259,1.6648085117340088,0.01739329973565784,1188.8441162109375,595.8688388454831,0.02423875778913498,0.96728515625,0.7686415
840,On which part of the body would a mukluk be worn?,feet,1, worn,23704,0,5,0.15601305812973884,1.5364162921905518,-0.01547949263352244,1245.6358642578125,673.3105994526009,0.02014967054128647,0.36767578125,1.403852
841,Sandygate Road football and cricket stadium is in which English city?,Step 1: Identify the key elements in the question. The user is,0, city,3283,0,5,0.021607782224094357,1.772355318069458,-0.03698332961270845,1018.1041259765625,533.7175327873148,0.019205249845981598,0.223876953125,2.7600632
842,How many hundredweight are in a UK ton?,A UK ton is equal to 20 hundredweight.,1, ton,8766,0,4,0.05769534540859309,1.6737340688705444,0.00024187735559255685,1261.3382568359375,708.157251523702,0.014565501362085342,0.1007080078125,1.9612306
843,"Smoky, Leaf-nosed and Vesper are all species of which creature?","Smoky, Leaf-nosed, and Vesper are all species of bats",1, creature,17218,0,9,0.11332403117101937,1.5585401058197021,-0.013321793043846064,965.84619140625,502.22223278863623,0.01394641026854515,6.62890625,0.29824916
844,‘Make Them Wait’ is rhyming slang for which Bingo number?,12,0, number,1372,0,7,0.00903011794439764,1.8296184539794922,0.23312435104354812,1235.646484375,698.4344155190263,0.03883064538240433,7.29296875,1.4794677
845,How many stars are on the national flag of Liberia?,"The national flag of Liberia features a circle of twelve stars, representing the twelve",0, Liberia,83525,0,8,0.549738047598989,1.2721260786056519,0.07516823999545075,1237.0609130859375,805.9161839367617,-0.00010731932707130909,9.4765625,0.4182526
846,What is the US state capital of Idaho?,Boise,1, Idaho,39587,0,6,0.2605504949452401,1.5187311172485352,-0.02090434484888215,1134.18408203125,770.2047476261265,0.007056482136249542,4.91015625,1.1154721
847,"In the children’s tv cartoon series, who is Inspector Gadget’s arch enemy?",Inspector Gadget's arch enemy is Dr. Claw. He is a sinister,1, enemy,9175,0,6,0.060387268323504634,1.632137417793274,0.11402343251458769,1353.792236328125,780.3589415664194,0.05777209252119064,2.63671875,0.99334455
848,Astrakhan is the curly hair of which young animal?,Astrakhan is the curly hair of which young animal?,0, animal,9864,0,7,0.06492207245155855,1.6961699724197388,0.06268385490111417,1379.623779296875,743.4198010839716,0.04946480318903923,5.05859375,0.47910896
849,Nguyen Tan Dung became Prime Minister of which country in June 2006?,Vietnam,1,6,21,1,1,0.00013821609098567817,1.5665326118469238,21.581200252238826,1208.1871337890625,719.2961475894573,0.0685613825917244,0.090576171875,0.40015024
850,Boll weevil cause damage to which crop?,cotton,1, crop,19097,0,5,0.12569108045492838,1.6393252611160278,0.07476261528524475,1210.2978515625,672.2161645552667,0.04619539529085159,1.7021484375,0.39407527
851,What type of creature is a Dog Face?,"A dog face is a type of fish, specifically a member of the family",0, Face,18596,0,5,0.12239363942712721,1.59745192527771,0.023601503403610113,661.8334350585938,1.0741380880162774,0.026487110182642937,8.5078125,1.0504373
852,Which city hosted the 1992 Summer Olympic Games?,Barcelona,1, Games,11610,0,6,0.07641375315922494,1.7235853672027588,-0.07636773308456934,1366.012939453125,775.6870335823817,-0.004594321362674236,0.06683349609375,0.864562
853,Steve Martin and which other actor hosted the 2010 Academy Awards?,Steve Martin and which other actor hosted the 2010 Academy Awards,0, Awards,22658,0,7,0.14912858045492838,1.637164831161499,-0.05438880967656967,1104.9168701171875,561.8412713910473,0.00660379882901907,0.0032291412353515625,0.29933807
854,"Which British monarch founded the Yeomen of the Guard, originally as a royal bodyguard?",Henry VII,1,guard,26098,1,5,0.17176969250210616,1.603184700012207,0.07918340746833685,1441.7847900390625,706.6593223712613,0.03737286850810051,0.007038116455078125,1.2965562
855,Which member of the British royal family married on the 29th April 2011?,"The answer is the marriage of William, Duke of Cambridge, and Catherine,",1,1,16,1,1,0.00010530749789385004,1.570737600326538,240.21470640566866,1385.368896484375,751.4323067226366,0.08059413731098175,0.049285888671875,0.70730984
856,Which Italian fashion designer launched the first virtual online museum in December 2011?,The Italian fashion designer who launched the first virtual online museum in December 2,0,1,16,1,1,0.00010530749789385004,1.570737600326538,240.21470640566866,1504.1866455078125,850.0794176841396,0.08393122255802155,3.439453125,1.9536332
857,"In Greek mythology, who was the first wife of Aegeus?",Medea,0,us,355,1,2,0.0023365101095197977,1.7703152894973755,-0.08425901536995584,1003.6654052734375,476.0858596652712,0.018638871610164642,0.0007348060607910156,0.67505807
858,Which breed of dog is Marley in the 2008 film ‘Marley and Me’?,Marley is a Golden Retriever in the 2008,0, Me,2157,0,3,0.01419676705981466,1.7627100944519043,-0.12527877698415013,1406.239013671875,1186.3695326561058,0.011655455455183983,0.020233154296875,0.91201395
859,‘Giovedi’ is the Italian word for which day of the week?,‘Giovedi’ is the Italian word for which day of the,0, week,2003,0,5,0.013183182392586352,1.7799309492111206,0.007398740481208144,1187.9219970703125,816.6025811568878,0.03172759339213371,0.00028014183044433594,1.3965499
860,How many stars are on the national flag of New Zealand?,The national flag of New Zealand features a blue field with the Southern Cross constellation,0, Zealand,16911,0,8,0.11130344355518113,1.6208449602127075,-0.04703273873290703,1262.3399658203125,753.8653728085119,0.012519346550107002,0.00547027587890625,0.4642093
861,Scatology is the scientific study of what?,Scatology is the scientific study of feces.,1, what,1128,0,5,0.007424178601516428,1.8533166646957397,0.45495811235288963,1231.3702392578125,632.9998906442521,0.0386565737426281,0.1781005859375,0.0861488
862,La Paz is the administrative capital of which South American country?,La Paz is the administrative capital of Bolivia.,1, country,3146,0,8,0.020706086773378266,1.7848823070526123,-0.04479972905568763,1212.105712890625,654.7406162011112,0.03479132056236267,0.056396484375,0.43009755
863,"In the game of Bingo, ‘Get up and run’ represents which number?","In the game of Bingo, ‘Get up and run’ represents the number",0, number,1372,0,7,0.00903011794439764,1.8296184539794922,0.23312435104354812,1390.1246337890625,734.3521993369906,0.04405699670314789,0.9228515625,0.7897907
864,"In February 1938, Roberto M. Ortiz became President of which South American country?",Uruguay,0, country,3146,0,8,0.020706086773378266,1.7848823070526123,-0.04479972905568763,1216.3837890625,752.5974833598525,0.03615947440266609,0.07342529296875,1.906527
865,Which poet wrote ‘The Lake Isle of Innisfree’?,W. B. Yeats,1,free,10593,1,4,0.06972014532434709,1.6950901746749878,-0.08364230515280369,1369.45947265625,1093.1010760397407,0.0220697820186615,7.045269012451172e-05,1.4380991
866,In September 2006 the government of Prime Minister Thaksin Shinawatra was overthrown in which Asian country?,Thailand,1, country,3146,0,8,0.020706086773378266,1.7848823070526123,-0.04479972905568763,1183.7926025390625,760.9521284710617,0.04723447561264038,0.10546875,0.15364198
867,Who wrote the 1930’s novel ‘Tender is the Night’?,The 1930’s novel ‘Tender is the Night’,0, Night,12826,0,6,0.08441712299915755,1.6510282754898071,-0.005714984637544163,1357.82275390625,979.88184918353,0.02815306931734085,0.00043201446533203125,1.1248155
868,Maria Fitzherbert was ‘married’ to which British monarch?,Maria Fitzherbert was 'married' to King George IV.,1, monarch,62754,0,8,0.4130291701769166,1.5002659559249878,0.11441863805025809,1228.8876953125,777.8910050079128,0.01763981208205223,0.36181640625,0.28299746
869,Amarelo is Portuguese for which colour?,Yellow,1, colour,12463,0,7,0.08202795914069082,1.65585458278656,0.07316862508785338,1206.0899658203125,707.4653810440875,0.04000716283917427,3.064453125,0.6661746
870,"On a standard dartboard, which number lies opposite number 4?","On a standard dartboard, the number opposite to 4 is 1",0,4,19,1,1,0.0001250526537489469,1.589713215827942,35.19738274335967,1247.2584228515625,702.9013508646634,0.08138006180524826,3.32421875,1.3254623
871,Mount Chimborazo is in which South American country?,Ecuador,1, country,3146,0,8,0.020706086773378266,1.7848823070526123,-0.04479972905568763,1092.4178466796875,570.5200558497637,0.03713284805417061,0.01129150390625,0.4021171
872,What is the basic monetary unit of Israel?,The basic monetary unit of Israel is the Israeli new shekel (ILS,1, Israel,6778,0,7,0.04461088879528222,1.6723614931106567,0.010243336761980082,1275.3779296875,727.195292927852,0.0324515774846077,6.421875,0.74430645
873,In which European country is Lake Ree?,Lake Ree is located in the Republic of Ireland. It is a lake in,1, Ree,56821,0,4,0.3739798336141533,1.4150792360305786,-0.0052202323888299595,1179.7613525390625,624.51120245357,0.030958713963627815,18.140625,0.24886452
874,Who wrote the poem ‘The Lady of the Lake’?,"The poem ""The Lady of the Lake"" was written by Sir Walter Scott",1, Lake,11678,0,5,0.0768613100252738,1.6854885816574097,0.04850984715862294,1501.0068359375,1105.1461172676504,-0.0015558530576527119,0.01085662841796875,1.2757057
875,"Henry Blake, Charles Winchester and Father Mulcahy are all characters in which US tv series?",M*A*S*H,1, series,4013,0,7,0.026412436815501265,1.8363407850265503,0.0811259676890943,1107.6639404296875,523.7508559930504,0.02356065809726715,0.0843505859375,0.010040709
876,‘Obey your thirst’ is the advertising slogan for which soft drink?,‘Obey your thirst’ is the advertising slogan for the soft drink **,0, drink,7027,0,6,0.046249736731255264,1.6669747829437256,0.11465719769798088,1002.8414306640625,438.46923251950807,0.05266515165567398,0.0136260986328125,1.0043539
877,Selenology is the scientific study of which celestial body?,The Moon,1, body,2487,0,5,0.016368734203875315,1.8188788890838623,0.072666644669241,1075.6226806640625,579.8983527803232,0.013482306152582169,0.05712890625,1.4849995
878,‘A crutch and a duck’ is the term for which bingo number?,"The term ""A crutch and a duck"" refers to the bingo number",0, number,1372,0,7,0.00903011794439764,1.8296184539794922,0.23312435104354812,1255.88232421875,622.9159593492288,0.04394042491912842,7.203125,1.6906908
879,"Spud, Shot and Hand are all types of what?","Spud, Shot and Hand are all types of what?",0, what,1128,0,5,0.007424178601516428,1.8533166646957397,0.45495811235288963,935.0746459960938,230.26745207740555,0.041765592992305756,0.0135650634765625,0.5316139
880,"In the game ‘Metal Gear Solid’,who is the twin brother of Solid Snake?","Solid Snake's twin brother is Solidus Snake, also known as Liquid Snake",1, Snake,39656,0,6,0.2610046335299073,1.5129106044769287,0.04929395099187461,1205.414306640625,727.65621637458,0.020155787467956543,0.01212310791015625,0.35905892
881,What did fictional detective Sherlock Holmes keep in the toe of his Persian slipper?,A vial of poison,0,per,712,1,3,0.004686183656276327,1.785748839378357,0.12152844538229068,1232.2906494140625,730.0779687541852,0.02871999703347683,7.033348083496094e-06,1.0317118
882,Which creatures are used as croquet balls in the novel ‘Alice’s Adventures in Wonderland’?,The creatures used as croquet balls in the novel ‘Alice’s Adventures in,0, Wonderland,88924,0,11,0.5852727464195451,1.4247255325317383,-0.05526745783151776,1343.590087890625,1070.1150385870044,0.018541280180215836,0.002208709716796875,1.66075
883,Which Spanish artist painted the series known as ‘Fantasy and Invention’ in the 18th century?,The Spanish artist who painted the series known as 'Fantasy and Invention,0, century,9294,0,8,0.061170492839090145,1.6970765590667725,-0.06014197062374871,1369.6427001953125,781.5595696677013,0.03124966099858284,0.01373291015625,1.4793562
884,‘Mucke’ is the Serbo-Croatian name for which UK tv series?,Mucke is the Serbo-Croatian name for the UK television,0, series,4013,0,7,0.026412436815501265,1.8363407850265503,0.0811259676890943,1244.8980712890625,751.9664568874533,0.02880282513797283,0.79345703125,1.5296525
885,"Comedian, actor and director Melvin Kaminsky is better known by what name?","Melvin Kaminsky is better known by his stage name, ""Moe",1, name,829,0,5,0.005456244734625105,1.8392785787582397,0.01390981858990159,1249.330322265625,621.1927416013922,0.05921909958124161,0.52685546875,0.05355251
886,The Belgian beer ‘Kriek’ is flavoured with which fruit?,The Belgian beer ‘Kriek’ is flavoured with cherries.,1, fruit,13779,0,6,0.09068950084245998,1.691853642463684,0.044725490133070256,1135.6575927734375,507.7149658975991,0.018991267308592796,0.22705078125,1.1365124
887,The Forest of Arden is in which English county?,The Forest of Arden is in which English county?,0, county,13867,0,7,0.09126869208087615,1.6302692890167236,0.15238938009286862,1145.1878662109375,732.0597148552284,0.0410291887819767,0.01544952392578125,0.5782966
888,Louis Reard created which two-piece item of clothing in 1946?,Louis Reard created the bikini in 1946.,1,6,21,1,1,0.00013821609098567817,1.5665326118469238,21.581200252238826,1257.6951904296875,699.6329649580568,0.0554853156208992,0.00029397010803222656,0.5072452
889,What colour are the flowers of a hawkbit plant?,The flowers of a hawkbit plant are typically pink or purple in color.,0, plant,6008,0,6,0.03954296545914069,1.7448108196258545,0.1894147871747749,1158.71044921875,659.6792726945,0.0019403346814215183,1.107421875,0.90211797
890,In which British city is the Jewry Wall Museum?,"The Jewry Wall Museum is located in the city of Leicester, England.",1, Museum,16328,0,7,0.10746630160067397,1.731934905052185,-0.046893729564384756,1431.092529296875,791.5797466841947,0.017550427466630936,9.875,0.7520102
891,What is the main ingredient of borscht soup?,"Borscht is a traditional soup of Eastern Europe, typically made with be",0, soup,19174,0,5,0.12619787278854255,1.6157054901123047,0.1105229884359451,1322.1392822265625,846.7397074343558,0.017674820497632027,6.7578125,1.271715
892,Thanatology is the scientific study of what?,Thanatology is the scientific study of death and the processes that occur in the,1, what,1128,0,5,0.007424178601516428,1.8533166646957397,0.45495811235288963,1342.5721435546875,746.2608708569774,0.037641678005456924,0.591796875,0.40668508
893,Which author wrote ‘I came form Des Moines. Somebody had to.’ in their book ‘The Lost Continent’?,"The author who wrote the line ""I came from Des Moines. Somebody had",0, Continent,97745,0,10,0.6433300863521483,1.3119118213653564,0.01876128494247009,1476.8084716796875,1048.919082748077,0.03435803949832916,5.75,0.9069054
894,Which actor succeeded Marlon Brando as head of the Corleone family in the Godfather films?,Al Pacino,1, films,12351,0,6,0.08129080665543387,1.6009929180145264,-0.046523972193747376,1287.6563720703125,763.107419630663,0.021654851734638214,2.755859375,1.2618445
895,"Brown, American Rainbow and Cutthroat are all types of which fish?",trout,1, fish,7640,0,5,0.0502843302443134,1.6974620819091797,-0.06409993576216877,1107.9345703125,629.1014106795874,0.038294851779937744,1.3232421875,1.2097065
896,Who designed St Paul’s Cathedral in London?,Christopher Wren,1, London,7148,0,7,0.047046124684077505,1.699151873588562,0.12413074323982398,1274.4918212890625,763.3649468627538,0.029706604778766632,0.0811767578125,1.3985512
897,What colour is the liqueur ‘Parfait d’Amour’?,The liqueur ‘Parfait d’Amour’ is a dark red,0,our,413,1,3,0.0027182497893850043,1.7460355758666992,-0.03956924730403122,1807.78076171875,1080.4797192597164,0.013311616145074368,0.0007739067077636719,1.8308741
898,What is the name of the clarified butter used in Indian cookery?,Ghee,1,ery,722,1,3,0.004752000842459983,1.7654732465744019,0.039473133339433364,1272.7347412109375,823.4035220156683,0.03549499064683914,0.00888824462890625,0.22105657
899,"In the 2005 Julian Barnes novel ‘Arthur and George’, who is Arthur?","In the 2005 Julian Barnes novel 'Arthur and George',",0, Arthur,27586,0,7,0.1815632898062342,1.6532098054885864,-0.01997120990539525,1190.1751708984375,703.8196251422885,0.007616671733558178,2.697265625,0.5955629
900,"In humans, epicondylitis affects which part of the body?",Epicondylitis is a condition that affects the elbow.,1, body,2487,0,5,0.016368734203875315,1.8188788890838623,0.072666644669241,1257.56689453125,692.8043099475004,0.012454485520720482,0.156982421875,1.2825665
901,The UEFA (Union of European Football Associations) was founded in which European country in 1954?,The UEFA (Union of European Football Associations) was founded in Switzerland in,1,4,19,1,1,0.0001250526537489469,1.589713215827942,35.19738274335967,979.49169921875,473.58866035387655,0.07531488686800003,9.775161743164062e-06,0.37389636
902,From which 1968 film did English band Duran Duran take their name?,"The film is ""Saturday Night Fever"" (1977), but",0, name,829,0,5,0.005456244734625105,1.8392785787582397,0.01390981858990159,1334.3516845703125,780.7481510673922,0.06518606841564178,0.002826690673828125,1.1986274
903,The ‘La Scala Opera House’ is in which European city?,Milan,1, city,3283,0,5,0.021607782224094357,1.772355318069458,-0.03698332961270845,1189.49755859375,665.9834055527213,0.019237637519836426,0.3125,0.9163787
904,Who is the lead singer of the English band ‘The Specials’?,The lead singer of the English band 'The Specials' is **Jerry,0,s,82,1,1,0.0005397009267059814,1.5838184356689453,1.9282471493904731,1554.62353515625,1194.6928301925639,0.013289675116539001,0.002628326416015625,0.3354338
905,"Elvis Presley’s manager, Andreas Cornelis van Kujik, was better known by what name?",Colonel Tom Parker,1, name,829,0,5,0.005456244734625105,1.8392785787582397,0.01390981858990159,1113.307373046875,546.6356015703269,0.06140219420194626,0.044464111328125,1.6130415
906,The Transandine Railway runs between which two South American countries?,The Transandine Railway runs between Argentina and Chile.,0, countries,5837,0,10,0.03841749157540017,1.729595422744751,-0.028332682112636842,1193.6434326171875,717.9768907639033,-0.0030252058058977127,0.2237548828125,0.10851944
907,"Sinology is the study of the language, history and culture of which country?",China,1, country,3146,0,8,0.020706086773378266,1.7848823070526123,-0.04479972905568763,1295.2135009765625,712.4880075391104,0.04225863143801689,0.2685546875,0.75046563
908,"On the human body, a keloid is a type of what?",A keloid is a type of scar.,1, what,1128,0,5,0.007424178601516428,1.8533166646957397,0.45495811235288963,1083.8563232421875,464.73575994588833,0.049836792051792145,0.1884765625,0.3655065
909,"In the British military, a bombadier is equivalent to which other rank?",A bombadier in the British military is equivalent to the rank of a **,0, rank,7077,0,5,0.046578822662173544,1.7365878820419312,0.00868112416864708,1253.450927734375,777.0379071314616,0.05119851604104042,0.1617431640625,1.675037
910,What type of animal is Baloo in the novel ‘The Jungle Book’ by Rudyard Kipling?,Baloo is a bear in the novel ‘The Jungle Book’ by Rud,1,ing,287,1,3,0.0018889532434709351,1.6201030015945435,1.8019569900865386,1462.4202880859375,886.5102345010822,-0.00670789135619998,-0.0,0.46397418
911,Tirana is the capital of which European country?,Albania,1, country,3146,0,8,0.020706086773378266,1.7848823070526123,-0.04479972905568763,1216.4451904296875,671.0455520640213,0.03801668807864189,0.033538818359375,0.84670347
912,"In our solar system, which is the sixth planet from the sun?",Saturn,1, sun,7015,0,4,0.04617075610783488,1.7333815097808838,-0.06619279637755993,1269.8419189453125,760.5545091378087,0.026856623589992523,1.212890625,0.17126547
913,Composer Giacomo Puccini died leaving which opera unfinished?,"Giacomo Puccini died leaving the opera ""Turandot""",1, unfinished,63616,0,11,0.41870261162594774,1.4778367280960083,-0.08911596609287598,1221.1129150390625,821.4103547444945,0.02886822447180748,0.0830078125,1.5198672
914,"King Louie, Akela and Ziggy are all characters in which Disney film?",The Jungle Book,1, film,4531,0,5,0.02982176705981466,1.704827904701233,-0.022928700611097863,1128.1351318359375,558.705115658182,0.017254482954740524,1.455078125,0.06638336
915,‘Impossible is nothing’ is the motto of which sportswear company?,Nike,0, company,2813,0,8,0.01851437447346251,1.8134483098983765,-0.03645351555036935,1193.9124755859375,746.5053935805046,0.05985083058476448,1.001953125,0.6488864
916,Who wrote the play ‘The Iceman Cometh’?,The play 'The Iceman Cometh' was written by Eugene O,0,eth,769,1,3,0.005061341617523168,1.7629176378250122,0.10063932499286476,1279.495849609375,917.4087848451466,0.016437115147709846,6.4373016357421875e-06,0.7877315
917,"Which children’s playground game is sometimes called ‘Fivestones’, ‘Knucklebones’ or ‘Snobs’?",The game is called 'Jackstones'. It is a traditional children's game,1,obs,5481,1,3,0.036074399747262,1.6716210842132568,0.0916533776859203,1795.81982421875,899.8231144233937,0.0052751703187823296,10.4140625,2.4462693
918,Mr and Mrs Potato Head appear in which film franchise?,Toy Story,1, franchise,19024,0,10,0.1252106149957877,1.5127044916152954,-0.04056551842757106,1036.319091796875,682.1671265276855,0.0356692299246788,4.86328125,0.4359094
919,How many square stickers are on each face of a classic Rubik’s Cube?,Each face of a classic Rubik’s Cube has 9 square stickers.,1, Cube,42592,0,5,0.2803285593934288,1.654253363609314,-0.006850786856298363,1391.8675537109375,707.9773968577277,0.021801725029945374,0.78466796875,1.3965203
920,Who composed the ballet ‘Swan Lake’?,The ballet ‘Swan Lake’ was composed by Pyotr Ilyich,1, Lake,11678,0,5,0.0768613100252738,1.6854885816574097,0.04850984715862294,1535.9073486328125,1088.6610627975404,0.003302796045318246,7.891654968261719e-05,0.3248191
921,"In 1818, British obstetrician James Blundell performed the first successful human what?","In 1818, British obstetrician James Blundell",0, what,1128,0,5,0.007424178601516428,1.8533166646957397,0.45495811235288963,1195.1546630859375,814.8812243034138,0.052462268620729446,11.4296875,1.1587517
922,"In cooking, 190 degrees Celsius is the equivalent to which Gas Mark?",Gas Mark 5,1, Mark,4389,0,5,0.028887163016006738,1.7484638690948486,0.01699056686178091,969.7738647460938,198.1665594060101,0.01654292270541191,0.28857421875,0.53924257
923,What do the interior angles of a hexagon add up to in degrees?,The sum of the interior angles of a hexagon is 720,1, degrees,12348,0,8,0.08127106149957877,1.7580490112304688,0.039167577819458455,1095.242919921875,728.4911406834644,0.037959374487400055,0.005558013916015625,0.79876286
924,The roe of lumpfish is used as a substitute for which delicacy?,caviar,1,acy,2757,1,3,0.018145798230834037,1.7697596549987793,-0.049033359807494126,949.3798828125,395.0851509851811,-0.004873798694461584,0.0001653432846069336,0.31306276
925,"In Vermont, USA, there is an old law stating that it is illegal for women to wear what without their husbands written consent?","In Vermont, USA, there is an old law stating that it is illegal",0, consent,14433,0,8,0.0949939448188711,1.646896243095398,0.1308849790166029,1075.24951171875,698.7377539015807,0.03868502750992775,1.982421875,0.054478843
926,"In medicine, algology is the study of what?",Algology is the study of algae.,0, what,1128,0,5,0.007424178601516428,1.8533166646957397,0.45495811235288963,1223.9561767578125,704.4785832144547,0.04457124322652817,0.15771484375,0.37540033
927,How many imperial gallons are in a firkin?,"A firkin is a unit of volume used in the UK, equal to",0,kin,7989,1,3,0.052581350042123,1.7458467483520508,0.018879046488474938,965.0232543945312,688.5413764471958,0.02792206034064293,8.153915405273438e-05,0.5169941
928,The meibomian gland is found in which part of the human body?,The meibomian gland is found in the eyelids.,1, body,2487,0,5,0.016368734203875315,1.8188788890838623,0.072666644669241,1267.11083984375,673.0664849547414,0.012636632658541203,0.01776123046875,0.60149986
929,The Manuel M.Torres Dam is the largest hydro plant in which country?,The Manuel M.Torres Dam is the largest hydro plant in Venezuela.,0, country,3146,0,8,0.020706086773378266,1.7848823070526123,-0.04479972905568763,1107.2769775390625,655.2644279036962,0.042938049882650375,0.450927734375,0.14230321
930,Which British swimmer won Olympic Gold Medals in 2008 in the 400 and 800 m freestyle?,Michael Jamieson,0,estyle,37383,1,6,0.24604438711036225,1.497931957244873,0.027602129292044086,1395.6307373046875,714.0723031776122,-0.015539782121777534,0.0031261444091796875,3.0044408
931,"In the NATO phonetic alphabet, which word represents the letter I?",India,1, I,358,0,2,0.0023562552653748946,1.7668392658233643,2.991128220297883,963.026611328125,353.3157833302104,0.08468438684940338,10.2890625,0.21305649
932,"Which US author wrote ‘The Naked and the Dead’, based on his military service in World War II?",Norman Mailer,1, II,7946,0,3,0.05229833614153328,1.8094831705093384,0.03020395931407105,1261.748291015625,797.1528515824655,0.02837468683719635,0.0228118896484375,2.3728473
933,Which Brooklyn-born author had parents named Malachy and Angela?,The Brooklyn-born author with parents named Malachy and Angela is **Ed,0, Angela,37143,0,7,0.2444647746419545,1.5256736278533936,-0.14977772377780285,1100.8572998046875,529.7625844847909,0.028129590675234795,5.98828125,2.44758
934,What is the title of the 1944 film starring Barbara Stanwyck as the wife who seduces an insurance salesman into killing her husband?,The Strange Love of Martha Ivers,0, husband,9972,0,8,0.06563289806234204,1.6278804540634155,-0.12838160529622789,1326.46484375,917.5223674143177,0.036677777767181396,0.0201416015625,1.1082755
935,"What is the nickname of Thierry Guetta, the French-born street-artist?","The nickname of Thierry Guetta, the French-born street-artist,",1,artist,18622,1,6,0.12256476411120472,1.4935576915740967,-0.0281771092215517,1492.6937255859375,818.6147236360978,0.02677065134048462,1.94921875,1.7106626
936,Wolf Mankowitz wrote the 1953 novel ‘A Kid For Two….’what’?,"The answer is ""A Kid for Two"" (1953),",0,what,12555,1,4,0.08263347725358046,1.7161184549331665,0.04888542027287812,1593.182373046875,885.2454026339295,0.024978574365377426,9.5546875,2.6794386
937,What is the name of a triangle which has sides unequal in length?,A triangle with sides of unequal length is called a scalene triangle. In,1, length,3084,0,7,0.020298020219039595,1.8205199241638184,0.02585514496322938,1549.259521484375,905.7507840504204,0.0264577716588974,0.00862884521484375,1.288857
938,‘Quicksilver’ is another name for which metallic element?,Mercury,1, element,2392,0,8,0.01574347093513058,1.8133900165557861,0.05288083339808747,1277.708740234375,766.0027258992401,0.01554955169558525,0.0010509490966796875,0.7784137
939,"What is the name of the Japanese dish of bite-sized pieces of raw fish served with dipping sauces, vegetables and wasabi?",Sashimi,1,abi,25084,1,3,0.1650958298230834,1.7060635089874268,-0.03869476106303127,1141.5576171875,403.17954328623057,0.01852075755596161,3.0517578125e-05,0.73013675
940,Who is recognised as Britain’s first Prime Minister?,Sir Robert Walpole,1, Minister,9486,0,9,0.062434182813816345,1.575903058052063,-0.014879681070254946,1354.12060546875,791.3408063027838,0.021090084686875343,0.00350189208984375,1.0728819
941,"In the human body, which bone connects the humerus with the calvicle?",The clavicle is connected to the sternum and the scapula,0,icle,2002,1,4,0.013176600673967986,1.6511290073394775,0.011831577268167415,1189.6279296875,691.0958989291837,0.002128821797668934,1.041015625,0.2760122
942,The Cuatro Torres Business Area is in which European city?,Madrid,1, city,3283,0,5,0.021607782224094357,1.772355318069458,-0.03698332961270845,1087.062255859375,567.9226773939492,0.01899157278239727,1.103515625,0.6687721
943,The first issue of which British children’s comic was published in April 1950?,"The answer is ""The Beano"". ",0,0,15,1,1,9.872577927548442e-05,1.4704278707504272,97.35945932219374,1195.8387451171875,628.7705605816166,0.08973081409931183,3.7734375,0.06586934
944,"The 1951 ‘Treaty of Peace With Japan’ which served to officially end World War II, is commonly known as what?",The Treaty of San Francisco,1, what,1128,0,5,0.007424178601516428,1.8533166646957397,0.45495811235288963,1424.871337890625,849.1667388253633,0.037082429975271225,0.826171875,1.0150402
945,The Tumut Hydroelectric Power Station is in which Australian state?,New South Wales,1, state,1584,0,6,0.010425442291491154,1.8099533319473267,-0.09757796202627356,796.8807983398438,299.2469812306881,0.03976442664861679,0.01366424560546875,0.36789545
946,Who always holds the title of the Supreme Governor of the Church of England?,The monarch of the United Kingdom,1, England,9448,0,8,0.06218407750631845,1.6887807846069336,-0.04533418307169379,1190.640869140625,748.6051975156452,0.003654215484857559,0.00010085105895996094,0.1421409
947,How many players are on the field in a baseball team?,There are nine players on the field in a baseball team.,1, team,2083,0,5,0.013709719882055603,1.7722951173782349,0.06777419059442913,1491.649169921875,824.1779136810326,0.02896185778081417,4.875,1.3655812
948,"In the poem ‘Monday’s Child’, what is Wednesday’s child full of?",Wednesday's child is full of glee.,0, of,315,0,3,0.0020732413647851725,1.3833591938018799,127.42495131545505,1547.8084716796875,898.9697806118983,-0.03575746342539787,0.001049041748046875,0.07632937
949,"In London in 1788, the ‘Daily Universal Register’ was relaunched as which newspaper?",The Times,1, newspaper,16803,0,10,0.11059261794439765,1.6670076847076416,0.12242280882363099,1227.15234375,649.2936309940894,0.01587221957743168,0.09381103515625,0.11431764
950,Which clothing chain was founded by brothers Clemens and August Brenninkmeijer in 1841?,The clothing chain founded by brothers Clemens and August Brenninkmeij,0,1,16,1,1,0.00010530749789385004,1.570737600326538,240.21470640566866,1563.3389892578125,773.2324518906653,0.09669236838817596,2.751953125,3.053293
951,Falange was the name given to several political movements and parties dating from the 1930’s in which European country?,Spain,1, country,3146,0,8,0.020706086773378266,1.7848823070526123,-0.04479972905568763,1241.1917724609375,769.751947904383,0.03992807865142822,0.0718994140625,0.9569973
952,"In the novel ‘Jane Eyre’ by Charlotte Bronte, what is the name of Mr Rochester’s first wife?",Bertha Mason,1, wife,7403,0,5,0.04872446293176074,1.6565725803375244,0.008379865779343021,1005.0886840820312,596.5694915758875,0.03643122315406799,1.1444091796875e-05,0.12043724
953,"Which fictional character is the subject of George Frampton’s bronze statue in Kensington Gardens, London?",The statue in question is of the fictional character Sherlock Holmes. George Frampton,0, London,7148,0,7,0.047046124684077505,1.699151873588562,0.12413074323982398,1168.03759765625,721.5894906162587,0.026204198598861694,0.260009765625,0.5607861
954,Who wrote the novel ‘The Prime of Miss Jean Brodie’?,The novel 'The Prime of Miss Jean Brodie' was written by M,0,die,26493,1,3,0.17436947135636058,1.5841201543807983,-0.0735927139706316,990.6408081054688,847.7304029774357,0.014412984251976013,0.00036716461181640625,1.127361
955,Sindh is a province of which Asian country?,Sindh is a province of which Asian country?,0, country,3146,0,8,0.020706086773378266,1.7848823070526123,-0.04479972905568763,1242.709228515625,688.4261970434486,0.04182804748415947,0.1011962890625,0.6590085
956,Madame de Pompadour and Madame du Barry were mistresses of which French King?,Louis XV,1, King,6210,0,5,0.040872472620050546,1.7287070751190186,0.15451993723988178,1264.3905029296875,786.728444543389,0.021433938294649124,1.1064453125,0.5176381
957,Odontology is the scientific study of what?,Odontology is the scientific study of teeth.,1, what,1128,0,5,0.007424178601516428,1.8533166646957397,0.45495811235288963,1326.1484375,683.3437212348379,0.036532212048769,0.47705078125,0.5106129
958,The wine ‘Bull’s Blood’ of Eger is produced in which country?,Hungary,1, country,3146,0,8,0.020706086773378266,1.7848823070526123,-0.04479972905568763,985.6353759765625,539.6903692123077,0.03466946259140968,0.0738525390625,0.66350263
959,The 1932 film ‘The Mask of Fu Manchu’ revolves around Fu Manchu’s quest for the sword and mask of which historical figure?,The 1932 film ‘The Mask of Fu Manchu’,0, figure,7071,0,7,0.046539332350463355,1.8113899230957031,0.004169009823019376,1330.544921875,788.0876395101421,0.03213396295905113,0.15869140625,1.0002186
960,The mask worn in the 1996 film ‘Scream’ is based on a painting by which artist?,The mask worn in the 1996 film ‘Scream’,0, artist,10049,0,7,0.06613969039595619,1.6683698892593384,-0.03542660104010498,1310.254150390625,791.7888848876466,0.022589663043618202,0.1246337890625,0.34300104
961,Which US athlete won a gold medal for the high jump in the 1968 Summer Olympics?,The US athlete who won a gold medal for the high jump in the,0, Olympics,31963,0,9,0.21037147219882055,1.6313854455947876,0.16492482480404602,1418.6431884765625,688.0451042305374,0.03085383027791977,0.10394287109375,1.5164424
962,In which London street does fictional character Sweeney Todd have his barber shop?,"Sweeney Todd's barber shop in the fictional story ""The String of Pear",0, shop,8061,0,5,0.053055233782645324,1.715734601020813,-0.06081950886043508,1238.2647705078125,668.086444355694,0.02348506450653076,0.0036468505859375,2.8323653
963,The Nullarbor Plain is in which country?,Australia,1, country,3146,0,8,0.020706086773378266,1.7848823070526123,-0.04479972905568763,1149.1259765625,626.3156199508682,0.03945520520210266,0.63427734375,0.53616375
964,What is the official language of Nicaragua?,"The official language of Nicaragua is Spanish. However, there are also indigenous languages",1, Nicaragua,76324,0,10,0.5023430918281382,1.2959104776382446,0.07328773669921373,988.4788208007812,653.4626473352304,-0.006008343305438757,9.234375,0.78358394
965,Who wrote the plays ‘The Cocktail Party’ and ‘The Family Reunion’?,The plays ‘The Cocktail Party’ and ‘The Family Reunion’ were,0,union,16192,1,5,0.10657118786857624,1.6348313093185425,-0.0198682120214686,1607.2144775390625,1184.3932502231364,-0.0012130687246099114,0.005153656005859375,0.56049806
966,"Used in cooking, agar-agar is a gelatin made from what?",seaweed,1, what,1128,0,5,0.007424178601516428,1.8533166646957397,0.45495811235288963,1144.6802978515625,312.1584218682654,0.05512227490544319,0.55322265625,1.5770758
967,The fictional character ‘Disco Stu’ appears in which US cartoon tv Series?,The Simpsons,1, Series,11131,0,7,0.0732611099410278,1.7652122974395752,0.0658723858928898,1202.205078125,636.5436369561329,0.0234004445374012,11.078125,0.24729174
968,"Marie Antoinette, Queen of France and Navarre, was born in which country?","Marie Antoinette, Queen of France and Navarre, was born",0, country,3146,0,8,0.020706086773378266,1.7848823070526123,-0.04479972905568763,1138.3785400390625,720.7406440849741,0.043538838624954224,1.1796875,0.74412316
969,The song ‘Seventy Six Trombones’ is from which musical show?,"The song ""Seventy Six Trombones"" is from the musical show",0, show,1473,0,5,0.00969487152485257,1.8145217895507812,0.2397004469447661,1070.744873046875,455.8068797559141,0.03951343148946762,8.21875,0.20840131
970,Which US President was given the nickname the ‘Great Engineer’?,"The nickname ""Great Engineer"" was given to **Theodore Roosevelt**.",0, Engineer,28383,0,9,0.18680891954507162,1.6556378602981567,-0.16151788842355197,1820.176513671875,1164.4593315900147,0.025468893349170685,9.3828125,1.1589152
971,"In the human body, what is stored in adipose tissue?","Adipose tissue, also known as fat tissue, is a connective",1, tissue,19847,0,7,0.13062736941870262,1.6763828992843628,0.03339012298973554,1314.6085205078125,611.8531133816925,0.01825289987027645,0.01506805419921875,0.62572294
972,A craniotomy is the surgical removal of a portion of which part of the human body?,A craniotomy is the surgical removal of a portion of the skull.,1, body,2487,0,5,0.016368734203875315,1.8188788890838623,0.072666644669241,1101.59716796875,689.6954942490129,0.01948520354926586,0.004657745361328125,0.9800287
973,Which country will host the 2014 FIFA World Cup?,Brazil,1, Cup,10861,0,4,0.07148404591406908,1.6675267219543457,0.0568813099971357,1314.361572265625,639.7956971685494,0.018733713775873184,0.00020563602447509766,1.0807323
974,Which country has the internet domain .de?,Germany,1,de,450,1,2,0.0029617733782645326,1.747021198272705,0.08828682307861735,1301.13525390625,750.374690114824,0.06215145066380501,4.4296875,0.844798
975,A sequicentenary is an anniversary of how many years?,A sequicentenary is an anniversary of 150 years.,1, years,1635,0,6,0.0107611099410278,1.7845232486724854,0.16825248539342974,1117.5931396484375,605.8752600918604,0.04426967725157738,0.0005249977111816406,0.021923378
976,What is the International Vehicle Registration for Cambodia?,The International Vehicle Registration for Cambodia is a process that allows foreign vehicles to be,0, Cambodia,61038,0,9,0.40173494102780116,1.3789594173431396,-0.03853259570749046,1577.9044189453125,966.9067637700762,0.01467482466250658,8.421875,1.9036084
977,Opera singer Leyla Gencer was born in which European country?,Leyla Gencer was born in Turkey.,1, country,3146,0,8,0.020706086773378266,1.7848823070526123,-0.04479972905568763,997.7650146484375,571.6335809762485,0.04088757187128067,0.304931640625,0.49190986
978,In which South American country does Angostura Bitters originally come from?,Venezuela,1, from,504,0,5,0.003317186183656276,1.7910735607147217,3.54297290633631,1228.0386962890625,803.2426401971051,0.01597825437784195,0.002696990966796875,0.379055
979,The Hel Peninsula is part of which European country?,The Hel Peninsula is part of which European country?,0, country,3146,0,8,0.020706086773378266,1.7848823070526123,-0.04479972905568763,1050.775146484375,604.9306839477894,0.0405057892203331,0.017486572265625,0.10369446
980,Which US singer released a 2010 album entitled ‘The Lady Killer’?,The US singer who released a 2010 album entitled *The,0, Killer,52953,0,7,0.3485217459983151,1.4763941764831543,0.039425719760416644,1754.2510986328125,1186.2159474731836,0.036171041429042816,2.048828125,2.7561634
981,How many months is the gestation period for an elephant?,The gestation period for an elephant is approximately 22 months.,1, elephant,45740,0,9,0.3010478096040438,1.5529040098190308,-0.0240524534027049,970.2154541015625,372.3817501867673,0.03594013676047325,0.57470703125,0.93029666
982,"Raclette, Tilsit and Sbrinz are all types of which foodstuff?",cheese,1,stuff,57304,1,5,0.3771588037068239,1.507422685623169,0.10144896268527148,1068.142822265625,679.5398952442941,0.018590494990348816,4.24609375,0.37720197
983,Adam Richman takes on food challenges in which US television series?,"Adam Richman takes on food challenges in the US television series ""Man vs",0, series,4013,0,7,0.026412436815501265,1.8363407850265503,0.0811259676890943,1075.6416015625,544.0620660781171,0.03598271310329437,1.078125,0.5736014
984,Creme Anglaise is the French version of which English dessert item?,Creme Anglaise is the French version of the English dessert item known,0, item,1509,0,5,0.009931813395113733,1.7686001062393188,-0.05571963235424038,1259.0390625,831.9468121895286,0.0202313382178545,8.7578125,0.30311248
985,Who was known as the ‘Waltz King’ of Vienna?,Johann Strauss I,1, Vienna,46287,0,7,0.3046480096882898,1.5341055393218994,0.14279653463433073,1313.959228515625,793.5509776855432,0.03396105021238327,5.03125,0.86524034
986,Erotology is the study of what?,"Erotology is the study of human sexuality, including the study of sexual behavior",1, what,1128,0,5,0.007424178601516428,1.8533166646957397,0.45495811235288963,1311.7017822265625,746.0912069615547,0.03179768845438957,0.356201171875,0.09219667
987,‘The King of Barataria’ is the subtitle of which Gilbert and Sullivan operetta?,The Pirates of Penzance,0,etta,26527,1,4,0.174593249789385,1.6459931135177612,0.029328633527092585,1115.56103515625,580.6779578158678,0.02729155495762825,0.0006051063537597656,0.18947089
988,"Sufferers, Locksmen and Dreads are followers of which religion?","The followers of the religion are called Sufferers, Locksmen and",0, religion,13587,0,9,0.08942581086773378,1.607214331626892,-0.057487132732414015,1177.18310546875,800.2346988615793,0.025942068547010422,1.47265625,3.0189602
989,The 1965 film ‘The Heroes of Telemark’ is set in which European country?,Norway,1, country,3146,0,8,0.020706086773378266,1.7848823070526123,-0.04479972905568763,1225.6419677734375,762.7386889309751,0.04582945629954338,0.029937744140625,0.37676188
990,What colour are the two stars on the national flag of Syria?,The two stars on the national flag of Syria are white.,0, Syria,12623,0,6,0.08308103411962932,1.4656471014022827,-0.01667913210436156,1179.480712890625,794.6191716855432,0.024572744965553284,6.515625,1.2418983
991,"In humans, Duane Syndrome affects which part of the body?",Duane Syndrome is a congenital eye movement disorder that affects the function of,1, body,2487,0,5,0.016368734203875315,1.8188788890838623,0.072666644669241,1303.6162109375,787.3758098263476,0.015162200666964054,0.88525390625,1.0686051
992,Taphephobia is the abnormal fear of being what?,buried alive,1, what,1128,0,5,0.007424178601516428,1.8533166646957397,0.45495811235288963,1015.8097534179688,568.7741502056293,0.03598151355981827,7.28515625,0.7264531
993,What relation was Louis XV of France to Louis XIV of France?,Louis XV was the grandson of Louis XIV.,1, France,9625,0,7,0.06334904170176917,1.6925132274627686,0.04936757528535818,1351.0687255859375,827.8466560083284,0.017209306359291077,0.00031447410583496094,0.12996684
994,What type of leaves does a koala feed on?,Eucalyptus leaves.,1, on,389,0,3,0.002560288542544229,1.68013596534729,4.352986593725421,1310.656982421875,717.2492095220825,0.0489138588309288,0.00778961181640625,1.8101988
995,What is the name of the village druid in the comic strip ‘Asterix’?,Vitalstatistix,1,ix,941,1,2,0.006193397219882056,1.7941628694534302,-0.04916666734732411,1132.939208984375,567.3669233658085,0.019009385257959366,3.0159950256347656e-05,1.7268217
996,In which English county was former British Prime minister Margaret Thatcher born?,"Margaret Thatcher was born in Grantham, Lincolnshire, England. Therefore",1, born,9223,0,5,0.060703190817186184,1.696534514427185,-0.013096545094561929,1431.428466796875,758.20904354487,0.04275745898485184,0.0421142578125,0.03874094
997,"In the British monarchy, who succeeded Queen Anne to the throne?",King George I of Great Britain,1, throne,43621,0,7,0.287101147851727,1.5014948844909668,-0.03523810223164814,1376.5709228515625,837.2351979522813,0.03519732505083084,0.01035308837890625,1.534567
998,Who directed the 1941 film ‘The Maltese Falcon’?,The 1941 film ‘The Maltese Falcon’ was,0, Falcon,42861,0,7,0.2820990417017692,1.520815372467041,0.09262451078758538,1364.073486328125,1064.4663342645013,0.01979762688279152,1.5020370483398438e-05,0.094424024
999,The 1981 film ‘Chariots of Fire’ was based on the stories of which two British athletes?,The 1981 film ‘Chariots of Fire’ was,0, athletes,22742,0,9,0.1496814448188711,1.5807976722717285,-0.15370352868503723,1139.377197265625,627.8938515723868,0.02175033465027809,0.01535797119140625,0.86293274
