id,question,model_answer,is_correct,anchor_str,token_id,token_is_suffix,token_len,token_id_rank,layer0_norm,layer0_kurtosis,final_norm,final_kurtosis,drift_cosine,surprisal,prediction_entropy
0,Who was the man behind The Chipmunks?,The Chipmunks were a group of children's musical group formed by the,0,unks,15296,1,4,0.10067396798652065,1.1659780740737915,-0.10813393744938082,384.3825988769531,30.963249150828197,0.013044169172644615,1.931640625,0.9009315
1,Which Lloyd Webber musical premiered in the US on 10th December 1993?,A) The Lion King,0,3,18,1,1,0.0001184709351305813,0.836982011795044,-0.6801380253437586,522.0902099609375,80.78694486063105,0.006918042898178101,2.66015625,1.7989985
2,Who was the next British Prime Minister after Arthur Balfour?,The next British Prime Minister after Arthur Balfour was **Arthur Balf,0,our,413,1,3,0.0027182497893850043,1.0439777374267578,-0.22258038845095962,362.3948669433594,36.88261658755297,-0.05432644113898277,0.021240234375,2.84577
3,Who had a 70s No 1 hit with Kiss You All Over?,The answer is 1978.,0, Over,6065,0,5,0.03991812342038753,0.869989812374115,-0.37034341822641004,456.36383056640625,64.11747205187307,0.01942448876798153,6.08984375,3.498602
4,What claimed the life of singer Kathleen Ferrier?,The answer is that she was a singer in the 1970,0,rier,7253,1,4,0.047737205139005895,1.1893259286880493,0.27488142502023516,520.34033203125,110.83286086614797,-0.044204480946063995,2.521484375,5.1629696
5,Rita Coolidge sang the title song for which Bond film?,"The title song for the Bond film is ""The Spy Who Got the Confidential",0, film,4531,0,5,0.02982176705981466,0.8763630390167236,-0.40874235784281776,423.1558837890625,53.48943001808707,0.1036563366651535,0.857421875,1.8234721
6,What was the last US state to reintroduce alcohol after prohibition?,The last US state to reintroduce alcohol after prohibition was California. This was,0, prohibition,49867,0,12,0.32821056234203877,0.9178537726402283,0.26650001240647514,402.9247131347656,65.95590322534063,0.13079731166362762,7.5625,4.1528153
7,Which actress was voted Miss Greenwich Village in 1942?,A. L. Hitchcock,0,2,17,1,1,0.00011188921651221567,0.8560956716537476,-0.645843025781419,490.6056823730469,78.48901290566974,0.0033974209800362587,2.994140625,4.480561
8,What is the Japanese share index called?,The Japanese share index is called the Nikkei 225.,1, called,2598,0,7,0.0170993049705139,0.9118424654006958,-0.3439820312220321,568.352294921875,137.00977416036415,0.06272825598716736,10.5546875,3.4384713
9,What was the name of Michael Jackson's autobiography written in 1988?,"The answer is ""The Jacksons.""",0,8,23,1,1,0.00015137952822240943,0.8185009360313416,-0.7890327279855702,514.5324096679688,85.57595370018295,0.03547374904155731,1.7734375,2.8507705
10,In which decade did stereo records first go on sale?,1950s,0, sale,6278,0,5,0.04132002948609941,0.9277712106704712,-0.11576900413371582,451.7931213378906,93.52345365250025,0.05959445238113403,0.99853515625,0.84411436
11,In what year's Olympics were electric timing devices and a public-address system used for the first time?,1900,0, time,882,0,5,0.005805075821398484,0.9210426807403564,-0.7611019202360598,473.92852783203125,109.19083598784312,0.014429191127419472,0.0005030632019042969,0.8923148
12,Which volcano in Tanzania is the highest mountain in Africa?,"The highest mountain in Africa is Mount Kilimanjaro, located in Tanzania",1, Africa,10174,0,7,0.06696240522325189,0.8625317215919495,-0.00316267178693197,455.3729553222656,98.42435381953739,0.06334191560745239,3.65625,3.5602543
13,The flag of Libya is a plain rectangle of which color?,plain green,1, color,1894,0,6,0.0124657750631845,0.9050367474555969,-0.28532009206485265,485.2080993652344,95.79114079468425,0.042739227414131165,1.330078125,2.6904464
14,Of which African country is Niamey the capital?,A,0, capital,6722,0,8,0.04424231255265375,0.9346504807472229,-0.18740392917624238,425.2170104980469,88.6903866214583,0.09243551641702652,0.035247802734375,2.7306771
15,Who was the director of the CIA from 1976-81?,The director of the CIA from 1976 to 19,0,1,16,1,1,0.00010530749789385004,0.8519878387451172,-0.541855976650587,480.88812255859375,96.40264586330588,0.014726832509040833,1.5205078125,3.061383
16,Which musical featured the song The Street Where You Live?,"The Street Where You Live is a song by the band The Street, which",0, Live,11158,0,5,0.07343881634372368,0.8885105848312378,-0.21352757119632448,523.7256469726562,100.91008558485952,0.09272480756044388,2.505859375,1.5007243
17,"""Who was the target of the failed """"Bomb Plot"""" of 1944?""","The target of the failed ""Bomb Plot"" of 1944",0,4,19,1,1,0.0001250526537489469,0.8273023366928101,-0.7987214450876956,477.6855163574219,60.42533662388018,0.02308717370033264,2.76953125,2.2047398
18,Who had an 80s No 1 hit with Hold On To The Nights?,The answer is 1989.,0, Nights,63543,0,7,0.4182221461668071,1.038865327835083,0.1973311853463957,408.3549499511719,3.8939565093750392,0.05740588903427124,7.875,2.4767542
19,Who directed the classic 30s western Stagecoach?,A,0,coach,88093,1,5,0.5798033382476833,0.9801462292671204,0.008649259402978338,421.12139892578125,39.09899503653362,0.021581599488854408,1.1435546875,2.7358577
20,Dave Gilmore and Roger Waters were in which rock group?,The answer is: The answer is: The answer is: The answer is,0, group,1874,0,6,0.012334140690817187,0.9261755347251892,-0.5125304022973038,466.63623046875,78.83874812408231,0.02782279998064041,4.58984375,3.696875
21,Which highway was Revisited in a classic 60s album by Bob Dylan?,The highway that was Revisited in a classic 60s album by,0, Dylan,43358,0,6,0.2853701558550969,0.9014008045196533,0.08039455129836304,418.9730224609375,98.99852344372977,0.07896161824464798,0.483154296875,2.4615402
22,Which was the only eastern bloc country to participate in the 1984 LA Olympics?,The only eastern bloc country to participate in the 1984 LA,0, Olympics,31963,0,9,0.21037147219882055,0.9437424540519714,-0.161111092108829,465.2537841796875,52.04043864450216,0.09109721332788467,0.71337890625,2.58219
23,Which 90s sci fi series with James Belushi was based on Bruce Wagner's comic strip of the same name?,"The answer is ""The Twilight Zone.""",0, name,829,0,5,0.005456244734625105,0.8974736332893372,-0.4841769543220291,513.1372680664062,103.77182209084323,0.0031159380450844765,0.066650390625,2.0373785
24,If I Were A Rich Man Was a big hit from which stage show?,The answer is: The answer is: The answer is: The answer is,0, show,1473,0,5,0.00969487152485257,0.8853548765182495,-0.36118524013844455,508.0631408691406,92.77668279756224,0.06790170073509216,9.9140625,4.84414
25,Men Against the Sea and Pitcairn's Island were two sequels to what famous novel?,"The answer is ""The Catcher in the Rye.""",0, novel,11514,0,6,0.07578190817186184,0.8691689372062683,-0.043831258927177874,498.35113525390625,100.8158030256816,0.07479342073202133,3.078125,2.0495265
26,What was Truman Capote's last name before he was adopted by his stepfather?,Capote,0,father,23017,1,6,0.15149141743892164,0.9947184324264526,-0.11380391014174851,469.5798645019531,85.09427630568909,0.08268457651138306,0.413818359375,6.3995523
27,"In Lewis Carroll's poem The Hunting of the Snark, what did the elusive, troublesome snark turn into to fool hunters?","The elusive, troublesome snark turned into a snail.",0, hunters,47973,0,8,0.31574478727885424,0.8824634552001953,0.20202573586144057,401.8878173828125,75.04883272414921,0.11765721440315247,9.1796875,1.4525833
28,"In the Bible, who did the sun and moon stand still before?",The sun and moon stood still before the creation of the heavens and the earth,0, before,1573,0,7,0.010353043386689133,0.8878878355026245,-0.2855924703307364,574.0090942382812,102.36291326967402,0.07040656358003616,3.146484375,1.7903839
29,What Michelle Pfeiffer movie got a boost from the Coolio song Gangsta's Paradise?,The answer is: Gangsta's Paradise,0, Paradise,47591,0,9,0.31323057076663857,0.9101850986480713,0.04947683910561684,452.8928527832031,71.03927079707826,0.0932483971118927,5.3984375,2.5172484
30,What was President Gerald Ford's middle name?,"Gerald Ford was born with the middle name ""Gerald"" and his full",0, name,829,0,5,0.005456244734625105,0.8974736332893372,-0.4841769543220291,464.71282958984375,111.69826670625301,0.05160780996084213,0.004138946533203125,4.5096188
31,Art Garfunkel trained for which profession although he didn't qualify?,The answer is: Art Garfunkel trained for the profession of a,0, qualify,25384,0,8,0.16707034540859309,0.9378414154052734,0.08623029604705668,542.4752197265625,122.27083700043148,0.07341158390045166,7.9453125,2.1945372
32,Who was the last inmate of Spandau jail in Berlin?,The last inmate of Spandau Prison in Berlin was a woman named El,0, Berlin,19846,0,7,0.13062078770008426,0.8394586443901062,-0.043116084260216514,425.949462890625,60.990728032987164,0.1261659860610962,4.5,1.76387
33,What was Eddie Murphy's first movie?,"The first movie he directed was ""The Big Lebowski"" (1",0, movie,5700,0,6,0.03751579612468408,0.831399142742157,-0.1890175672011476,453.1343994140625,39.00251009375179,0.0982850044965744,2.390625,2.8687973
34,In the 80s who wrote the novel Empire of The Sun?,The novel Empire of the Sun was written by the author who wrote the book,0, Sun,8059,0,4,0.053042070345408594,0.8711938261985779,-0.011315757341457733,486.7542724609375,105.25297825830891,0.05361952260136604,0.57470703125,1.474085
35,Kagoshima international airport is in which country?,Japan,1, country,3146,0,8,0.020706086773378266,0.8689674735069275,-0.1793005214443295,502.24542236328125,124.49365453641997,0.07390445470809937,0.50634765625,1.9674972
36,In which sport could the Pacers take on the Pistons?,The answer is basketball.,1, Pistons,94708,0,8,0.6233414069081719,1.019110918045044,-0.008709054321229814,410.9414367675781,69.69552900516813,0.11383022367954254,4.859375,2.4576306
37,Kim Carnes' nine weeks at No 1 with Bette Davis Eyes was interrupted for one week by which song?,The question is asking about a specific song that was interrupted during Kim Carnes,0, song,5492,0,5,0.03614679865206403,0.8481494784355164,-0.2265060795595737,458.7898864746094,86.99812818425215,0.1036376878619194,5.29296875,1.6217582
38,Where in Canada is the Lion's Gate bridge?,"The Lion's Gate Bridge is located in the province of British Columbia, Canada",0, bridge,14164,0,7,0.09322346251053075,0.8512315154075623,-0.03981288975024189,466.45751953125,66.69190157474354,0.088778555393219,9.3203125,2.085718
39,What was Walter Matthau's first movie?,"The first movie he directed was ""The Great Gatsby"" (19",0, movie,5700,0,6,0.03751579612468408,0.831399142742157,-0.1890175672011476,453.7185974121094,45.32960241548313,0.10032498836517334,4.80078125,3.059586
40,Otis Barton was a pioneer in exploring where?,"The answer is ""the United States.""",0, where,1380,0,6,0.009082771693344566,0.9089341163635254,-0.6519191741544699,630.6727905273438,142.37722050062627,0.06681142002344131,5.4921875,6.083034
41,Where in England was actor Nigel Hawthorne born?,1950s,0, born,9223,0,5,0.060703190817186184,0.9297081828117371,-0.25476378804877964,438.74664306640625,83.01322623444808,0.09300645440816879,0.44091796875,2.018504
42,"What mythological beast has the head of a man, the body of a lion, and the tail and feet of a dragon?","The creature is known as a ""Dragon Head Man"" or ""Dragon Head",0, dragon,25105,0,7,0.1652340459140691,0.8067187666893005,-0.07977332118547809,439.1924133300781,51.67155482560172,0.13778656721115112,3.875,3.3002977
43,"In Greek mythology, who were Arges, Brontes and Steropes?","Arges, Brontes, and Steropes were the three sons of",0,opes,18523,1,4,0.12191317396798652,1.1468335390090942,-0.09111848213816431,448.2158508300781,98.24149794942983,-0.018892595544457436,1.6005859375,0.37292692
44,Which musician founded the Red Hot Peppers?,A,0,ppers,35523,1,5,0.23380239048020218,1.1709612607955933,0.03923721531880586,436.1368103027344,58.71413866540089,-0.006194805260747671,1.4716796875,2.0886197
45,Where did the Shinning Path terrorists operate?,The Shinning Path terrorists operated in the United States.,0, operate,14476,0,8,0.09527695871946082,0.8786606788635254,-0.2007311355629029,464.72906494140625,74.7269289346683,0.0783388689160347,4.171875,2.0959795
46,How old was Jimi Hendrix when he died?,29,0, died,8469,0,5,0.0557405749789385,0.9428152441978455,-0.20903935988910627,368.6326904296875,51.96485926114057,0.07606382668018341,1.4443359375,0.13669178
47,Which Brit broke the land speed record in 1990 in Thrust 2?,A,0,2,17,1,1,0.00011188921651221567,0.8560956716537476,-0.645843025781419,551.0135498046875,81.87753102225878,0.056313805282115936,1.6123046875,3.4508488
48,In which state was Gene Vincent born?,The answer is in the state of California.,0, born,9223,0,5,0.060703190817186184,0.9297081828117371,-0.25476378804877964,407.41900634765625,65.19487765900358,0.07518789172172546,1.6240234375,4.04432
49,How was the European Recovery Program in the 1940s more commonly known?,"The European Recovery Program was more commonly known as the ""European Recovery Program""",1, known,3881,0,6,0.025543649957877,0.8896742463111877,-0.0866653246811806,504.89166259765625,106.25862987860363,0.06732858717441559,0.5458984375,1.2322854
50,Brandon Lee died during the making of which movie?,1992,0, movie,5700,0,6,0.03751579612468408,0.831399142742157,-0.1890175672011476,466.58380126953125,73.17522593062206,0.09758983552455902,0.9072265625,1.5070899
51,Who had a 70s No 1 hit with Let's Do It Again?,"The answer is: The song was written by the band's lead singer,",0, Again,13759,0,6,0.09055786647009267,0.9885329604148865,-0.1768731049934762,549.2177124023438,105.88976167719265,0.05895617604255676,0.78466796875,2.887691
52,Who had a Too Legit To Quit Tour?,The answer is: The answer is: The answer is: The answer is,0, Tour,14644,0,5,0.09638268744734625,0.8784957528114319,0.08778128023910847,524.2438354492188,98.67571246536782,0.10133858025074005,7.88671875,3.5677774
53,"""According to Rudyard Kipling what were the """"two imposters"""" to meet and treat the same day?""","The answer is ""the two imposters"" because the two imposters are",0, day,1899,0,4,0.012498683656276327,0.943987250328064,-0.12636683405894722,536.4491577148438,144.69231792379722,0.0109419459477067,3.814453125,1.6163639
54,Who is the most successful UK solo artist in the USA?,The most successful UK solo artist in the USA is **Miley Cyrus**,0, USA,7279,0,4,0.047908329823083406,0.8779060244560242,-0.1307792347977026,464.6604919433594,62.58603363161008,0.04326368868350983,8.671875,4.3951607
55,Which country does the airline TAAG come from?,The airline TAAG is based in the United Kingdom.,0, from,504,0,5,0.003317186183656276,0.8299858570098877,-0.78626177121274,498.6981506347656,137.22370990488432,0.049119871109724045,0.13818359375,2.370762
56,Which US No 1 single came from Diana Ross's platinum album Diana?,A. 1983,0, Diana,44409,0,6,0.2922875421229992,0.8743220567703247,-0.06694228788567091,492.8198547363281,99.84524963512713,0.08638878911733627,13.4375,1.3820409
57,River Phoenix died during the making of which movie?,1999,0, movie,5700,0,6,0.03751579612468408,0.831399142742157,-0.1890175672011476,447.32183837890625,71.60018361241498,0.09381765127182007,1.9267578125,3.0923812
58,Which artist David was born in Bradford UK?,1990,0, UK,6424,0,3,0.04228096040438079,0.8097637295722961,-0.008585224407729353,493.19073486328125,93.40009317174703,0.07329308241605759,6.96484375,2.7529876
59,What is Mel Gibson's middle name?,The middle name of Mel Gibson is James. ,0, name,829,0,5,0.005456244734625105,0.8974736332893372,-0.4841769543220291,463.49188232421875,109.0636023677723,0.024752125144004822,0.6396484375,6.307068
60,Richard Daley was mayor of which city for 21 years?,21 years,0, years,1635,0,6,0.0107611099410278,0.9320288896560669,-0.052141269332111495,505.8036193847656,93.72007324182779,0.0370824933052063,0.0150604248046875,0.944855
61,"""In which movie did Garbo say, """"I want to be alone"""".""","The movie is ""The Godfather"".",0, alone,7484,0,6,0.049257582139848356,0.9919782876968384,-0.1963295854607563,495.0201721191406,112.86959378691577,0.046474456787109375,7.8125,2.9536448
62,What is Osbert Lancaster best known for producing?,"Osbert Lancaster is best known for his work as a writer and actor,",0, producing,17387,0,10,0.11443634161752317,0.8800352811813354,0.09945837849453021,542.4348754882812,148.49459098610697,0.05459317937493324,9.2421875,2.279741
63,Who was the defending champion when Martina Navratilova first won Wimbledon singles?,The defending champion when Martina Navratilova first won Wimbledon singles was,0, singles,17389,0,8,0.1144495050547599,0.9322593808174133,0.2726482891730253,398.42828369140625,0.6888203440062588,0.10462326556444168,5.36328125,2.0786302
64,Who was the first US-born winner of golf's British Open?,A,0, Open,5264,0,5,0.03464616680707666,0.8897565007209778,-0.05244695210464556,443.6549987792969,19.71336329126251,0.10646507889032364,0.2274169921875,2.437309
65,In which country is the Sky Train Rail bridge?,"The Sky Train Rail bridge is located in the city of Paris, France.",0, bridge,14164,0,7,0.09322346251053075,0.8512315154075623,-0.03981288975024189,489.302001953125,78.1131547191555,0.09705660492181778,9.6171875,2.447611
66,What was the Paramount Film Company originally called?,The Paramount Film Company was originally called the Paramount Pictures Company.,0, called,2598,0,7,0.0170993049705139,0.9118424654006958,-0.3439820312220321,459.81719970703125,94.02476071905045,0.09304498136043549,1.9208984375,2.0071533
67,Who was the first person after Scott to reach the South Pole overland?,The first person to reach the South Pole overland was Robert Falcon Scott.,0,land,1933,1,4,0.012722462089300758,1.064979910850525,-0.24824980574846967,433.12139892578125,64.75378792763343,0.013032453134655952,4.12890625,3.3821445
68,Which journalist first told the world about the My Lai massacre?,A. John Doe,0, massacre,48252,0,9,0.31758108677337826,0.8825569748878479,0.2900086368255099,405.6979064941406,41.081877148031666,0.12581618130207062,1.8515625,1.4662052
69,What is the name of Terence and Shirley Conran's dress designer son?,The son is named James Conran.,0, son,4438,0,4,0.029209667228306656,0.9506456851959229,-0.3226319151560335,446.7267761230469,49.285680632076165,0.045171260833740234,10.21875,5.4081936
70,Which drink did The Spice Girls promote?,"The Spice Girls promoted the drink ""Spice"" in the 19",0, promote,11926,0,8,0.07849357624262847,0.8315762877464294,-0.1808898314496643,493.39837646484375,105.16574091712846,0.06452060490846634,7.39453125,1.0848889
71,Who was the youngest brother in the Beach Boys?,The Beach Boys' youngest brother is **Drew**. He was born,0, Boys,29757,0,5,0.195852200926706,0.9198731780052185,0.01390895556695737,408.342529296875,21.120728984688103,0.08444133400917053,0.09234619140625,1.4323282
72,Who first hosted Family Feud?,The first host of Family Feud was Bob and Bob. They were the,0,ud,661,1,2,0.00435051600673968,1.0166561603546143,-0.295732317966364,474.7407531738281,55.102904128968056,0.01775723323225975,0.1328125,4.272255
73,What did the Lone Ranger's title Kemo Sabe mean in Apache?,"Kemo Sabe is a term used in Apache, meaning ""the one",0, Apache,8914,0,7,0.0586694397641112,0.842041552066803,-0.012753725018006978,370.34576416015625,7.753861852970115,0.10420503467321396,10.8984375,2.9853725
74,Who or what was Gentle Ben in the 60s TV series?,The answer is that Gentle Ben was a character in the 196,0, series,4013,0,7,0.026412436815501265,0.9500036835670471,-0.23476074183004014,507.4098815917969,72.88956627856159,0.08237924426794052,0.412109375,1.5788971
75,Which 70s show was based on the British show Till Death Us Do Part?,"The 70s show ""The Twilight Zone"" was based on the",0, Part,3660,0,5,0.024089090143218198,0.9143769145011902,-0.13427177861777428,536.2281494140625,105.41379027996585,0.03412896394729614,1.861328125,3.3366883
76,On what date in 1969 did Neil Armstrong first set foot on the Moon?,20th,0, Moon,17330,0,5,0.11406118365627632,0.8384419083595276,-0.1813281835648084,362.5740966796875,36.95509500387601,0.09965194016695023,0.52392578125,0.8144287
77,Bandar Seri Begawan International airport is in which country?,The Bandar Seri Begawan International Airport is located in the country of,0, country,3146,0,8,0.020706086773378266,0.8689674735069275,-0.1793005214443295,515.4363403320312,123.4326024405612,0.08362710475921631,0.236572265625,2.1525471
78,What was the profession of Paul Strand (1890 - 1976)?,"Paul Strand was a British artist, best known for his work in the field",0,6,21,1,1,0.00013821609098567817,0.8235588073730469,-0.8624455781811489,471.1904602050781,124.35088419252251,-0.00018439814448356628,2.408203125,2.4260168
79,Who had a 60s No 1 with Downtown?,The answer is 1980s.,0, Downtown,43885,0,9,0.28883872156697554,0.9000928401947021,0.10762395662814006,452.41986083984375,72.2292321640433,0.11882682144641876,11.84375,3.6961234
80,"Who was born first, Kiefer Sutherland or Christian Slater?",Kiefer Sutherland,1, Slater,97003,0,7,0.638446451137321,1.0200022459030151,-0.05109854971981331,366.8664245605469,78.73238937324349,0.06695067137479782,6.79296875,0.38305297
81,"To the nearest two, how many tennis Grand Slam titles did Jimmy Connors win?",10,1, win,3164,0,4,0.020824557708508846,0.9255242943763733,0.03466921534639811,485.3259582519531,107.08231194729606,0.0591169148683548,1.6279296875,0.45372367
82,Who was the Georgia Peach?,The Georgia Peach is a type of peach that is native to Georgia. It,1, Peach,63595,0,6,0.4185643955349621,0.9360369443893433,0.11098177851563928,415.1606750488281,59.93591598007468,0.06720373034477234,8.1484375,0.5569467
83,Who set fire to his guitar at the Monterey Pop festival in 19676?,The answer is 1967.,0,6,21,1,1,0.00013821609098567817,0.8235588073730469,-0.8624455781811489,636.8529663085938,138.9571167111073,0.06823310256004333,14.546875,2.3657875
84,Della Street was whose secretary?,A. Mary,0, secretary,19067,0,10,0.1254936288963774,0.9482080936431885,-0.28572825669058854,412.2074279785156,81.09738102062188,0.1325591802597046,12.7421875,3.0224454
85,"In music, who was Sweet and Innocent and Too Young?",Sweet and Innocent and Too Young is a song by the band The Who,0, Young,13263,0,6,0.08729333403538332,0.8654415607452393,0.19798418967442544,533.2340087890625,115.66029303151636,0.07288258522748947,2.6640625,1.0974063
86,Who is featured on Puff Daddy's Can't Hold Me Down?,The answer is: The answer is: The answer is: The answer is,0, Down,6285,0,5,0.04136610151642797,0.9108025431632996,0.1125841711870752,545.0255737304688,69.55222888916184,0.03377528488636017,0.861328125,3.5694041
87,What had Edmond Hillary worked at before taking up mountain climbing?,Mount Everest,0, climbing,29508,0,9,0.19421335299073295,0.8415215015411377,-0.017797937340713332,455.5980529785156,57.420502160718236,0.14238323271274567,0.01204681396484375,4.7861223
88,In which American state is the Isabella Stewart Gardner Museum?,1) New York State 2) New Jersey 3) Massachusetts,1, Museum,16328,0,7,0.10746630160067397,0.8561850786209106,0.26934335799658005,454.5210266113281,64.07629471348518,0.09348595887422562,2.638671875,1.5135099
89,Benina international airport is in which country?,Nigeria,0, country,3146,0,8,0.020706086773378266,0.8689674735069275,-0.1793005214443295,518.81103515625,129.17701171350188,0.08261191844940186,0.251953125,2.329987
90,Beloved in 1999 was whose first movie since The Color Purple in 1985?,The answer is: The first movie in which the character of Beloved was,0,5,20,1,1,0.00013163437236731254,0.8250285983085632,-0.7249429368463605,555.97119140625,101.91651467739186,0.008954565040767193,0.265380859375,2.706141
91,Which Star Trek star directed Three Men and a Baby?,A. James T. Kirk,0, Baby,20617,0,5,0.13569529275484415,0.8305284380912781,-0.0952122971792071,496.4970397949219,78.17894760498471,0.08045390248298645,2.470703125,4.3202047
92,Which sitcom star appeared on the big screening The Object of My Affection?,A. A. Jameson,0,ection,11915,1,6,0.07842117733782646,1.1448198556900024,0.02807675901681206,539.0807495117188,103.75396682460152,0.015324595384299755,0.1959228515625,2.8725111
93,"""Which character did Julia """"Roberts play in Steven Spielberg's Hook?""",1,0, Hook,28171,0,5,0.1854135951979781,0.8906739950180054,0.05031747277453702,348.4971008300781,31.360041728647786,0.04025602340698242,11.8046875,2.9900136
94,Which US president did Anthony Hopkins play in a film whose title was simply his name?,"The answer is the 1980 film ""The Godfather"".",0, name,829,0,5,0.005456244734625105,0.8974736332893372,-0.4841769543220291,462.7633972167969,91.31256499218179,0.05485648661851883,0.42041015625,2.4905207
95,Which movie was a biopic about the life of David Helfgott?,"The answer is ""The Pursuit of Happyness"". The movie was",0,ott,1716,1,3,0.011294229149115417,1.0537298917770386,-0.04925525257476249,492.7890625,116.22898110378057,0.02178248204290867,0.186279296875,1.7076466
96,Which film director guested as the FBI Director in The Silence of the Lambs?,"The film ""The Silence of the Lambs"" (1991",0,bs,1279,1,2,0.008418018112889638,0.9754882454872131,-0.043051393526853055,358.7423400878906,34.995221207623985,-0.00574251264333725,0.27734375,1.5126266
97,In which sci fi classic did the space ship Nostromo first appear?,"The space ship Nostromo first appeared in the sci-fi classic ""The",0, appear,4994,0,7,0.03286910278011795,0.8893533945083618,-0.12293880566191095,489.4072265625,117.94738067732271,0.048126474022865295,0.360107421875,1.5638653
98,Nigel Hawthorne was Oscar nominated for The Madness of which King?,The answer is 1984. The answer is 19,0, King,6210,0,5,0.040872472620050546,0.8003839254379272,-0.07568775733515754,433.1157531738281,67.06677467724538,0.0759466141462326,7.05078125,2.33822
99,Which Swedish actress won the Best Supporting Actress Oscar for Murder on the Orient Express?,A. Lina,0, Express,17399,0,8,0.11451532224094356,0.9508698582649231,-0.11424855768348907,473.0076599121094,53.71328368772816,0.013206707313656807,1.828125,2.7707152
100,Which Oscar-nominated film had You Sexy Thing as its theme song?,"The answer is ""The Color Purple"" by Alice Walker.",0, song,5492,0,5,0.03614679865206403,0.8481494784355164,-0.2265060795595737,484.4617004394531,99.19261246834171,0.10107865184545517,0.44140625,2.0376916
101,Which Joan's career revived in Whatever Happened to Baby Jane?,A. Joan,0, Jane,21475,0,5,0.14134240732940184,0.7959471344947815,-0.12905293028771103,454.9222717285156,82.85161582125903,0.11928879469633102,1.9541015625,2.561801
102,Which much-loved actor won the Best Actor Oscar for The Philadelphia Story?,The actor who won the Best Actor Oscar for The Philadelphia Story is **John,0, Story,15106,0,6,0.09942344144903117,0.8892777562141418,-0.15257074360832057,493.8155212402344,64.34678632852993,0.02665620483458042,0.6181640625,1.9125547
103,Which legendary dancer was Oscar-nominated for The Towering Inferno?,A) A) A) A) A) A) A) A,0,no,2152,1,2,0.01416385846672283,0.9389704465866089,0.15373777394815358,475.9849853515625,61.000835548664696,0.011937327682971954,0.00039696693420410156,2.1245801
104,What was the name of the brothel in The Best Little Whorehouse in Texas?,"The brothel in question is the ""Best Little Whorehouse in Texas",0, Texas,8257,0,6,0.05434525063184499,0.7857831120491028,-0.2617884488823732,462.41864013671875,72.69032706987485,0.0613948255777359,6.28125,0.9090753
105,Who was the male star of the movie The Man of La Mancha?,The Man of La Mancha is a 19th-century English comedy,0,cha,6447,1,3,0.0424323399326032,1.0436537265777588,0.12258128540423519,434.85028076171875,69.65616862939675,-0.020135141909122467,0.40625,0.33979148
106,What relation is Joey Richardson to Vanessa Redgrave?,Joey Richardson is a former model and actress who has been in the entertainment industry,0,grave,76631,1,5,0.5043636794439764,1.1125150918960571,0.05477401594304743,499.8658142089844,106.44310265450102,0.04735422134399414,4.83203125,3.468357
107,Melanie Molitor is the mom of which tennis world NO 1?,Melanie Molitor is the mom of which tennis world NO 1? The,0,1,16,1,1,0.00010530749789385004,0.8519878387451172,-0.541855976650587,495.4358825683594,29.064474196102957,0.03683120757341385,0.047210693359375,3.0937605
108,Marc Dutroux hit the headlines over a 'house of horrors' in which country?,"The answer is France. So, the question is asking which country Marc Dut",0, country,3146,0,8,0.020706086773378266,0.8689674735069275,-0.1793005214443295,511.6590881347656,137.0036530444352,0.07738735526800156,3.708984375,3.460411
109,On which date in 1945 did Hitler take cyanide then shoot himself?,1945,0, himself,5561,0,8,0.03660093723673125,1.2650262117385864,-0.2441015522805965,477.8573303222656,75.45049359807491,0.035144589841365814,3.513671875,1.6618062
110,In which river is the Boulder Dam?,The Boulder Dam is located in the Colorado River. The answer is in the,1, Dam,16354,0,4,0.10763742628475148,0.8910630345344543,0.16791312782907974,458.8419494628906,44.238922562898246,0.08327269554138184,2.025390625,0.54782975
111,"Which sports event was first held at Worcester, Massachusetts in 1927?","The first sports event held at Worcester, Massachusetts in 1927",0,7,22,1,1,0.0001447978096040438,0.8055615425109863,-0.7738980813691656,482.66680908203125,84.86354765032854,0.028870314359664917,2.654296875,2.1255984
112,In which European city is the Belvederen Gallery?,"The Belvederen Gallery is located in the city of Vienna, Austria.",1, Gallery,19295,0,8,0.12699426074136477,0.8526481986045837,0.09253979784424571,483.80865478515625,66.312988091461,0.09811830520629883,8.71875,1.9105306
113,How old was Woody Herman when he founded his own orchestra?,25 years old,0, orchestra,68055,0,10,0.4479188605728728,0.9196892976760864,0.12042887224057885,417.59930419921875,65.29408364097824,0.14641880989074707,6.88671875,0.44968677
114,For which movie did Katharine Hepburn win her second Oscar?,The answer is The Godfather.,0, Oscar,30697,0,6,0.20203901642796968,0.8460714221000671,-0.1135640912476763,400.3958740234375,4.134874035849947,0.1262618750333786,0.1380615234375,2.2351625
115,Who had a 60s No 1 hit with This Diamond Ring?,"The answer is: The song ""This Diamond Ring"" was a 1",0, Ring,21525,0,5,0.14167149326032014,0.8980597257614136,0.06970511059240048,531.7772827148438,98.44667651035687,0.05315206199884415,4.9609375,1.8690542
116,The world was first aware of the Chernobyl disaster after detectors were triggered at a nuclear plant in which country?,The answer is: The world was first aware of the Chernobyl disaster,0, country,3146,0,8,0.020706086773378266,0.8689674735069275,-0.1793005214443295,479.30828857421875,133.3003888722906,0.07962045818567276,5.703125,2.5800617
117,In which country was the first permanent bungee jumping site situated?,The first permanent bungee jumping site was situated in the United States.,0, situated,30083,0,9,0.19799784119629318,0.8523982167243958,0.005187293154935713,490.2587890625,106.91572857791472,0.1109735518693924,7.3828125,2.0693371
118,Who succeeded Brezhnev as Soviet premier?,The Soviet Union's first leader to be elected as a president was Mikhail G,0, premier,20496,0,8,0.1348989048020219,0.8633694648742676,0.16409426315200237,417.4364318847656,79.19494122836134,0.07366582006216049,4.328125,4.6233954
119,In the late 60s Owen Finlay MacLaren pioneered what useful item for parents of small chldren?,The answer is a toy. The answer is a toy. The answer is,0,ren,1440,1,3,0.009477674810446503,1.020739197731018,0.09132637112902131,546.93994140625,121.49139706518635,0.044235341250896454,0.1722412109375,3.342567
120,In which city's shipyard was Solidarity set up?,A: London,0, up,705,0,3,0.004640111625947767,0.9336859583854675,-0.3059673122523341,485.0002746582031,89.74526035179443,0.024531248956918716,0.08258056640625,2.295013
121,Which female singer was born on exactly the same day as impressionist Rich Little?,A. Lulu,0, Little,14671,0,7,0.09656039385004213,0.8510144352912903,-0.1820020810234837,411.8062438964844,62.10370543661949,0.05639703571796417,8.6796875,1.5786961
122,What is Harrison Ford's real name?,Harrison Ford,1, name,829,0,5,0.005456244734625105,0.8974736332893372,-0.4841769543220291,409.8068542480469,78.17142425746633,0.02607637271285057,0.6630859375,2.856719
123,Who's home runs record did Mark McGwire break in the 1998 season?,Mark McGwire's home runs record in the 1998 season,0, season,3200,0,7,0.02106149957877001,0.9025707840919495,-0.04567576619321656,481.7767639160156,82.28602263668303,0.08644004166126251,0.11883544921875,1.9773096
124,Who won baseball's first World Series of the 80s?,The first World Series of the 80s was won by the New,0,s,82,1,1,0.0005397009267059814,1.262776255607605,1.761360605413806,497.80010986328125,80.52186506121247,-0.021117186173796654,0.0889892578125,1.7933636
125,What was Pete Sampras seeded when he won his first US Open?,The answer is 6th.,0, Open,5264,0,5,0.03464616680707666,0.8897565007209778,-0.05244695210464556,505.4278564453125,1.1246015563957261,0.08739817142486572,0.080322265625,2.6830559
126,"""Which boxer famously said,"""" If I can't beat this bum take my name off the record books?""""""",The boxer is **Dante**.,0, books,6467,0,6,0.04256397430497051,0.890548825263977,-0.1829626603427057,447.9601745605469,106.02234109372782,0.07574145495891571,8.7265625,3.493925
127,Where did Jonathan Edwards set his 1995 triple jump world record?,A. New York,0, record,3255,0,7,0.02142349410278012,0.9952463507652283,-0.05050415674882203,478.65362548828125,65.99525705501011,0.05581384152173996,0.355712890625,2.1767778
128,"In baseball, where do the Orioles come from?","The Orioles are a baseball team from the Orioles of the Orioles, a team",0, from,504,0,5,0.003317186183656276,0.8299858570098877,-0.78626177121274,459.86181640625,128.3429718363672,0.04769117385149002,0.74365234375,0.9166078
129,The Naismith Award is presented in which sport?,The Naismith Award is presented in the sport of hiking.,0, sport,10552,0,6,0.0694502948609941,0.8899875283241272,-0.02917103365287188,469.7939147949219,85.53807331470503,0.06080479919910431,8.2109375,1.0729936
130,Which cartoon and film character is the nickname of super athlete Michael Johnson?,A. The Super Mario Bros. Mario,0, Johnson,11351,0,8,0.07470908803706824,0.8769634366035461,-0.0009581064862693722,485.6806640625,125.07717898418298,0.09257734566926956,5.078125,2.553788
131,For which team did Babe Ruth blast his last Major League home run?,The answer is the New York Yankees.,0, run,1598,0,4,0.010517586352148273,0.9452551603317261,-0.2490735384393301,459.6490478515625,30.756021273326745,0.04470603168010712,0.0269012451171875,2.3753047
132,What was Warren Beatty's first movie?,"The first movie he directed was ""The Last of Us"" (20",0, movie,5700,0,6,0.03751579612468408,0.831399142742157,-0.1890175672011476,429.125244140625,27.68049350714046,0.1028355285525322,2.931640625,3.6922262
133,"Which future Hollywood star got her break as Wonder Girl, Wonder Woman's sister Drusilla?",The answer is Dr. Seuss.,0,illa,6241,1,4,0.04107650589721988,1.0680733919143677,-0.057383701440226975,485.5835266113281,81.8531071611596,-0.01576227881014347,0.2125244140625,3.6507952
134,Mickey Braddock in the 50s series Circus Boy found fame with which surname in which pop band?,"The answer is: The surname is Braddock, and the pop band is",0, band,7055,0,5,0.046434024852569505,0.9170174598693848,-0.3797880897732555,501.2413024902344,100.78326174241377,0.08903352916240692,2.75390625,3.400065
135,Which war veteran was Director of News & Special Events for ABC before find fame as a TV cop?,The answer is: The answer is: The war veteran who was Director of,0, cop,6162,0,4,0.040556550126368995,0.8689911365509033,-0.01769779970540375,433.6007995605469,27.73409912989279,0.07835467904806137,12.3828125,2.0508106
136,What US sitcom was the first exported to Britain?,"The answer is ""The Office"" (US) and ""The Office""",0, Britain,13224,0,8,0.08703664700926705,0.9114552140235901,0.2183006497494464,440.5160827636719,74.36919580247462,0.07612809538841248,8.1015625,1.5328338
137,In Hanna and Barbera's TV cartoons base on The Addams Family who was the voice of Gomez?,The question is asking about the voice of the character in Hanna and Barbera,0, Gomez,62298,0,6,0.4100279064869419,0.9353443384170532,-0.15198075977668113,455.31182861328125,104.83281187287187,0.10526538640260696,12.0078125,2.0779545
138,Who was the only female victim to be killed off in the opening credit sequence in Police Squad?,The only female victim to be killed off in the opening credit sequence of the,0, Squad,34707,0,6,0.22843170808761584,0.978285014629364,0.06447630085075762,400.43353271484375,53.623328512236796,0.0815386101603508,4.6484375,1.3072668
139,Which US president won the Nobel Peace Prize in 1920?,The United States president who won the Nobel Peace Prize in 192,0,0,15,1,1,9.872577927548442e-05,0.8201581835746765,-0.7609718396778504,473.06195068359375,76.31950031213103,0.03089005872607231,2.513671875,3.7232618
140,Who beat Tim Henman in his first Wimbledon singles semifinal?,A,0,inal,977,1,4,0.006430339090143219,1.079530954360962,-0.10254381186754591,441.0505065917969,8.153756712454891,0.023852603510022163,0.28955078125,1.4666557
141,What relation was Flo Jo to Jackie Joyner Kersee?,The mother of Jackie Joyner Kersee,0,see,4060,1,3,0.026721777590564447,0.8901548385620117,-0.09387229071091596,510.3373718261719,116.68895335264287,0.012549263425171375,5.7734375,6.757676
142,How long was swimmer Michelle Smith-de Bruin banned for attempting to manipulate a drugs test?,12 months,0, test,1273,0,5,0.008378527801179444,0.8954083323478699,-0.6454252032924144,440.9027404785156,63.37308839182185,0.04058180749416351,0.27099609375,1.9050558
143,Yuan Yuan was caught carrying drugs for which Chinese team?,The answer is: The Chinese team is the one that was caught carrying drugs,0, team,2083,0,5,0.013709719882055603,0.9486525654792786,-0.3551075505166228,443.42657470703125,77.66764053806773,0.08272618055343628,8.390625,2.1456125
144,Which grand slam did Pete Sampras not win in the 20th century?,"Sampras won the US Open in 2000, but he",0, century,9294,0,8,0.061170492839090145,0.8945726752281189,-0.32750841142411113,489.13409423828125,106.19291371729696,0.1014275848865509,0.207763671875,3.993814
145,In which events did Gert Fredriksson win six Olympic gold medals?,The answer is: Gert Fredriksson won six Olympic gold medals in,0, medals,58982,0,7,0.38820292754844143,0.9186934232711792,0.15151858170380583,432.37860107421875,69.7807029411053,0.14631950855255127,0.0162353515625,2.1760814
146,"How many of his 45 races did Mike Hawthorn, a former Formula One motor racing world champion, win?",12,0, win,3164,0,4,0.020824557708508846,0.9255242943763733,0.03466921534639811,506.6490173339844,100.6777314549031,0.04893583431839943,1.44140625,0.38498217
147,On the Internet what is Spam?,Spam is a type of unsolicited electronic message sent to users on the Internet,0, Spam,81667,0,5,0.5375092144060657,0.9274781942367554,-0.051551303297732165,476.348876953125,71.66497950668116,0.10993736237287521,14.2109375,1.6776658
148,In which country did the Internet start?,The Internet started in the United States.,1, start,1191,0,6,0.007838826874473463,0.8848593831062317,-0.5171120828971123,520.3309936523438,103.81178875812317,0.000561730470508337,5.21875,1.4398464
149,In which year was the Juilliard School founded in New York?,1920,0, York,4261,0,5,0.02804470303285594,0.8926453590393066,0.060322298841840816,440.6384582519531,75.56527483547175,0.04878421500325203,0.01371002197265625,0.35139012
150,"Who wrote My Life and Loves in 1926, originally banned in the US?","The answer is: The original banned in the US was the book ""My",0, US,2274,0,3,0.014966828138163437,0.7877901792526245,-0.1459320004667588,457.7157287597656,80.52370921902653,0.04480065777897835,1.6787109375,2.0398977
151,What was Blondie's last UK No 1 of the 80s?,1989,0,s,82,1,1,0.0005397009267059814,1.262776255607605,1.761360605413806,512.4199829101562,31.26659761356106,-0.009794504381716251,0.029541015625,4.331788
152,"In baseball, where do the Royals come from?","The Royals are a baseball team from the Kansas City metropolitan area in Missouri,",1, from,504,0,5,0.003317186183656276,0.8299858570098877,-0.78626177121274,458.742431640625,124.09211267321781,0.05048631131649017,0.794921875,0.74159765
153,What is the largest city in Ohio?,Cincinnati,0, Ohio,14352,0,5,0.09446082561078349,0.8215768337249756,-0.17604023921402145,375.30938720703125,63.97080897579393,0.0900668129324913,5.78125,2.343962
154,In which decade of the 20th century was Anne Bancroft born?,1940s,0, born,9223,0,5,0.060703190817186184,0.9297081828117371,-0.25476378804877964,410.0070495605469,55.404649617880224,0.08098204433917999,0.5048828125,0.4870296
155,The Suez Canal connects the Mediterranean Sea to which other Sea?,The Suez Canal connects the Mediterranean Sea to the Red Sea.,1, Sea,15029,0,4,0.09891664911541702,0.9082067012786865,-0.09464130049765318,517.9309692382812,90.70593632287135,0.0860852599143982,6.6171875,0.7042358
156,Which rock star did Cindy Crawford name her first son after?,A. Elvis Presley,1, after,1283,0,6,0.0084443449873631,0.8569509387016296,-0.32699372181919717,463.8702087402344,75.60159496712728,0.09382614493370056,0.32568359375,2.2277372
157,Sun Yat Sen overthrew the emperor in which country establishing a republic after 2000 years of imperial rule?,"The answer is China. The Chinese leader, Sun Yat Sen, over",1, rule,5912,0,5,0.03891112047177759,1.0046091079711914,-0.28486689202041804,520.583251953125,126.32724566735172,0.03145973011851311,0.2076416015625,2.5529933
158,Who designed the dress which made the most at Diana's dress auction?,The dress that made the most at Diana's dress auction was designed by the,0, auction,21165,0,8,0.13930207455770852,0.8690434694290161,0.007835906084352029,436.8044128417969,67.38047581594569,0.1425054371356964,8.71875,2.1840444
159,Which Palestinian co-founded al Fatah in 1957?,A. Amin,0,7,22,1,1,0.0001447978096040438,0.8055615425109863,-0.7738980813691656,561.94091796875,101.02431290671632,0.03513820096850395,2.185546875,3.2521234
160,In which country was Earl Spencer's acrimonious divorce settlement heard?,The answer is: The Earl of Spencer's acrimonious divorce settlement was,0, heard,6617,0,6,0.04355123209772536,0.9237439632415771,0.10046797763707316,445.19134521484375,57.10262406378281,0.08005352318286896,7.2265625,1.7183768
161,"In which North African country was Mohammed Al-Fayed, owner of Harrods department store in London, born?",The answer is Algeria. The answer is Algeria. The answer is Algeria.,0, born,9223,0,5,0.060703190817186184,0.9297081828117371,-0.25476378804877964,413.8483581542969,69.27652217735653,0.07986332476139069,0.2236328125,2.9265046
162,Aung San Suu Kyi is a controversial leader in which country?,Aung San Suu Kyi is a controversial leader in Myanmar.,1, country,3146,0,8,0.020706086773378266,0.8689674735069275,-0.1793005214443295,455.1047058105469,94.38933927016107,0.09275736659765244,0.244873046875,1.7391993
163,Which of the founders of United Artists had the last name nearest the beginning of the alphabet?,A,0, alphabet,27790,0,9,0.18290596040438079,0.9264938831329346,-0.025515178555119977,442.50982666015625,124.50198803026079,0.08463457226753235,7.203125,3.5627592
164,"In La Cage Aux Folles, what was La Cage Aux Folles?",The movie La Cage Aux Folles is a French film directed by Jean-L,0,les,642,1,3,0.004225463352990733,1.0790637731552124,-0.0035087968145788295,629.8218383789062,124.44474573031661,-0.024070389568805695,0.003582000732421875,1.8877779
165,Where was the Fiddler in the musical's title?,"The Fiddler was in the musical ""The Fiddler's Tale",0, title,2265,0,6,0.014907592670598147,0.9280274510383606,-0.27761234545771885,409.3808898925781,27.584771794791873,0.05758071690797806,4.140625,1.23628
166,South Pacific was set during which war?,The South Pacific was set during the Pacific War.,0, war,4116,0,4,0.027090353833192922,0.8915187120437622,-0.2744207053485299,441.5210266113281,69.32820981797063,0.04416670650243759,5.1484375,2.0362692
167,What percentage of the earth's surface is covered by Europe?,Europe is approximately 50% of the Earth's surface. This is,0, Europe,4505,0,7,0.02965064237573715,0.8662627339363098,-0.17160764799822825,428.8822937011719,111.74492679419419,0.07609794288873672,10.421875,1.4652888
168,Which European town gave its name to a Treaty which symbolizes closer economic links between European countries?,The European Union,0, countries,5837,0,10,0.03841749157540017,0.8388375639915466,-0.2691297205520349,497.91717529296875,139.7441758375811,0.107618048787117,0.51318359375,2.5754385
169,Which home of champagne in France was also where the German High Command surrendered in WWII?,The answer is France. The answer is France. The answer is France.,0, WWII,60030,0,5,0.39510056866048865,0.9250668287277222,0.1637528593488935,473.94775390625,91.36765984120485,0.05543278530240059,4.15625,3.6217847
170,Which was the first European city this century to open an underground railway system?,A,0, system,1849,0,7,0.012169597725358045,0.9300006628036499,-0.5457929667832824,494.6764831542969,126.27725563822918,0.038372188806533813,0.3330078125,3.4778683
171,Who first drew Mickey Mouse when ?Disney first supplied the voice?,The first time Disney supplied the voice was when the company was in the early,0, voice,7743,0,6,0.05096224726200505,0.8969210982322693,0.03754641833595773,518.8706665039062,35.28941922979557,0.06567099690437317,5.9609375,3.597221
172,Which actress wrote the novel The Last of the Really Great Whangdoodles?,A. A. Milne,0,oodles,97121,1,6,0.6392230939342881,1.0640273094177246,-0.012528439786283041,488.4212951660156,103.43396832528512,0.008604246191680431,5.640625,1.2367716
173,Who was the star of the film based on the record Harper Valley PTA by Jeannie C Riley?,"The star of the film based on the record ""Harper Valley PTA",0, Riley,46835,0,6,0.30825479149115415,0.8991421461105347,0.1340301634126133,503.8985595703125,99.32913423579318,0.061739854514598846,9.21875,1.1611172
174,What color golf balls are used on the golf course in Antarctica?,The color of the golf balls on the golf course in Antarctica is not specified,0, Antarctica,71687,0,11,0.47182366259477676,0.9175758361816406,-0.02075305117192805,413.8138122558594,88.74887037770343,0.0997716411948204,7.375,3.946806
175,Throughout the 80s and 90s Phil Collins recorded on which record label?,The answer is: The answer is: The answer is: The answer is,0, label,2383,0,6,0.01568423546756529,0.962321400642395,-0.2807425759612969,527.9352416992188,117.7086436712543,0.05627797544002533,0.202392578125,1.8167641
176,On which label did Chuck Berry record in the 1950s and 1960s?,The answer is: The answer is: The answer is: The answer is,0,s,82,1,1,0.0005397009267059814,1.262776255607605,1.761360605413806,520.6088256835938,106.50149493740035,-0.03404972702264786,0.00018203258514404297,3.038352
177,What was the name of Michael Jackson's second wife?,Michael Jackson's second wife was Janet Jackson. She was a famous singer and,0, wife,7403,0,5,0.04872446293176074,0.8868056535720825,0.05573678534131998,425.42779541015625,63.67530119791816,0.10743040591478348,5.3828125,5.502317
178,Which US city was named after a British Prime Minister?,A city in the United States was named after a British Prime Minister. The,0, Minister,9486,0,9,0.062434182813816345,0.9146206974983215,0.030737059601178895,468.0212707519531,89.40101703102616,0.06125275790691376,0.023681640625,3.487697
179,"""Who said, To err is human but it feels divine?""""""","The answer is ""The Lord of the Rings"".",0, divine,29367,0,7,0.19328533066554338,0.8546513915061951,-0.07499630849336425,486.3181457519531,113.36377776635284,0.06917595863342285,4.55078125,2.4813185
180,Which singer had a big 60s No 1 with Roses Are Red?,A. A. Philipes,0, Red,3731,0,4,0.024556392165122155,0.8519204258918762,-0.08966704685561311,470.060546875,67.477860722203,0.04655186086893082,6.51953125,1.9461759
181,What are the international registration letters of a vehicle from Iceland?,The international registration letters of a vehicle from Iceland are typically provided by the vehicle,1, Iceland,38396,0,8,0.2527116680707666,0.9211178421974182,0.132143042907241,400.3742980957031,57.978266011125356,0.12799347937107086,9.28125,3.4783986
182,Where was the American venue of the Live Aid concert?,The American venue of the Live Aid concert was in the United States.,0, concert,20830,0,8,0.13709719882055602,0.8568299412727356,-0.024596345033381706,459.1092834472656,45.990565002362054,0.1129978746175766,1.251953125,0.49262106
183,Which was the longest moon landing?,"The longest moon landing was the Apollo 17 mission, which took place",1, landing,20327,0,8,0.13378659435551812,0.8832981586456299,-0.23529104137238432,470.43963623046875,43.57145190502113,0.11526447534561157,1.5283203125,2.35092
184,Who had the most expensive presidential inauguration ceremony of the 20th century?,The most expensive presidential inauguration ceremony of the 20th century was held,0, century,9294,0,8,0.061170492839090145,0.8945726752281189,-0.32750841142411113,473.3295593261719,100.12312577309903,0.07278350740671158,0.0255279541015625,2.3460493
185,Who became Israel's head of state in 1993?,The answer is: Israel's head of state in 1993,0,3,18,1,1,0.0001184709351305813,0.836982011795044,-0.6801380253437586,518.0048217773438,80.03416128728904,0.021434806287288666,2.115234375,4.6726418
186,"In WWII, who was the head of the Nazi party's security service?",The answer is: The answer is: The head of the Nazi party's,0, service,2473,0,8,0.016276590143218198,0.9293330311775208,-0.23942705575242318,466.7063903808594,72.18725000768565,0.036337751895189285,3.48046875,1.706516
187,Which President of the Philippines was deposed in 1986?,The President of the Philippines who was deposed in 1986,0,6,21,1,1,0.00013821609098567817,0.8235588073730469,-0.8624455781811489,508.4819030761719,85.76329141104365,0.02970050647854805,1.0234375,2.8826752
188,"What kind of disaster claimed some 100,000 lives in Armenia in 1988?",The Armenian Genocide,0,8,23,1,1,0.00015137952822240943,0.8185009360313416,-0.7890327279855702,488.05267333984375,83.46250252522086,0.04425230249762535,1.33203125,2.627157
189,Which state on the Gulf of Mexico is nearest the end of the alphabet?,Louisiana,0, alphabet,27790,0,9,0.18290596040438079,0.9264938831329346,-0.025515178555119977,491.0193786621094,118.6661001313513,0.08942859619855881,10.609375,3.6384075
190,Truax Field international airport is in which US state?,"The Truax Field International Airport is located in the state of Texas,",0, state,1584,0,6,0.010425442291491154,0.9945027232170105,-0.33585445845076745,470.8617248535156,92.53555400575421,0.03021760657429695,0.173828125,2.5680976
191,In what month was the attack on Pearl Harbor?,1941,0, Harbor,39182,0,7,0.25788489890480204,0.9984029531478882,0.21046543841830045,437.9221496582031,24.812601087687128,0.08650420606136322,0.0157318115234375,1.7705872
192,Who did Dr. Crippen murder?,"Dr. Crippen was the one who murdered his wife, Dr.",1, murder,9901,0,7,0.06516559604043808,0.861980140209198,-0.08787019121345407,426.7337646484375,85.65245513295253,0.095474973320961,7.28515625,2.4544973
193,"In the 1904 Olympics, how many of the 23 track and field titles were won by Americans?",1,0, Americans,8877,0,10,0.05842591617523168,0.923977255821228,0.3904953280801591,390.8828430175781,56.00597408515162,0.08589151501655579,3.685546875,0.37180632
194,The Black Hills lie between which two rivers?,The Black Hills lie between the Mississippi River and the Ohio River.,0, rivers,35517,0,7,0.233762900168492,0.855394184589386,0.11527025083017994,460.64959716796875,72.84131826287818,0.13993021845817566,5.203125,0.5969513
195,In what year was the first in-flight movie shown on an internal flight in the USA.,1942,0, USA,7279,0,4,0.047908329823083406,0.8779060244560242,-0.1307792347977026,467.691162109375,98.242275790581,0.05212665721774101,3.64453125,0.69170624
196,In which city was John Lennon murdered?,A: London,0, murdered,31385,0,9,0.20656723883740521,0.9426392316818237,0.31281005210373625,383.9617614746094,48.02980679725053,0.09155356138944626,7.0078125,2.5459266
197,How was President Kennedy assassinated?,The assassination of President Kennedy was a tragic event that occurred on June 2,0,inated,15479,1,6,0.10187842249368155,1.0823562145233154,0.08412312045439041,440.3812561035156,79.78121026148807,0.01991945505142212,9.930133819580078e-05,3.4405873
198,Which caped crusader operated in Gotham City?,The Caped Crusader operated in Gotham City.,1, City,4311,0,5,0.02837378896377422,0.8729270100593567,0.021002517640767326,463.947509765625,87.58600281615804,0.02911929041147232,1.0966796875,2.0546114
199,Who did Jack Ruby shoot in November 1963?,The answer is Jack Ruby was shot in November 1963 by,0,3,18,1,1,0.0001184709351305813,0.836982011795044,-0.6801380253437586,524.1737670898438,91.94367634000255,-0.02645346149802208,2.515625,2.7428517
200,Who was the first American to travel faster than the speed of sound?,The first American to travel faster than the speed of sound was Robert E.,0, sound,5112,0,6,0.033645745577085086,0.9532420039176941,-0.23520704589234986,441.663330078125,65.35506765028964,0.060207974165678024,0.1114501953125,2.8314788
201,Who was the first US president Barbara Walters interviewed?,The first US president Barbara Walters interviewed was George Washington.,0, interviewed,29047,0,12,0.19117918070766637,0.9757431745529175,0.3118606105862689,501.7083435058594,104.94411581923997,0.10192722082138062,8.109375,2.5159204
202,Which orchestral conductor was married to one of the subjects of the film Hillary and Jackie?,A. John,0, Jackie,50865,0,7,0.33477911752316764,0.893064022064209,0.10491182797788134,367.2424621582031,13.72378015894478,0.07119832187891006,9.71875,2.8467867
203,Which writer and politician became Lord Tweedsmuir?,A. A. P. S. S. S. S. S,0,uir,20911,1,3,0.13763031802864364,1.0365338325500488,-0.04502118032318636,444.70843505859375,57.964230092315766,-0.026528429239988327,6.69140625,1.9506958
204,In what year was the first Tarzan novel published?,1948,0, published,4652,0,10,0.0306181550126369,0.8325535655021667,-0.19289594671145727,454.7417297363281,87.75090986721571,0.09367070347070694,0.235107421875,0.34799656
205,In which country were motorized ambulances first used?,The first motorized ambulances were used in the United States. They,0, used,1483,0,5,0.009760688711036226,0.8386420011520386,-0.427030508342503,496.8302917480469,102.7023699366944,0.033638957887887955,1.0283203125,1.704569
206,What is the Pacific terminus of the Trans Siberian Railway?,The Pacific terminus of the Trans Siberian Railway is located in the city,0, Railway,54456,0,8,0.35841406908171863,0.8946127891540527,-0.06912101643800073,494.08056640625,53.38459066168215,0.11879987269639969,0.16357421875,3.5510721
207,What is the name of the mountain pass which lies between Pakistan and Afghanistan?,The mountain pass between Pakistan and Afghanistan is called the Sumeru Pass.,0, Afghanistan,20500,0,12,0.13492523167649537,0.9141740798950195,0.12704331029753746,414.00146484375,49.19056844379961,0.08641749620437622,2.021484375,2.7819982
208,"What is the name of the group of 1,196 islands in the North Indian Ocean, none bigger than five square miles?","The group of 1,196 islands in the North Indian Ocean",0, miles,8756,0,6,0.05762952822240944,0.8564677238464355,-0.18588552356913413,489.6867370605469,114.30854085358747,0.09027352929115295,1.2431640625,1.9248142
209,Which Syrian city is said to be the oldest continually inhabited city in the world?,Abyan,0, world,1879,0,6,0.012367049283909014,0.9529551863670349,-0.33841352023851057,480.2793273925781,119.84320731756756,0.028110338374972343,0.031646728515625,3.5779748
210,Who was king of France at the time of the French Revolution?,"The French Revolution was a period of upheaval in France, beginning in",0, Revolution,22126,0,11,0.14562710614995789,0.9469014406204224,0.12911059214096632,400.5340270996094,70.28275286607523,0.06781958043575287,0.050567626953125,2.3112948
211,What is the principal language of Bulgaria?,"Bulgaria is a country in Europe, and its principal language is Bulgarian. The",1, Bulgaria,58719,0,9,0.3864719355518113,0.9611607193946838,0.15404705733158153,417.7565002441406,89.96909856473407,0.0890507772564888,11.9921875,2.7818666
212,"What is the name of the cathedral in Red Square, Moscow?","The cathedral in Red Square, Moscow is the Cathedral of the Holy Spirit.",0, Moscow,22415,0,7,0.14752922283066555,0.904992401599884,0.21330760693709427,375.77288818359375,33.74857279992623,0.11686525493860245,0.71435546875,2.6763809
213,Which country is known to its people as Suomen Tasavalta?,Finland,1,ta,2565,1,2,0.016882108256107836,1.0399754047393799,0.09751617017070657,744.3175659179688,142.1193352594813,-0.02100834995508194,0.53271484375,2.4438355
214,Which crusade was led by Philip II Augustus of France and Richard I of England?,The Crusades,0, England,9448,0,8,0.06218407750631845,0.9048430323600769,-0.03778333698348968,461.402099609375,80.21673454824878,0.039957381784915924,0.09637451171875,2.5770993
215,In which Netherlands city does the United Nations International Court of Justice sit?,Netherlands,0, sit,2444,0,4,0.016085720303285592,0.8901532292366028,-0.14607573903669824,480.8802185058594,89.04269471346329,0.04446832463145256,4.5,1.9568886
216,"In which battle did Harold II, the last Saxon king, lose his life?",The Battle of Hastings,1, life,2272,0,5,0.014953664700926706,0.9684582352638245,-0.21348116974907239,433.0520935058594,49.518947649008666,-0.009524593129754066,0.97021484375,1.7093635
217,Who proclaimed the People's Republic of China in 1949?,"The People's Republic of China was proclaimed on July 1, 1",0,9,24,1,1,0.00015796124684077506,0.8235905766487122,-0.6596008478451929,514.5211181640625,105.46604683981965,0.014185288920998573,0.03094482421875,1.3346956
218,"Which wife of Henry VIII had already married twice before she became queen, and married for a fourth time after Henry's death?","The answer is: The wife was Elizabeth I, who had already married twice",0, death,4545,0,6,0.029913911120471776,0.8901820182800293,-0.15093777326202007,516.8111572265625,132.6957247950184,0.06559789180755615,0.02850341796875,4.3287535
219,In which country is the castle that gives the Habsburg dynasty its name?,The castle that gives the Habsburg dynasty its name is located in the,0, name,829,0,5,0.005456244734625105,0.8974736332893372,-0.4841769543220291,494.62811279296875,111.90810982739501,0.035651806741952896,0.2025146484375,2.6392894
220,In which parliament has the UK 87 seats for members who are elected for a five0-year term?,The UK has 87 seats for members who are elected for a five,0, term,4647,0,5,0.030585246419545072,1.0232980251312256,-0.32801825740269885,495.9711608886719,81.07050925330961,0.03346771001815796,0.0986328125,1.5756891
221,What was the former name of the British Green Party?,The British Green Party was originally known as the Green Party of the United Kingdom,1, Party,8554,0,6,0.05630002106149958,0.9149889945983887,-0.19634296317884248,475.9329833984375,64.44044662201863,0.05284258723258972,1.91015625,2.631791
222,"""What is the more common name of the """"simple plurality"""" system of voting?""","The more common name of the ""simple plurality"" system of voting is the",0, voting,15668,0,7,0.10312236731255266,0.8840107917785645,0.10372210984682839,467.48297119140625,96.35369504243317,0.0810994952917099,4.109375,3.5191302
223,What word for unthinking patriotism is derived from the name of one of Napoleon's admirers?,"Napoleon's admirers were known for their unthinking patriotism, and the word",0,ers,388,1,3,0.0025537068239258635,1.1024187803268433,0.16287889586719517,488.2225341796875,115.39337380240082,-0.02550799585878849,0.494384765625,6.532045
224,Which builder of steam engines formed a successful partnership with Matthew Boulton?,A. Henry Ford,0,ton,777,1,3,0.005113995366470093,1.11748206615448,-0.01154199795288502,406.9085998535156,49.21683813449752,0.02657179906964302,0.31591796875,1.6137563
225,What was the nickname of the French singer Edith Piaf?,Edith Piaf,0,f,69,1,1,0.0004541385846672283,0.9387235641479492,-0.40906443603412024,416.3253173828125,79.44918356155435,-0.014546561054885387,0.008148193359375,4.0832467
226,Whose birthday is celebrated by a public holiday on the third Monday in January in the USA?,The answer is the person's birthday is on the third Monday of January in,0, USA,7279,0,4,0.047908329823083406,0.8779060244560242,-0.1307792347977026,432.5643005371094,107.01362375126224,0.05672677233815193,5.8203125,0.9754563
227,What type of coal is brown and fibrous?,"The type of coal that is brown and fibrous is coal. So,",0,rous,26522,1,4,0.17456034119629318,1.1551470756530762,-0.164168813562509,490.73040771484375,88.65444947068568,0.055394530296325684,0.0062103271484375,4.1126533
228,What raw material is used for making glass?,silica,0, glass,8991,0,6,0.05917623209772536,0.847241222858429,0.11307316262500455,465.8796081542969,67.62849111116864,0.0771384909749031,4.26171875,3.0966468
229,What kind of an organism is a truffle?,A truffle is a type of fungi that grows in the soil and is,1,uffle,13208,1,5,0.0869313395113732,1.1408147811889648,0.07368000389504781,351.2800598144531,9.132626699687846,-0.007624628022313118,3.76953125,2.363233
230,What is the name of the strong material found in plant cell walls?,Answer: The name of the strong material found in plant cell walls is cellul,0, walls,14285,0,6,0.094019850463353,0.9295234680175781,-0.22636792573515852,459.1911926269531,106.1243678390132,0.03610920161008835,0.33349609375,3.070785
231,What name is given to the change of state from liquid to gas?,gas,0, gas,6819,0,4,0.04488073925863521,0.9123810529708862,-0.04095663025929319,474.57293701171875,78.51347931829063,0.018457528203725815,1.4052734375,3.6337416
232,"Which branch of science has four fundamental principles: addition, subtraction, multiplication, and division.",The answer is Mathematics.,0, division,12804,0,9,0.08427232518955349,0.940800130367279,-0.16426182174220427,514.9155883789062,143.88635886615074,0.05033813789486885,0.073486328125,1.9415467
233,What is the force that opposes the relative motion of two bodies that are in contact?,The force that opposes the relative motion of two bodies that are in contact is,0, contact,3645,0,8,0.023990364363942713,0.9655219316482544,-0.2571377694909813,481.7920837402344,86.8564697340356,0.061569102108478546,0.2049560546875,2.5879679
234,What is the fastest animal on two legs?,"The fastest animal on two legs is the horse. However, this might depend",0, legs,14201,0,5,0.09346698609941027,0.9139098525047302,-0.01856166450675456,535.798095703125,141.07564862049287,0.07149704545736313,1.1982421875,4.955478
235,What is the green pigment used by plants to trap sunlight?,The green pigment used by plants to trap sunlight is chlorophyll.,1, sunlight,39020,0,9,0.2568186604886268,0.8913415670394897,0.23702566407990355,427.031982421875,65.68766287286064,0.08510120958089828,1.103515625,2.6854842
236,What id the name given to the study of birds?,The study of birds is called ornithology.,1, birds,19654,0,6,0.12935709772535806,0.817766010761261,0.029512990092738,527.1113891601562,124.88686808197109,0.08913900703191757,6.3125,4.803407
237,"Of which reptile are there only two species, one living in the Mississippi and the other in China?",The answer is the crocodile.,0, China,5616,0,6,0.03696293176074136,0.8366374969482422,0.0851850887838217,392.19036865234375,87.32026809682243,0.10342782735824585,5.3125,1.620611
238,"What type of seaweed grows up to 100 meters in length, and is farmed for its alginates?",The answer is: Algae.,0,ates,973,1,4,0.006404012215669756,1.0761189460754395,-0.17358499333691046,472.7087707519531,75.30731455511749,-0.0014789786655455828,4.08203125,4.238502
239,Where in a vertebrate would you find the protein myoglobin?,The protein myoglobin is found in the muscle cells of vertebrates. This,0,oglobin,93755,1,7,0.6170690290648694,1.08124577999115,0.0978573579709563,435.382080078125,63.379512380614656,0.05858536809682846,0.6376953125,2.4131463
240,"What is the most abundant substance in the plant kingdom, which no mammal produces the enzyme to digest?",The most abundant substance in the plant kingdom is glucose. Glucose is a,0, digest,20882,0,7,0.13743944818871104,0.9379670023918152,0.5024575433908023,536.1810913085938,102.8562472720586,0.08047696948051453,1.4619140625,3.9314709
241,"Which family of insects has species named 'drivers', 'weavers', 'and even individuals called 'soldiers'?","The answer is the family of insects called ""Lepidoptera"".",0,iers,4813,1,4,0.031677811710193765,1.12763512134552,0.017577568671788946,524.2053833007812,143.91657041057624,-0.000872704666107893,0.037567138671875,3.349105
242,What name is given to the study of animal behavior?,The study of animal behavior is called animal behaviorology.,1, behavior,7709,0,9,0.05073846882898062,0.9558700323104858,-0.48096791016402873,432.9751281738281,119.06458432067366,0.04979469254612923,0.75048828125,3.4400496
243,Mosses are classified as belonging to which part of the plant kingdom?,The plant kingdom is divided into two main parts: the vascular plants and the,0, kingdom,25079,0,8,0.16506292122999158,0.8896166086196899,0.03496228837187676,483.5152282714844,97.48449212765297,0.1041780635714531,0.9130859375,2.5334957
244,"Which rodent rears its young, called kittens, in a nest called a drey?",A drey,0,rey,8073,1,3,0.053134214406065715,1.0980722904205322,0.13280561825731407,525.9393310546875,117.13964815775695,0.03483573719859123,2.04296875,3.1059105
245,What has a central vein called a midrib?,"The midrib is a central vein in the heart, which is responsible for",1,rib,1897,1,3,0.012485520219039595,1.0742158889770508,0.13973841296374578,545.8572387695312,105.87051701697655,0.026575976982712746,8.1171875,3.595426
246,"Which mammal constructs a lodge in which to store food, rear young, and pass the winter?",The answer is a beaver.,1, winter,12406,0,7,0.08165280117944397,0.8280054330825806,-0.22412228434534454,395.61761474609375,8.897824784239138,0.10576959699392319,0.245849609375,4.310107
247,What is the generic word for plants that grow in water or water-logged conditions?,aquatic plants,1, conditions,4682,0,11,0.03081560657118787,0.9545312523841858,-0.3327517927064254,456.2568359375,145.1471529866599,0.04590475186705589,2.02734375,4.120536
248,"Which teeth are the third molars, and are always the last to0 erupt?","The third molars, also known as the third molar, are the",1, erupt,43679,0,6,0.28748288753159223,0.9370952844619751,0.15598904479797726,401.1081237792969,84.27320238306169,0.0922456681728363,4.10546875,1.9600208
249,What is secreted by the pancreas to regulate blood sugar levels?,Insulin,1, levels,5866,0,7,0.03860836141533277,0.9659827947616577,-0.3151969838515827,481.7883605957031,98.48007009605605,0.062349483370780945,0.4833984375,2.8981795
250,How many chambers has the heart?,2 chambers,0, heart,4746,0,6,0.03123683656276327,0.935926616191864,0.04071455699028581,511.9837341308594,64.34897199404142,0.09510494768619537,4.5,2.0134192
251,What is the name of the large buttock and thigh muscle?,The large buttock and thigh muscle is the gluteus maximus.,1, muscle,15747,0,7,0.10364232308340354,0.8144883513450623,-0.018119349387585526,497.2613830566406,64.63127526106977,0.10845285654067993,2.421875,2.2653842
252,"When the egg is released from the ovary, what is left behind?","The egg is released from the ovary, and the egg cell is left",0, behind,4815,0,7,0.031690975147430495,0.9929304122924805,-0.21987684277878072,574.231689453125,131.9957469596596,0.09710658341646194,0.87353515625,2.1035352
253,What is the scientific name for the heart's pacemaker?,The scientific name for the heart's pacemaker is the sinoatrial node,1,emaker,58675,1,6,0.3861823399326032,1.139548659324646,-0.009176253762488429,470.734375,87.66841758717815,0.044754426926374435,0.0221099853515625,3.2276518
254,Which hormone helps control ovulation?,The hormone that helps control ovulation is the luteinizing hormone (,1,ulation,2914,1,7,0.01917912805391744,1.0551269054412842,0.05027870613389096,441.0057678222656,84.37726059821304,-0.0038020964711904526,0.06842041015625,1.5127031
255,What is the second most common gas in the atmosphere?,"The second most common gas in the atmosphere is nitrogen, which constitutes about",0, atmosphere,16566,0,11,0.10903275063184499,0.9186339974403381,-0.0410591053465823,422.12042236328125,89.18420819748906,0.07961197942495346,1.294921875,2.179092
256,What is the term for nutrient enrichment of lakes?,"Nutrient enrichment of lakes is called ""lake enrichment"" or ""l",0, lakes,43136,0,6,0.2839090143218197,0.8528649210929871,-0.09671988031380119,425.5638732910156,64.29537459383525,0.11007864773273468,10.1953125,3.8312116
257,Five-legged creatures have damaged which 1250 mile long wonder of the world?,1250,0, world,1879,0,6,0.012367049283909014,0.9529551863670349,-0.33841352023851057,606.1373901367188,144.65454330545157,0.020130328834056854,1.85546875,3.1403685
258,Which radioactive substance sometimes occurs naturally in spring water?,The answer is: The answer is: The radioactive substance is radium-,0, water,3015,0,6,0.019843881634372368,0.8532779216766357,-0.2831142257708481,446.7146911621094,64.0060502841922,0.0414748452603817,4.12109375,3.7815042
259,What is the approximate circumference of the earth?,"The approximate circumference of the Earth is 24,901 kilometers",0, earth,9393,0,6,0.06182208298230834,0.9108697175979614,-0.1290396029250478,461.9721374511719,79.33680243142975,0.05675817281007767,3.369140625,1.871772
260,"Which common mineral is used to make casts, moulds, blackboard chalk and plaster of Paris?",The answer is: plaster of Paris,0, Paris,12095,0,6,0.07960588668913227,0.8240238428115845,-0.05248153456033844,470.41900634765625,94.56294891711423,0.02351192571222782,3.29296875,3.8482575
261,What name was given to the invisible material once thought to occupy all space?,"The answer is ""the vacuum.""",0, space,3550,0,6,0.023365101095197977,0.9885703325271606,-0.31068031357402326,511.945556640625,99.93477365973052,0.052849117666482925,0.6904296875,2.8288112
262,From which areas of space can there be no escape?,The answer is the area of space that is not accessible.,0, escape,12449,0,7,0.0819358150800337,0.8748794794082642,0.009272929068867342,439.6728515625,83.78216956720489,0.08178755640983582,7.375,2.8686464
263,Who was the first man to walk on the Moon?,The first man to walk on the Moon was Neil Armstrong. He was part,1, Moon,17330,0,5,0.11406118365627632,0.8384419083595276,-0.1813281835648084,416.6419372558594,65.0194227315463,0.09180621057748795,2.248046875,2.5588243
264,Proteus and Nereid are moons of which planet?,The moons of Saturn,0, planet,11580,0,7,0.07621630160067397,0.885490894317627,-0.15250966853914605,436.0860595703125,82.02611514617371,0.10172902792692184,0.039703369140625,1.9299885
265,What is the Milky Way?,The Milky Way is a galaxy that contains approximately 100 billion stars,1, Way,12149,0,4,0.079961299494524,0.9346696138381958,0.2593288458103933,483.51141357421875,84.45054707359493,0.024506058543920517,0.00344085693359375,0.33094108
266,Which force is nothing more than the bending of space and time?,The force of gravity.,1, time,882,0,5,0.005805075821398484,0.9210426807403564,-0.7611019202360598,518.3767700195312,86.92443059166614,0.03337095305323601,0.04864501953125,3.1804893
267,"Which star is as bright as 23 Suns, and is orbited by the Pup?",The star that is as bright as 23 Suns and is orbited,0,up,454,1,2,0.002988100252737995,1.0087729692459106,-0.2369902739542029,552.6266479492188,73.65797936026387,0.025488782674074173,4.546875,1.7106093
268,What are the three primary colours of light?,"The three primary colours of light are red, blue, and green. These",0, light,3100,0,6,0.020403327716933446,0.9464614987373352,-0.369330558999323,428.1639099121094,71.55163818842497,0.0291303601115942,2.796875,0.5982618
269,In what film did Oprah Winfrey make her big screen acting debut?,"The answer is: ""The Crown""",0, debut,17306,0,6,0.11390322240943555,0.9111406803131104,0.23853029503192014,461.6676330566406,73.52885810198907,0.14870908856391907,0.024261474609375,1.8431453
270,What is the second lightest chemical element?,"The second lightest chemical element is Oxygen, which is the second element in",0, element,2392,0,8,0.01574347093513058,0.9378267526626587,-0.3474745196429887,482.7271728515625,120.93521308469359,0.041525326669216156,1.103515625,4.741875
271,"Used in mathematics, what is the value of Pi to three decimal places?",3.1415,0, places,7482,0,7,0.04924441870261163,0.9469773173332214,-0.1878793026322465,520.5001220703125,125.74153206639357,0.04513661563396454,0.03326416015625,1.2947861
272,"What colour is the number 10 on the door of 10 Downing Street? White, Yellow or Brown?",White,1, Brown,10471,0,6,0.06891717565290649,0.8282457590103149,0.2665273521407272,414.6199645996094,84.54388599510591,0.10821607708930969,3.443359375,1.1471341
273,What was advertised with Eva Herzagovia using the slogan hello boys?,"The answer is: Hello boys, Eva Herzagovia, the first",0, boys,13007,0,5,0.08560841406908172,0.8825861215591431,-0.1745041425970406,552.2042846679688,122.13620501978198,0.05966775864362717,9.875,4.3527603
274,What number in Bingo is sometimes referred to as Heinz varieties?,100,0, varieties,35580,0,10,0.23417754844144903,0.8316187262535095,0.2379909644044207,549.2643432617188,157.44187333642583,0.0786069706082344,14.1796875,1.3375537
275,"As at March 2001, who holds the record for scoring the most league goals for the soccer team Arsenal?",The answer is: 1000,0, Arsenal,32002,0,8,0.21062815922493683,0.9626691341400146,0.0419411940969896,334.2561340332031,12.413977740995705,0.07634333521127701,9.1796875,1.6895314
276,How many verses make up the national anthem God Save The Queen?,"The national anthem ""God Save The Queen"" is composed of 10",0, Queen,16259,0,6,0.10701216301600674,0.8357246518135071,-0.030451355271827296,443.0382995605469,72.704195986914,0.10598179697990417,0.1165771484375,1.9097352
277,What colour is the cross on the national flag of Switzerland?,The cross on the national flag of Switzerland is a red circle with a white,1, Switzerland,29121,0,12,0.19166622788542545,0.8947371244430542,0.32851476396586765,381.1551208496094,98.90187235241379,0.09373515099287033,7.1875,2.8981981
278,Who was the American President when the Berlin Wall was constructed?,The American President when the Berlin Wall was constructed was George H.W. Bush,0, constructed,20346,0,12,0.13391164700926705,0.8882579803466797,-0.1833968107045676,454.6667785644531,92.10042583393833,0.03554592281579971,2.8046875,2.4510047
279,What is the minimum number of darts a person needs to throw to complete a leg from 501?,501,0,1,16,1,1,0.00010530749789385004,0.8519878387451172,-0.541855976650587,644.52978515625,118.48759004530633,0.0552045963704586,5.375,0.7235923
280,What was the first British football team to win the European Cup?,The first British football team to win the European Cup was the Manchester City Football,0, Cup,10861,0,4,0.07148404591406908,0.902894139289856,-0.12480476268169216,428.19049072265625,21.027805579251762,0.10742887109518051,0.7333984375,1.2734263
281,What is the most popular natural attraction in Alaska?,"The most popular natural attraction in Alaska is the Alaska Science Center, located in",0, Alaska,27267,0,7,0.17946372156697557,0.8427318334579468,-0.22561867264119995,387.5724182128906,50.890973357858115,0.1321660578250885,6.89453125,4.0093036
282,"What type of acid is extracted from the juice of lemons, oranges, limes, and grapefruit?","The juice of lemons, oranges, limes, and grapefruit contains",0,fruit,35598,1,5,0.23429601937657962,0.9892995357513428,0.09350647046205474,477.0379638671875,69.29511615842847,0.10512744635343552,0.33056640625,3.7769437
283,How many pieces are there in a standard set of dominoes?,21,0,es,288,1,2,0.0018955349620893007,1.1390438079833984,0.2517753087040946,467.8402099609375,100.17787140141868,2.6732683181762695e-05,0.093017578125,1.6295671
284,What is the acronym for the agency which provides co-operation between police forces worldwide?,The agency is the United Nations.,0, worldwide,15245,0,10,0.10033830033698399,0.8737792372703552,0.21952765477517655,472.4620361328125,139.8013804832631,0.051992084830999374,8.2421875,4.829599
285,"What were Benjy and Laska, which were sent into space in 1958?",The answer is that Benjy and Laska were sent into space in,0,8,23,1,1,0.00015137952822240943,0.8185009360313416,-0.7890327279855702,538.0043334960938,100.38142608115317,0.04820841923356056,2.466796875,3.7045205
286,In what year in the 20th century was the Miss World contest held for the first time?,1950,0, time,882,0,5,0.005805075821398484,0.9210426807403564,-0.7611019202360598,476.958984375,114.99786153553532,0.004919834900647402,0.0015077590942382812,0.54642427
287,In which year was the Encyclopedia Britannica first published?,1910,0, published,4652,0,10,0.0306181550126369,0.8325535655021667,-0.19289594671145727,477.6923522949219,96.97241837212212,0.07550686597824097,0.32421875,0.4283475
288,"On the London Underground, which is the only line to connect at some point with every other line on the system?",The London Underground is the only line to connect at some point with every other,0, system,1849,0,7,0.012169597725358045,0.9300006628036499,-0.5457929667832824,520.54150390625,129.80752174490095,0.018275821581482887,2.646484375,0.9808946
289,Who wrote The Importance Of Being Earnest?,The Importance Of Being Earnest is a play written by Oscar Wilde.,1,est,477,1,3,0.0031394797809604046,1.0981111526489258,-0.11036997323809139,365.29443359375,57.823761538616765,0.016818083822727203,0.005023956298828125,2.568823
290,"Thomas Edison, who invented the lightbulb, was afraid of the dark?",A. No,0, dark,6319,0,5,0.0415898799494524,0.8618396520614624,-0.03342476379986925,447.0317687988281,105.36250453003794,0.032849859446287155,2.18359375,2.920701
291,Taphephobia is the fear of losing your teeth?,"Yes, Taphephobia is the fear of losing your teeth.",0, teeth,17832,0,6,0.11736520640269588,0.885760486125946,0.21251846605362346,424.2466735839844,66.47011362327743,0.08562766760587692,5.21875,3.6382024
292,The letter t is the second most common letter used in the English language?,The letter t is the second most common letter used in the English language.,0, language,4128,0,9,0.02716933445661331,0.920681893825531,-0.3626665267164886,507.9643249511719,103.80664963487895,0.05569799244403839,0.4208984375,2.833475
293,"The invention of what in 1867, made Alfred Nobel famous?","The invention of the first electric light bulb in 1870,",0, famous,11245,0,7,0.07401142586352148,0.8208571076393127,-0.07466810605168162,489.5639343261719,125.22188652258129,0.09212416410446167,4.265625,3.6019564
294,What is the most populated city in America?,New York City,1, America,5159,0,8,0.03395508635214827,0.8801702260971069,-0.15453557064305157,438.00640869140625,90.66533890808097,0.056688342243433,6.0703125,4.0163836
295,What is the only letter of the alphabet which does not appear in any of the names of the 50 American states?,A,0, states,5302,0,7,0.03489627211457456,0.9777582287788391,-0.3290443341995837,427.8518981933594,72.96503880474152,0.043731361627578735,2.30078125,3.4940066
296,What was the Spice Girls' debut single called?,"The Spice Girls' debut single was ""I'm Not a Girl"" by",0, called,2598,0,7,0.0170993049705139,0.9118424654006958,-0.3439820312220321,493.4055480957031,110.49036027220437,0.05858633667230606,6.67578125,2.5425267
297,What are the only two musical notes which have no flats?,The only two musical notes which have no flats are the note names themselves.,0, flats,60357,0,6,0.3972527906486942,1.0583243370056152,-0.1484302875979906,486.50384521484375,69.15420286389934,0.1032063439488411,9.6796875,3.4026043
298,"From which country do French fries originate? France, Belgium or Switzerland?",France,0, Switzerland,29121,0,12,0.19166622788542545,0.8947371244430542,0.32851476396586765,375.3695373535156,88.34563163826898,0.1304282248020172,2.947265625,1.6779836
299,For what novel did J. K. Rowling win the 1999 Whitbread Children's book of the year award?,"The answer is ""The Chronicles of Narnia"".",0, award,10084,0,6,0.066370050547599,0.8975508809089661,-0.04648595877907624,424.10345458984375,64.57007844401573,0.12654288113117218,0.260986328125,2.1546857
300,What is the longest word can be typed using only the top row of letters on a typewriter?,"""BANANA""",0,ewriter,72480,1,7,0.4770429654591407,1.0641999244689941,0.08223546624111755,472.68896484375,97.95237794243353,0.037827663123607635,0.00732421875,6.1174655
301,In which city would you find O'Hare International Airport?,A. Chicago,1, Airport,20691,0,8,0.1361823399326032,0.8752628564834595,0.04224032206572881,491.712158203125,91.01603900025243,0.06795094907283783,0.0097808837890625,1.6570762
302,Which Asian country was once called Siam?,The answer is Siam. Siam is the name of the country in,1,iam,4932,1,3,0.032461036225779276,1.0622843503952026,-0.19756090256317016,509.1998291015625,124.9117092403423,-0.005148981232196093,3.10546875,3.3290586
303,What are the names of Donald Duck's three nephews?,"The three nephews of Donald Duck are named Donald Duck, Donald Duck,",0,ews,27744,1,3,0.18260320134793598,1.1602566242218018,0.013184312539066934,431.7503662109375,79.51085638548392,-0.0076109254732728004,0.00732421875,4.7286105
304,"In which 1993 film does a boy called Jonah write to a woman called Annie, asking her to meet his father at the Empire State building on St. Valentine's Day?",The answer is The Empire State Building.,0, Day,6059,0,4,0.039878633108677335,0.906783401966095,-0.003021570266205753,404.6607666015625,59.53297163249672,0.06070232763886452,0.03717041015625,1.5881166
305,Who had a top ten hit in 1988 with Valentine?,"The answer is: The song ""Valentine"" by The Beatles had a",0, Valentine,38769,0,10,0.25516664911541703,0.9341058731079102,-0.03099055508776427,438.9200744628906,104.89453707287116,0.06689898669719696,11.609375,4.2176595
306,What is the second most common word in written English?,"""The second most common word in written English is 'the'.""",0, English,6364,0,8,0.04188605728727885,0.8371350765228271,-0.25100623023332336,477.9515380859375,96.01977153474671,0.11515765637159348,0.1014404296875,3.0937505
307,"In which arcade game, would you find ghosts called Inky, Pinky, Blinky and Clyde?","The answer is: In which arcade game, would you find ghosts called In",0, Clyde,90394,0,6,0.5949478727885426,0.9545500874519348,0.07101484467531716,426.72509765625,108.76644830041712,0.0685674250125885,1.0390625,2.0149481
308,"More commonly known as the thigh bone, what is the medical name for the longest bone in the human body?",The medical name for the longest bone in the human body is the femur,1, body,2487,0,5,0.016368734203875315,1.000932216644287,-0.35298528045911315,524.16796875,123.10411163365586,0.01232991460710764,0.01422119140625,0.69700783
309,"What word is used to describe someone who is neither left or right handed, but can use both hands with equal ease?",left-handed,0, ease,14219,0,5,0.09358545703454085,0.9147083759307861,0.3090305970077649,464.47564697265625,133.29382977019432,0.07224791496992111,1.9150390625,4.900294
310,"Which cult film, starring Harrison Ford, was based on the story Do Androids Dream of Electric Sheep?",A,0, Sheep,82908,0,6,0.5456771272114574,0.8744787573814392,0.2629297887482558,464.4535217285156,107.18119151955321,0.06157192215323448,0.295654296875,1.7241875
311,"Which ITV magazine style show ran from 1968 to 1980 and featured presenters including Jenny Hanley, Mick Robertson and Tommy Boyd?",The answer is: The answer is: The answer is: The answer is,0, Boyd,62621,0,5,0.41215380160067394,0.9895605444908142,0.16949785434032982,461.8660888671875,105.05718366932835,0.0997525230050087,8.8671875,2.120956
312,Which type of animal was Robin Hood in the Disney cartoon film 'Robin Hood'?,The answer is a cartoon character.,0, Hood,35343,0,5,0.2326176811288964,0.9721413254737854,0.4427157305368432,466.38482666015625,72.79604760806231,0.08778597414493561,0.003589630126953125,1.9318511
313,Who provided the voice for Bob The Builder on his number one hit Can We Fix It?,"The voice of Bob The Builder on his number one hit ""Can We Fix",0, It,1084,0,3,0.00713458298230834,0.7517734169960022,-0.47029712117874833,519.2298583984375,96.70358023120721,0.04970746487379074,0.2322998046875,1.471467
314,Which actor received 4 million dollars for his 10 minutes on screen in the film Superman?,A,0, Superman,37709,0,9,0.24819002737994944,0.8912957906723022,0.41160992364176074,399.9262390136719,43.90461127300254,0.0947975143790245,11.1484375,1.9303923
315,"Who directed the films Thelma and Louise, Hannibal and Black Hawk Down?","The films Thelma and Louise, Hannibal and Black Hawk Down were",0, Down,6285,0,5,0.04136610151642797,0.9108025431632996,0.1125841711870752,450.7615661621094,118.51484884473555,0.020888010039925575,5.12109375,2.7662642
316,"Which serial killer is the subject of the films A Study In Terror, Murder By Decree and From Hell?",The serial killer in question is a man named **Jude|.,0, Hell,23887,0,5,0.15721751263689976,0.8870320916175842,-0.049883280843831646,514.6475219726562,114.50925253407324,0.036015141755342484,3.55078125,2.6879878
317,"In cricket, what is the score of 111 known as?",111,0, as,438,0,3,0.002882792754844145,0.831695020198822,-0.6319898743335868,580.2256469726562,149.41362196912718,0.03225236386060715,0.10791015625,2.7988582
318,"Who wrote the novels About A Boy, How To Be Good and High Fidelity?","The novels about a boy, how to be good, and high fidelity were",0,idelity,45101,1,7,0.29684209140690815,1.1470091342926025,-0.10192158441523436,466.69989013671875,114.93551696571622,0.05208580195903778,0.55126953125,1.5106136
319,"With which game would you use a squidger, a circular disc between 25mm and 51 mm?",A: A: A: A: A: A: A: A,0, mm,9465,0,3,0.062295966722830665,0.8029104471206665,-0.07864388368655861,602.91357421875,104.75872141251145,0.06634414941072464,4.59375,3.671152
320,The melody for which famous song was written by sisters and school teachers Patty and Mildred Hill in Kentucky in 1893?,"The melody for the song ""The Honeysuckle Song"" was written",0,3,18,1,1,0.0001184709351305813,0.836982011795044,-0.6801380253437586,528.654052734375,94.89297192517706,0.0043204231187701225,2.4453125,1.6806599
321,What is the most common pub name in the UK?,"The most common pub name in the UK is ""The"" in the sense",0, UK,6424,0,3,0.04228096040438079,0.8097637295722961,-0.008585224407729353,448.7720642089844,74.29975293176864,0.09017050266265869,3.453125,2.2739778
322,What is the name of Kevin the teenager's friend played by Kathy Burke in a series of sketches with Harry Enfield?,The name of Kevin the teenager's friend played by Kathy Burke in a series,0,field,2566,1,5,0.0168886899747262,1.009230613708496,-0.13824403010999253,498.6152648925781,76.67405406327933,-0.009556081146001816,2.689453125,5.477377
323,"What seven letter word, beginning with the letters 'Ra' is a palindrome?",RaRaRaRaRaRa,0, palindrome,73097,0,11,0.4811038858466723,0.8855134844779968,0.09137189779844412,483.90423583984375,103.30250648196441,0.12138520181179047,5.55859375,4.562872
324,Which fruit can go in the middle of the word aped to make a new word?,The fruit is an apple.,0, word,3409,0,5,0.022437078770008424,0.9512796998023987,-0.3948096769618976,625.4436645507812,140.27263720188793,0.03644135221838951,0.464599609375,4.346998
325,How many scottish football league teams names end in United?,1,0, United,3639,0,7,0.023950874052232517,0.7965505719184875,-0.0626785573083839,456.88983154296875,83.00497442265831,0.13153135776519775,10.328125,0.74745005
326,Who had a top ten hit in the UK with Cupid in 1961?,The answer is Cupid. Cupid was the first to have a top,0,1,16,1,1,0.00010530749789385004,0.8519878387451172,-0.541855976650587,506.27117919921875,77.23676400739208,0.019206855446100235,2.873046875,2.8842058
327,The theme tune to which TV show starts with the line Stick a pony in me pocket?,"The theme tune to the TV show ""The Office"" starts with the line",0, pocket,17822,0,7,0.11729938921651221,0.9178971648216248,0.034492001535445294,494.2680358886719,111.99518886435159,0.11561455577611923,7.1875,2.9708629
328,What word is given to a point in tennis which has to be replayed?,"The word is ""replay"" in tennis. When a player is unable",0,ed,291,1,2,0.0019152801179443976,1.1171848773956299,0.3620455365243611,601.40380859375,128.80785657310477,0.0004352005198597908,0.005130767822265625,5.740584
329,How many episodes of Prisoner: Cell Block H were made?,10,0, made,1865,0,5,0.012274905223251895,0.8752650618553162,-0.025552645141636354,414.2776794433594,38.18117369573979,0.04230256378650665,3.78515625,0.39065295
330,Who is the last English-born player to win the men's singles title at Wimbledon?,The last English-born player to win the men's singles title at Wimbledon is,0, Wimbledon,90157,0,10,0.5933880054759899,0.9791794419288635,0.17613325300654958,371.3656311035156,4.2902762667102206,0.1326686441898346,1.267578125,0.7508468
331,"Which famous painter's surname was Harmenzoon van Rijn which translated as son of Harmen, of the Rhine?","The painter whose surname was Harmenzoon van Rijn, which translates to",0,ine,482,1,3,0.0031723883740522327,1.0504449605941772,-0.2525238101086482,496.7456970214844,61.61367569294404,0.010592959821224213,0.1053466796875,3.599855
332,"In 1976, which gymnast scored 7 maximum scores of 10 as she won three gold medals, one silver and one bronze?","1976, the gymnast who scored 7 maximum scores",0, bronze,39807,0,7,0.26199847304128054,0.8953702449798584,-0.28134296979783313,521.979248046875,90.56563833003078,0.13930530846118927,0.1727294921875,0.4775698
333,"In years and days, how old was Luigina Giavotti when she won a silver medal in gymnastics in 1928, and is still the youngest medal winner today?",1928,0, today,3351,0,6,0.02205533909014322,0.9526100754737854,-0.2152689438758122,467.5869445800781,127.36972526314983,0.051665350794792175,7.39453125,1.5298495
334,Which Eastenders actor has played the policeman Nick Rowan on TV?,The answer is: The actor who played the policeman Nick Rowan on TV,0, TV,5883,0,3,0.03872025063184499,0.7787736058235168,-0.2503361560852735,388.6793212890625,11.258805538373101,0.03616466000676155,5.36328125,2.4102414
335,"What type of animal was Boris, the subject of a song by The Who?","The Who's song ""Boris"" features a character named Boris, who",0, Who,10479,0,4,0.06896982940185341,0.8725920915603638,0.006440361224249624,372.50860595703125,43.85084393763923,0.06935707479715347,3.38671875,4.759981
336,Which brand of beer does Homer Simpson drink regularly?,"The answer is ""The Great Barrier Reef"" beer.",0, regularly,15502,0,10,0.10202980202190395,0.8612785339355469,-0.10234612956642986,476.0838928222656,120.23778234502898,0.08492335677146912,6.35546875,2.7978446
337,From which animal does Haggis come?,Haggis is a traditional Scottish dish made from the meat of the sheep,1, come,2525,0,5,0.01661883951137321,0.9552116394042969,-0.09543068213638328,473.7484130859375,51.39346654183879,0.013619564473628998,2.08203125,1.213256
338,"In which country was Marie Curie born? Poland, Austria or Switzerland?",The answer is Switzerland.,0, Switzerland,29121,0,12,0.19166622788542545,0.8947371244430542,0.32851476396586765,364.2773742675781,80.05249765750723,0.12701816856861115,3.001953125,1.988374
339,"What is the most common blood type in humans? A, B or O?",O,1, O,506,0,2,0.0033303496208930074,0.8311231136322021,-0.24193058803818612,531.541748046875,67.25208520709744,0.05339602753520012,0.76123046875,1.3197548
340,Which P is the correct technical term for the art of making and displaying fireworks?,A. A. A. A. A. A. A. A,0, fireworks,51833,0,10,0.34115022114574556,0.91527259349823,-0.04406701581490147,435.3954772949219,95.07056759885019,0.11575993150472641,9.5078125,3.7934477
341,Which King did Guy Fawkes attempt to kill with his gunpowder plot?,The answer is Guy Fawkes.,0, plot,7089,0,5,0.046657803285593935,0.9511370658874512,-0.26245253571434324,430.6117858886719,74.60742868737641,0.07502986490726471,10.8359375,3.7526948
342,In which film was the song White Christmas first sung?,1984 film,0, sung,39339,0,5,0.25891822872788545,0.9441576600074768,0.26380250406159744,463.0492248535156,64.96661343457289,0.09495291113853455,3.51171875,0.5332952
343,Which Pop Idol had a number one hit in 2004 called All This Time?,A. The Group,0, Time,4120,0,5,0.027116680707666384,0.8455936908721924,-0.5763244906991347,521.4082641601562,107.66925602535134,0.026306800544261932,3.314453125,2.9782348
344,"Which Channel 4 TV show's presenters included Mark Lamarr, Amanda De Cadenet and Terry Christian?",The answer is The Today Show.,0, Christian,8876,0,10,0.05841933445661331,0.8200539946556091,-0.07563027944840472,534.4324340820312,127.5827308573812,0.021727995947003365,7.99609375,2.0563638
345,What is the name of the device made of wood and horsehair that is used to play a violin?,"The device is called a ""violin."" It is made of wood and",0, violin,62037,0,7,0.4083100779275484,0.8604089617729187,-0.038074495063304514,434.5514831542969,52.682047490152364,0.13775523006916046,4.125,4.6781363
346,What colour is the bottom stripe on the U.S. flag?,The bottom stripe on the U.S. flag is a red stripe.,1, flag,5181,0,5,0.03409988416175232,0.9299479722976685,-0.37487487293593524,397.9529113769531,71.29883589266733,0.045940741896629333,1.7119140625,2.3529258
347,What is the name given to the largest bee in a hive?,"The largest bee in a hive is called a ""queen bee."" This is",1, hive,65507,0,5,0.43114864153327714,0.883209228515625,0.03700232395084324,438.9468688964844,89.52532829392185,0.1430540829896927,4.02734375,3.6434913
348,Who won the Ladies singles title at Wimbledon in 2004?,The winner of the 2004 Wimbledon Ladies' singles title was,0,4,19,1,1,0.0001250526537489469,0.8273023366928101,-0.7987214450876956,469.20697021484375,44.019559761528456,0.025699708610773087,2.115234375,3.1430962
349,What is the alcoholic ingredient of Irish coffee?,The alcoholic ingredient of Irish coffee is rum.,0, coffee,10799,0,7,0.07107597935973041,0.8093886375427246,0.10989991130062027,417.8533630371094,72.51899959361721,0.11580903828144073,3.0703125,5.591506
350,In which year did St George die?,1916,0, die,2746,0,4,0.018073399326032014,0.9520031213760376,-0.12605976002874142,419.7210388183594,58.54514213691678,0.009213926270604134,10.7578125,0.24599569
351,What are the names of the Four Horseman of the Apocalypse?,"The Four Horseman of the Apocalypse are: the first horse, the second",0, Apocalypse,79197,0,11,0.5212523694187026,0.973788321018219,0.17716312518208976,485.75860595703125,71.34844548432761,0.09587988257408142,1.017578125,1.7532563
352,Who is the Vice-President for George W Bush?,George W. Bush,0, Bush,14079,0,5,0.09266401642796968,0.8688550591468811,-0.13779650117271958,412.48223876953125,58.09490661545485,0.0930514708161354,3.138671875,2.9546816
353,"Which film sees Clint Eastwood, Tommy Lee Jones, James Garner and Donald Sutherland as retired astronauts?",A) The Godfather,0, astronauts,68422,0,11,0.45033435130581295,0.8912773132324219,0.07608261234844393,483.87506103515625,88.31085603073096,0.12990349531173706,4.98828125,0.83902097
354,"In a standard deck of cards, how many Kings have a moustache?",1,0,ache,1777,1,4,0.01169571398483572,1.096457839012146,-0.09417480503977815,411.0740051269531,25.01059098299792,0.01719418168067932,0.006534576416015625,0.13271308
355,"According to the film Gremlins, if you are looking after a Gremlin you should not feed him after midnight, not get him wet and not expose him to what?","The answer is not a specific item, but rather a general rule. The",0, what,1128,0,5,0.007424178601516428,0.8375577330589294,-0.3922113152340425,485.20501708984375,108.2965358694553,0.054203636944293976,4.73828125,2.4224718
356,The Canary Islands are named after what animal?,The Canary Islands are named after the bird canary.,0, animal,9864,0,7,0.06492207245155855,0.8557760119438171,-0.23463435538827948,473.9306335449219,105.2775396040578,0.06206585466861725,2.509765625,2.2330685
357,In which capital city would you find Charles Bridge and Wenceslas Square?,A. Vienna,0, Square,15619,0,7,0.10279986310025274,0.9268758296966553,-0.09086263393760508,467.5183410644531,92.25284115699621,0.07873176038265228,2.654296875,2.9179163
358,What was the surname of the woman who was the inspiration behind the Rolling Stones song Angie?,"The woman who was the inspiration behind the Rolling Stones song ""Angie""",0, Angie,98929,0,6,0.6511228411962932,0.9529848098754883,-0.09336802280766898,405.9333190917969,45.749001829180486,0.07579262554645538,17.375,4.445147
359,What is the final event in a decathlon?,The final event in a decathlon is the 100m sprint,0,athlon,76917,1,6,0.506246050968829,1.127016305923462,-0.18634755190379204,441.6759948730469,21.645675124702798,0.08942049741744995,1.5185546875,2.6437979
360,"Peter Simple, Jack Horner and Ben Nevis have all won which famous sporting event?",The answer is: The answer is: The answer is: The answer is,0, event,1538,0,6,0.010122683235046335,0.9445531964302063,-0.2080675237569407,481.28643798828125,84.21499391055883,0.0542781762778759,0.162109375,3.0796208
361,What is the largest city in Turkey?,Istanbul,1, Turkey,17009,0,7,0.11194845197978096,0.8886376619338989,0.25670090086648845,370.7171325683594,53.276690715950544,0.085216224193573,6.0234375,2.7664204
362,Who bought Chelsea football club for £1 in 1982?,The answer is: The answer is: The answer is: The answer is,0,2,17,1,1,0.00011188921651221567,0.8560956716537476,-0.645843025781419,506.8316955566406,94.75128116053942,0.004685446619987488,2.64453125,2.0621195
363,"In 1998, which director's Oscar acceptance speech included the line I'm king of the world?","The line ""I'm king of the world"" is from the Oscar acceptance",0, world,1879,0,6,0.012367049283909014,0.9529551863670349,-0.33841352023851057,486.1470031738281,118.53755039386502,0.02079150080680847,1.921875,1.1388367
364,What nationality was the painter Vincent Van Gogh?,"Vincent Van Gogh was born in the Netherlands, and he was a Dutch",1,ogh,63936,1,3,0.42080876158382474,1.1509950160980225,0.16660661885307082,427.194091796875,45.91247496055408,0.031370796263217926,0.0003643035888671875,1.276276
365,Which film features the characters Sally Albright and Harry Burns?,"The film that features the characters Sally Albright and Harry Burns is ""The",1, Burns,49916,0,6,0.32853306655433867,0.9644420742988586,0.09977526084826671,490.7159423828125,99.25224614993193,0.04083247110247612,8.5546875,1.7510147
366,Which act won the Eurovision Song Contest for the United Kingdom singing Love Shine A Light?,The United Kingdom won the Eurovision Song Contest for the first time in,0, Light,8658,0,6,0.05698451979780961,0.8850661516189575,-0.24835599926977814,518.1597290039062,73.57961326574575,0.03914843499660492,0.71142578125,1.7634254
367,Which English word comes from an old French word meaning sour wine?,sour wine,1, wine,13078,0,5,0.08607571609098567,0.8085951209068298,-0.09811850261146304,444.025146484375,94.89137156101343,0.14170783758163452,3.056640625,4.6400547
368,"Which team beat American Samoa 31-0 in a qualifying match for the 2002 World Cup, but still failed to qualify?",The team that beat American Samoa 31-0 in a qualifying match,0, qualify,25384,0,8,0.16707034540859309,0.9378414154052734,0.08623029604705668,493.84942626953125,72.25530457751101,0.0895378589630127,0.34521484375,1.8850424
369,What was the name of Roland Rat's gerbil friend?,"The gerbil friend of Roland Rat was named ""Buddy."" Buddy was",0, friend,4238,0,7,0.02789332350463353,0.897646427154541,-0.13228971007343393,484.3958435058594,103.47453824353062,0.07683836668729782,9.515625,5.749017
370,Which animal has the longest gestation period at around 22 months?,The answer is: The longest gestation period of a mammal is in,0, months,3951,0,7,0.026004370261162594,0.9104803800582886,0.16482021731400964,510.545166015625,109.37454094875714,0.05275479704141617,0.63037109375,2.3138065
371,What name is given to the home of a beaver?,The home of a beaver is called a lodge.,1,aver,7255,1,4,0.04775036857624263,1.049425721168518,-0.07927418748591286,414.908935546875,48.613710788177436,-0.005601556971669197,0.6884765625,4.9465027
372,What name is given to a baby marsupial?,marsupial,0,ial,530,1,3,0.0034883108677337825,1.0725500583648682,0.3980366241654534,472.1510314941406,57.897841860102524,0.014118398539721966,0.1588134765625,4.319873
373,Who dated actress Elizabeth Hurley between 2000 and 2001 and denied he was the father of her son born in 2002 before a DNA test proved otherwise?,The answer is that the person who dated Elizabeth Hurley between 20,0, otherwise,5937,0,10,0.03907566343723673,1.0257796049118042,-0.04614385993932135,502.76483154296875,163.895805765251,0.04208492115139961,3.990234375,2.196222
374,What type of animal is the star of the 2005 film Racing Stripes?,The star of the 2005 film Racing Stripes is a,0,ipes,8923,1,4,0.0587286752316765,1.1653107404708862,0.3214552625129805,464.3701477050781,76.99247965153455,-0.042252786457538605,1.060546875,1.698278
375,Author Dick Francis is famous for writing novels based around which sport?,football,0, sport,10552,0,6,0.0694502948609941,0.8899875283241272,-0.02917103365287188,465.6212463378906,94.72273984699449,0.07370086759328842,6.4453125,4.0003314
376,Which Scottish newspaper features the Broons and Oor Wullie?,The Broons and Oor Wullie are a Scottish folk music group,0,ie,645,1,2,0.0042452085088458295,1.0452502965927124,-0.14019768207706162,622.4197387695312,116.42265397863605,-0.006640609819442034,2.763671875,2.5107565
377,Which famous book features the character of Bob Cratchit?,"The answer is ""The Chronicles of Narnia"".",0,it,275,1,2,0.0018099726200505476,1.0029654502868652,-0.3110126162709017,405.67547607421875,68.76252334702355,-0.015472883358597755,0.314697265625,1.9010026
378,Which act has had more Christmas number one singles than any other?,The answer is the 1980s.,0, other,1008,0,6,0.006634372367312552,0.9307772517204285,-0.4967161474808215,592.2430419921875,123.19612014916576,0.017207171767950058,0.092041015625,1.9391677
379,Which Christmas song includes the line It seems so long since I could say 'sister Susie sitting on a thistle'?,"The line ""It seems so long since I could say 'sister Sus",0,istle,28300,1,5,0.18626263689974726,1.0849814414978027,-0.25257659352994555,503.26715087890625,39.45736533705228,0.03982814401388168,3.025390625,3.139673
380,Which British footballer has the most number of International caps?,The answer is: 1000,0, caps,18568,0,5,0.12220935130581298,0.9822003245353699,0.14797964066494673,408.07135009765625,16.9470181726454,0.09145516902208328,0.79736328125,4.4829154
381,Who holds a trumpet on the album cover of Sgt. Pepper's Lonely Hearts Club Band by The Beatles?,The album cover of Sgt. Pepper's Lonely Hearts Club Band by The Beatles,0, Beatles,54857,0,8,0.3610533382476832,0.9108534455299377,0.24829769504475374,375.1827392578125,76.3946209073598,0.12148450314998627,0.2073974609375,1.8217335
382,Which song begins with the line The taxman's taken all my dough?,A,0, dough,30352,0,6,0.19976832350463353,0.8887020349502563,0.12385857828339342,502.2415771484375,89.05406711810137,0.08492597937583923,7.4765625,2.527037
383,The Kray twins were convicted of the murder of George Cornell in the East End of London in 1966. What was the name of the pub in which he was shot?,The Kray twins were convicted of the murder of George Cornell in the East,0, shot,6552,0,5,0.04312342038753159,0.9534695148468018,-0.10963549255500338,376.13427734375,15.826472478841954,0.04035607725381851,4.67578125,1.352627
384,Who composed the musical theme for the Pink Panther?,The musical theme for the Pink Panther was composed by John Williams.,0, Panther,58512,0,8,0.3851095197978096,0.9747000336647034,0.022142800312100697,449.35430908203125,31.94020369611576,0.06174859777092934,0.4921875,1.845795
385,"Who was the cartoon adversary of Pixie and Dixie, who would often say I hate those meeces to pieces?","The answer is: The cartoon adversary of Pixie and Dixie, who",0, pieces,9666,0,7,0.06361889216512216,0.9677205681800842,-0.1935326682406524,564.2799072265625,154.4527914953319,0.06637008488178253,11.09375,2.240865
386,Which actress married Dennis Quaid on Valentine's Day in 1991?,A,0,1,16,1,1,0.00010530749789385004,0.8519878387451172,-0.541855976650587,494.67364501953125,94.52375550352062,0.004844697192311287,2.9140625,3.256304
387,"During Margaret Thatcher's years as Prime Minister, there were three Chancellors of the Exchequer. Geoffrey Howe and Nigel Lawson were two, but who was the other one?",The other one was John Major.,1, one,825,0,4,0.005429917860151643,0.8540231585502625,-0.5282705145231859,450.4918212890625,116.28360448717171,0.014631528407335281,2.490234375,3.778031
388,Buddy Holly and the Big Bopper were two of the three musicians who died in a plane crash in February 1959. Who was the other one?,The other one was Buddy Holly and the Big Bopper were two of the,0, one,825,0,4,0.005429917860151643,0.8540231585502625,-0.5282705145231859,459.09210205078125,70.01825198099378,0.02595616690814495,1.76953125,2.496128
389,"Fruit, cricket and horseshoe are varieties of what type of animal?","The question is asking about the classification of fruit, cricket, and horsesh",0, animal,9864,0,7,0.06492207245155855,0.8557760119438171,-0.23463435538827948,470.3205871582031,96.90168160640488,0.06724391132593155,4.53515625,4.4111147
390,"Apart from being warm blooded and giving birth to live young, what do mammals produce to differentiate them from other families of animals?",mammals produce milk to differentiate them from other families of animals.,1, animals,9898,0,8,0.06514585088458298,0.848528265953064,-0.22037005368355578,501.1233215332031,111.84129790122714,0.04292479157447815,0.328369140625,3.579673
391,To which poet does Il Postino deliver mail?,"The mail is delivered to the poet's house, and the poet is the",0, mail,8072,0,5,0.05312763268744734,0.8763940930366516,-0.20407509889554376,513.7099609375,103.24940856635031,0.10704859346151352,6.34765625,1.6853629
392,"Which scientist was Time magazine's ""Person of the 20th Century""?",The person of the 20th century is a term used to refer,0, Century,27101,0,8,0.17837115627632688,0.9146454930305481,-0.08023510266769085,475.7081298828125,133.60086839367133,0.06541825830936432,0.00815582275390625,5.4068656
393,What was the nickname given to premiership footballer Neil Ruddock?,"The nickname given to Neil Ruddock is ""The Man"" because he was",0,ock,1176,1,3,0.007740101095197978,1.107141137123108,-0.19762280206231075,448.53033447265625,74.99231743298898,0.015179488807916641,0.009185791015625,4.368847
394,The Ducati is manufactured in which city and what country?,"The Ducati is manufactured in the city of Ducati, Italy.",0, country,3146,0,8,0.020706086773378266,0.8689674735069275,-0.1793005214443295,525.9999389648438,104.73777062169526,0.0735257938504219,4.8828125,0.7984172
395,Wayne Rooney signed for Manchester United from which other Premiership Club?,A: Manchester United,0, Club,10140,0,5,0.06673862679022746,0.897072434425354,-0.15248829462098845,437.718505859375,70.94558209244161,0.04850183054804802,6.0859375,2.692251
396,The Yalu river forms a sort of natural border between China and which of its neighbours?,The Yalu River forms a sort of natural border between China and Russia.,0, neighbours,35856,0,11,0.23599410278011795,1.0079631805419922,0.11984292146363185,476.71868896484375,125.17351723244317,0.0680258721113205,7.66015625,1.3460582
397,Which stand-up comedian presents 8 Out Of 10 Cats and Distraction?,A. B. C. D. E. F. G. H,0,raction,16199,1,7,0.1066172598989048,1.0858702659606934,0.15769269321582158,489.767822265625,104.14637081056578,-0.007626728620380163,2.9765625,3.9135349
398,"Name the game show, presented by Leslie Grantham and Melinda Messenger, where contestants were set physical and mental challenges?","The game show is ""The Great British Bake Off"".",0, challenges,11513,0,11,0.07577532645324347,0.8545558452606201,-0.19279834798183337,455.4388427734375,99.87645955427391,0.08298634737730026,0.409912109375,1.2806633
399,Who presented Family Fortunes in the two years between Bob Monkhouse and Les Dennis?,The answer is: The answer is: The answer is: The answer is,0, Dennis,34627,0,7,0.22790517059814658,0.821606457233429,0.24678745654401268,517.7774047851562,119.27576558621884,0.12300264835357666,12.921875,2.2356813
400,For what did Einstien gat Nobel prize in Physics?,"The Nobel Prize in Physics, Chemistry, and Medicine was awarded to him for",0, Physics,27315,0,8,0.1797796440606571,0.8737044930458069,-0.10579767005396112,498.1900939941406,90.16196381313218,0.07152484357357025,5.640625,2.944139
401,Which planet has moons named after Shakespearean characters?,The planet with moons named after Shakespearean characters is Neptune. Neptune has a,0, characters,5766,0,11,0.03795018955349621,0.922212541103363,-0.25297348963638555,467.79693603515625,105.69024579436596,0.06796042621135712,2.130859375,3.316499
402,"Who was part man, part machine, all cop and hailed from a futuristic Detroit?",The answer is: The answer is: The answer is: The answer is,0, Detroit,19761,0,8,0.13006134161752317,0.8607697486877441,0.009160306792055373,409.7795715332031,54.66641755029627,0.11321049183607101,10.6328125,4.8584294
403,Who dubbed Miss Piggy's singing voice in The Muppet Movie?,The voice of Miss Piggy in The Muppet Movies was dubbed by the,0, Movie,13944,0,6,0.09177548441449031,0.8604397773742676,-0.05460208282015033,413.44207763671875,23.420556997270953,0.07816626876592636,5.39453125,3.0373294
404,"Who wrote the Bourne trilogy of books, made into movies starring Matt Damon?","The Bourne trilogy of books, made into movies starring Matt Damon, was",0, Damon,72249,0,6,0.47552258845829826,0.9099627733230591,0.3269240184754758,407.3853759765625,87.66612229792293,0.07392524182796478,0.011260986328125,1.2169869
405,"The Bible tells of 3 wise men visiting Jesus after his birth, but in which of the Gospels does this appear?","The 3 wise men are mentioned in the Gospel of Matthew. However,",1, appear,4994,0,7,0.03286910278011795,0.8893533945083618,-0.12293880566191095,538.1243896484375,111.78993101409603,0.05186913162469864,6.76171875,1.3209608
406,"Athos and Porthos are two of the 3 musketeers, name the other one.",Porthos,0, one,825,0,4,0.005429917860151643,0.8540231585502625,-0.5282705145231859,498.9974670410156,104.13014508941673,-0.0027586370706558228,2.240234375,3.1792607
407,What is the name of the small fifth claw called on the side of a dog's foot ?,The name of the small fifth claw called on the side of a dog's,0, foot,4478,0,5,0.02947293597304128,0.9506826400756836,0.27256264008788156,474.5089111328125,77.27132379897633,0.08255992829799652,2.66015625,3.5733168
408,What is the name of the plastic bit on the end of shoelaces?,"The plastic bit on the end of shoelaces is called a ""sh",0,aces,2434,1,4,0.016019903117101938,1.1008933782577515,-0.19501664636611915,452.6359558105469,104.53810789558362,-0.04182865470647812,4.5078125,5.6147833
409,The river Danube flows into which sea?,The river Danube flows into the Black Sea.,1, sea,9396,0,4,0.06184182813816344,0.8861750960350037,-0.33886076449305724,515.7245483398438,98.97990527165973,0.08048989623785019,5.04296875,1.4744326
410,Anna Nicole Smith was controversially married to which oil billionaire?,A. A. A. A. A. A. A. A,0, billionaire,46694,0,12,0.30732676916596463,0.9806384444236755,0.27130870455497913,430.2895202636719,57.64871374482674,0.12072070688009262,11.3515625,2.9675798
411,Wayne Rooney scored his first senior goal against which club?,2017-09-15,0, club,6335,0,5,0.04169518744734625,0.8844920992851257,-0.22296864904763414,421.7667541503906,50.79834013938927,0.0724099650979042,1.4033203125,1.1828555
412,How meny times have Liverpool won the Europion Cup?,Liverpool have won the Europion Cup 1 time.,0, Cup,10861,0,4,0.07148404591406908,0.902894139289856,-0.12480476268169216,534.4652709960938,82.75813019534047,0.08151950687170029,0.65185546875,2.4339707
413,The Sign Of Four was a detective story written by which author?,The Sign Of Four was written by which author? The answer is: The,0, author,3150,0,7,0.02073241364785173,0.9053699374198914,-0.12674790720207962,471.13629150390625,94.65637004683832,0.0733213797211647,0.50537109375,1.6379073
414,Who was the author of 'The Old Curiosity Shop'?,The author of 'The Old Curiosity Shop' is Robert Louis Stevenson.,0, Shop,14028,0,5,0.09232834877843303,0.8663586974143982,-0.08006605079758389,306.9189453125,17.43126248862596,0.08732414990663528,0.360107421875,0.9137457
415,In which sport or pastime can you see nose walking?,"The answer is: ""Nose walking"" is a term used in the",0, walking,11435,0,8,0.07526195240101095,0.8149372935295105,-0.019292598554024654,564.532470703125,138.66244447039375,0.0832197293639183,9.3125,5.6951294
416,What sport or pastime would you be playing if your balls were black and blue and your opponent's were red and yellow?,Cricket,0, yellow,13753,0,7,0.09051837615838247,0.8272805213928223,-0.24197059426990508,482.572509765625,103.10239658024804,0.12274312973022461,2.044921875,4.7961016
417,The age of the railway began in which year with the introduction of the Liverpool-Manchester line?,1899,0, line,1555,0,5,0.010234572451558552,0.9657913446426392,-0.3108816092639257,476.5472106933594,68.69102486431919,0.0522591695189476,3.82421875,0.84246844
418,Who played Frankenstein in the 1994 film of the same name?,The 1994 film of the same name was directed by Robert,0, name,829,0,5,0.005456244734625105,0.8974736332893372,-0.4841769543220291,514.6165771484375,71.65035330214016,-0.012446104548871517,0.11346435546875,1.4841576
419,Who was the first person to sell one million records?,The first person to sell one million records was the first person to sell one,0, records,7424,0,8,0.04886267902274642,0.9249054789543152,-0.09685714158443126,477.4228210449219,85.66861958924763,0.07820860296487808,7.078125,3.1897156
420,"In Greek mythology, where do righteous souls go after death?","The righteous souls go to the afterlife, which is the underworld.",0, death,4545,0,6,0.029913911120471776,0.8901820182800293,-0.15093777326202007,438.13214111328125,116.79238803392774,0.04739426076412201,0.74853515625,3.243709
421,What is the scientific name given to tea?,"The scientific name for tea is ""Camellia"" or ""Camell",0, tea,15243,0,4,0.10032513689974726,0.8614393472671509,0.11977633867701254,396.6478576660156,15.762628806911938,0.06383772194385529,10.53125,3.7204638
422,"In the 1999 film Stuart Little, who plays the part of Mrs Eleanor Little?","The answer is: 1999 film Stuart Little, the part",0, Little,14671,0,7,0.09656039385004213,0.8510144352912903,-0.1820020810234837,421.1049499511719,72.06834692669727,0.04301588982343674,5.87109375,1.7721399
423,Suger Mice was a 1987 single for which British rock band?,Suger Mice was a 1987 single for the British,0, band,7055,0,5,0.046434024852569505,0.9170174598693848,-0.3797880897732555,499.6451721191406,90.91647136583597,0.08814536780118942,0.08245849609375,1.7646714
424,In which decade were ZIP codes introduced in the USA?,The first ZIP code was introduced in the United States in 190,0, USA,7279,0,4,0.047908329823083406,0.8779060244560242,-0.1307792347977026,508.1042175292969,117.73855961400837,0.04807542264461517,4.796875,1.1037339
425,What are the shape-shifting foxes of the Japanese folklore?,"The shape-shifting foxes of the Japanese folklore are known as the """,0, folklore,97869,0,9,0.6441462194608256,0.8859732151031494,0.19053072480873556,431.3249816894531,67.27445374010115,0.0756620392203331,2.787109375,2.6617084
426,In Greek mythology who was the twin of Polydeuces?,The twin of Polydeuces in Greek mythology is Ares. Ares,0,uces,62271,1,4,0.409850200084246,1.1895949840545654,-0.11675521081254425,466.4290466308594,75.24559535460291,-0.022833604365587234,4.3515625,2.4300447
427,Which film features the Dawes Tomes Mousley Grubbs Fidelity Fiduciary Bank?,The film that features the Dawes Tomes Mousley Grubbs,0, Bank,8547,0,5,0.05625394903117102,0.8819316029548645,-0.21954825123042232,496.90789794921875,80.37397061013546,0.07283710688352585,8.171875,0.6050199
428,What is Robin Williams character called in Good Morning Vietnam?,Robin Williams is known as Robin Williams in the Good Morning Vietnam series.,0, Vietnam,22500,0,8,0.1480886689132266,0.8690748810768127,0.07471917856697718,493.63165283203125,105.99290272157319,0.08507727831602097,9.3125,5.0772514
429,Who plays Cruella de Vil in the 1996 live action version of 101 Dalmations?,The 1996 live action version of 101 D,0,ations,804,1,6,0.005291701769165965,1.074239730834961,0.14639540276176577,338.74468994140625,13.692757456003996,-0.03717172518372536,3.17578125,1.8887053
430,Who stars in the 2008 movie Seven Pounds?,The 2008 movie Seven Pounds stars the following actors:,0,ounds,3095,1,5,0.020370419123841618,1.11375892162323,-0.20863847832085236,535.9014892578125,95.51972861338281,0.014760565012693405,1.783203125,1.1088206
431,Marilyn Monroe starred in the Seven Year Itch. Who directed it?,The film was directed by Robert Zemeckis.,0, it,432,0,3,0.0028433024431339512,0.8265233039855957,-0.9879039829898231,461.5234069824219,90.58701131439287,0.021367091685533524,2.35546875,2.9870868
432,On Red Nose Day 2001 who won Celebrity Big Brother?,The winner of the first season of the series was the first winner of the,0, Brother,26348,0,8,0.17341512215669755,0.9417404532432556,-0.2631962716194578,408.3174133300781,23.049373959857977,0.03338989242911339,0.607421875,2.6688845
433,What is the name of the London Underground station in EastEnders?,London Underground station in EastEnders is called the East End Station.,0,ers,388,1,3,0.0025537068239258635,1.1024187803268433,0.16287889586719517,404.14654541015625,14.058286292939556,0.006045933812856674,1.98046875,4.492716
434,How many runs did Donald Bradman score in his last ever test match innings?,100,0, innings,35000,0,8,0.23036015164279697,1.0123543739318848,-0.2578845674081638,491.01739501953125,70.02773604482186,0.14273284375667572,5.125,0.3955826
435,"Nicknamed the cannibal, who is the only rider to have won all three jerseys in the same year in the Tour de France?",The answer is: The answer is: The answer is: The answer is,0, France,9625,0,7,0.06334904170176917,0.8548938632011414,0.001365099469681219,417.1016540527344,25.334913768483894,0.05361100286245346,0.279541015625,2.2271278
436,Whose arch nemisis is the Red Skull?,"The Red Skull is a character from the anime and manga series ""One Piece",0, Skull,60791,0,6,0.40010925652906487,0.9571608901023865,-0.09711338416311976,503.88848876953125,107.51506930668121,0.09453156590461731,8.15625,1.7017357
437,By what name is comic book villain Oswald Chesterfield Cobblepot better known?,The answer is Cobblepot.,1, known,3881,0,6,0.025543649957877,0.8896742463111877,-0.0866653246811806,526.728759765625,108.6786340852986,0.0734713226556778,0.003864288330078125,3.606783
438,"First appearing on TV in 1967, which detective solved all of his crimes sitting down?",The detective who first appeared on TV in 1967 and solved,0, down,1495,0,5,0.009839669334456614,0.9351670742034912,-0.27903800397690537,482.77001953125,81.54936346752376,0.02710755169391632,4.234375,1.8557925
439,How many times was Wyatt Earp shot?,1,0, shot,6552,0,5,0.04312342038753159,0.9534695148468018,-0.10963549255500338,390.5346984863281,27.826098519083573,0.04277928173542023,3.7578125,0.5063372
440,Which famous cowboy was created by George W. Trendle?,A. John Wayne,0,le,273,1,2,0.0017968091828138163,1.00899338722229,-0.09560105233497351,500.4332580566406,87.51846690028415,0.01304310467094183,1.4501953125,2.194989
441,"The pub with the longest name in the UK has how many letters in it? 55, 75 or 95?",95,0,5,20,1,1,0.00013163437236731254,0.8250285983085632,-0.7249429368463605,516.7216186523438,91.59775666991561,0.07616303861141205,0.308837890625,0.31878653
442,Which movie starred Michael Caine as a murderous transvestite psychiatrist?,A. The Godfather,0, psychiatrist,72869,0,13,0.4796032540016849,0.9389094114303589,0.023871120930254452,413.6428527832031,59.77620754155274,0.11863277107477188,10.9296875,1.3999242
443,"In 1961, who famously scored six goals in a match but still ended up on the losing team in a FA Cup tie?",The answer is: 1961 FA Cup tie between Manchester United,0, tie,18131,0,4,0.11933314026958719,0.9120451211929321,0.011762524066378788,441.59808349609375,32.57979135194333,0.09913024306297302,4.2421875,1.582755
444,Which economist wrote The Wealth Of Nations?,Adam Smith,1, Nations,19140,0,8,0.12597409435551812,0.9675301313400269,0.08570924307662153,452.98138427734375,85.34889323601193,0.03891858458518982,0.3251953125,2.1161046
445,Macbeth belonged to which royal house or dynasty?,The answer is the House of Glamis.,0, dynasty,66846,0,8,0.43996156276326875,0.9149235486984253,-0.3305907590344974,468.59356689453125,91.4427757337354,0.13073381781578064,1.0224609375,2.1055257
446,"Was James II known as: James The Bald, Fiery Face, or The Red King?",The Red King,0, King,6210,0,5,0.040872472620050546,0.8003839254379272,-0.07568775733515754,422.8045654296875,91.37464663441062,0.08467988669872284,2.763671875,0.5297848
447,"In Harry Potter And The Goblet Of Fire, which dragon did Harry have to defeat?",The Goblet of Fire,0, defeat,18019,0,7,0.11859598778433024,0.9413248300552368,-0.1252499682892343,467.9431457519531,83.87379099408841,0.1002131849527359,3.3671875,1.5654097
448,What is the full name of the train robber played by Phil Collins in a 1988 movie?,The full name of the train robber played by Phil Collins in a 1,0, movie,5700,0,6,0.03751579612468408,0.831399142742157,-0.1890175672011476,426.8807067871094,41.378698343162554,0.11236336827278137,0.59912109375,4.5036454
449,Tony Hadley was the lead singer with which 1980s new romantic band?,1980s new romantic band,0, band,7055,0,5,0.046434024852569505,0.9170174598693848,-0.3797880897732555,473.8164978027344,69.21766574951069,0.1029084324836731,1.673828125,2.2948492
450,What was the surname of the butler played by Gordon Jackson in Upstairs Downstairs?,The butler played by Gordon Jackson in Upstairs Downstairs is named **,0,stairs,30134,1,6,0.19833350884582981,1.114425539970398,-0.07063689754363267,459.7020568847656,63.31083098527192,0.027368750423192978,0.0011081695556640625,4.5580735
451,Which Jackson appeared in Celebrity Big Brother in January 2009?,The answer is Jackson. The answer is Jackson. The answer is Jackson.,0,9,24,1,1,0.00015796124684077506,0.8235905766487122,-0.6596008478451929,534.3092651367188,80.25400278929267,0.010974266566336155,1.8203125,3.8489206
452,Who was the seventh president of the United States?,The seventh president of the United States was Grover Cleveland.,1, States,4180,0,7,0.027511583824768322,0.9843542575836182,-0.106940932046657,450.6372375488281,67.43749557068217,0.023391012102365494,0.0428466796875,1.2274666
453,"In which country are the Angel Falls, the highest waterfall in the world?",The Angel Falls are located in the country of Uganda. The highest waterfall in,0, world,1879,0,6,0.012367049283909014,0.9529551863670349,-0.33841352023851057,485.39306640625,103.69655155885881,0.01875348389148712,0.1131591796875,1.9171183
454,"The 1955 comedy movie We're No Angels centred on three escaped convicts. Peter Ustinov and Aldo Ray were two, but who played the third?",The third character in the movie was played by a man named George Clooney,0, third,4843,0,6,0.031875263268744736,0.9306179285049438,-0.36633198947263557,491.203369140625,30.88204630317926,0.03673093020915985,0.492919921875,1.5773643
455,Who played King Arthur in the 1967 musical film Camelot?,"1967 Camelot musical film directed by Robert Aldrich,",0,ot,354,1,2,0.002329928390901432,1.0172855854034424,-0.1822856775736561,472.3367004394531,71.23086278271369,-0.022453662008047104,0.169677734375,1.8602295
456,Which country grows the largest number of mangoes?,India,1,es,288,1,2,0.0018955349620893007,1.1390438079833984,0.2517753087040946,478.8966369628906,72.59343311203673,-0.007118799723684788,0.42578125,3.1042676
457,Ecuador has a border with Peru and which other country ?,Peru,0, country,3146,0,8,0.020706086773378266,0.8689674735069275,-0.1793005214443295,479.9303894042969,99.67758581933427,0.07948648929595947,0.1551513671875,2.3979151
458,"In 2009, who was convicted of the murder of Lana Clarkson?",The person who was convicted of the murder of Lana Clarkson in 20,0, Clarkson,93194,0,9,0.6133766849199663,1.0701284408569336,0.16054499326518012,439.5376892089844,84.75602932379394,0.038439471274614334,6.41796875,1.437218
459,"The left side of the heart pumps blood to all parts of the body, but the right side pumps blood to which organ in particular?",The right side of the heart pumps blood to the lungs. This is because,1, particular,3953,0,11,0.026017533698399327,0.9208462834358215,0.014840815766363757,493.1302490234375,148.23199338077478,0.015189632773399353,5.515625,1.1736431
460,Which cartoon character lives in a pineapple under the sea?,The answer is: The answer is: The answer is: The answer is,0, sea,9396,0,4,0.06184182813816344,0.8861750960350037,-0.33886076449305724,409.6687927246094,45.06597258136405,0.08580151945352554,0.77783203125,3.2028143
461,"Which serial killer hanged himself in Wakefield Prison in January 2004, four years after being found guilty of 15 murders?",1001,0, murders,41986,0,8,0.2763400379106992,0.8889564275741577,0.3686762625307569,454.8699645996094,66.91755990350407,0.13583216071128845,1.458984375,2.4381545
462,What public school did the Duke of Edinburgh and Prince Charles attend?,"The Duke of Edinburgh and Prince Charles attended the University of Cambridge, where they",0, attend,9417,0,7,0.061980044229149114,0.9322242140769958,-0.03507910198561026,450.69036865234375,99.73258343413835,0.07474222034215927,3.341796875,1.7704005
463,"If it was Phil Mickelson in 2006, Zach Johnson in 2007, and Trevor Immelman in 2008, who was it in 2009?",The answer is Zach Johnson.,0,9,24,1,1,0.00015796124684077506,0.8235905766487122,-0.6596008478451929,516.7988891601562,93.98133820255516,0.012626844458281994,0.0183258056640625,5.0238113
464,Red Stripe lager comes from which country?,The Red Stripe lager comes from the United States.,0, country,3146,0,8,0.020706086773378266,0.8689674735069275,-0.1793005214443295,456.29046630859375,111.51367614824545,0.07205969095230103,2.2109375,3.584934
465,Which architect was known as the Wizard of the Dome?,The Wizard of the Dome is a term used to refer to the architect who,1, Dome,68445,0,5,0.45048573083403537,1.0216310024261475,-0.1081216913519576,440.79962158203125,82.90917560189114,0.0647607147693634,8.3515625,2.164085
466,What is the name of the Salvador Dali painting that shows clocks oozing over a landscape?,"The painting is ""The Persistence of Memory"" by Salvador Dali.",1, landscape,18414,0,10,0.12119576663858467,0.8841536641120911,0.2534146815265901,431.7494812011719,88.63391981233188,0.11290045827627182,6.69921875,2.3265193
467,In what year did Edward Vlll abdicate?,1837,0,icate,8463,1,5,0.055701084667228305,1.1197048425674438,-0.09027055220843128,396.1951904296875,27.40204171197682,-0.01752101257443428,0.0023021697998046875,0.69504666
468,Which well known couple live at Bagshot Park in Surrey?,"Bagshot Park in Surrey is home to the famous couple, the Huns",0, Surrey,66964,0,7,0.4407382055602359,0.9980059862136841,-0.0500950655064476,398.9126892089844,71.59460462015403,0.09696030616760254,10.9765625,2.0765991
469,Which notorious murderer lived at 10 Rillington Place?,A. John Doe,0, Place,10771,0,6,0.07089169123841617,0.923361599445343,0.019073194815971917,489.18084716796875,67.9706928506372,0.038178570568561554,2.86328125,1.0436218
470,Who killed Lee harvey Oswald?,The answer is that the person who killed Lee Harvey Oswald was a man named,0, Oswald,89350,0,7,0.5880765585509689,1.0169464349746704,0.19651127402187996,416.367431640625,104.7081893647074,0.0806320309638977,13.7109375,3.073863
471,Who killed Robert F Kennedy?,Robert F. Kennedy was killed by a terrorist attack in 196,0, Kennedy,23651,0,8,0.15566422704296545,0.8686637878417969,0.12817366094849403,365.30328369140625,48.77508158060354,0.12482534348964691,5.421875,2.8274004
472,Who killed Jean Paul Marat?,The answer is that the person who killed Jean Paul Marat was a French,0,at,266,1,2,0.0017507371524852569,0.990024209022522,-0.3181481757684108,429.9478759765625,70.39015583263628,0.05265970528125763,2.20703125,2.5714145
473,What was the name of the kangaroo often mistaken by Sylvester the cat to be a giant mouse?,"The answer is ""Sylvester the Cat and the Kangaroo."" The",0, mouse,8644,0,6,0.05689237573715249,0.8421898484230042,0.0531396107349722,446.3795471191406,67.20952652103843,0.1021081879734993,7.17578125,3.6909838
474,Gjetost is the national cheese of which country?,The answer is: Gjetost is the national cheese of the country of,0, country,3146,0,8,0.020706086773378266,0.8689674735069275,-0.1793005214443295,494.90936279296875,139.54395358227072,0.06808722019195557,0.548828125,4.1239743
475,A youngberry is a cross between a dewberry and what else?,The answer is dewberry. But why? Because dewberries are dewberries,0, else,770,0,5,0.005067923336141533,1.0147582292556763,-0.5216300673900682,466.9573974609375,116.18139683519537,0.02212776057422161,4.5390625,5.0748205
476,Who is Arthur Wellesley better known as?,Arthur Wellesley,0, as,438,0,3,0.002882792754844145,0.831695020198822,-0.6319898743335868,531.3662109375,115.44684598007755,0.04021007940173149,0.55322265625,2.7615478
477,Which town in East Sussex now stands on the site of the battle of Hastings?,A,0, Hastings,78744,0,9,0.518270850884583,1.0360859632492065,-0.09084717855244495,406.96026611328125,43.951911427572895,0.058131955564022064,3.0078125,3.5526075
478,"Which 1986 Peter Weir movie and based on a Paul Theroux novel starred Harrison Ford, Helen Mirren and River Phoenix?",The answer is The Godfather.,0, Phoenix,22672,0,8,0.14922072451558552,0.858662486076355,-0.21935364902970989,430.9943542480469,69.99904268853149,0.05995704606175423,1.69140625,1.4408051
479,What is the name of CS Lewis' 7 book fantasy?,"The answer is ""The Chronicles of Narnia"".",1, fantasy,18378,0,8,0.12095882476832351,0.8344912528991699,0.25695266594997346,504.83966064453125,54.22431728593726,0.12565958499908447,9.0078125,3.5912054
480,Name the tv series about FBI agent Don Eppes and his mathematical genius brother Charlie,"The answer is ""The Office"" series.",0, Charlie,24927,0,8,0.1640625,0.8573223948478699,-0.04016869703945325,471.1015625,112.30963314829906,0.07880724221467972,6.7109375,1.9020665
481,All children except one grow up.,The one who is not growing up is the one who is not a child,0, up,705,0,3,0.004640111625947767,0.9336859583854675,-0.3059673122523341,559.2747802734375,112.79597955128418,-0.0017291707918047905,0.51611328125,3.9802618
482,"Scarlett O'Hara was not beautiful, but men seldom realised it when caught by her charm as the Tarleton twins were",The answer is Tarleton. The question is asking for the name of the,0, were,1033,0,5,0.006798915332771693,0.8746953010559082,-0.4072044129244854,564.2535400390625,122.28502021067527,0.025732772424817085,2.974609375,1.812239
483,Which horse racing jockey was sometimes referred to as the long fellow?,A. D. B. C. D. E. F. G,0, fellow,12357,0,7,0.08133029696714406,0.8976233601570129,0.2209498370994667,502.53399658203125,120.10450836773366,0.08613350987434387,11.71875,1.943936
484,Who is the patron saint of lost causes?,The patron saint of lost causes is the person who is believed to have helped,1, causes,11137,0,7,0.07330060025273799,0.902530312538147,-0.19253279240071164,459.7041015625,141.38810565308293,0.07168985903263092,2.58984375,3.7216887
485,True or False: Sharks do not blink?,False,0, blink,33131,0,6,0.21805891954507162,0.9419312477111816,0.5210669844460001,429.0071105957031,64.56282364027797,0.08669392764568329,8.546875,0.96883875
486,Which `B` was the name of the mechanical shark used in the original `Jaws` film?,The mechanical shark used in the original Jaws film was named B.,0, film,4531,0,5,0.02982176705981466,0.8763630390167236,-0.40874235784281776,438.8232421875,51.43989224304531,0.11014264076948166,2.2421875,2.086557
487,"The American legal drama Shark ran from Sept 06 to May 08. Who starred in the title role, playing Sebastian Stark?",The answer is: Sebastian Stark is played by the actor who starred in the,0, Stark,46749,0,6,0.3076887636899747,0.9565290212631226,-0.16885880802097253,478.3699645996094,92.5967320763106,0.059022895991802216,7.45703125,1.4553154
488,Which Italian fashion designer was shot dead on the steps of his Miami mansion in 1997?,The answer is: The Italian fashion designer is: \boxed{D},0,7,22,1,1,0.0001447978096040438,0.8055615425109863,-0.7738980813691656,486.3875427246094,83.92174850334324,0.0067066047340631485,2.20703125,2.6286054
489,Who was famous for popularising the 'little black dress' in the 1920s?,The answer is: The answer is: The answer is: The answer is,0,s,82,1,1,0.0005397009267059814,1.262776255607605,1.761360605413806,508.5477294921875,85.6619812660388,-0.02876392751932144,0.023529052734375,1.3292636
490,Who designed Madonna's wedding dress for her marriage to Guy Ritchie?,The wedding dress for Madonna's marriage to Guy Ritchie was designed by the,0,ie,645,1,2,0.0042452085088458295,1.0452502965927124,-0.14019768207706162,388.3210754394531,46.08364124421888,-0.004424672573804855,0.0017833709716796875,2.396524
491,"Meryl Streep's character, Miranda, in the 2006 film The Devil Wears Prada was based on the editor-in-chief of which fashion magazine?","The answer is: The editor-in-chief of the fashion magazine ""Vogue",1, magazine,14418,0,9,0.09489521903959562,0.8872767686843872,-0.10787629476263838,449.5968933105469,63.170591527287044,0.12686395645141602,3.166015625,1.3515909
492,"In the TV show Camberwick Green, who lived in Colly's Mill?",The answer is: Colly's Mill is a small village in the north,0, Mill,8220,0,5,0.05410172704296546,0.8447584509849548,-0.16274443799704397,510.06671142578125,64.78690172779712,0.11698427051305771,9.859375,3.134698
493,Which part of the human body produces insulin?,The pancreas,1, insulin,31052,0,8,0.20437552653748947,0.8414855003356934,0.05934352242964991,427.99139404296875,43.170465463523094,0.13541603088378906,3.654296875,1.7554834
494,Who played Dr. Doug Ross on the TV show E.R.?,The answer is: The actor who played Dr. Doug Ross on E.R,0,.R,2013,1,2,0.013248999578770009,0.7638834714889526,-0.12632770222298095,605.7586059570312,113.4545539960444,0.09336087107658386,5.32421875,2.2693388
495,Who played the role of Kate Flax in the 1990 film Mermaids?,The role of Kate Flax in the 1990 film Mer,0,maids,97150,1,5,0.6394139637742208,1.1380369663238525,0.15975008720418593,440.5904846191406,71.05258184392189,0.07596582919359207,2.037109375,0.9151472
496,Who played the character Mrs. Merton on TV?,The character Mrs. Merton was played by actress Jennifer L. Mott,0, TV,5883,0,3,0.03872025063184499,0.7787736058235168,-0.2503361560852735,361.8530578613281,2.3640104797323875,0.03821226581931114,5.66015625,1.7195791
497,What nationality was three time Olympic gold medallist in figure skating Sonja Henie?,A,0,ie,645,1,2,0.0042452085088458295,1.0452502965927124,-0.14019768207706162,478.7027893066406,88.73987448137558,-0.013777649030089378,4.16796875,2.504336
498,At which Winter Olympic host city would you find the Cresta Run?,"A) London, UK",0, Run,6452,0,4,0.042465248525695026,0.8984140753746033,-0.07537454942734545,530.5812377929688,64.63511124929626,0.05617736279964447,7.88671875,2.2022967
499,What kind of an animal is a wireworm?,A wireworm is a type of worm that lives in the soil and is,0,worm,55641,1,4,0.3662134056444819,1.1161435842514038,0.030133067986764406,431.2271728515625,90.95249206108825,0.07268109917640686,2.677734375,1.9279971
500,What are the flat treeless plains of Argentina called?,The flat treeless plains of Argentina are called the Andes. The And,0, called,2598,0,7,0.0170993049705139,0.9118424654006958,-0.3439820312220321,457.898193359375,121.6907233250182,0.05119702219963074,4.125,2.9664092
501,Which Canadian born  actress was the star in the movie Barb Wire?,A. A. S. H. S. H. S. H,0, Wire,19378,0,5,0.12754054338668913,0.8980281352996826,0.03415128275037871,502.4040222167969,81.05196365474386,0.05963331460952759,7.40234375,1.6275603
502,"Which 2004 ""puppet"" movie, made by the makers of South Park, satirises Americas politics and jingoism?","The answer is ""The Lion King"".",0,ism,2142,1,3,0.014098041280539174,1.1082669496536255,0.037183165987205946,464.7592468261719,95.52769908435073,-0.001133706420660019,0.050384521484375,2.0781772
503,"Which river originates in the Taurus Mountains, and flows through Syria and Iraq?","The Taurus Mountains are located in Turkey, and the Taurus River flows",0, Iraq,11093,0,5,0.07301100463352991,0.8440718054771423,0.21590395116993166,446.0065612792969,74.39411165602033,0.08408501744270325,3.326171875,2.1955736
504,"Following success at the 1979 election whose party conference speeech included the lines 'you turn if you want to, the lady's not for turning'?",The party that was formed after the 1979 election is the,0, turning,13054,0,8,0.0859177548441449,0.8922571539878845,0.1315466678371502,619.18603515625,96.89803682023442,0.04858352988958359,8.4765625,2.1081102
505,"In the run up to the 1997 election, Tony Blair outlined his parties' three priorities for office, can you name them?","The three priorities are economic development, social welfare, and environmental protection.",0, them,1105,0,5,0.007272799073294018,1.0309818983078003,-0.5688212401847279,487.74298095703125,141.97277243495245,0.045256201177835464,1.8330078125,2.7869108
506,Which snooker player was simply known as 'The Grinder'?,The Grinder,0, Grinder,68500,0,8,0.4508477253580455,1.0226820707321167,0.1832851865808962,465.45220947265625,115.75828331048405,0.11288819462060928,9.8125,1.2600791
507,Which former West Indian fast bowler was known as 'Whispering Death'?,A,0, Death,15911,0,6,0.1047217249368155,0.8748023509979248,-0.3222007401129261,504.113037109375,97.93813405625211,0.058952271938323975,7.69921875,3.8047185
508,Which Eastenders character had a dog called Willy?,A dog named Willy,0,ly,398,1,2,0.00261952401010952,1.1134384870529175,1.5837661361661208,527.7549438476562,92.95259518649522,0.0145373260602355,0.044464111328125,2.69493
509,In which year did the first episode of Minder take place?,1999,0, place,1992,0,6,0.01311078348778433,0.9991922974586487,-0.25466052702916286,454.97650146484375,109.82676108402542,0.0012462041340768337,0.008636474609375,0.4855153
510,What was the name of the cat in Rising Damp?,"The cat in Rising Damp is named ""Milo."" It's a",0,amp,1121,1,3,0.007378106571187868,1.0185050964355469,0.046578814205232355,394.6365661621094,3.1236053560289285,-0.041700467467308044,6.58984375,3.7056723
511,"Which comedy written by Johnny Speight which first aired in 1965, featured a fervent West Ham supporter?","The answer is ""The Football Club"" (1965).",0, supporter,36463,0,10,0.2399892059814659,0.9349970817565918,0.054550455441614076,484.3030700683594,80.67154460658811,0.08874136954545975,3.62890625,2.8538008
512,"What was the name of the comedy written by Ray Galton, Alan Simpson which aired 57 episodes?","The answer is ""The Great Gatsby"" by Ray Galton and Alan",0, episodes,17770,0,9,0.1169571398483572,0.8754111528396606,-0.002703134087962855,466.8033447265625,54.99106052389405,0.1212640330195427,2.462890625,1.6338776
513,Bonar Law is the only Prime Minister not born in the UK. In which country was he born?,The answer is: United Kingdom.,0, born,9223,0,5,0.060703190817186184,0.9297081828117371,-0.25476378804877964,452.87744140625,101.22625444689393,0.09819711744785309,0.022186279296875,1.8327448
514,Who lives in the Hundred Acre Wood?,The Hundred Acre Wood is a fictional place in the story of the Brothers,0, Wood,12131,0,5,0.07984282855939343,0.8084874749183655,0.15711514005646787,393.3766174316406,84.8488513691444,0.08300574123859406,2.466796875,1.6362562
515,"If you heard the catchphrase ""They're great"" what would expect to be advertised?","The answer is that the catchphrase ""They're great"" is used to",0, advertised,45741,0,11,0.30105439132266215,0.9115782976150513,-0.039297885537958877,530.6897583007812,149.93332045911632,0.0818999707698822,9.8203125,5.03761
516,How many times was Boris Becker runner-up in the Men's Singles at Wimbledon?,1,0, Wimbledon,90157,0,10,0.5933880054759899,0.9791794419288635,0.17613325300654958,413.3963623046875,11.879959734952447,0.13180860877037048,3.783203125,0.82015115
517,How many times did Steffi Graf win the Ladies Singles at Wimbledon?,1,0, Wimbledon,90157,0,10,0.5933880054759899,0.9791794419288635,0.17613325300654958,382.41754150390625,20.24220813546958,0.14149509370326996,3.90234375,0.8021512
518,"In which postcode area are the Wimbledon Championships held? SW15, SW17 or SW19?",The Wimbledon Championships are held in the postcode area SW17.,1,9,24,1,1,0.00015796124684077506,0.8235905766487122,-0.6596008478451929,440.5517883300781,70.78193935676003,0.05196598172187805,0.30419921875,1.5966073
519,Who did Top of the Pops mistakenly portray in a Dexys Midnight Runners song?,"The answer is: The song ""Dexys Midnight Runners"" was",0, song,5492,0,5,0.03614679865206403,0.8481494784355164,-0.2265060795595737,484.60540771484375,66.48342424647652,0.08564716577529907,3.3125,1.6469933
520,What story introduced the Cybermen?,The Cybermen are a fictional group of cybernetic beings who have been,0,men,5676,1,3,0.037357834877843304,1.0440529584884644,-0.19107567314984975,425.10003662109375,74.42121987254474,0.015567975118756294,6.8359375,1.3738444
521,Who played the tenth Doctor?,The tenth Doctor was played by John Patrick in the 2005,0, Doctor,18635,0,7,0.12265032645324347,0.825022280216217,0.030814685978541423,302.3287658691406,2.196994490522841,0.05184002220630646,6.84765625,2.2808273
522,"How many Rings of Power were there, in total?",1000,0, total,2790,0,6,0.018362994945240102,0.8790782690048218,-0.41862763851899043,527.84375,143.79803592287416,0.012846305035054684,0.9306640625,0.8583521
523,Which common colour can also be known as heliotrope?,heliotrope,0,pe,375,1,2,0.0024681444818871103,0.9935935735702515,0.086307373464376,490.0960693359375,118.40750053632684,0.002307330258190632,0.002803802490234375,4.655241
524,Which golf shot is the opposite of a slice?,"A slice is a golf shot that is a short, forward swing, and",0, slice,15983,0,6,0.10519560867733782,0.8954135179519653,0.34119219972894665,401.3765563964844,26.49948221376771,0.08192171156406403,5.078125,2.5819948
525,Which actress left Eastenders for Hollywood only to flop as The Bionic Woman?,A. A. S. D. B. B. C. D,0, Woman,24511,0,6,0.1613245050547599,0.9218077659606934,-0.10793481897403234,475.62811279296875,71.85225180713928,0.053182076662778854,1.0947265625,1.5843315
526,"In Only Fools And Horses, Rodney Trotter shares his middle name with which London football club?",The answer is: London,0, club,6335,0,5,0.04169518744734625,0.8844920992851257,-0.22296864904763414,462.0859375,105.65422339702069,0.080703966319561,0.0811767578125,2.881244
527,"How were Dr Stantz, Dr Spengler and Dr Venkman better known in the 1980's?","The three were known as the ""Three Doctors"" in the 19",0,'s,594,1,2,0.003909540859309182,0.9072051048278809,-0.7490315487002692,535.6099243164062,120.134195920453,0.027306636795401573,4.22265625,3.2939363
528,General Charles de Gaulle was French President 1959 to 1969. Who succeeded him?,General Charles de Gaulle was French President 1959 to,0, him,1435,0,4,0.009444766217354676,1.0190966129302979,-0.25354624439819373,523.0171508789062,80.49518473790842,0.034114591777324677,0.07537841796875,3.1533184
529,"When Mr Benn was looking for an adventure, what type of shop did he visit?",The answer is a shop that sells books.,0, visit,3947,0,6,0.02597804338668913,0.9268406629562378,-0.10579049140065067,478.3131408691406,118.0606387457408,0.04228424280881882,2.21484375,3.227537
530,"What is the name of the enzyme usually added to milk to coagulate it, to make ""curds and whey""?","The enzyme usually added to milk to coagulate it, to make """,0,y,88,1,1,0.0005791912384161752,1.0711365938186646,1.0202628508646345,532.1968994140625,119.30121509018065,-0.013496797531843185,0.0009546279907226562,2.2449586
531,Which cheese shares its name with a Guiness Premiership rugby team that play at Welford Road?,A,0, Road,9536,0,5,0.06276326874473462,0.8531121611595154,-0.08259942276755172,514.6201171875,40.18507066711825,0.10269628465175629,2.96484375,3.4931648
532,Where in London were the first escalators installed in 1898?,The first escalator in London was installed in 1898 at,0,8,23,1,1,0.00015137952822240943,0.8185009360313416,-0.7890327279855702,519.340087890625,95.77181378595014,0.04883141070604324,2.318359375,2.375239
533,"In what year was the first episode of Doctor Who broadcast? 1959, 1963 or 1967?",1963,1,7,22,1,1,0.0001447978096040438,0.8055615425109863,-0.7738980813691656,425.3298034667969,77.23216681048484,0.05969933420419693,1.6064453125,0.9986545
534,What is the name of the company that owned the spaceship Red Dwarf?,The company that owned the spaceship Red Dwarf is known as the Red Dwarf Company,1, Dwarf,79730,0,6,0.5247604254422915,0.953186571598053,-0.04982012701743832,460.3406982421875,84.80746285360601,0.05363417789340019,4.3046875,3.5813305
535,"Which character has been played by Jack Lord, Cec Linder, Rik Van Nutter, Norman Burton, David Hedison, John Terry, David Hedison and Jeffrey Wright?","The answer is: The character of the movie ""The Dark Knight"" has",0, Wright,26741,0,7,0.17600173757371526,0.9186462759971619,0.34994934622775764,496.6775207519531,99.78378472546686,0.04870232939720154,3.076171875,3.0185695
536,Name the magician who first introduced us to Basil Brush.,Basil Brush,0, Brush,32988,0,6,0.21711773378264532,0.9078624248504639,-0.14769286616219723,441.8682556152344,83.61371713094444,0.06425384432077408,7.33984375,2.6330087
537,Who was the only Prime Minister of Britain to be assassinated?,The only Prime Minister of Britain to be assassinated was Winston Churchill.,0,inated,15479,1,6,0.10187842249368155,1.0823562145233154,0.08412312045439041,470.0934143066406,76.63130865954929,0.010128200985491276,0.00023424625396728516,3.15769
538,What is the name of the chain of islands in the southwestern Philippines?,The chain of islands in the southwestern Philippines is called the Luzon Islands.,0, Philippines,25296,0,12,0.16649115417017693,0.9156097173690796,0.08135442523020009,435.38140869140625,62.23416632919225,0.0747615322470665,7.16796875,1.5588508
539,What was the name of the ferry that capsized after leaving Zeebrugge in 1987,The ferry that capsized after leaving Zeebrugge in 1,0,7,22,1,1,0.0001447978096040438,0.8055615425109863,-0.7738980813691656,458.57659912109375,79.82133382750415,0.024187058210372925,2.146484375,1.4794902
540,The Flying Pickets were a British vocal group who had Christmas no1 hit in 1983. What was the title of the song.,"The song was ""The Christmas Tree"" by the Flying Pickets.",0, song,5492,0,5,0.03614679865206403,0.8481494784355164,-0.2265060795595737,477.0634765625,70.97962606282702,0.08702532947063446,2.1171875,0.9137589
541,"In Risk, what colour is Europe?","Europe is a continent, and in Risk, the color is represented by the",0, Europe,4505,0,7,0.02965064237573715,0.8662627339363098,-0.17160764799822825,427.2523498535156,97.15718962491236,0.061857305467128754,12.2421875,2.882484
542,Which British band named themselves after a South African football team?,A: The band is The Clash,0, team,2083,0,5,0.013709719882055603,0.9486525654792786,-0.3551075505166228,460.41217041015625,63.53917891455811,0.05049964785575867,2.693359375,2.6185014
543,How many female P.Ms have there been?,100,1, been,1012,0,5,0.006660699241786015,0.8113823533058167,-0.41017780270789306,520.1957397460938,116.2089135980354,0.04772932827472687,0.041717529296875,0.4096773
544,"Newspapers come is various sizes, broadsheet being the largest, and tabloid being smaller, but what name is given to the smallest size.",A. A. A. A. A. A. A. A,0, size,1379,0,5,0.009076189974726201,0.9144174456596375,-0.39761019564382494,588.70654296875,129.65223305396304,0.03049689158797264,1.890625,3.1971612
545,Which wedding anniversary is celebrated with paper,"The paper is used to create a wedding anniversary card. So, the answer",0, paper,5567,0,6,0.03664042754844145,0.9576356410980225,-0.1749491380414816,454.874267578125,22.697033459835403,0.049240581691265106,9.3046875,2.662865
546,"Which American female rap artist, film & television actress release a song called Paper in 1998",The answer is: Paper,0,8,23,1,1,0.00015137952822240943,0.8185009360313416,-0.7890327279855702,534.8446044921875,92.58777082423993,0.03741876408457756,1.912109375,2.8018088
547,Who won the 2010 Giro D'Italia?,The winner of the 2010 Giro D'Italia was,0,alia,18848,1,4,0.12405223251895535,1.1316149234771729,-0.018815472284726464,429.05059814453125,4.517446153666178,-0.004627554211765528,0.07159423828125,1.9947796
548,"In the Commonwealth games in Delhi, which British athlete won the mens 200m gold medal?",The answer is: 1992 Olympic Games,0, medal,36612,0,6,0.24096988205560235,0.9295454621315002,0.19428273997800138,455.9474792480469,52.79952708068663,0.10515160858631134,0.7548828125,1.6434726
549,"Which singer picked up three Ivor Novello awards in May, including songwriter of the year for her hit single, The Fear?",A. Taylor Swift,0, Fear,41967,0,5,0.2762149852569503,0.8412055969238281,0.2107790412633399,390.63519287109375,31.03518658703993,0.02840534970164299,8.5625,1.8016454
550,Which American singer was born Eleanora Fagan?,A. Eleanora Fagan,1,agan,18345,1,4,0.12074162805391744,1.109094262123108,-0.09960450313516933,562.4578247070312,101.40704947889914,-0.01563163287937641,5.390625,0.77742684
551,Which famous woman in history had a cottage in Shottery in Warwickshire?,A. Mary,0,shire,14909,1,5,0.09812684288121314,1.2016171216964722,0.23789772235520035,458.8745422363281,68.11645491719322,0.09063678979873657,0.0002522468566894531,1.9756389
552,Who sang the theme song for the TV show 'Rawhide'?,The theme song for the TV show 'Rawhide' was sung by the,0,hide,8559,1,4,0.056332929654591406,0.9019449949264526,-0.21976723998651737,540.962646484375,115.7000939598395,0.036662399768829346,3.94140625,1.2829603
553,Which sea lies between Italy and the former Yugoslavia?,A,0, Yugoslavia,96777,0,11,0.6369589827295703,1.036861777305603,0.409265072593596,381.1575927734375,28.075558100891264,0.07644425332546234,1.1357421875,2.6022
554,In which country is the region Dalmatia?,Dalmatia is a region in the country of Croatia. It is,1,ia,685,1,2,0.004508477253580455,1.0303889513015747,0.0748951266726916,509.8764953613281,88.2428144009547,0.0005435850471258163,1.080078125,1.087439
555,Who was known as the Great Lover of the Silent Screen?,The Great Lover of the Silent Screen is a fictional character from the animated series,0, Screen,13948,0,7,0.09180181128896378,0.9438793659210205,-0.040258437667188396,471.82366943359375,107.38106370072066,0.0864909216761589,8.546875,1.4672407
556,"Which actor plays Cate Blanchett's father in the 2004 film ""The Missing"", a story set in 19th century New Mexico where the father works with estranged daughter Blanchett to get her kidnapped child back?",The actor who plays Cate Blanchett's father in the 20,0, back,1182,0,5,0.007779591406908172,0.9685403108596802,-0.2675161413156366,459.60955810546875,82.15752099678012,0.038354624062776566,5.8359375,1.5663447
557,How is Frances Gumm the actress better known?,She is known for her role as the lead in the 200,0, known,3881,0,6,0.025543649957877,0.8896742463111877,-0.0866653246811806,539.9890747070312,111.0364023117993,0.073768250644207,2.3203125,3.8584666
558,"Who won the Best Actress Oscar for the 1988 film, The Accused?","The Best Actress Oscar for the 1988 film, The Acc",0,used,2591,1,4,0.01705323294018534,0.9544076919555664,-0.26391197635795915,481.6109619140625,102.46215419427016,-0.029364440590143204,2.939453125,0.5377326
559,"Which  constellation contains many bright shining stars, such as Regulus?",A,0,ulus,19425,1,4,0.1278498841617523,1.1279501914978027,-0.03075431771134518,463.32208251953125,102.85088418565822,0.018534457311034203,0.2161865234375,3.312216
560,"Which London river, now flowing underground, rises in Hampstead, flows through St. Pancras, down Farringdon Street and enters the Thames by Blackfriars Bridge?",A,0, Bridge,19874,0,7,0.13080507582139847,0.8560502529144287,-0.13341205719808835,464.69683837890625,72.34989694901707,0.10568714886903763,1.0888671875,2.163836
561,-Day in 1944 was the greatest sea-bourn invasion in history. What was the code name for the operation?,The code name for the operation was Operation Overlord.,1, operation,5666,0,10,0.03729201769165964,0.9345173239707947,-0.07580713729380939,508.48468017578125,76.42808676702232,0.0647183284163475,1.962890625,3.4274683
562,On which island are the Cuillin Hills?,The Cuillin Hills are located on the island of Cuillin. The island,0, Hills,24919,0,6,0.16400984625105308,0.9973739981651306,-0.20714889766139954,499.9230651855469,61.80173248645109,0.03898746892809868,6.30859375,0.66502607
563,"Which dancer has only one notable film cameo, appearing with Sean Connery in the 1979 movie The First Great Train Robbery, breaking into a guarded station office.",The answer is Sean Connery.,0, office,5163,0,7,0.03398141322662174,0.8891286849975586,0.0032566517202505807,466.6114501953125,90.70447789040043,0.06616482138633728,8.5234375,1.625012
564,What was the first name of the character played by John Travolta in Saturday Night Fever.,The first name of the character played by John Travolta in Saturday Night Fever,0, Fever,83901,0,6,0.5522127737994945,0.9521020650863647,0.007924105621356592,438.66192626953125,50.54409420642698,0.018129583448171616,8.0390625,4.2788
565,In which 1969 movie did Michael Caine appear with his brother Stanley.,The answer is The Godfather.,0, Stanley,30452,0,8,0.2004264953664701,0.9147661328315735,0.04529478102069273,418.6407470703125,53.125201929762056,0.09363613277673721,8.46875,1.6032305
566,"In 1969, a man was stabbed to death by a member of the Hell's Angels at a Rolling Stones concert. Where was the concert held?","The concert was held at the Royal Albert Hall in London, England.",0, held,5644,0,5,0.037147219882055604,0.9631066918373108,-0.20576009877238688,485.3736572265625,114.61769084374998,0.04217706620693207,0.2449951171875,1.014623
567,"How long does it take, approximately, for light to travel from the Sun to the Earth?",The time it takes for light to travel from the Sun to the Earth is,0, Earth,9237,0,6,0.060795334877843304,0.8744907975196838,-0.2329366135254265,440.7763977050781,65.63910563472544,0.058678921312093735,0.7080078125,2.6470544
568,"A Long Island Iced Tea is a cocktail based on vodka, gin, tequila, and which other spirit?",The answer is tequila.,0, spirit,8913,0,7,0.05866285804549284,0.9418953061103821,-0.038023247656768344,424.642578125,42.79404220073442,0.08026731014251709,2.705078125,3.2921019
569,Anellini pasta is what type of shape?,The Anellini pasta is a type of pasta shape that is typically described,0, shape,6083,0,6,0.04003659435551811,0.9383596777915955,-0.2122869709964963,520.60986328125,128.45954693040284,0.07639405876398087,7.0390625,4.1769547
570,A Cuba Libre is based on which spirit,The answer is: Cuba Libre is based on the spirit of Cuban rum.,1, spirit,8913,0,7,0.05866285804549284,0.9418953061103821,-0.038023247656768344,423.3509216308594,57.315840992312296,0.07417074590921402,9.5,2.7339613
571,Which company were responsible for the production of the Spitfire?,The company responsible for the production of the Spitfire is the British Aircraft Corporation,0,fire,10796,1,4,0.07105623420387532,1.003917932510376,-0.06583577217121928,458.8360595703125,12.759709538741031,-0.028528187423944473,0.018585205078125,0.95144266
572,"The lyric Always sunny in a rich man's world', is from which song?","The song is ""Always Sunny 2"" by the band The Clash.",0, song,5492,0,5,0.03614679865206403,0.8481494784355164,-0.2265060795595737,490.2413635253906,78.41340983566708,0.10052905976772308,1.283203125,1.9187758
573,Who won the men's singles title at Wimbledon in 1987?,The men's singles title at Wimbledon in 1987 was won,0,7,22,1,1,0.0001447978096040438,0.8055615425109863,-0.7738980813691656,464.951171875,37.30350848137858,0.015414780005812645,2.2421875,2.2432961
574,Who made Victor Krum's wand?,"The wand was made by the wizard of the village of Krum, who",0, wand,28710,0,5,0.18896114153327717,0.971554160118103,0.1059043951664056,521.1342163085938,86.18405260937168,0.06799587607383728,11.8125,3.088933
575,What kind of creature is Firenze?,"Firenze is a city in Italy, known for its rich history, culture",0,nze,84449,1,3,0.5558195556023589,1.1694917678833008,-0.1785528926216049,560.3330078125,125.19563859058087,0.019043924286961555,4.38671875,2.565839
576,What building in Scotland is said to house the Holy Grail and features prominently at the end of The Da Vinci Code?,The answer is the Castle of the Holy Grail.,0, Code,6119,0,5,0.040273536225779276,0.9115473628044128,-0.07758290451841132,374.73455810546875,41.35236616749824,0.027252119034528732,0.006397247314453125,1.1383587
577,In which sitcom did Penelope Wilton play the wife of Richard Briers?,1. The Office 2. The Office 3. The Office,0,riers,17291,1,5,0.11380449663016007,1.1766300201416016,-0.050932649840705224,474.5718078613281,82.91808008641755,-0.0530506931245327,1.7021484375,1.3524026
578,Who plays the role of Bubble in Absolutely Fabulous?,The role of Bubble in Absolutely Fabulous is played by the character of Bubble,0,ulous,13540,1,5,0.0891164700926706,1.1970443725585938,-0.17690311663196212,428.6717529296875,57.75427383814914,0.016616158187389374,0.00014078617095947266,2.057899
579,"Which cockney private detective, co-created by Terry Venables, was portrayed on TV by Nicholas Ball?",The answer is Nicholas Ball.,0, Ball,12836,0,5,0.0844829401853412,0.8659442663192749,-0.05178802590829701,491.1746826171875,49.291109732010916,0.033086687326431274,9.9765625,3.6974041
580,Who in 1975 became the first black man to win a Wimbledon singles title?,The answer is: 1975 Wimbledon singles title was won by,0, title,2265,0,6,0.014907592670598147,0.9280274510383606,-0.27761234545771885,452.6756286621094,58.93467967720478,0.06724794954061508,0.7919921875,2.3497112
581,Which South African fast bowler had the nickname White Lightning,A,0, Lightning,33844,0,10,0.2227516849199663,0.9005444049835205,-0.11855365149350927,515.5418701171875,81.71559634583556,0.11455225944519043,7.80078125,2.2763124
582,"In 1953, Edmund Hillary was half of the famous pair to first do what?","The answer is ""the first ascent of Mount Everest"". So, the question",0, what,1128,0,5,0.007424178601516428,0.8375577330589294,-0.3922113152340425,522.3684692382812,98.02116436855566,0.05478363484144211,3.0625,4.899078
583,Another name for the Holy Wars between the  Christian states of Europe against the Saracens,The Holy Wars,0,ens,724,1,3,0.004765164279696714,1.075297236442566,-0.21958061715553923,475.819580078125,74.29976981029317,-0.03943107649683952,0.046966552734375,3.1306567
584,1986 film starring Goldie Hawn as a High School football coach.,"The film is ""The High School Football Coach"" (1986",0, coach,7247,0,6,0.047697714827295706,0.8556206822395325,-0.38398039210975865,482.4134826660156,84.75601976394577,0.10500779747962952,0.3759765625,2.6280787
585,"Who was the 16th president of the U.S.A.,assasinated in 1865","The 16th president of the United States, assassinated in",1,5,20,1,1,0.00013163437236731254,0.8250285983085632,-0.7249429368463605,555.3228149414062,111.59904578425464,0.007600194774568081,1.5048828125,3.2212768
586,"Which Italian explorer had ships named Nina, Pinta and Santa Maria?",A) A) Giovanni Battista da Rimini,0, Maria,23016,0,6,0.15148483572030327,0.8167685270309448,-0.3238518238946866,418.85986328125,67.31760397516504,0.07595895230770111,0.71728515625,1.0353864
587,Who had chart hits which included Annie`s Song and Rocky Mountain High?,The answer is the band that had chart hits which included Annie's Song and,0, High,5124,0,5,0.03372472620050548,0.8285921812057495,0.009753174462664216,490.1999816894531,82.65896041630059,0.07229102402925491,1.0595703125,3.2145412
588,"Which cartoon series featured the characters Lion-o, Cheetera, Tygra and Snarf/",The answer is: The answer is: The answer is: The answer is,0,arf,59226,1,3,0.38980886689132266,1.0708473920822144,0.19394484753648156,351.10662841796875,13.610259313479506,0.01631385087966919,6.9921875,2.638772
589,"Who was the leader of the gang whose members included Benny the Ball ,Brain and Choo Choo?",The answer is Benny the Ball.,0,oo,2624,1,2,0.017270429654591406,0.9681941866874695,-0.1854701044661855,517.4188842773438,99.61593050469453,0.004297971725463867,0.00981903076171875,1.7327282
590,Which famous resident resides at Highgrove House?,A,0, House,4678,0,6,0.030789279696714408,0.8988423943519592,-0.03923687719300828,493.96771240234375,80.2645253040682,0.05890906602144241,2.802734375,2.1345456
591,What is the currency of India?,"India is a country in South Asia, and its currency is the Indian ru",0, India,6747,0,6,0.04440685551811289,0.8621283769607544,0.024757123508354795,440.6621398925781,81.59416298845224,0.052753932774066925,7.08984375,0.9342833
592,How many avenues radiate from the Arc de Triomphe?,12,1,he,383,1,2,0.0025207982308340354,1.0188757181167603,0.04937414725753264,424.6630554199219,50.61676064313484,-0.0019967174157500267,0.40625,0.7906762
593,In which country is Dubrovnik?,The answer is in the country of Croatia.,1,nik,21490,1,3,0.14144113310867734,1.0642412900924683,-0.2676896755489029,412.17218017578125,35.36090581770386,0.019332589581608772,0.0221405029296875,2.2526264
594,"The Dakar Rally (previously known as the Paris Dakar rally) is an annual event, but of which country is Dakar the capital city?","The Dakar Rally is an annual event, but of which country is Dak",0, city,3283,0,5,0.021607782224094357,0.872307300567627,-0.08792342468053782,512.79638671875,125.47194069789634,0.056183889508247375,1.546875,2.3463535
595,The Miller Brewing Company got its start in what U.S. city?,A. Chicago,0, city,3283,0,5,0.021607782224094357,0.872307300567627,-0.08792342468053782,433.5019836425781,103.65113467681638,0.06124443560838699,1.6982421875,1.2151952
596,Who did Simple Simon meet on his way to the fair?,Simple Simon met his mother and his father on his way to the fair.,0, fair,6624,0,5,0.04359730412805392,0.9216136932373047,-0.037297415258652045,395.42529296875,29.5145517949869,0.0759940817952156,8.0546875,3.7429686
597,Which cartoon strip character first appeared in The Beano in 1951?,The answer is: The answer is: The answer is: The answer is,0,1,16,1,1,0.00010530749789385004,0.8519878387451172,-0.541855976650587,522.323974609375,95.57474640644118,0.020894881337881088,2.59765625,1.997455
598,"The Asian Tsunami or Boxing day tsunami that hit Thailand, Indonesia and many other countries happened in what year?",2004,1, year,1042,0,5,0.006858150800336984,0.9356582164764404,-0.3221395324703624,501.4389953613281,131.2507724447116,0.02164742350578308,0.218994140625,0.57016575
599,"Following that year's April Budget, Alderman Sir Cuthbert Ackroyd, who later became Lord Mayor of London, bought the first what on 1 November 1956?",The answer is: \boxed{The first private railway line in the United,0,6,21,1,1,0.00013821609098567817,0.8235588073730469,-0.8624455781811489,507.3233642578125,106.08620789981168,0.01392444595694542,2.447265625,2.496058
600,"Produced between 1970 and 1974, what is a Bond Bug?",The Bond Bug is a type of insect that is known for its ability to,0, Bug,30501,0,4,0.20074899957877002,0.8414512872695923,0.29282978501786383,536.2384033203125,138.18386894192236,0.08885075151920319,13.9921875,1.6600935
601,What was Jacques Cousteau's mobile oceonagraphic laboratory.,"The mobile oceonagraphic laboratory was the Cousteau Laboratory,",0, laboratory,26594,0,11,0.1750342249368155,0.8510063290596008,0.07910808413001869,484.61492919921875,103.67257371746372,0.0919504389166832,8.7421875,2.9406514
602,What is the name of the helicopter used to transport the President of the United States,The answer is the F-15.,0, States,4180,0,7,0.027511583824768322,0.9843542575836182,-0.106940932046657,430.01751708984375,60.34346422553926,0.033936187624931335,0.03790283203125,1.050757
603,Which queen consort of England is associated with Hever Castle in Kent?,"The answer is: Hever Castle, located in Kent, England, was",0, Kent,17734,0,5,0.11672019797809605,0.8800219297409058,-0.11475334487565059,398.3367614746094,82.92090033999382,0.062175203114748,7.10546875,3.3321512
604,What was the capital of the United States between 1785 and 1790??,"Washington, D.C.",0,0,15,1,1,9.872577927548442e-05,0.8201581835746765,-0.7609718396778504,467.249267578125,91.1784569358794,0.029715348035097122,0.7783203125,2.073567
605,Which country does the drink Cinzano come from?,The drink Cinzano comes from the country of Italy.,1, from,504,0,5,0.003317186183656276,0.8299858570098877,-0.78626177121274,492.785400390625,142.92643928331222,0.039420630782842636,0.01515960693359375,2.7865593
606,Which fictional girls' boarding school was created by the cartoonist Ronald Searle,"The answer is: The fictional girls' boarding school is called ""The School",0,le,273,1,2,0.0017968091828138163,1.00899338722229,-0.09560105233497351,513.5371704101562,92.09134713715913,-0.014615544117987156,0.080810546875,2.2085896
607,Who played the character Mr Chips in the 2002 TV adaptation of Goodbye Mr Chips,The character Mr Chips in the 2002 TV adaptation of Good,0, Chips,86668,0,6,0.5704243892165122,0.9525415301322937,0.03824974728578123,469.1214599609375,116.66596105559715,0.027098853141069412,0.11614990234375,1.1934233
608,Rarely is the question asked: Is our children learning?,"Yes, our children are learning.",0, learning,6832,0,9,0.04496630160067397,0.9112189412117004,-0.20256815136719908,592.3396606445312,134.36538137503848,0.041645266115665436,8.0078125,3.8571348
609,"Are you going to come quietly, or do I have to use earplugs?",I'm not going to come quietly. I'm going to use earpl,0,ugs,13299,1,3,0.08753027590564448,1.098509430885315,-0.29025092633970306,514.8651733398438,126.00011606629576,-0.008353035897016525,0.002231597900390625,4.1162443
610,Which shipping forecast area is directly north of German Bight?,A) Bahr Amt,0,ight,491,1,4,0.0032316238416175234,1.097904920578003,0.12416199565151054,527.2041015625,115.38203942038338,0.013846051879227161,4.01953125,2.456999
611,By what name did Samuel Langhorne Clemens publish his novels under?,"The answer is ""Clyde"" and the reasoning is that Clemens",0, under,1212,0,6,0.00797704296545914,0.9165692329406738,-0.29133862093942264,475.8515625,81.48504748790822,0.0784960463643074,5.37109375,1.7522798
612,Who wrote the novel Rasselas in a single week in 1759 to pay for his mother's funeral?,The novel Rasselas was written by the author who wrote it in a,0, funeral,30979,0,8,0.2038950610783488,0.9092501401901245,0.023009380681449976,434.659423828125,71.10314858852452,0.10949362814426422,1.8564453125,1.1714002
613,Who painted Girl with a Pearl Earring?,"The painting ""Girl with a Pearl Earring"" was painted by the French",0,arring,19859,1,6,0.130706350042123,1.1115745306015015,0.043252883983191825,507.8397216796875,98.55521146086996,0.05604836717247963,0.09686279296875,2.7906814
614,What is 1009 when expressed as Roman Numerals?,CCLXIX,0,als,1127,1,3,0.007417596882898062,1.1073395013809204,0.015418962329842412,520.6837768554688,128.93857791864698,-0.039427321404218674,1.609325408935547e-05,2.66415
615,Who had hits with Go Now and Nights in White Satin?,The answer is 1980s,0,in,258,1,2,0.0016980834035383318,0.9647672176361084,-0.43535232234912113,560.4705810546875,107.1695877432955,0.009109709411859512,2.884765625,3.5341504
616,Which statesman was known as the Iron Chancellor?,The Iron Chancellor is a term used to refer to the leader of the UK,1, Chancellor,46963,0,11,0.30909725147430495,1.0005929470062256,0.2000251684365888,376.9769287109375,52.16495804559637,0.1258031576871872,2.83984375,1.7804469
617,What was left in Pandora's Box after all the evil escaped?,"The answer is that after all the evil escaped, Pandora's Box was left",0, escaped,27783,0,8,0.18285988837405223,0.9143122434616089,-0.013870664938790522,490.38653564453125,97.70249372559176,0.06783976405858994,12.9375,3.6834867
618,What type of bird was the first released by Noah?,"The first bird released by Noah was a type of bird known as the """,0, Noah,41984,0,5,0.2763268744734625,0.8526058793067932,0.22951045277329962,414.0467529296875,71.3824657270723,0.09488873183727264,8.65625,1.6793835
619,What is the state capital of Florida?,1000,0, Florida,9589,0,8,0.063112099831508,0.781961977481842,-0.033018858524665795,409.2197570800781,85.36995650478582,0.09675358235836029,7.92578125,4.242032
620,Who was sacked as the Beatles' drummer and replaced by Ringo Starr?,The answer is Ringo Starr.,0, Starr,75022,0,6,0.4937736941870261,1.0337390899658203,-0.029039554383696764,423.2748107910156,79.93457885127556,0.07642331719398499,0.0687255859375,2.5818822
621,In which is Shakespeare's plays are the title character's last words the rest is silence?,"The answer is the last words of the title character in the play ""Ham",0, silence,21162,0,8,0.13928232940185342,0.9481759071350098,-0.030450572797115605,469.09503173828125,149.10917371557704,0.08851195126771927,8.5078125,4.409585
622,"Tsar Nicholas I abidacated in 1917, who was the other monarch to abdicate during this period?",The other monarch to abdicate during this period was Tsar Nicholas II,0, period,4168,0,7,0.027432603201347935,0.9590963125228882,-0.3088046579696262,538.9608154296875,151.6462296163253,0.011655734851956367,1.2802734375,3.765354
623,"Which Roman Emperor was allegedy killed by his wife, Aggripina, in AD54?",A,0,4,19,1,1,0.0001250526537489469,0.8273023366928101,-0.7987214450876956,739.6893920898438,143.6991060661046,0.08175268769264221,1.9814453125,3.3215625
624,Whose last words were Et Tu Brute according to Shakespeare?,"The last words of Et Tu Brute were ""Et Tu Brute""",0, Shakespeare,41382,0,12,0.2723646798652064,0.827953040599823,-0.04974237096479106,406.1645202636719,42.45545640301037,0.09248805791139603,7.421875,3.932856
625,Mel Gibson (1990) and Kenneth Branagh (1996) have both played which character in movies?,The answer is that both Mel Gibson and Kenneth Branagh have played the character,0, movies,9508,0,7,0.06257898062342039,0.8563721179962158,-0.02712768471644811,437.2066345214844,47.35744406819992,0.09488581866025925,7.0,1.1052835
626,"The original United Artists film studio was founded in 1919 by D.W. Griffith, Mary Pickford, Douglas Fairbanks and who else?",The original United Artists film studio was founded in 1919 by,0, else,770,0,5,0.005067923336141533,1.0147582292556763,-0.5216300673900682,454.8058166503906,122.39662255351526,0.014952384866774082,0.6162109375,1.8017528
627,Which Holiday movie favourite featured a character called Kevin McCallister?,A) The Dark Knight,0,ister,1571,1,5,0.010339879949452402,1.1444929838180542,-0.14662043563848703,507.3152160644531,114.00502365456218,-0.025546925142407417,3.2265625,1.8139337
628,Who was the author of Pygmalion'?,"The author of ""Pygmalion"" is Sir Arthur Conan Doyle.",0,ion,290,1,3,0.001908698399326032,1.0657169818878174,-0.05980788965867978,457.54022216796875,73.98547821689337,0.005768019240349531,0.003192901611328125,1.6733258
629,"Who was the third President of the USA, following on from George Washington and John Adams was also famed for his numerous inventions?","The third President of the USA, following on from George Washington and John Adams",0, inventions,84049,0,11,0.5531868681550126,0.893515944480896,0.09113047594089574,441.9169921875,114.63959770425356,0.11485238373279572,3.2734375,2.4653225
630,What is the minimum age of someone running for the office of President of the United States?,The minimum age of someone running for the office of President of the United States,0, States,4180,0,7,0.027511583824768322,0.9843542575836182,-0.106940932046657,443.85968017578125,86.56995629835203,0.0075408341363072395,0.05108642578125,1.4457983
631,England won the 1966 World Cup beating Germany 4-2. Hurst scored 3 of England's goals who scored the other?,1,0, other,1008,0,6,0.006634372367312552,0.9307772517204285,-0.4967161474808215,589.3995361328125,79.77680242379886,0.018458301201462746,5.80078125,1.0488193
632,From which 1960s sci-fi movie did 1980s pop sensation Duran Duran take their name from a character from the movie?,The answer is The Matrix.,0, movie,5700,0,6,0.03751579612468408,0.831399142742157,-0.1890175672011476,532.5494995117188,86.8031132139167,0.09777089208364487,0.580078125,0.90851456
633,What year did E.T. Hit the cinema screen?,1982,1, screen,4171,0,7,0.027452348357203032,0.9566616415977478,-0.09797492498206672,501.994873046875,100.73073939583287,0.09097384661436081,5.8359375,0.33339664
634,The Red Sea is connected to the Indian Ocean by which gulf ?,The Red Sea is connected to the Indian Ocean by the Red Sea Gulf,0,ulf,14308,1,3,0.0941712299915754,1.0305595397949219,0.2561694867409976,500.41534423828125,96.40163380932754,0.025359787046909332,0.26220703125,1.0931089
635,The Red Setter is more properly known by which name?,"The Red Setter is more properly known by the name of the animal, which",1, name,829,0,5,0.005456244734625105,0.8974736332893372,-0.4841769543220291,509.0982666015625,146.9510153482306,0.03167058527469635,1.927734375,1.0750706
636,What was the name of the World War I fighter ace nicknamed the Red Baron?,The Red Baron,1, Baron,52907,0,6,0.34821898694187026,0.9492101669311523,-0.10813615592675374,371.6122741699219,43.817964248664815,0.08952660858631134,1.5498046875,1.3513502
637,What is the capital of the U.S. state of Connecticut?,The capital of the U.S. state of Connecticut is Hartford. Hartford is,1, Connecticut,30361,0,12,0.1998275589721988,0.8727357983589172,0.0854267613150479,377.7620849609375,66.02839522090362,0.09213278442621231,5.4609375,3.413
638,What was founded by Ferdinand II of Aragon and Isabella I of Castile to keep Catholic orthodoxy as the major religion of their kingdoms?,The answer is the Church of Spain. The Church of Spain was founded by,0, kingdoms,95406,0,9,0.6279354465037911,0.9495250582695007,0.08194144014856475,461.9944763183594,98.2845970401135,0.1104709729552269,2.93359375,1.417465
639,"In golf, what name is given to a score of three under par on a given hole?",A hole,0, hole,14178,0,5,0.09331560657118787,0.8889811038970947,-0.09308829826731468,464.3931884765625,79.4703669105423,0.09547495096921921,0.978515625,3.9914021
640,"In dentistry, what is the name given to hardened dental plaque?","The name given to hardened dental plaque is called calculus. So, the answer",0, plaque,60364,0,7,0.39729886267902276,0.9446056485176086,0.201040242311481,441.1282043457031,88.21737845965545,0.12035437673330307,1.5478515625,3.7238984
641,Which singer played the Goblin King Jareth in the film Labyrinth'?,"The film ""Labyrinth"" (1981) features the Goblin",0,abyrinth,61530,1,8,0.40497314658803707,1.1209659576416016,-0.01773138105419969,442.5466613769531,68.87052800318189,0.060961537063121796,1.1181640625,2.7846088
642,Who played Aunty Entity' in the film 'Mad Max Beyond the Thunderdome'?,"The film ""Mad Max Beyond the Thunderdome"" (201",0,ome,635,1,3,0.004179391322662173,1.103135347366333,0.03514256238089564,532.3433837890625,137.13739509611923,-0.03848244994878769,0.00998687744140625,1.3822186
643,"Name the fantasy movie directed by Terry Gilliam, where 6 dwarves have stolen a map.","The answer is ""The Chronicles of Narnia"".",0, map,2415,0,4,0.01589485046335299,0.9420022964477539,-0.3214380721966754,449.2631530761719,66.68715261612168,0.023681730031967163,4.97265625,2.043271
644,"Which TV comedy had characters McLaren, Blanco & Warren",The answer is: The answer is: The answer is: The answer is,0, Warren,25631,0,7,0.1686960299073294,0.8654775023460388,0.08373610519674735,509.5019836425781,111.70352574928967,0.08699492365121841,8.9765625,3.0224767
645,In which TV series would you find an Eagle Transporter,"The answer is ""The Crown"".",0,er,261,1,2,0.0017178285593934287,1.1414440870285034,1.0014876081906925,534.7802124023438,96.4938487231574,-0.00993064884096384,2.5703125,2.7766547
646,Which jazz saxophonist was nicknamed Bird,Bird,0, Bird,23331,0,5,0.15355807708508845,0.8742819428443909,0.24552665733923895,465.6177062988281,35.82157603116399,0.06769610941410065,11.0625,3.4660878
647,Which patriotic Irving Berlin song includes the line  From the mountains to the prairie to the oceans white with foam ?,A,0, foam,31083,0,5,0.2045795598146588,0.879562258720398,0.12243907379954111,556.3903198242188,126.87913404098089,0.12329280376434326,8.015625,1.9124006
648,Who created the Miss World pageant?,The Miss World pageant was created by the Miss Universe Organization. It was,0,ant,517,1,3,0.0034027485256950293,1.0486828088760376,-0.18588316372624236,447.00634765625,67.1672956224717,0.00882335938513279,0.0142669677734375,1.8227599
649,In Egyptian myth who was the God of chaos and disorder?,The answer is: The answer is: The answer is: The answer is,0, disorder,19267,0,9,0.12680997262005056,0.8966937065124512,-0.11585317370094161,440.79901123046875,103.69201456719671,0.06922674179077148,6.67578125,2.22859
650,What type of creature is a Painted Dragon?,"A Painted Dragon is a type of dragon, specifically a dragon that is",0, Dragon,16145,0,7,0.10626184709351306,0.7955703735351562,-0.16539081459428795,468.2396545410156,72.93103509812369,0.10058131068944931,5.83203125,2.7919867
651,Which method of painting consists of applying pigment to wet plaster?,A. Wetting,0, plaster,61927,0,8,0.40758608887952824,0.9143735766410828,0.13208704459487386,458.6833190917969,50.91470145500588,0.13323675096035004,2.416015625,3.6721494
652,Who is credited with the discovery of the tomb of King Tutankhamen in 1922?,The tomb of King Tutankhamen was discovered in 192,0,2,17,1,1,0.00011188921651221567,0.8560956716537476,-0.645843025781419,506.5341491699219,82.40290588766749,-0.0030723195523023605,0.0677490234375,2.3470654
653,The King of Wishful Thinking was a hit song used during the opening credits of the movie Pretty Woman. Who sang it?,The answer is: The song was sung by the band The Who.,0, it,432,0,3,0.0028433024431339512,0.8265233039855957,-0.9879039829898231,435.0325927734375,59.91700806587381,0.013159755617380142,1.19921875,1.4195485
654,"What dish, especially popular in parts of Wales and the English Midlands,  is traditionally made from pig's heart, liver and fatty belly meat or bacon minced together, with herbs added for flavouring and sometimes bread crumbs","The answer is: The dish is known as a ""Pig's Heart",0, crumbs,96577,0,7,0.6356426390058972,1.0245413780212402,0.27115947413397823,461.7486267089844,79.04766610450461,0.08398386090993881,6.34765625,1.9652734
655,What was the name of Shari Lewis' sassy sock puppet?,The answer is: The name of Shari Lewis' sassy sock puppet,0, puppet,49448,0,7,0.3254528222409436,0.903260350227356,0.20201195672069394,510.5653076171875,87.68247817209573,0.09847067296504974,2.044921875,4.794296
656,Captain Corelli's mandolin is a book a film set in which country,"The book is ""Captain Corelli's Mandolin"" and the film is",0, country,3146,0,8,0.020706086773378266,0.8689674735069275,-0.1793005214443295,501.70355224609375,129.6872400737504,0.08327275514602661,2.318359375,1.5480298
657,The Bull is the village pub in an everyday tale of country folk. In which village is The Bull?,The Bull is the village pub in an everyday tale of country folk. In,0, Bull,21622,0,5,0.1423099199663016,0.8909854292869568,-0.14113882669490652,329.3706970214844,2.634343339733017,0.10325367003679276,0.0281829833984375,3.3820696
658,What is the second biggest city in the UK?,London,0, UK,6424,0,3,0.04228096040438079,0.8097637295722961,-0.008585224407729353,416.7716979980469,64.30182533975058,0.08400854468345642,3.822265625,1.5555371
659,Who was the second wife of Henry VIII?,The second wife of Henry VIII was Catherine of Aragon. She was the,0, VIII,57233,0,5,0.37669150168492,0.9283676147460938,-0.15276301819857663,376.2245788574219,40.6597687012561,0.07406281679868698,0.79833984375,2.9086182
660,Which actor does the interviewing in 'Interview with a Vampire'?,The actor is James Dean.,0, Vampire,60114,0,8,0.39565343302443134,0.9641172885894775,0.033997984417882154,340.0895690917969,71.66043680554506,0.13424476981163025,1.51171875,2.7893677
661,What is the southernmost city in USA,The southernmost city in the United States is located in the state of Florida,0, USA,7279,0,4,0.047908329823083406,0.8779060244560242,-0.1307792347977026,471.8774108886719,93.34371946588831,0.06134549155831337,10.6171875,4.648566
662,"In Vladimir Nabokov's book ""Lolita"", what is Lolita's real name?",A. A. S. S. S. S. S. S,0, name,829,0,5,0.005456244734625105,0.8974736332893372,-0.4841769543220291,447.3156433105469,94.44947851850188,0.06065024808049202,0.0382080078125,3.042533
663,"Which Shakespeare play tells the story of Prospero, the rightful Duke of Milan?","The play is ""The Tempest"" by William Shakespeare.",1, Milan,38755,0,6,0.2550745050547599,0.9287368655204773,-0.027434889250395944,438.71527099609375,87.3769992878936,0.04192056506872177,1.216796875,2.724582
664,Which RAF fighter-bomber was built by the Panavia partnership?,A400,0, partnership,15305,0,12,0.10073320345408593,0.8670915961265564,-0.018916843430859753,470.9210205078125,82.7511180090494,0.09095466881990433,15.6171875,2.349678
665,What was the name of the sixth studio album released by Prince and the Revolution in June of 1984?,The sixth studio album released by Prince and the Revolution in June of 1,0,4,19,1,1,0.0001250526537489469,0.8273023366928101,-0.7987214450876956,475.7281188964844,80.92158700596731,0.0260442104190588,2.935546875,2.8273845
666,The undersurface of a person's foot or of a shoe?,The undersurface of a person's foot or of a shoe is the sole,1, shoe,28977,0,5,0.19071846040438079,0.8722640872001648,-0.12928637022340528,475.92449951171875,76.57608900716899,0.09996576607227325,4.47265625,3.2686715
667,In which film series would you expect to film Katniss Everdeen and Peeta Malark?,The Hunger Games,1,ark,838,1,3,0.005515480202190396,1.0559481382369995,-0.0806684222134284,400.1260070800781,41.10492349220788,-0.04615069925785065,12.7265625,2.0075696
668,"""Rodney you plonka"" and ""This time next year we'll be millionaires"" are catchphrases from which well-known television sitcom?","The answer is ""The Office"" because the two lines are from the show",0, sitcom,80366,0,7,0.5289463984835721,0.9188665747642517,0.5834254469013209,406.00799560546875,12.442302606735208,0.1669648289680481,5.0625,1.4219961
669,What did my true love bring to me on the Sixth Day of Christmas?,The true love brought me the joy of the season.,0, Christmas,10074,0,10,0.06630423336141533,0.8424868583679199,0.036216758140465544,443.5849609375,70.00973590451221,0.08430371433496475,6.921875,4.478556
670,Louis Smith won an individual silver medal in gymnastics at the 2012 London Olympics. For what discipline?,The answer is: The answer is: The answer is: The answer is,0, discipline,25364,0,11,0.1669387110362258,0.9210910201072693,-0.21138439962522027,431.9875183105469,88.87726813709172,0.12064982205629349,10.6171875,2.3896184
671,What animal did Reggie Perrin think of every time his Mother-in-law was mentioned?,The answer is a dog.,0, mentioned,9733,0,10,0.06405986731255266,0.9057008028030396,0.2986219847158602,486.7342224121094,130.1032739954696,0.06137155741453171,6.83984375,3.5660477
672,Which former prime minister appeared on the Morecambe and Wise Christmas Special in 1978?,"The former prime minister of New Zealand, Sir John Stewart, appeared on the",0,8,23,1,1,0.00015137952822240943,0.8185009360313416,-0.7890327279855702,492.0343933105469,86.16361008090108,0.047625429928302765,2.25,2.7235236
673,"Where does the infamous ""Streif"" downhill ski race take place?","The infamous ""Streif"" downhill ski race takes place in the mountains",0, place,1992,0,6,0.01311078348778433,0.9991922974586487,-0.25466052702916286,475.1055603027344,113.45251733885067,0.021140586584806442,0.0295257568359375,1.5114274
674,What song was a hit for Tom Jones and Cerys Matthews in 1999?,"The song ""I'm Not a Fan"" was a hit for Tom Jones",0,9,24,1,1,0.00015796124684077506,0.8235905766487122,-0.6596008478451929,478.2761535644531,60.65414070813278,0.029889091849327087,1.994140625,4.001118
675,How many lines are there in a sonnet?,The sonnet is a type of poem with 14 lines. It,1,net,4711,1,3,0.031006476411120473,1.0088698863983154,-0.1145917485793082,419.41827392578125,64.35678057290727,0.0309751033782959,0.44873046875,2.7042036
676,What is the American version of Strictly Come Dancing called?,"The American version of Strictly Come Dancing is called ""Strictly Come Dancing",0, called,2598,0,7,0.0170993049705139,0.9118424654006958,-0.3439820312220321,477.7567138671875,130.44232608821613,0.06375183910131454,10.3046875,3.9534557
677,What is the lightest metal under standard conditions?,The lightest metal under standard conditions is aluminum. It has a melting point,0, conditions,4682,0,11,0.03081560657118787,0.9545312523841858,-0.3327517927064254,505.773681640625,131.29269032446692,0.0686396062374115,0.3798828125,4.088965
678,What artist designed the logo for Chupa Chups lollipops?,The logo for Chupa Chups lollipops was designed by the,0,ops,3721,1,3,0.0244905749789385,1.0198899507522583,-0.2439263778212366,504.05047607421875,79.74908168494593,-0.0295405313372612,0.004413604736328125,2.942661
679,"What is being built in the Olympic Park, that will be the world's longest and tallest of its kind?",The Burj Khalifa,0, kind,3093,0,5,0.020357255686604885,0.9396965503692627,-0.4437297093659902,532.4945678710938,141.61049105078584,-0.012415811419487,0.043701171875,2.3479884
680,In the 'Jungle Book' what type of creature was 'Bagheera'?,The Jungle Book is a children's book written by Udayan Chandra,0,era,2416,1,3,0.015901432181971355,1.049516201019287,-0.022376194476836364,411.33636474609375,82.36810263606276,-0.019644105806946754,0.1993408203125,3.167501
681,What was the first Beatles film?,The first Beatles film was The Beatles in 1964.,0, film,4531,0,5,0.02982176705981466,0.8763630390167236,-0.40874235784281776,475.8089294433594,51.0347736497326,0.12270081043243408,7.734375,2.0143743
682,What was the name of the Liverpool nightclub where the Beatles regularly played?,The answer is Liverpool.,0, played,6342,0,7,0.04174125947767481,0.9465749859809875,0.10288860614068351,440.2268981933594,38.97328673239236,0.04378188028931618,2.447265625,1.3883929
683,How many US states are prefixed by the word New?,1,0, New,1532,0,4,0.010083192923336141,0.8431838750839233,-0.22137329651319337,390.6261901855469,48.12732626829115,0.004521745257079601,8.1171875,0.26387286
684,"Although he never won an Oscar for best director, one of Hitchcock's films did win an Oscar for best picture. What was the film?","The answer is ""The Birds.""",0, film,4531,0,5,0.02982176705981466,0.8763630390167236,-0.40874235784281776,475.8262634277344,68.83696677700657,0.09774606674909592,1.7080078125,1.3322464
685,In which New York borough would you find Hell’s Kitchen?,Hell's Kitchen is located in the New York borough of Manhattan. The specific,1, Kitchen,19354,0,8,0.12738258213984835,0.830550491809845,-0.18893515561730378,415.07318115234375,80.07644360356677,0.11133057624101639,0.7626953125,1.3617835
686,Which airline is nicknamed ‘The Flying Kangaroo’?,The answer is: The answer is: The answer is: The answer is,0,aroo,75765,1,4,0.49866391112047176,1.1655125617980957,-0.028563191285597256,482.784912109375,94.90237535396787,0.06904087960720062,0.003124237060546875,2.3982174
687,Which cartoon character had the maiden name ‘Slaghoople’?,Slaghoople,0,ople,1164,1,4,0.0076611204717775905,1.1252329349517822,-0.09284814652259987,505.0019226074219,134.14028469751682,0.00806012749671936,9.921875,1.8857344
688,‘Think Different’ is an advertising slogan for which company?,"The company is a well-known brand in the food and beverage industry, and",0, company,2813,0,8,0.01851437447346251,0.8964586853981018,-0.17895215232611905,469.66259765625,109.307627376469,0.06026235222816467,1.2763671875,2.5422935
689,Which ‘A’ is a calculating frame with sliding balls on wires?,The answer is a 'A' that is a calculating frame with sliding balls,0, wires,35008,0,6,0.23041280539174389,0.8695642948150635,-0.01382607512082279,509.1678161621094,113.06625754617205,0.08690047264099121,8.6328125,3.5784369
690,The rowan tree is also known as the Mountain ‘what’?,mountain,0,what,12555,1,4,0.08263347725358046,0.8053195476531982,-0.0919569310027124,545.370361328125,177.71341704152798,0.03438969701528549,11.65625,4.276529
691,Which ‘A’ means in the open air?,A,0, air,3720,0,4,0.024483993260320136,0.9207929372787476,-0.11963094859360357,568.4833984375,176.24643927072844,0.06350678205490112,6.1171875,4.4350767
692,Buenos Aires is the capital of which South American country?,Argentina,1, country,3146,0,8,0.020706086773378266,0.8689674735069275,-0.1793005214443295,473.0690002441406,122.05932083782136,0.06708171218633652,0.02777099609375,3.1438375
693,Apiculture is the raising and care of which creatures?,The raising and care of bees.,1, creatures,19970,0,10,0.13143692080876157,0.822691023349762,-0.0655912584615086,449.4628601074219,94.2110577324645,0.08186393231153488,6.42578125,4.231436
694,What is the capital of Indonesia?,Jakarta,1, Indonesia,23968,0,10,0.15775063184498736,0.8574280738830566,0.40371023847835774,432.84161376953125,81.7280260904565,0.07960809022188187,7.39453125,0.35173404
695,Which vegetable was the first to be canned?,The first vegetable to be canned was the cabbage. Cabbage was a vegetable,0, canned,63014,0,7,0.41474041701769165,0.9637032151222229,0.31985857891748326,427.0876159667969,69.43048926383315,0.14009299874305725,7.50390625,3.3966954
696,"In computers, the X-Y Position Indicator for a Display System is now known as what?",The X-Y Position Indicator for a Display System is now known as the Display,0, what,1128,0,5,0.007424178601516428,0.8375577330589294,-0.3922113152340425,505.1847229003906,134.04035493057197,0.056177783757448196,1.5654296875,4.10708
697,The Khyber Pass is approximately how many miles long?,"1,200 miles",0, long,1293,0,5,0.008510162173546757,0.9503508806228638,-0.44369754213068946,479.6952209472656,91.04722425132772,0.026508895680308342,0.89013671875,1.061655
698,"Which fruit did Nell Gwynn, mistress of King Charles II, sell in Drury Lane?",A. apples,0, Lane,26018,0,5,0.1712431550126369,0.9354919791221619,0.3722509011671762,454.8056945800781,42.899408813578134,0.09084741026163101,1.3466796875,3.0149555
699,The town of Tobermory is on which Scottish island?,Tobermory is on the island of St. John's.,0, island,12922,0,7,0.08504896798652065,0.8480790257453918,-0.014260277512145425,431.9479064941406,85.80885509633927,0.11264780163764954,1.451171875,0.75855196
700,"In the novel ‘Wuthering Heights’ by Emily Bronte, Catherine’s father found Heathcliffe on the streets of which English city?",The answer is: The city is located in the north of England. The,0, city,3283,0,5,0.021607782224094357,0.872307300567627,-0.08792342468053782,410.3305969238281,82.01497571773834,0.05897017568349838,1.060546875,2.3433993
701,Which Asian country hosted its first Formula One Grand Prix motor race in October 2010?,A,0,0,15,1,1,9.872577927548442e-05,0.8201581835746765,-0.7609718396778504,500.5185546875,89.62595895913383,0.02154741808772087,2.75,2.380223
702,"In UK currency, how many sides does a twenty pence piece have?",4,0, have,614,0,5,0.004041175231676495,0.7647655606269836,-0.6787594750155272,508.3482360839844,145.35479383934288,0.00960661843419075,0.2191162109375,0.78996307
703,"In humans, otalgia, is the medical term for what?",The medical term for the condition where a person has no hearing is otalg,0, what,1128,0,5,0.007424178601516428,0.8375577330589294,-0.3922113152340425,513.8001708984375,120.58634292890709,0.04271125793457031,2.96875,5.240444
704,"British MP, Diane Abbott, learned to play which musical instrument in the tv series ‘Play It Again’?",The musical instrument is the piano.,1, Again,13759,0,6,0.09055786647009267,0.9885329604148865,-0.1768731049934762,341.6581726074219,1.157595560113549,0.06411059200763702,0.7294921875,3.8050478
705,Cristina Fernandez de Kirchner became President of which South American country in December 2007?,The answer is: The United States of America.,0,7,22,1,1,0.0001447978096040438,0.8055615425109863,-0.7738980813691656,501.79736328125,89.90437100632458,0.02637702040374279,2.421875,2.6178918
706,"In Greek mythology, what was the name of the nymph who fell in love with Narcissus, but who was said to have pined away when her love was not returned, leaving only her voice?",The answer is: The answer is: the nymph who fell in love with,0, voice,7743,0,6,0.05096224726200505,0.8969210982322693,0.03754641833595773,485.85174560546875,49.604380765981475,0.0652254968881607,5.44921875,2.084534
707,The Marquesas Islands lie in which ocean?,The Marquesas Islands lie in the Pacific Ocean.,1, ocean,17951,0,6,0.11814843091828138,0.8351150155067444,-0.27142466027882906,479.2765197753906,47.262651065264585,0.1287223994731903,1.8017578125,0.22398618
708,Keflavik is the main international airport of which country?,The main international airport of the country is Keflavik. The country,0, country,3146,0,8,0.020706086773378266,0.8689674735069275,-0.1793005214443295,464.613037109375,109.75660541726305,0.06721358001232147,0.185302734375,2.5865698
709,Which British artist’s works include ‘The First Real Target’?,The British artist who includes 'The First Real Target' in his works is,0, Target,13483,0,7,0.08874131213142376,0.9267551898956299,-0.13376906782762044,517.0438842773438,122.96803692301727,0.0669448971748352,12.234375,1.5667398
710,Which King of England sold Dunkirk to Louis XIV of France?,A. King Henry VIII B. King Henry II C. King Henry III,0, France,9625,0,7,0.06334904170176917,0.8548938632011414,0.001365099469681219,442.19146728515625,81.76307948043875,0.09222181886434555,0.00301361083984375,1.363015
711,What was the middle name of US actor James Dean?,1972,0, Dean,24061,0,5,0.15836273167649537,0.858693540096283,-0.013378577203923658,413.1493225097656,73.23251661774755,0.1008569523692131,3.439453125,6.348516
712,Which French author wrote the fairy tales ‘Little Red Riding Hood’ ‘Sleeping Beauty’ and ‘Puss in Boots’?,"The fairy tales 'Little Red Riding Hood', 'Sleeping Beauty', and",0, Boots,45468,0,6,0.2992575821398484,0.9598024487495422,0.17190456810630694,497.74090576171875,153.3419628827179,0.033746812492609024,0.59033203125,2.5519826
713,Author J.R.R. Tolkien was born in which country?,United Kingdom,0, country,3146,0,8,0.020706086773378266,0.8689674735069275,-0.1793005214443295,462.81451416015625,111.77426296501207,0.09756670892238617,2.38671875,3.621712
714,The pilgrim route to Santiago de Compostela in Northern Spain is known as the ‘Way’ of which saint?,The pilgrim route to Santiago de Compostela in Northern Spain is known,0, saint,35859,0,6,0.23601384793597305,0.9177422523498535,0.08015690369285222,421.1484069824219,65.61291997947806,0.09279359132051468,5.29296875,1.0068566
715,Peter O’Sullevan was a BBC commentator for which sport?,The answer is: The sport is football.,0, sport,10552,0,6,0.0694502948609941,0.8899875283241272,-0.02917103365287188,420.7773132324219,44.1028014496715,0.07195627689361572,6.87109375,2.6453006
716,Who was the first Hanover King of England?,"The first Hanover King of England was King Henry VIII, who was the",0, England,9448,0,8,0.06218407750631845,0.9048430323600769,-0.03778333698348968,439.999267578125,67.81570363980637,0.041663579642772675,7.13671875,2.0738254
717,Which group released an album in 1986 entitled ‘The Queen is Dead’?,The Queen's album entitled 'The Queen is Dead' was released in,0, Dead,15021,0,5,0.09886399536647009,0.9386983513832092,0.4213299939901498,548.4550170898438,103.79982196831821,0.07883090525865555,1.71484375,1.5764585
718,Which British Prime Minister said of Downing Street ‘One of the most precious jewels in the national heritage’?,A. John F. Kennedy,0, heritage,27848,0,9,0.183287700084246,0.827637791633606,0.15108877077562832,492.26849365234375,116.86863520506353,0.13237382471561432,4.265625,2.8146138
719,Antigonus is a character in which Shakespeare play?,"The answer is ""Hamlet""",0, play,1486,0,5,0.009780433866891322,0.9695199131965637,-0.32073554037527785,483.7774963378906,62.70667180780745,0.07943592220544815,2.380859375,3.367634
720,Which British monarch famously said ‘I don’t wish to open windows into men’s souls’?,"The monarch is likely to be the Queen Elizabeth II, as she is known",1, souls,34726,0,6,0.22855676074136477,0.9650826454162598,0.21724491811337332,514.105224609375,140.48037232259546,0.028898322954773903,8.015625,4.347485
721,Which bodily fluid is collected in a lachrymatory?,Tears,1,atory,5269,1,5,0.03467907540016849,1.1721092462539673,-0.1986491358246898,545.7364501953125,89.2959139184698,0.005569980945438147,1.9638671875,2.2850645
722,Which British singer played Jareth the Goblin King in the 1986 film ‘Labyrinth’?,A. David Bowie,1,abyrinth,61530,1,8,0.40497314658803707,1.1209659576416016,-0.01773138105419969,424.5374450683594,75.7417219264887,0.0692000761628151,0.8828125,2.2666848
723,Golfer Ernie Els was born in which country?,"The answer is: ""Golfer Ernie Els was born in",0, country,3146,0,8,0.020706086773378266,0.8689674735069275,-0.1793005214443295,452.704345703125,115.33792829135282,0.09041954576969147,3.361328125,3.4782574
724,Aconcagua is the highest mountain in which mountain range?,Aconcagua is the highest mountain in the Andes Mountains.,1, range,2088,0,6,0.01374262847514743,0.9889598488807678,-0.4256983120727842,453.1726989746094,88.68037027295398,0.05194610357284546,0.12646484375,1.8972062
725,The 1987 film ‘Cry Freedom’ is a biographical drama about which South African civil rights leader?,The 1987 film 'Cry Freedom' is a bi,0, leader,7653,0,7,0.05036989258635215,0.8759199976921082,-0.03495358735339327,453.07440185546875,81.65644089210612,0.0900234654545784,1.46875,2.2029505
726,Which British actress played Valerie in the 1997 film ‘Nil By Mouth’?,A. Mary Elizabeth,0, Mouth,65155,0,6,0.42883187657961247,0.9707409143447876,0.21954868189579413,583.6137084960938,147.2303442534548,0.05010508745908737,10.4765625,2.7834716
727,"What was the name of the Brazilian player who won the Women’s Singles Finals at Wimbledon in 1959, 1960 and 1964?",The player is **Lina Ochoa**.,0,4,19,1,1,0.0001250526537489469,0.8273023366928101,-0.7987214450876956,451.52874755859375,37.57219733472119,0.031467631459236145,3.404296875,5.234351
728,"Apart from English, what is the official language of Canada?",The official language of Canada is English.,0, Canada,6864,0,7,0.04517691659646167,0.8474461436271667,-0.2826704730478995,412.359375,98.36433881664672,0.08628463745117188,4.9765625,1.8143198
729,What is the name of the steam locomotive which set the world speed record in July 1938 by reaching 126 mph on the East Coast Mainline  in England?,"The answer is the ""Gloster Meteor"".",0, England,9448,0,8,0.06218407750631845,0.9048430323600769,-0.03778333698348968,469.6208190917969,103.58806919748768,0.07036536931991577,5.2109375,1.5622529
730,Singer and musician Bono called which venue ‘Rock and roll’s great cathedral’?,"The venue is the Grand Ole Hornsey Road, which is known as the",0, cathedral,79150,0,10,0.5209430286436394,0.9310558438301086,-0.03263496394075549,474.85467529296875,117.23208108466338,0.11544636636972427,6.20703125,2.5009024
731,What type of creature is a bufflehead?,A bufflehead is a type of creature that is a type of creature,0,head,1983,1,4,0.01305154802021904,1.0343704223632812,-0.2512162161510325,499.9085998535156,113.66544998056122,-0.003377235494554043,3.498046875,3.4462502
732,The 1950’s Mau Mau uprising was against the British occupation of which country?,The 1950’s Mau Mau uprising was against the,0, country,3146,0,8,0.020706086773378266,0.8689674735069275,-0.1793005214443295,484.3478088378906,127.0946290362333,0.06562937796115875,0.495849609375,0.90237105
733,What is a positively charged ion called?,A positively charged ion is called a cation.,1, called,2598,0,7,0.0170993049705139,0.9118424654006958,-0.3439820312220321,475.37921142578125,144.95716360546868,0.07046567648649216,8.0625,2.63035
734,Which 5th/6th Century Buddhist monk is described in Chinese texts as ‘The Blue-Eyed Barbarian’?,The Blue-Eyed Barbarian is a term used to describe the monk,0,ian,1103,1,3,0.007259635636057287,1.0741502046585083,0.034110169109332844,597.2316284179688,83.15773212079525,0.013887079432606697,0.004913330078125,1.1980162
735,In which part of the human body is the limbic system?,"The limbic system is located in the brain, specifically in the forebrain",1, system,1849,0,7,0.012169597725358045,0.9300006628036499,-0.5457929667832824,516.4198608398438,68.62650929076592,0.03115232102572918,0.006195068359375,2.684599
736,Which year saw the only hijacking of a British commercial flight?,2001,0, flight,10971,0,7,0.0722080349620893,0.8876360058784485,0.1117471234602454,474.1246643066406,57.50247387452304,0.09916950762271881,2.31640625,0.48349813
737,What was the name of the Cunard ocean liner which was launched on 20th September 1906?,The Cunard ocean liner launched on 20th September 1,0,6,21,1,1,0.00013821609098567817,0.8235588073730469,-0.8624455781811489,511.782958984375,64.35159132661529,0.029657043516635895,2.916015625,1.2636232
738,Which European city had the world’s first birth control clinic?,A. Vienna,0, clinic,27813,0,7,0.1830573399326032,0.9161402583122253,-0.07500571083920438,458.9057312011719,91.13228115245629,0.06659568846225739,4.20703125,1.8573133
739,In which James Bond film does actress Jane Seymour play Solitaire?,101,0,itaire,59124,1,6,0.38913753159224934,1.1954929828643799,0.08725691939239022,434.990478515625,78.1969955250775,0.01588132232427597,1.2802734375,1.0771348
740,What type of creature is a tanager?,"A tanager is a type of insectivore, specifically a bird that",1,anager,8184,1,6,0.053864785172704294,1.0372875928878784,-0.14747366793916772,374.4540710449219,24.800383688486278,0.0833338126540184,6.70703125,2.333039
741,"In ‘Follow That Camel’, the fourteenth Carry On film, Sid James was replaced by which US actor?",1. 2. 3. 4. 5.,0, actor,12089,0,6,0.07956639637742208,0.8664762377738953,-0.17209830388794956,477.8731384277344,72.41294401145804,0.12899863719940186,2.4140625,1.315166
742,"A mahout is a person who works, tends and rides which animal?",The answer is a horse.,0, animal,9864,0,7,0.06492207245155855,0.8557760119438171,-0.23463435538827948,471.5422668457031,79.14670867297647,0.0496591217815876,3.49609375,4.044345
743,How many medals did the United States win at the 2010 Winter Olympics?,12,0, Olympics,31963,0,9,0.21037147219882055,0.9437424540519714,-0.161111092108829,389.5456848144531,3.514304662313627,0.0780564621090889,1.1005859375,0.91775405
744,‘The Weeping Woman’ is the work of which artist?,The Weeping Woman is a painting by the artist **Marianne Moore,0, artist,10049,0,7,0.06613969039595619,0.9141623377799988,0.15178650197928656,453.3719787597656,82.14782982325416,0.06638950109481812,1.0439453125,1.249005
745,The Koppen System is a classification system for what?,The Koppen System is a classification system for climate types.,1, what,1128,0,5,0.007424178601516428,0.8375577330589294,-0.3922113152340425,514.034423828125,123.34088594560012,0.05985255911946297,2.8359375,1.879956
746,"In humans, a hemispherectomy is the removal of half of the what?",The brain,1, what,1128,0,5,0.007424178601516428,0.8375577330589294,-0.3922113152340425,505.7259826660156,116.18980055353656,0.03860439360141754,8.71875,4.3458943
747,"In Greek mythology, Tiresias disclosed the crimes of who?","The answer is Tiresias, who is known for his ability to read",0, who,879,0,4,0.005785330665543387,0.9537422060966492,-0.13239109739617438,441.06292724609375,97.29398851167892,0.04560746252536774,5.1171875,1.7997608
748,The United Nations University is based in which Asian city?,The United Nations University is based in which Asian city? The United Nations University,0, city,3283,0,5,0.021607782224094357,0.872307300567627,-0.08792342468053782,448.2557067871094,109.54078336474505,0.070163294672966,1.80078125,3.636265
749,What is the name of the iron hook which is attached to the pole used by fisherman to land a heavy fish?,"The iron hook is called a ""hook"" and it is used by fish",0, fish,7640,0,5,0.0502843302443134,0.8063751459121704,0.003974403846195962,496.78125,59.286347559425415,0.09260863810777664,0.9375,3.5975301
750,Which English singer/songwriter/musician wrote the Tremeloes hit ‘Here Comes My Baby’ at the age of eighteen?,A. David Bowie,0, eighteen,62034,0,9,0.40829033277169335,0.8974430561065674,-0.2472112867889864,445.78802490234375,90.10486444952917,0.0715366080403328,6.1796875,1.8618736
751,Mearth was the name of the child of which US tv characters?,The name Mearth is the name of the child of the US TV characters,0, characters,5766,0,11,0.03795018955349621,0.922212541103363,-0.25297348963638555,490.39288330078125,96.14349265918382,0.07608821988105774,7.8515625,2.7493966
752,In which state of the US is it illegal to mis-pronounce the name of the state?,The state is in the state of Texas.,0, state,1584,0,6,0.010425442291491154,0.9945027232170105,-0.33585445845076745,449.1126708984375,77.03561521732126,0.015212872065603733,1.8056640625,4.015497
753,The Strawberry Museum in the town of Wepion is in which country?,The Strawberry Museum in the town of Wepion is in the country of,0, country,3146,0,8,0.020706086773378266,0.8689674735069275,-0.1793005214443295,485.1173095703125,127.50728922575942,0.07761028409004211,1.458984375,0.8421079
754,The Hotel Matignon is the official residence of the Prime Minister of which European country?,The Hotel Matignon is the official residence of the Prime Minister of which European,0, country,3146,0,8,0.020706086773378266,0.8689674735069275,-0.1793005214443295,459.1844482421875,99.71746428522864,0.08721709996461868,0.2744140625,1.1702347
755,Which British politician became Member of Parliament for Epping in October 1924?,The answer is 1924. The answer is 19,0,4,19,1,1,0.0001250526537489469,0.8273023366928101,-0.7987214450876956,472.0389404296875,74.50101296161037,0.03407358378171921,2.501953125,2.5045905
756,‘The Crafty Cockney’ was the nickname of which British darts player?,1990s,0, player,2781,0,7,0.01830375947767481,1.000016212463379,0.06587207130426576,485.08038330078125,106.0067645790064,0.05465814471244812,0.45166015625,2.5738876
757,Which famous jewellers makes the Super Bowl Trophy?,The Super Bowl Trophy is a gift given to the winner of the Super Bowl,0, Trophy,55104,0,7,0.36267902274641955,1.0324865579605103,-0.1388902583765632,455.139404296875,75.01889830413374,0.08206944167613983,8.8203125,1.6562514
758,"Bedloe’s Island in New York Harbour, is the former name of which island?",The former name of the island is the island of the island of the island,0, island,12922,0,7,0.08504896798652065,0.8480790257453918,-0.014260277512145425,482.6686706542969,96.59393269194082,0.10472604632377625,2.8203125,1.9061036
759,What is the name of the Jewish spring festival which celebrates the exodus of the Israelites from Egypt?,The name of the Jewish spring festival which celebrates the exodus of the Israel,0, Egypt,14867,0,6,0.09785041069924179,0.8667395710945129,0.032559419701981174,405.9239501953125,49.80163914700432,0.11151682585477829,0.58447265625,2.3491423
760,Sadler’s Wells Ballet and the Vic-Wells Ballet were the previous names of which British ballet company?,The answer is the Royal Academy of Dramatic Arts.,0, company,2813,0,8,0.01851437447346251,0.8964586853981018,-0.17895215232611905,449.7499084472656,74.07220515241687,0.08359748125076294,0.0791015625,1.0381757
761,The roller coaster ride called Rita is located at which English theme park?,The roller coaster ride called Rita is located at the English theme park of the,0, park,6118,0,5,0.04026695450716091,0.8667753338813782,-0.11855848017071935,449.2928161621094,85.85252756601288,0.08145656436681747,0.01401519775390625,3.7188616
762,Which is the first written single word number in which the letter ‘A’ appears?,1000,1, appears,7952,0,8,0.05233782645324347,0.8477214574813843,-0.03875919304494779,597.4630126953125,140.1525640593353,0.08298580348491669,0.97802734375,4.1587486
763,In which year did Margaret Thatcher become British Prime Minister?,1979,1, Minister,9486,0,9,0.062434182813816345,0.9146206974983215,0.030737059601178895,416.52301025390625,65.22829177934558,0.09202748537063599,0.001842498779296875,0.69390035
764,"In January 1957, Russell Endean became the first batsman to be dismissed from a test cricket match for doing what?",The answer is that Russell Endean became the first batsman to be dismissed,0, what,1128,0,5,0.007424178601516428,0.8375577330589294,-0.3922113152340425,441.7296142578125,93.07813178717797,0.03937460482120514,1.923828125,1.5787175
765,What type of animal is a dik-dik?,"A dik-dik is a type of animal, specifically a type of fish",0,ik,1579,1,2,0.010392533698399327,0.9630677103996277,0.0877901878259042,581.7703247070312,121.3943952145279,0.00723632425069809,0.032135009765625,3.4874468
766,"Isoprene, Butyl and Nitrile are all types of which substance?",Butyl,0, substance,19699,0,10,0.1296532750631845,0.879414439201355,0.11269569587826211,516.5714721679688,129.7451804074355,0.13210639357566833,3.046875,3.1758962
767,Taka is the basic monetary unit of which country?,Taka is the basic monetary unit of the country of the country of the,0, country,3146,0,8,0.020706086773378266,0.8689674735069275,-0.1793005214443295,475.8257141113281,131.91622181474705,0.07528433203697205,1.7412109375,2.5286815
768,Who does Emilio Estevez play in the 1988 film ‘Young Guns’?,"Emilio Estevez plays the role of a young man named John ""Jack",0, Guns,59465,0,5,0.39138189764111203,0.9609562158584595,0.07927861683206627,404.0564880371094,63.927026378737494,0.08987561613321304,3.669921875,1.6935899
769,Which Mediterranean island gained independence in 1959 under the presidency of Archbishop Makarios?,A,0,arios,10100,1,5,0.06647535804549284,1.0924310684204102,-0.16646402082147693,369.5032653808594,6.712882381607955,0.0011132638901472092,0.751953125,1.9698831
770,"In medicine, chromotopsia is the term for abnormally coloured what?",A. A. A. A. A. A. A. A,0, what,1128,0,5,0.007424178601516428,0.8375577330589294,-0.3922113152340425,496.6575927734375,152.03323384028099,0.04327575862407684,9.421875,5.7970233
771,Wanlockhead is the highest village in which European country?,Europe,0, country,3146,0,8,0.020706086773378266,0.8689674735069275,-0.1793005214443295,472.8929138183594,114.65878479561036,0.09388385713100433,0.5068359375,3.1214514
772,Which European country hosted the 1956 Winter Olympic Games?,The 1956 Winter Olympic Games were held in the United States,0, Games,11610,0,6,0.07641375315922494,0.9130024909973145,0.017509780749544568,454.1312561035156,26.89968826285319,0.07616961747407913,0.06256103515625,2.321315
773,‘Lofsongur’ is the national anthem of which country?,The national anthem of the country is called Lofsongur. The country,0, country,3146,0,8,0.020706086773378266,0.8689674735069275,-0.1793005214443295,475.6837463378906,126.2507576209212,0.06740713119506836,0.04339599609375,1.3549149
774,"In Roman mythology, what was the name of the brother slain by Romulus?",The brother slain by Romulus was **Lucius**.,1,ulus,19425,1,4,0.1278498841617523,1.1279501914978027,-0.03075431771134518,339.5811462402344,2.5707397589434615,0.051810335367918015,0.001575469970703125,1.2826
775,"In 1951, which European country saw the abdication of King Leopold lll in favour of his son Baudouin?",The abdication of King Leopold I in favor of his son,0,in,258,1,2,0.0016980834035383318,0.9647672176361084,-0.43535232234912113,514.8704223632812,75.57977166638516,-0.022169925272464752,0.01190185546875,1.8844147
776,In medicine the MMR vaccination gives protection against which diseases?,"The MMR vaccination gives protection against measles, mumps, and rubella",0, diseases,18808,0,9,0.12378896377422073,0.845335841178894,0.27358157452551213,466.1761779785156,91.7090631281409,0.08700481802225113,0.734375,1.7776061
777,A saluki is which type of animal?,The answer is a horse.,0, animal,9864,0,7,0.06492207245155855,0.8557760119438171,-0.23463435538827948,511.9897766113281,117.73663530577825,0.06931173801422119,0.8310546875,4.134322
778,"What disease was Robert the Bruce, King of Scotland, said to have died of in 1329?","The disease was the plague of 1329, which was a",0,9,24,1,1,0.00015796124684077506,0.8235905766487122,-0.6596008478451929,515.1417236328125,78.13789509905904,0.0219893641769886,2.0546875,4.0569415
779,‘Divine Wind’ is the English translation of which Japanese word?,"The answer is ""Kurai"" (Kurai is a Japanese",0, word,3409,0,5,0.022437078770008424,0.9512796998023987,-0.3948096769618976,522.8784790039062,91.8256991381599,0.03869905695319176,1.1357421875,3.0347888
780,Which Flemish Baroque painter’s Antwerp home is now a museum?,The answer is: The museum is the museum of the Flemish Baroque,0, museum,23971,0,7,0.15777037700084245,0.8180890083312988,0.147050341654269,431.1719055175781,65.78903020877294,0.10634726285934448,0.1732177734375,2.2102566
781,"In medicine, epiphora affects which part of the human body?",epiphora is a condition in which there is excessive amount of fluid in,0, body,2487,0,5,0.016368734203875315,1.000932216644287,-0.35298528045911315,493.5559997558594,115.91115605828253,0.023747704923152924,0.01294708251953125,3.7540865
782,What nationality was 19th Century author Hans Christian Anderson?,A,0, Anderson,20642,0,9,0.13585983572030327,0.8564998507499695,-0.0934567075841981,456.024169921875,84.37900628258596,0.03648453205823898,6.9453125,3.4977057
783,Umberto ll was the last king of which European country?,A,0, country,3146,0,8,0.020706086773378266,0.8689674735069275,-0.1793005214443295,474.29913330078125,97.90782071549205,0.07572269439697266,0.2039794921875,3.1725914
784,Which US singing duo started out under the names Caesar and Cleo?,A. Caesar and Cleo,1,o,78,1,1,0.0005133740522325189,1.0855860710144043,0.398299711541684,521.66796875,103.41031219231984,-0.02467498369514942,1.3583984375,0.7025908
785,"Fidel Castro, former President of Cuba, ordered which board game to be destroyed when he took power?","The answer is: The board game was the ""Cuban Missile Crisis",0, power,2355,0,6,0.015499947346251054,0.985938310623169,-0.26887002507087177,480.4251708984375,104.63409974423662,0.03413204848766327,3.05859375,3.290755
786,Which creature features on the label of a Bacardi rum bottle?,"The label of a Bacardi rum bottle features the Bacardi logo, which",0, bottle,16486,0,7,0.10850621314237574,0.8388227820396423,0.29941452345553676,497.7771911621094,110.49209623007827,0.13090680539608002,3.85546875,3.9449766
787,"According to the Bible, who was the only apostle to witness the crucifixion of Jesus?",The only apostle to witness the crucifixion of Jesus was Matthew.,0, Jesus,10588,0,6,0.06968723673125526,0.8198375105857849,-0.1683513393198499,392.4906311035156,46.784268566142615,0.1266631782054901,0.1761474609375,1.3229419
788,"Who played the role of Caligula in the 1976 UK tv series ‘I, Claudius’?",The role of Caligula in the 1976 UK TV,0,ius,9156,1,3,0.06026221566975569,1.1179845333099365,-0.2629591039238601,447.7646484375,77.98617751741791,0.05477062612771988,0.006420135498046875,1.6505345
789,What colour is the cross on the national flag of Denmark?,The cross on the national flag of Denmark is a red circle with a white,1, Denmark,34340,0,8,0.22601621735467564,0.8897743225097656,0.0865826472579263,374.4417419433594,82.56650482839164,0.11774049699306488,6.515625,2.871378
790,Who wrote the 1963 novel ‘The Spy Who Came in From the Cold’?,The 1963 novel 'The Spy Who Came in From the,0, Cold,23185,0,5,0.15259714616680708,0.904304563999176,-0.1279976254746833,545.6817016601562,157.96269005798035,0.06456880271434784,1.681640625,0.7620749
791,"Composite, Shield and Cinder Cone are all types of what?",The answer is a volcano.,1, what,1128,0,5,0.007424178601516428,0.8375577330589294,-0.3922113152340425,476.4996337890625,110.75688975049536,0.05471073463559151,1.767578125,4.7933893
792,Mouldwarp is an old name for which creature?,"The creature is a type of creature known as a ""Moldwarp",0, creature,17218,0,9,0.11332403117101937,0.8310076594352722,-0.010104556415103882,438.60943603515625,74.7539180764796,0.07862579822540283,9.796875,3.703731
793,What is the name of Humphrey Bogart’s character in the film ‘Casablanca’?,Casablanca,0,ca,924,1,2,0.00608150800336984,0.9561607837677002,-0.04012213210077231,380.5078125,58.43928922853361,-0.04632432758808136,0.00461578369140625,2.1374848
794,What is the US state capital of Louisiana?,Louisiana,0, Louisiana,28874,0,10,0.19004054338668913,0.8719552159309387,0.0856357046340448,369.4226379394531,50.1077011882435,0.11772939562797546,4.2265625,1.8977304
795,What is the title of the 1996 Oscar-winning documentary about the Muhammad Ali and George Foreman 1974 ‘Rumble in the Jungle’ fight in Zaire?,The title of the 1996 Oscar-winning documentary about the Muhammad,0,aire,11998,1,4,0.0789674599831508,1.1321029663085938,-0.08086622889143635,429.1915283203125,59.240878727996915,-0.021873997524380684,2.416015625,2.5198026
796,The Battle of Vimy Ridge took place in which country during World War l?,The Battle of Vimy Ridge took place in which country during World War I,0, l,326,0,2,0.0021456402695871945,0.8713480234146118,-0.3855351870163508,576.4429321289062,88.32733287033307,0.018599243834614754,13.3359375,1.7573156
797,What colour is ‘Mr Man’ Mr Strong’s hat?,The hat is a red hat.,0, hat,8896,0,4,0.05855096882898062,0.8537896871566772,-0.0698881074035076,484.84185791015625,111.31537411999076,0.07075188308954239,4.390625,3.3267245
798,What are the first names of art duo Proesch and Passmore?,Proesch and Passmore,0,more,6384,1,4,0.04201769165964617,0.9442813992500305,-0.09958928856218474,513.9414672851562,118.33531056495836,0.037717949599027634,4.41015625,3.6781301
799,What was is the name of Penelope Pitstop’s car in the children’s tv cartoon series ‘Wacky Races’?,The car is a red convertible.,0, Races,97100,0,6,0.6390848778433025,1.0722713470458984,0.22750466533506764,350.74945068359375,25.934426474003942,0.06645134836435318,0.744140625,3.0556738
800,The Wang River is in which Asian country?,The Wang River is in China.,0, country,3146,0,8,0.020706086773378266,0.8689674735069275,-0.1793005214443295,489.34747314453125,117.25220159263851,0.08382385224103928,0.471435546875,1.3829011
801,Which tennis player was known as the Rockhampton Rocket?,The Rockhampton Rocket was a professional tennis player from the 19,0, Rocket,39218,0,7,0.25812184077506317,0.8487178683280945,-0.15730439467097268,442.30841064453125,50.81580510830799,0.1219530925154686,8.3359375,2.4953249
802,The ports of Puck and Jastarnia are in which European country?,The ports of Puck and Jastarnia are in the European country,0, country,3146,0,8,0.020706086773378266,0.8689674735069275,-0.1793005214443295,506.4360046386719,126.76295503933497,0.08502564579248428,0.41015625,1.7861824
803,Which famous racehorse won Australia’s Melbourne Cup in 1930?,The Melbourne Cup is a race for the best racehorses in Australia.,0,0,15,1,1,9.872577927548442e-05,0.8201581835746765,-0.7609718396778504,496.9405517578125,61.82694918256064,0.03677009046077728,2.31640625,2.2468967
804,Amr Shabana from Egypt is famous for playing which sport?,Football,0, sport,10552,0,6,0.0694502948609941,0.8899875283241272,-0.02917103365287188,455.4685363769531,66.62989373447118,0.06749121844768524,1.5751953125,3.397343
805,How many pounds are in a UK (long) ton?,2204.62212,0, ton,8766,0,4,0.05769534540859309,0.8922171592712402,-0.09287843163673015,489.07342529296875,66.51412710395135,0.09029197692871094,0.6171875,0.3501324
806,Cobweb is a fairy in which Shakespeare play?,The answer is Shakespeare's play.,0, play,1486,0,5,0.009780433866891322,0.9695199131965637,-0.32073554037527785,550.3071899414062,89.59694703062684,0.06578043848276138,6.8984375,4.168598
807,Apimania is an obsession with which creatures?,"The answer is ""The Great Gatsby"" because it's a book that",0, creatures,19970,0,10,0.13143692080876157,0.822691023349762,-0.0655912584615086,448.5433654785156,108.33281426017139,0.09244202822446823,8.6015625,4.2666297
808,"In 1216, English monarch King John was said to have lost the crown jewels while crossing which body of water?",The body of water is the Atlantic Ocean. So the answer is the Atlantic,0, water,3015,0,6,0.019843881634372368,0.8532779216766357,-0.2831142257708481,439.1045837402344,68.32123286388774,0.027311086654663086,0.0025787353515625,1.2343903
809,Which British playwright was killed with a hammer by his lover Keith Haliwell in 1967?,The British playwright who was killed in 1967 with a hammer,0,7,22,1,1,0.0001447978096040438,0.8055615425109863,-0.7738980813691656,507.76483154296875,95.22986102549011,0.01702246442437172,2.0703125,2.5926898
810,What is the nickname of baseball star Jimmie Foxx?,"Jimmie Foxx's nickname is ""The Man Who Never Walks Away",0,xx,4146,1,2,0.027287805391743893,0.8710840940475464,-0.03166673139310827,462.0585021972656,107.7143384061554,-0.0030174218118190765,0.1646728515625,4.705394
811,The Free Officers Movement was composed of young junior army officers committed to unseating the monarchy of which African country?,The Free Officers Movement was composed of young junior army officers committed to unse,0, country,3146,0,8,0.020706086773378266,0.8689674735069275,-0.1793005214443295,458.79193115234375,108.38938455628278,0.08419670164585114,0.7998046875,2.088586
812,"In which year was the storming of the Bastille, which started the French Revolution?",1789,1, Revolution,22126,0,11,0.14562710614995789,0.9469014406204224,0.12911059214096632,411.921630859375,78.74692597548074,0.057023897767066956,0.031494140625,0.7455941
813,Who was the first poet to be buried at Poet’s Corner in London’s Westminster Abbey?,The first poet to be buried at Poet’s Corner in London’s Westminster,0, Abbey,64455,0,6,0.4242246735467565,0.9892886877059937,0.06065446615601289,452.62384033203125,62.98541221745836,0.06101633608341217,1.453125,0.9483434
814,‘The Night of the Long Knives’ refers to which leader eliminating many of his political enemies?,The Night of the Long Knives refers to the 1970,0, enemies,13883,0,8,0.09137399957877,0.8580947518348694,0.0891808557118261,478.043701171875,98.81632556845949,0.10592000186443329,1.3154296875,1.1934575
815,Hans Holbein the Younger was court painter to which English monarch?,A,0, monarch,62754,0,8,0.4130291701769166,0.9087246656417847,0.3773947472862642,451.7212829589844,74.98877069961479,0.13849662244319916,1.8193359375,2.693371
816,Who was the illustrator for most of Roald Dahl’s stories for children?,The illustrator for most of Roald Dahl’s stories for children is **H,0, children,2841,0,9,0.018698662594776747,0.8836709260940552,-0.25683436284764527,482.0106201171875,87.06552647771255,0.06542312353849411,1.4580078125,2.1781764
817,The 1958 film ‘Gigi’ was based on the novel by which French author?,The 1958 film 'Gigi' was based on the,0, author,3150,0,7,0.02073241364785173,0.9053699374198914,-0.12674790720207962,468.0592346191406,71.17093026162468,0.0787087231874466,0.265625,1.6005974
818,‘Back to Bedlam’ was the debut album for which British singer?,"The answer is: The album was released by the band, which was formed",0, singer,22757,0,7,0.14978017059814658,0.8986968994140625,-0.1034192326551282,408.1942443847656,21.378586361773234,0.13914629817008972,2.892578125,1.9712058
819,Which US gangster was released from Alcatraz prison in November 1939?,The answer is 1939. The answer is 19,0,9,24,1,1,0.00015796124684077506,0.8235905766487122,-0.6596008478451929,500.37237548828125,103.29982118282481,0.013313839212059975,2.1796875,2.2105813
820,The fictional characters William Dobbin and Rawdon Crawley appear in which novel?,"The answer is ""The Lord of the Rings"".",0, novel,11514,0,6,0.07578190817186184,0.8691689372062683,-0.043831258927177874,438.1059875488281,78.57384012333378,0.09257911145687103,4.17578125,1.0475166
821,Who does the commentary in the UK tv programme ‘Come Dine With Me’?,The commentary for the UK TV programme 'Come Dine With Me' is,0, Me,2157,0,3,0.01419676705981466,0.8766341805458069,0.3275250704846453,540.8872680664062,111.67708013976474,0.022924453020095825,0.333984375,2.022392
822,Hidrosis is the medical term for which bodily function?,The answer is: Hidrosis is the medical term for a skin condition,0, function,729,0,9,0.004798072872788542,0.9276254177093506,-0.7494076977847697,509.1073303222656,93.62840997319279,0.038633570075035095,0.767578125,3.1904643
823,The town of Honiton in Devon is famous for producing what?,The town of Honiton in Devon is famous for producing what?,0, what,1128,0,5,0.007424178601516428,0.8375577330589294,-0.3922113152340425,530.3189697265625,114.26876471927028,0.06527706980705261,3.919921875,3.2225072
824,Which two colours make up the national flag of Greenland?,The national flag of Greenland consists of two colors: green and white. This,0, Greenland,72678,0,10,0.4783461457455771,0.9644179344177246,0.0306011164378015,369.9160461425781,81.49924591829776,0.11071263253688812,7.0078125,2.2761297
825,Which national team beat Hungary 4-2 to win the 1938 FIFA World Cup?,A,0, Cup,10861,0,4,0.07148404591406908,0.902894139289856,-0.12480476268169216,427.2826843261719,1.6401426885872894,0.10371183604001999,0.022186279296875,3.1590445
826,"Yellow-pine, Uinta and Lodgepole are all types of which animal?",The answer is a sheep.,0, animal,9864,0,7,0.06492207245155855,0.8557760119438171,-0.23463435538827948,476.88153076171875,95.0441559693347,0.07063136249780655,3.8203125,2.1322167
827,Who plays Daphne in the 2002 film ‘Scooby-Doo’?,The answer is Daphne.,0,oo,2624,1,2,0.017270429654591406,0.9681941866874695,-0.1854701044661855,324.84539794921875,1.670377151167962,0.06202835962176323,0.07159423828125,1.7444086
828,The Euro is divided into how many cents?,100,1, cents,30191,0,6,0.19870866680707666,0.9599263072013855,-0.029207445572375423,507.9639587402344,97.68658839329805,0.10150179266929626,6.46875,0.6038792
829,In the NATO phonetic alphabet which word represents the letter ‘C’?,"The letter 'C' represents the word ""Chest"" in the NATO",0,C,34,1,1,0.00022377843302443133,0.9393376111984253,-0.2858871874512121,644.1168212890625,148.52806664582155,-0.06214481592178345,2.384765625,2.3002417
830,Which former RAF pilot wrote the novel ‘Airport’?,A. John,0,Airport,83113,1,7,0.5470263795282224,0.8801569938659668,0.1862565818289177,491.1214599609375,103.36053505522851,0.07828501611948013,8.8984375,2.304041
831,A creance is the name of the long fine cord used in which sport?,The answer is: The answer is: A creance is the name of,0, sport,10552,0,6,0.0694502948609941,0.8899875283241272,-0.02917103365287188,449.18701171875,85.82998208104918,0.08393138647079468,4.453125,4.472922
832,"In the UK tv series ‘Mr Bean’, what model car does Mr Bean drive?","Mr Bean drives a 1950s model car, specifically a",0, drive,6541,0,6,0.04305102148272957,0.9489006400108337,-0.003622116631344152,496.29327392578125,110.36969124176153,0.040136273950338364,2.92578125,1.9623289
833,Rodolfo and Mimi are the main characters in which opera by Giacomo Puccini?,"The answer is ""La Bohème"" by Giacomo Puccini",1,ini,6591,1,3,0.04338010741364785,1.0120123624801636,-0.13749578736363288,508.8855285644531,92.03179603192449,0.014271952211856842,0.004520416259765625,1.5641993
834,In which year did it become compulsory to wear seat belts in front seats of cars in the UK?,1974,0, UK,6424,0,3,0.04228096040438079,0.8097637295722961,-0.008585224407729353,432.7684020996094,94.31930607380424,0.09729301929473877,2.578125,0.36966065
835,Which country was invaded by Iraq in 1990?,Iraq,0,0,15,1,1,9.872577927548442e-05,0.8201581835746765,-0.7609718396778504,496.7138977050781,81.5793653086948,0.037933968007564545,0.9892578125,0.6486158
836,The Oroville Dam is in which US state?,"The Oroville Dam is in the state of California, USA.",1, state,1584,0,6,0.010425442291491154,0.9945027232170105,-0.33585445845076745,471.93865966796875,89.78678287642062,0.03212106227874756,0.10406494140625,0.3995888
837,What was the name of the Prime Minister of Egypt who was assassinated in 1910?,Egypt,0,0,15,1,1,9.872577927548442e-05,0.8201581835746765,-0.7609718396778504,482.01702880859375,66.7840687443639,0.04087646305561066,3.3203125,2.9745464
838,The OK Corral is in which US town?,"The OK Corral is in the town of OKlahoma City, Oklahoma,",0, town,6290,0,5,0.041399010109519796,0.8935283422470093,-0.18265131574518323,454.55084228515625,97.89841533559049,0.07927733659744263,7.1328125,3.069699
839,"In Greek mythology, Amphitrite, queen of the sea, was the wife of which god?",The answer is: The answer is: Zeus. Amphitrite was the,0, god,9886,0,4,0.06506687026116259,0.8719934225082397,-0.1404304878974303,420.080810546875,47.719805422806736,0.1099381297826767,0.66650390625,3.1035423
840,On which part of the body would a mukluk be worn?,The mukluk is a type of traditional garment worn by the people,0, worn,23704,0,5,0.15601305812973884,0.9279948472976685,0.08230265232594602,499.89312744140625,95.52383924585094,0.09754303842782974,8.9609375,2.604497
841,Sandygate Road football and cricket stadium is in which English city?,The answer is London.,0, city,3283,0,5,0.021607782224094357,0.872307300567627,-0.08792342468053782,456.3562927246094,92.06361937849832,0.042911283671855927,2.388671875,4.7847166
842,How many hundredweight are in a UK ton?,2000,1, ton,8766,0,4,0.05769534540859309,0.8922171592712402,-0.09287843163673015,498.78826904296875,52.986383567336816,0.08541427552700043,1.2783203125,0.6430616
843,"Smoky, Leaf-nosed and Vesper are all species of which creature?",The answer is a bird. The question is a bit of a trick question,0, creature,17218,0,9,0.11332403117101937,0.8310076594352722,-0.010104556415103882,432.44659423828125,84.91226952806419,0.07744957506656647,5.2578125,2.3338492
844,‘Make Them Wait’ is rhyming slang for which Bingo number?,10,0, number,1372,0,7,0.00903011794439764,0.915740430355072,-0.7176926549407807,505.8800354003906,138.45799579299424,0.012573296204209328,6.6640625,0.19062315
845,How many stars are on the national flag of Liberia?,13,1, Liberia,83525,0,8,0.549738047598989,1.030492901802063,0.2869425218470365,367.7123107910156,87.58878011747504,0.12442077696323395,7.42578125,0.9253953
846,What is the US state capital of Idaho?,Idaho,0, Idaho,39587,0,6,0.2605504949452401,0.9094356298446655,-0.07502198335321619,400.4511413574219,72.59909338156871,0.15099075436592102,7.0546875,2.246372
847,"In the children’s tv cartoon series, who is Inspector Gadget’s arch enemy?","The answer is: Inspector Gadget's arch enemy is the villain, the",1, enemy,9175,0,6,0.060387268323504634,0.8525589108467102,0.09289580684017995,413.1056823730469,62.60003654027605,0.07382512092590332,5.61328125,3.6411443
848,Astrakhan is the curly hair of which young animal?,The answer is a young animal. The answer is a young animal. The,0, animal,9864,0,7,0.06492207245155855,0.8557760119438171,-0.23463435538827948,442.8149719238281,94.12074549718523,0.04611118882894516,6.8671875,5.0787964
849,Nguyen Tan Dung became Prime Minister of which country in June 2006?,A,0,6,21,1,1,0.00013821609098567817,0.8235588073730469,-0.8624455781811489,500.7882080078125,91.94918876819119,0.02406063862144947,2.048828125,2.820316
850,Boll weevil cause damage to which crop?,"The Boll Weevil, *Bombyx morio*, is",0, crop,19097,0,5,0.12569108045492838,0.887763261795044,-0.1557219757154109,462.1396179199219,87.31448401246476,0.0956914871931076,4.890625,3.012093
851,What type of creature is a Dog Face?,A Dog Face is a type of creature that is a dog with a face,0, Face,18596,0,5,0.12239363942712721,0.9531003832817078,-0.08058890628311266,559.8350219726562,105.60855984926394,0.028016112744808197,6.8125,2.8685586
852,Which city hosted the 1992 Summer Olympic Games?,"The 1992 Summer Olympic Games were held in Barcelona, Spain",1, Games,11610,0,6,0.07641375315922494,0.9130024909973145,0.017509780749544568,447.1243591308594,33.801936057246344,0.08306940644979477,0.0161285400390625,2.9274232
853,Steve Martin and which other actor hosted the 2010 Academy Awards?,The 2010 Academy Awards were hosted by Steve Martin and John,0, Awards,22658,0,7,0.14912858045492838,0.9036423563957214,-0.09423645590697127,407.4460144042969,3.9983693829137543,0.13372860848903656,0.2607421875,1.5360386
854,"Which British monarch founded the Yeomen of the Guard, originally as a royal bodyguard?",The Yeomen of the Guard were originally established as a royal bodyguard by,0,guard,26098,1,5,0.17176969250210616,1.015155553817749,0.030626823136498782,435.9497375488281,29.504619237356515,0.0561838299036026,0.1783447265625,2.0835319
855,Which member of the British royal family married on the 29th April 2011?,A,0,1,16,1,1,0.00010530749789385004,0.8519878387451172,-0.541855976650587,517.5362548828125,95.88890723394896,-0.006966518238186836,2.501953125,2.49578
856,Which Italian fashion designer launched the first virtual online museum in December 2011?,The first virtual online museum launched by an Italian fashion designer in December 2,0,1,16,1,1,0.00010530749789385004,0.8519878387451172,-0.541855976650587,493.2113342285156,91.93895289785353,-0.005519837141036987,3.484375,3.5120225
857,"In Greek mythology, who was the first wife of Aegeus?",The first wife of Aegeus in Greek mythology is **Aege,0,us,355,1,2,0.0023365101095197977,1.001206398010254,-0.23812054456085052,345.6398620605469,15.352881057797255,0.05698389559984207,1.2470703125,2.483385
858,Which breed of dog is Marley in the 2008 film ‘Marley and Me’?,The dog in the 2008 film 'Marley and Me,0, Me,2157,0,3,0.01419676705981466,0.8766341805458069,0.3275250704846453,506.3724670410156,111.72248198023577,0.03150961175560951,3.1796875,1.3182751
859,‘Giovedi’ is the Italian word for which day of the week?,"The Italian word for Thursday is ""Giovedi"". So the answer",1, week,2003,0,5,0.013183182392586352,0.8932715058326721,-0.37524862005524984,491.996337890625,127.34782013718021,0.04341163486242294,0.003265380859375,2.2958794
860,How many stars are on the national flag of New Zealand?,14,1, Zealand,16911,0,8,0.11130344355518113,0.9578739404678345,0.05375429536244747,399.4852600097656,83.62114450963622,0.08520505577325821,0.251220703125,0.48751777
861,Scatology is the scientific study of what?,The study of the human body's structure and function.,0, what,1128,0,5,0.007424178601516428,0.8375577330589294,-0.3922113152340425,538.6812744140625,150.8880413181312,0.04415488615632057,2.46875,3.45234
862,La Paz is the administrative capital of which South American country?,La Paz is the administrative capital of Bolivia.,1, country,3146,0,8,0.020706086773378266,0.8689674735069275,-0.1793005214443295,437.0597229003906,103.98569979976666,0.06752905249595642,0.0128021240234375,1.9815501
863,"In the game of Bingo, ‘Get up and run’ represents which number?",10,0, number,1372,0,7,0.00903011794439764,0.915740430355072,-0.7176926549407807,516.0938720703125,109.66048820200648,0.014079669490456581,4.8203125,1.7530525
864,"In February 1938, Roberto M. Ortiz became President of which South American country?","The answer is: The country is Colombia. So, the answer is Colombia",0, country,3146,0,8,0.020706086773378266,0.8689674735069275,-0.1793005214443295,437.58355712890625,103.04554481480473,0.06739868968725204,0.0916748046875,2.05223
865,Which poet wrote ‘The Lake Isle of Innisfree’?,The poet who wrote 'The Lake Isle of Innisfree' is Robert,0,free,10593,1,4,0.06972014532434709,0.9706604480743408,0.028080243254747117,387.54351806640625,39.36474647031117,0.00942156370729208,0.042022705078125,2.5134685
866,In September 2006 the government of Prime Minister Thaksin Shinawatra was overthrown in which Asian country?,The government of Prime Minister Thaksin Shinawatra was overthrown in,0, country,3146,0,8,0.020706086773378266,0.8689674735069275,-0.1793005214443295,496.3375549316406,109.74785071376792,0.08371316641569138,0.421875,2.566475
867,Who wrote the 1930’s novel ‘Tender is the Night’?,The 1930’s novel ‘Tender is the Night’,0, Night,12826,0,6,0.08441712299915755,0.8779504895210266,0.23746125222868475,514.92578125,118.85517231234866,0.07511066645383835,2.826171875,1.3404802
868,Maria Fitzherbert was ‘married’ to which British monarch?,The answer is: The British monarch who was married to Maria Fitzherbert,0, monarch,62754,0,8,0.4130291701769166,0.9087246656417847,0.3773947472862642,428.2576599121094,55.60366791146526,0.1274610310792923,2.68359375,3.7469578
869,Amarelo is Portuguese for which colour?,"The answer is ""green"".",0, colour,12463,0,7,0.08202795914069082,0.9678767323493958,-0.32167626569743124,477.55126953125,101.68930526475059,0.07736256718635559,9.625,4.214621
870,"On a standard dartboard, which number lies opposite number 4?",12,0,4,19,1,1,0.0001250526537489469,0.8273023366928101,-0.7987214450876956,511.24884033203125,97.4479949878811,0.0915127545595169,2.892578125,0.11766638
871,Mount Chimborazo is in which South American country?,The answer is: Chimborazo is a mountain in the South American country,0, country,3146,0,8,0.020706086773378266,0.8689674735069275,-0.1793005214443295,485.0615539550781,117.4541926898429,0.07506215572357178,0.396240234375,3.4904542
872,What is the basic monetary unit of Israel?,The basic monetary unit of Israel is the Israeli shekel.,1, Israel,6778,0,7,0.04461088879528222,0.8699790835380554,-0.08872791421144477,412.123046875,84.57360226184585,0.1262040138244629,10.6875,3.0341158
873,In which European country is Lake Ree?,The answer is in the European country of Germany. The lake is located in,0, Ree,56821,0,4,0.3739798336141533,0.9683228135108948,-0.2679870482389659,489.2112121582031,28.032993027263007,0.05621153116226196,12.0390625,2.6232593
874,Who wrote the poem ‘The Lady of the Lake’?,"The poem ""The Lady of the Lake"" was written by the English poet",0, Lake,11678,0,5,0.0768613100252738,0.864991307258606,-0.06362553176018837,504.7604064941406,122.34736220825461,0.0951383113861084,0.52490234375,1.3284386
875,"Henry Blake, Charles Winchester and Father Mulcahy are all characters in which US tv series?","The answer is ""The Office"" series.",0, series,4013,0,7,0.026412436815501265,0.9500036835670471,-0.23476074183004014,438.73223876953125,46.00094201858018,0.0938875749707222,0.1832275390625,2.2328656
876,‘Obey your thirst’ is the advertising slogan for which soft drink?,The soft drink is Coca-Cola.,0, drink,7027,0,6,0.046249736731255264,0.877720296382904,0.02141038326537803,466.660400390625,80.67300602614897,0.09175752103328705,0.0158843994140625,3.530548
877,Selenology is the scientific study of which celestial body?,The answer is the sun.,0, body,2487,0,5,0.016368734203875315,1.000932216644287,-0.35298528045911315,514.0730590820312,105.77955691171654,0.013369569554924965,0.57470703125,2.7688189
878,‘A crutch and a duck’ is the term for which bingo number?,10,0, number,1372,0,7,0.00903011794439764,0.915740430355072,-0.7176926549407807,521.4764404296875,129.2347533362251,0.010351356118917465,7.0078125,0.566919
879,"Spud, Shot and Hand are all types of what?","Spud, Shot, and Hand are all types of what? The answer",0, what,1128,0,5,0.007424178601516428,0.8375577330589294,-0.3922113152340425,517.3282470703125,147.2353634353709,0.051167286932468414,1.3349609375,6.658371
880,"In the game ‘Metal Gear Solid’,who is the twin brother of Solid Snake?",The twin brother of Solid Snake in the game 'Metal Gear Solid' is,0, Snake,39656,0,6,0.2610046335299073,0.8743646144866943,0.2718348759323228,371.4713134765625,76.43375266358413,0.09377068281173706,0.158447265625,2.4326844
881,What did fictional detective Sherlock Holmes keep in the toe of his Persian slipper?,The answer is a pocket watch.,0,per,712,1,3,0.004686183656276327,1.0195791721343994,-0.0666801928266807,412.4195556640625,73.74460451669388,0.02052965573966503,0.375244140625,3.9823852
882,Which creatures are used as croquet balls in the novel ‘Alice’s Adventures in Wonderland’?,The creatures used as croquet balls in the novel 'Alice's Adventures in,0, Wonderland,88924,0,11,0.5852727464195451,0.9909299612045288,0.13639038181355767,404.9039001464844,114.26895510660222,0.06853395700454712,0.0858154296875,1.7208818
883,Which Spanish artist painted the series known as ‘Fantasy and Invention’ in the 18th century?,The series known as 'Fantasy and Invention' was painted by the,0, century,9294,0,8,0.061170492839090145,0.8945726752281189,-0.32750841142411113,490.7284240722656,109.83974197478808,0.0892752856016159,0.0278167724609375,2.5704043
884,‘Mucke’ is the Serbo-Croatian name for which UK tv series?,"The answer is ""The Crown"". But why? Because the name 'M",0, series,4013,0,7,0.026412436815501265,0.9500036835670471,-0.23476074183004014,468.8428039550781,66.58932927510624,0.0797555074095726,0.77783203125,1.8361263
885,"Comedian, actor and director Melvin Kaminsky is better known by what name?","The answer is Melvin Kaminsky, known as a comedian, actor,",1, name,829,0,5,0.005456244734625105,0.8974736332893372,-0.4841769543220291,498.0657958984375,123.03107946955754,0.012311183847486973,1.1982421875,4.9913163
886,The Belgian beer ‘Kriek’ is flavoured with which fruit?,Kriek is a Belgian beer that is flavoured with the fruit of,0, fruit,13779,0,6,0.09068950084245998,0.8170133829116821,0.1161133675906676,436.41986083984375,47.1036285308689,0.1026841551065445,4.08203125,2.0774233
887,The Forest of Arden is in which English county?,The Forest of Arden is in the English county of Cornwall.,0, county,13867,0,7,0.09126869208087615,0.8586696982383728,-0.1899040486290211,382.8136901855469,24.813792804293517,0.13646061718463898,1.556640625,0.8075495
888,Louis Reard created which two-piece item of clothing in 1946?,1946,0,6,21,1,1,0.00013821609098567817,0.8235588073730469,-0.8624455781811489,553.3458251953125,94.97895156212469,0.007660822011530399,2.556640625,2.0001876
889,What colour are the flowers of a hawkbit plant?,The flowers of a hawkbit plant are white.,0, plant,6008,0,6,0.03954296545914069,0.899644136428833,-0.10173825391007574,430.43218994140625,80.06424579834145,0.09101681411266327,1.5087890625,2.4099252
890,In which British city is the Jewry Wall Museum?,The answer is located in the city of London.,0, Museum,16328,0,7,0.10746630160067397,0.8561850786209106,0.26934335799658005,473.7724609375,67.65503707906137,0.08341261744499207,5.3984375,1.9456774
891,What is the main ingredient of borscht soup?,"The main ingredient of borscht soup is the root of the plant,",0, soup,19174,0,5,0.12619787278854255,0.878129243850708,-0.26431069185570744,410.4629211425781,77.63095211580973,0.09731172770261765,6.25390625,3.7929332
892,Thanatology is the scientific study of what?,The study of human behavior and culture,0, what,1128,0,5,0.007424178601516428,0.8375577330589294,-0.3922113152340425,509.0757141113281,135.42544910260074,0.05391024053096771,2.021484375,3.338884
893,Which author wrote ‘I came form Des Moines. Somebody had to.’ in their book ‘The Lost Continent’?,"The author of the book ""The Lost Continent"" is a fictional author,",0, Continent,97745,0,10,0.6433300863521483,1.0629469156265259,0.07991610927165915,537.7432861328125,122.4694843683946,0.08831505477428436,6.99609375,2.384186
894,Which actor succeeded Marlon Brando as head of the Corleone family in the Godfather films?,A,0, films,12351,0,6,0.08129080665543387,0.8994343876838684,-0.08251113638550489,412.0213623046875,56.417271902557516,0.10118058323860168,6.25390625,2.050787
895,"Brown, American Rainbow and Cutthroat are all types of which fish?",The answer is a fish.,0, fish,7640,0,5,0.0502843302443134,0.8063751459121704,0.003974403846195962,456.8363037109375,84.52057801124253,0.07517557591199875,4.015625,4.182085
896,Who designed St Paul’s Cathedral in London?,St Paul’s Cathedral in London is designed by Sir Christopher Wren.,1, London,7148,0,7,0.047046124684077505,0.8090469837188721,0.1780668866193813,438.51104736328125,75.08002712652275,0.08482445776462555,0.7451171875,1.8731581
897,What colour is the liqueur ‘Parfait d’Amour’?,"The liqueur 'Parfait d’Amour' is a sweet,",0,our,413,1,3,0.0027182497893850043,1.0439777374267578,-0.22258038845095962,577.903564453125,120.06783767372313,-0.009405111894011497,0.0126190185546875,2.6405451
898,What is the name of the clarified butter used in Indian cookery?,"The clarified butter used in Indian cookery is known as ""ghee"".",1,ery,722,1,3,0.004752000842459983,1.106486439704895,0.016210716275135262,384.7080383300781,13.253134709045316,-0.007425437681376934,0.03564453125,4.5717564
899,"In the 2005 Julian Barnes novel ‘Arthur and George’, who is Arthur?","Arthur is a character in the novel, and he is the protagonist. He",0, Arthur,27586,0,7,0.1815632898062342,0.8198308348655701,0.10330371292371865,453.5362243652344,99.82707931047472,0.11873020231723785,3.908203125,0.3011066
900,"In humans, epicondylitis affects which part of the body?",The epicondylitis is also known as tendinopathy of the,0, body,2487,0,5,0.016368734203875315,1.000932216644287,-0.35298528045911315,502.0684814453125,113.46453575268046,0.005118841305375099,0.3466796875,2.2433915
901,The UEFA (Union of European Football Associations) was founded in which European country in 1954?,1954,0,4,19,1,1,0.0001250526537489469,0.8273023366928101,-0.7987214450876956,531.4797973632812,90.49903156509379,0.029663391411304474,1.943359375,1.2004861
902,From which 1968 film did English band Duran Duran take their name?,"The answer is: The 1968 film ""The Godfather",0, name,829,0,5,0.005456244734625105,0.8974736332893372,-0.4841769543220291,474.49072265625,69.2690965336773,0.03840623050928116,3.86328125,2.0590987
903,The ‘La Scala Opera House’ is in which European city?,"The 'La Scala Opera House' is located in the city of Milan,",1, city,3283,0,5,0.021607782224094357,0.872307300567627,-0.08792342468053782,464.22918701171875,96.01476479708252,0.05902119725942612,1.5078125,1.9082764
904,Who is the lead singer of the English band ‘The Specials’?,The lead singer of the English band ‘The Specials’ is **David,0,s,82,1,1,0.0005397009267059814,1.262776255607605,1.761360605413806,478.4176330566406,126.90515997310271,-0.041029803454875946,0.448486328125,1.2914467
905,"Elvis Presley’s manager, Andreas Cornelis van Kujik, was better known by what name?",The answer is: Andreas Cornelis van Kujik was better known by,0, name,829,0,5,0.005456244734625105,0.8974736332893372,-0.4841769543220291,502.48760986328125,134.0549641685505,0.02173415943980217,0.6123046875,3.2852798
906,The Transandine Railway runs between which two South American countries?,The Transandine Railway runs between the two South American countries of Argentina and,0, countries,5837,0,10,0.03841749157540017,0.8388375639915466,-0.2691297205520349,464.1705017089844,118.33282833439152,0.10625337809324265,0.0543212890625,1.6621242
907,"Sinology is the study of the language, history and culture of which country?",China,1, country,3146,0,8,0.020706086773378266,0.8689674735069275,-0.1793005214443295,501.9438171386719,140.99373989332435,0.07118233293294907,2.4375,3.4329998
908,"On the human body, a keloid is a type of what?",A keloid is a type of scar.,1, what,1128,0,5,0.007424178601516428,0.8375577330589294,-0.3922113152340425,483.993896484375,106.7355673401807,0.046491146087646484,5.1796875,2.515705
909,"In the British military, a bombadier is equivalent to which other rank?",The bombadier is equivalent to the rank of a captain in the British military,0, rank,7077,0,5,0.046578822662173544,0.9174410104751587,-0.10565424414140123,474.38043212890625,96.73517504661464,0.06990189850330353,3.44921875,3.185786
910,What type of animal is Baloo in the novel ‘The Jungle Book’ by Rudyard Kipling?,Baloo is a bear in the Jungle Book by Rudyard Kipling,1,ing,287,1,3,0.0018889532434709351,1.1567107439041138,0.14939510415372004,458.19036865234375,104.30506070232249,-0.05512358248233795,3.642578125,2.2828617
911,Tirana is the capital of which European country?,"The capital of the European Union is Brussels, Belgium. Therefore, the answer",0, country,3146,0,8,0.020706086773378266,0.8689674735069275,-0.1793005214443295,481.38519287109375,115.41614406339248,0.07345758378505707,0.159912109375,4.2537293
912,"In our solar system, which is the sixth planet from the sun?",The sixth planet from the sun is Venus.,1, sun,7015,0,4,0.04617075610783488,0.9086059927940369,-0.1737277871312446,481.58917236328125,85.42913843460732,0.04083656519651413,1.05859375,1.6509566
913,Composer Giacomo Puccini died leaving which opera unfinished?,A,0, unfinished,63616,0,11,0.41870261162594774,0.9076120853424072,-0.18659545038401193,456.9569396972656,118.22155438044217,0.13457027077674866,7.48046875,3.328456
914,"King Louie, Akela and Ziggy are all characters in which Disney film?","The answer is ""The Lion King"" (2019). The",0, film,4531,0,5,0.02982176705981466,0.8763630390167236,-0.40874235784281776,448.74774169921875,57.48527651714975,0.09397874772548676,2.63671875,1.8734016
915,‘Impossible is nothing’ is the motto of which sportswear company?,The answer is: The company is not known for its sportswear but is,0, company,2813,0,8,0.01851437447346251,0.8964586853981018,-0.17895215232611905,477.6199645996094,95.73644003974071,0.05443532392382622,1.521484375,3.1757445
916,Who wrote the play ‘The Iceman Cometh’?,The play 'The Iceman Cometh' was written by John G,0,eth,769,1,3,0.005061341617523168,1.035912275314331,-0.18458440341707716,516.86962890625,144.44857365003912,0.017451047897338867,1.9990234375,1.6856133
917,"Which children’s playground game is sometimes called ‘Fivestones’, ‘Knucklebones’ or ‘Snobs’?",The answer is a game called ‘Fivestones’.,0,obs,5481,1,3,0.036074399747262,0.9861863255500793,0.08103659864254054,521.306396484375,82.41730939153011,0.037446022033691406,7.125,1.8243593
918,Mr and Mrs Potato Head appear in which film franchise?,"The answer is ""The Potato Head"" franchise.",0, franchise,19024,0,10,0.1252106149957877,0.9125950932502747,0.07972110641256824,459.1573486328125,90.21774219934755,0.09553108364343643,4.78515625,1.2877724
919,How many square stickers are on each face of a classic Rubik’s Cube?,2048,0, Cube,42592,0,5,0.2803285593934288,0.8759627938270569,-0.12348997910715553,479.5989685058594,89.54195268659952,0.09390704333782196,3.27734375,1.5115176
920,Who composed the ballet ‘Swan Lake’?,The ballet 'Swan Lake' was composed by Igor Stravinsky.,0, Lake,11678,0,5,0.0768613100252738,0.864991307258606,-0.06362553176018837,471.3741760253906,103.2881688274972,0.06108268350362778,1.5048828125,1.147519
921,"In 1818, British obstetrician James Blundell performed the first successful human what?",The answer is a baby.,0, what,1128,0,5,0.007424178601516428,0.8375577330589294,-0.3922113152340425,447.58648681640625,82.36225509142587,0.06337965279817581,10.2578125,4.3261957
922,"In cooking, 190 degrees Celsius is the equivalent to which Gas Mark?",190 degrees Celsius is equivalent to which Gas Mark?,0, Mark,4389,0,5,0.028887163016006738,0.8991355895996094,-0.09549586207286254,460.1876525878906,68.24267468935966,0.07502194494009018,9.0234375,2.8085096
923,What do the interior angles of a hexagon add up to in degrees?,720,1, degrees,12348,0,8,0.08127106149957877,0.9873203635215759,-0.20125552265013846,475.1708068847656,131.61988522458606,0.10043178498744965,1.9951171875,1.679556
924,The roe of lumpfish is used as a substitute for which delicacy?,The roe of lumpfish is used as a substitute for the delicacy,0,acy,2757,1,3,0.018145798230834037,1.1156774759292603,-0.2034435136296815,497.36480712890625,98.60747632597455,-0.02746337093412876,0.158935546875,2.091265
925,"In Vermont, USA, there is an old law stating that it is illegal for women to wear what without their husbands written consent?","The answer is ""a dress.""",0, consent,14433,0,8,0.0949939448188711,0.8711132407188416,0.042426118756729636,451.1026306152344,100.61083922530868,0.11072541028261185,5.86328125,3.2924385
926,"In medicine, algology is the study of what?",The study of the human body's structure and function.,0, what,1128,0,5,0.007424178601516428,0.8375577330589294,-0.3922113152340425,501.0750732421875,142.76407887228123,0.04829483479261398,2.37890625,4.1268344
927,How many imperial gallons are in a firkin?,1,0,kin,7989,1,3,0.052581350042123,1.0568623542785645,0.06982929826509832,470.4389953613281,86.23683612821156,0.0171901136636734,0.290283203125,0.4400805
928,The meibomian gland is found in which part of the human body?,The meibomian gland is found in the nasal cavity and the throat,0, body,2487,0,5,0.016368734203875315,1.000932216644287,-0.35298528045911315,538.0767211914062,106.08760448153862,0.013318412005901337,0.01502227783203125,2.246833
929,The Manuel M.Torres Dam is the largest hydro plant in which country?,The Manuel M.Torres Dam is the largest hydro plant in the United,0, country,3146,0,8,0.020706086773378266,0.8689674735069275,-0.1793005214443295,472.42559814453125,121.80226064027772,0.08283835649490356,0.331787109375,2.377143
930,Which British swimmer won Olympic Gold Medals in 2008 in the 400 and 800 m freestyle?,The British swimmer who won Olympic Gold Medals in 200,0,estyle,37383,1,6,0.24604438711036225,1.1068222522735596,0.19665636573659961,494.2637939453125,1.996964136294694,0.08292146772146225,0.0018777847290039062,4.0027547
931,"In the NATO phonetic alphabet, which word represents the letter I?",I,0, I,358,0,2,0.0023562552653748946,0.8374460339546204,-0.5629156833977089,508.6043395996094,112.39351550289388,0.029729466885328293,6.859375,1.5142773
932,"Which US author wrote ‘The Naked and the Dead’, based on his military service in World War II?",The author of 'The Naked and the Dead' is John le Carré,0, II,7946,0,3,0.05229833614153328,0.8203153014183044,0.027690348655162733,501.46478271484375,107.6147044419625,0.04359736293554306,0.499267578125,1.9652209
933,Which Brooklyn-born author had parents named Malachy and Angela?,A. Malachy,0, Angela,37143,0,7,0.2444647746419545,0.8790602087974548,0.14157354505339903,623.840087890625,115.80222720906102,0.046624958515167236,7.83984375,0.6797305
934,What is the title of the 1944 film starring Barbara Stanwyck as the wife who seduces an insurance salesman into killing her husband?,The title of the 1944 film starring Barbara Stanwyck,0, husband,9972,0,8,0.06563289806234204,0.9237186312675476,0.11411958488957996,453.1940002441406,87.02361214524801,0.08457068353891373,0.90771484375,2.5066156
935,"What is the nickname of Thierry Guetta, the French-born street-artist?","Thierry Guetta is known for his nickname ""The Street Artist"" or",1,artist,18622,1,6,0.12256476411120472,0.9517718553543091,0.447681099297351,445.2264099121094,46.080136551154716,0.05302038788795471,0.00279998779296875,2.525584
936,Wolf Mankowitz wrote the 1953 novel ‘A Kid For Two….’what’?,The answer is a child.,0,what,12555,1,4,0.08263347725358046,0.8053195476531982,-0.0919569310027124,599.3200073242188,132.03874477387717,0.04655686020851135,13.0546875,2.806156
937,What is the name of a triangle which has sides unequal in length?,A triangle is a three-sided polygon with three sides and three angles. A,0, length,3084,0,7,0.020298020219039595,0.9234322309494019,-0.3627530934023504,516.6759643554688,120.50844411921486,0.03497657924890518,0.492919921875,2.92868
938,‘Quicksilver’ is another name for which metallic element?,"The answer is silver. Silver is a metallic element, and it is also",0, element,2392,0,8,0.01574347093513058,0.9378267526626587,-0.3474745196429887,490.8415222167969,111.43873251447778,0.06717117875814438,0.57275390625,3.3496442
939,"What is the name of the Japanese dish of bite-sized pieces of raw fish served with dipping sauces, vegetables and wasabi?","The answer is ""Sashimi"".",1,abi,25084,1,3,0.1650958298230834,1.0438182353973389,-0.25407191724505784,456.3168640136719,26.565015679497566,0.02323959767818451,0.01268768310546875,4.9357715
940,Who is recognised as Britain’s first Prime Minister?,"The first Prime Minister of the United Kingdom was Sir William Pitt, who served",0, Minister,9486,0,9,0.062434182813816345,0.9146206974983215,0.030737059601178895,500.478515625,109.20041874871995,0.06676963716745377,0.016143798828125,4.9057665
941,"In the human body, which bone connects the humerus with the calvicle?",The bone that connects the humerus with the clavicle is the cl,0,icle,2002,1,4,0.013176600673967986,1.1517376899719238,-0.07683994777474057,548.4159545898438,101.57264059956117,0.01101393811404705,12.9921875,0.7414627
942,The Cuatro Torres Business Area is in which European city?,"The Cuatro Torres Business Area is in the European city of Madrid, Spain",1, city,3283,0,5,0.021607782224094357,0.872307300567627,-0.08792342468053782,456.6124572753906,99.67499280251805,0.05332473665475845,2.42578125,2.4052026
943,The first issue of which British children’s comic was published in April 1950?,The first issue of which British children’s comic was published in April 1,0,0,15,1,1,9.872577927548442e-05,0.8201581835746765,-0.7609718396778504,508.1839294433594,88.88721210638889,0.023758919909596443,1.8955078125,1.2004403
944,"The 1951 ‘Treaty of Peace With Japan’ which served to officially end World War II, is commonly known as what?",The 1951 'Treaty of Peace with Japan',1, what,1128,0,5,0.007424178601516428,0.8375577330589294,-0.3922113152340425,484.7679443359375,126.86239376844469,0.05125458911061287,2.318359375,2.4960167
945,The Tumut Hydroelectric Power Station is in which Australian state?,The Tumut Hydroelectric Power Station is in the Australian state of New,0, state,1584,0,6,0.010425442291491154,0.9945027232170105,-0.33585445845076745,442.46844482421875,66.55598603060871,0.044139377772808075,0.08660888671875,1.4316517
946,Who always holds the title of the Supreme Governor of the Church of England?,The answer is the Archbishop of Canterbury.,0, England,9448,0,8,0.06218407750631845,0.9048430323600769,-0.03778333698348968,443.6854248046875,71.1510528460375,0.028507355600595474,0.92529296875,1.0537052
947,How many players are on the field in a baseball team?,19,1, team,2083,0,5,0.013709719882055603,0.9486525654792786,-0.3551075505166228,465.2862243652344,81.48827536227216,0.06388716399669647,5.515625,1.7819533
948,"In the poem ‘Monday’s Child’, what is Wednesday’s child full of?","The answer is ""a box of chocolates"".",0, of,315,0,3,0.0020732413647851725,0.7791222929954529,-1.1150523233339347,562.7047119140625,148.35942179955242,0.020973289385437965,0.09613037109375,3.419856
949,"In London in 1788, the ‘Daily Universal Register’ was relaunched as which newspaper?",The Daily Universal Register was relaunched as the **Daily Universal Register**,1, newspaper,16803,0,10,0.11059261794439765,0.8208834528923035,0.003376906903579169,462.41522216796875,86.20657100467169,0.1362951397895813,3.509765625,0.87166345
950,Which clothing chain was founded by brothers Clemens and August Brenninkmeijer in 1841?,The clothing chain founded by brothers Clemens and August Brenninkmeij,0,1,16,1,1,0.00010530749789385004,0.8519878387451172,-0.541855976650587,507.14813232421875,83.42121755921053,0.019670795649290085,2.6328125,3.3496006
951,Falange was the name given to several political movements and parties dating from the 1930’s in which European country?,The answer is France. The Falange movement was a political movement and party,0, country,3146,0,8,0.020706086773378266,0.8689674735069275,-0.1793005214443295,500.8228759765625,127.355178687484,0.07207523286342621,6.28515625,2.254175
952,"In the novel ‘Jane Eyre’ by Charlotte Bronte, what is the name of Mr Rochester’s first wife?","The name of Mr Rochester’s first wife is Jane. However, it's",0, wife,7403,0,5,0.04872446293176074,0.8868056535720825,0.05573678534131998,426.62213134765625,80.65459603190453,0.09469515830278397,0.7978515625,3.473832
953,"Which fictional character is the subject of George Frampton’s bronze statue in Kensington Gardens, London?","The subject of George Frampton’s bronze statue in Kensington Gardens, London,",0, London,7148,0,7,0.047046124684077505,0.8090469837188721,0.1780668866193813,426.157958984375,78.45001633625336,0.08621111512184143,0.75634765625,2.4796875
954,Who wrote the novel ‘The Prime of Miss Jean Brodie’?,The novel 'The Prime of Miss Jean Brodie' was written by the,0,die,26493,1,3,0.17436947135636058,1.0713762044906616,0.11921493660376159,402.21539306640625,62.331949438980004,0.01590433530509472,0.150146484375,1.0247426
955,Sindh is a province of which Asian country?,A,0, country,3146,0,8,0.020706086773378266,0.8689674735069275,-0.1793005214443295,479.26025390625,104.12722961965093,0.0640525072813034,0.08673095703125,1.716187
956,Madame de Pompadour and Madame du Barry were mistresses of which French King?,The answer is that they were both mistresses of Louis XIV.,0, King,6210,0,5,0.040872472620050546,0.8003839254379272,-0.07568775733515754,410.4291076660156,59.23110533375664,0.07973659038543701,4.94140625,3.4901507
957,Odontology is the scientific study of what?,The study of the human body,0, what,1128,0,5,0.007424178601516428,0.8375577330589294,-0.3922113152340425,515.8240356445312,130.2314560672302,0.0525454543530941,1.4716796875,3.2394319
958,The wine ‘Bull’s Blood’ of Eger is produced in which country?,The wine 'Bull’s Blood' of Eger is produced in the,0, country,3146,0,8,0.020706086773378266,0.8689674735069275,-0.1793005214443295,466.08123779296875,121.66171819158555,0.0885004848241806,1.29296875,1.5232235
959,The 1932 film ‘The Mask of Fu Manchu’ revolves around Fu Manchu’s quest for the sword and mask of which historical figure?,The 1932 film 'The Mask of Fu Manchu',0, figure,7071,0,7,0.046539332350463355,1.0346379280090332,-0.1590609529832463,483.705322265625,115.66719134201769,0.03944667428731918,0.0780029296875,1.6987134
960,The mask worn in the 1996 film ‘Scream’ is based on a painting by which artist?,The mask worn in the 1996 film 'Scream',0, artist,10049,0,7,0.06613969039595619,0.9141623377799988,0.15178650197928656,462.3833923339844,89.91163003215333,0.06170738860964775,0.705078125,1.2721659
961,Which US athlete won a gold medal for the high jump in the 1968 Summer Olympics?,The athlete who won a gold medal for the high jump at the 1,0, Olympics,31963,0,9,0.21037147219882055,0.9437424540519714,-0.161111092108829,394.3432312011719,3.763089027742736,0.11507944017648697,0.1619873046875,1.805839
962,In which London street does fictional character Sweeney Todd have his barber shop?,122 High Street,0, shop,8061,0,5,0.053055233782645324,0.8710894584655762,0.02211307236340332,494.261474609375,70.8404679224205,0.052886009216308594,0.123046875,2.093179
963,The Nullarbor Plain is in which country?,The Nullarbor Plain is in Australia.,1, country,3146,0,8,0.020706086773378266,0.8689674735069275,-0.1793005214443295,479.310546875,119.83631865448262,0.07365603744983673,1.98046875,0.6063531
964,What is the official language of Nicaragua?,"Nicaragua is a country in Central America, and its official language is Spanish.",1, Nicaragua,76324,0,10,0.5023430918281382,0.9502453804016113,0.47049283390957086,362.6369934082031,78.5162605010226,0.10579860210418701,10.6796875,2.6178217
965,Who wrote the plays ‘The Cocktail Party’ and ‘The Family Reunion’?,The plays 'The Cocktail Party' and 'The Family Reunion' were,0,union,16192,1,5,0.10657118786857624,1.0025947093963623,-0.22857960678862588,473.6455993652344,118.41448086956193,-0.0075824810191988945,0.1578369140625,1.3362046
966,"Used in cooking, agar-agar is a gelatin made from what?",agarose,0, what,1128,0,5,0.007424178601516428,0.8375577330589294,-0.3922113152340425,511.31964111328125,86.89126520423851,0.06641977280378342,3.474609375,4.6803317
967,The fictional character ‘Disco Stu’ appears in which US cartoon tv Series?,The answer is: The fictional character 'Disco Stu' appears in,0, Series,11131,0,7,0.0732611099410278,0.9401078224182129,-0.08114151235332479,480.84747314453125,72.8421005963661,0.05713168904185295,10.6015625,1.7453458
968,"Marie Antoinette, Queen of France and Navarre, was born in which country?",France,0, country,3146,0,8,0.020706086773378266,0.8689674735069275,-0.1793005214443295,472.0843200683594,124.28387424381803,0.08923113346099854,2.86328125,1.8881056
969,The song ‘Seventy Six Trombones’ is from which musical show?,The song 'Seventy Six Trombones' is from the musical show,0, show,1473,0,5,0.00969487152485257,0.8853548765182495,-0.36118524013844455,445.49737548828125,52.17613732520833,0.07455170154571533,6.35546875,2.8654518
970,Which US President was given the nickname the ‘Great Engineer’?,"The Great Engineer is a nickname given to President Grover Cleveland, who served",0, Engineer,28383,0,9,0.18680891954507162,0.9257060289382935,-0.04028594214126935,487.6737365722656,96.79618466009687,0.08133472502231598,8.8046875,3.0510619
971,"In the human body, what is stored in adipose tissue?",The body stores fat in adipose tissue.,1, tissue,19847,0,7,0.13062736941870262,0.8283386826515198,0.021547606136540942,492.2362060546875,104.63317809989769,0.08031122386455536,0.1502685546875,3.305778
972,A craniotomy is the surgical removal of a portion of which part of the human body?,The brain,0, body,2487,0,5,0.016368734203875315,1.000932216644287,-0.35298528045911315,515.1441040039062,103.32455040422107,0.015500128269195557,0.285400390625,4.2884197
973,Which country will host the 2014 FIFA World Cup?,The 2014 FIFA World Cup will be held in Brazil.,1, Cup,10861,0,4,0.07148404591406908,0.902894139289856,-0.12480476268169216,459.277099609375,8.117058835419087,0.09368414431810379,0.0024356842041015625,2.1774871
974,Which country has the internet domain .de?,"The country with the internet domain .de is Germany. So, the answer",1,de,450,1,2,0.0029617733782645326,0.9643269777297974,0.25549768634237946,507.54534912109375,100.9281369062135,0.015293513424694538,4.30859375,2.14474
975,A sequicentenary is an anniversary of how many years?,365,0, years,1635,0,6,0.0107611099410278,0.9320288896560669,-0.052141269332111495,547.2472534179688,118.73893411147918,0.03132885694503784,0.5546875,1.6654454
976,What is the International Vehicle Registration for Cambodia?,The International Vehicle Registration for Cambodia is a service provided by the Cambodian government,0, Cambodia,61038,0,9,0.40173494102780116,0.9434460401535034,0.2534064427310945,443.54931640625,72.04619948028807,0.09045678377151489,9.421875,2.0626593
977,Opera singer Leyla Gencer was born in which European country?,A European country,0, country,3146,0,8,0.020706086773378266,0.8689674735069275,-0.1793005214443295,457.89453125,106.83853851933787,0.10145661234855652,0.1907958984375,2.9271517
978,In which South American country does Angostura Bitters originally come from?,The answer is Brazil.,0, from,504,0,5,0.003317186183656276,0.8299858570098877,-0.78626177121274,498.33734130859375,144.0373180753041,0.026736080646514893,0.038055419921875,3.2576742
979,The Hel Peninsula is part of which European country?,The Hel Peninsula is part of the European country of the United Kingdom.,0, country,3146,0,8,0.020706086773378266,0.8689674735069275,-0.1793005214443295,470.6523132324219,107.77561781623899,0.09015876799821854,0.358154296875,1.4109364
980,Which US singer released a 2010 album entitled ‘The Lady Killer’?,The Lady Killer,0, Killer,52953,0,7,0.3485217459983151,0.9209972023963928,-0.09710393810593887,543.9069213867188,102.12358596625006,0.0964476689696312,8.2578125,1.2695487
981,How many months is the gestation period for an elephant?,12 months,0, elephant,45740,0,9,0.3010478096040438,0.871410608291626,0.019483945449848772,368.95440673828125,46.32138136449259,0.14661291241645813,2.259765625,1.2124991
982,"Raclette, Tilsit and Sbrinz are all types of which foodstuff?",The answer is a type of bread.,0,stuff,57304,1,5,0.3771588037068239,0.944934070110321,-0.14179892229292923,504.1756591796875,124.97447746615669,0.07800941169261932,7.91796875,3.750314
983,Adam Richman takes on food challenges in which US television series?,The answer is: The answer is: The answer is: The answer is,0, series,4013,0,7,0.026412436815501265,0.9500036835670471,-0.23476074183004014,464.31732177734375,69.67483721020552,0.07276079058647156,3.658203125,3.5284548
984,Creme Anglaise is the French version of which English dessert item?,Creme Anglaise,0, item,1509,0,5,0.009931813395113733,0.9168847799301147,-0.47518302566059356,480.41070556640625,112.99132291789182,0.05193847790360451,5.4765625,1.0748533
985,Who was known as the ‘Waltz King’ of Vienna?,The answer is: The answer is: The answer is: The answer is,0, Vienna,46287,0,7,0.3046480096882898,0.9079008102416992,-0.07998625108611801,403.6777038574219,53.46641876874923,0.12378013134002686,4.78125,1.1100423
986,Erotology is the study of what?,The study of human relationships and interactions.,0, what,1128,0,5,0.007424178601516428,0.8375577330589294,-0.3922113152340425,529.71484375,147.92930061073747,0.047502197325229645,2.716796875,3.9772968
987,‘The King of Barataria’ is the subtitle of which Gilbert and Sullivan operetta?,The King of Barataria is the subtitle of the operetta by which,1,etta,26527,1,4,0.174593249789385,1.1554007530212402,-0.29087567347476506,459.50433349609375,33.53241007014409,-0.03465092554688454,3.166015625,2.780209
988,"Sufferers, Locksmen and Dreads are followers of which religion?",The answer is the religion of the people who follow them. The answer is,0, religion,13587,0,9,0.08942581086773378,0.8708840608596802,-0.11222464148919098,459.8554992675781,91.54568565931594,0.0640886127948761,3.734375,1.6041169
989,The 1965 film ‘The Heroes of Telemark’ is set in which European country?,The 1965 film 'The Heroes of Telemark',0, country,3146,0,8,0.020706086773378266,0.8689674735069275,-0.1793005214443295,468.1440124511719,110.43113945854971,0.09633975476026535,0.3056640625,1.3886112
990,What colour are the two stars on the national flag of Syria?,The two stars on the national flag of Syria are red and white.,0, Syria,12623,0,6,0.08308103411962932,0.9057435989379883,-0.0004209063183142625,343.06011962890625,73.64478656999614,0.08927185833454132,7.82421875,2.8271394
991,"In humans, Duane Syndrome affects which part of the body?",The left cerebral hemisphere,0, body,2487,0,5,0.016368734203875315,1.000932216644287,-0.35298528045911315,496.9161376953125,110.981676642701,0.013760523870587349,0.4931640625,3.6475277
992,Taphephobia is the abnormal fear of being what?,"The answer is ""a fear of being in the dark.""",0, what,1128,0,5,0.007424178601516428,0.8375577330589294,-0.3922113152340425,493.15594482421875,134.45527726998088,0.05608291178941727,7.33203125,6.136917
993,What relation was Louis XV of France to Louis XIV of France?,The relation between Louis XIV and Louis XV was that Louis XIV was the father,0, France,9625,0,7,0.06334904170176917,0.8548938632011414,0.001365099469681219,499.8916931152344,132.14884420565872,0.06956049799919128,0.006145477294921875,5.096949
994,What type of leaves does a koala feed on?,"A koala's diet consists of a mix of fruits and vegetables, including",0, on,389,0,3,0.002560288542544229,0.8323924541473389,-0.7185549761803562,461.6949768066406,117.11932624199835,0.045392654836177826,0.0037746429443359375,5.5477576
995,What is the name of the village druid in the comic strip ‘Asterix’?,The village druid in the comic strip ‘Asterix’ is named,0,ix,941,1,2,0.006193397219882056,1.0047353506088257,-0.07397512152348318,410.4007263183594,95.51271202693864,0.0182156004011631,0.7119140625,4.7524047
996,In which English county was former British Prime minister Margaret Thatcher born?,A,0, born,9223,0,5,0.060703190817186184,0.9297081828117371,-0.25476378804877964,402.77886962890625,71.55977645991011,0.08434176445007324,1.2666015625,1.5584037
997,"In the British monarchy, who succeeded Queen Anne to the throne?",The monarch who succeeded Queen Anne to the throne was King George VI.,0, throne,43621,0,7,0.287101147851727,0.9901756644248962,-0.20204932326699065,458.8790283203125,71.78476813403185,0.1357862651348114,0.185546875,3.5040498
998,Who directed the 1941 film ‘The Maltese Falcon’?,The film was directed by James Cagney.,0, Falcon,42861,0,7,0.2820990417017692,0.9321250915527344,-0.09919287496469176,434.0623779296875,88.74249483582706,0.052962228655815125,0.25390625,1.1467739
999,The 1981 film ‘Chariots of Fire’ was based on the stories of which two British athletes?,The 1981 film 'Chariots of Fire' was,0, athletes,22742,0,9,0.1496814448188711,0.8350827693939209,0.10741717912353144,454.8681335449219,74.77027976631214,0.1042516678571701,5.5234375,0.93440497
