layer,type,comparison_group,index,score,mean_deviant,mean_factual,ent_deviant,ent_factual
0,neuron_activation,Impossible_vs_Factual,11983,0.5255352258682251,0.00040715199429541826,-0.0014808415435254574,,
0,neuron_activation,Impossible_vs_Factual,13926,0.5161624550819397,0.002129392232745886,0.00043596504838205874,,
0,neuron_activation,Impossible_vs_Factual,4584,0.48736804723739624,0.0031080234330147505,0.0007509011193178594,,
0,neuron_activation,Impossible_vs_Factual,5473,0.4466518759727478,0.0013128744903951883,-0.0008029229356907308,,
0,neuron_activation,Impossible_vs_Factual,1539,0.4458824098110199,0.003898418275639415,0.0017051449976861477,,
0,neuron_activation,Impossible_vs_Factual,14022,0.4449082612991333,-0.0021351922769099474,-0.0037246111314743757,,
0,neuron_activation,Impossible_vs_Factual,4325,0.44471561908721924,0.00038603745633736253,-0.00015796248044352978,,
0,neuron_activation,Impossible_vs_Factual,3970,0.43550553917884827,-0.0020318615715950727,-0.003285350976511836,,
0,neuron_activation,Impossible_vs_Factual,5231,0.43357962369918823,0.0004385964712128043,-0.00032508443109691143,,
0,neuron_activation,Impossible_vs_Factual,9711,0.42337334156036377,0.006107178516685963,0.004866837989538908,,
0,neuron_activation,Hallucinations_vs_Factual,12281,0.670946478843689,-3.5543740523280576e-05,-0.0021790931932628155,,
0,neuron_activation,Hallucinations_vs_Factual,10526,0.6323497891426086,0.0006151124835014343,-0.0005871205939911306,,
0,neuron_activation,Hallucinations_vs_Factual,9292,0.5936909914016724,-0.0011305544758215547,-0.002107972977682948,,
0,neuron_activation,Hallucinations_vs_Factual,13294,0.5371916890144348,-0.005876884795725346,-0.008440589532256126,,
0,neuron_activation,Hallucinations_vs_Factual,8399,0.529377281665802,0.0014908193843439221,0.0007444568909704685,,
0,neuron_activation,Hallucinations_vs_Factual,5751,0.5133724212646484,-0.0037532278802245855,-0.0056089782156050205,,
0,neuron_activation,Hallucinations_vs_Factual,1790,0.5079997777938843,-0.002280894434079528,-0.005785263609141111,,
0,neuron_activation,Hallucinations_vs_Factual,2772,0.48749276995658875,0.001227395492605865,0.0006299242377281189,,
0,neuron_activation,Hallucinations_vs_Factual,8666,0.4860970377922058,0.0012296271743252873,0.00036583899054676294,,
0,neuron_activation,Hallucinations_vs_Factual,3523,0.48135724663734436,0.0035084146074950695,0.0025667953304946423,,
1,neuron_activation,Impossible_vs_Factual,6587,0.56910240650177,0.0009929364314302802,0.00037695164792239666,,
1,neuron_activation,Impossible_vs_Factual,12486,0.5001466870307922,0.0003881938464473933,3.251031012041494e-05,,
1,neuron_activation,Impossible_vs_Factual,7232,0.4132252335548401,0.0003591940039768815,0.0001129783850046806,,
1,neuron_activation,Impossible_vs_Factual,6230,0.4058736562728882,0.002526855329051614,0.0019256210653111339,,
1,neuron_activation,Impossible_vs_Factual,11263,0.4022999703884125,0.009221116080880165,0.007453308906406164,,
1,neuron_activation,Impossible_vs_Factual,12399,0.40044793486595154,0.00017854353063739836,-0.00011516401718836278,,
1,neuron_activation,Impossible_vs_Factual,10437,0.3917085826396942,0.003484833287075162,0.0012810853077098727,,
1,neuron_activation,Impossible_vs_Factual,7902,0.39024680852890015,-0.0003513413539621979,-0.0014144383603706956,,
1,neuron_activation,Impossible_vs_Factual,12762,0.39000052213668823,0.0012990423711016774,0.0006612330325879157,,
1,neuron_activation,Impossible_vs_Factual,8886,0.38691070675849915,0.0004697211552411318,0.00022701591660734266,,
1,neuron_activation,Hallucinations_vs_Factual,13882,0.6149324774742126,0.002843995112925768,0.0012658698251470923,,
1,neuron_activation,Hallucinations_vs_Factual,6928,0.583107590675354,-0.0007579918601550162,-0.0015575360739603639,,
1,neuron_activation,Hallucinations_vs_Factual,13958,0.5416357517242432,0.0012087600771337748,6.209016282809898e-05,,
1,neuron_activation,Hallucinations_vs_Factual,1686,0.520711362361908,-0.00012577773304656148,-0.00040421666926704347,,
1,neuron_activation,Hallucinations_vs_Factual,7513,0.5112454295158386,0.0001563072291901335,-0.0007518974016420543,,
1,neuron_activation,Hallucinations_vs_Factual,6470,0.5078424215316772,-0.003857562318444252,-0.008492623455822468,,
1,neuron_activation,Hallucinations_vs_Factual,7132,0.5012497901916504,-0.0011241721222177148,-0.001893367851153016,,
1,neuron_activation,Hallucinations_vs_Factual,10247,0.5012276768684387,-0.000579904590267688,-0.0019698950927704573,,
1,neuron_activation,Hallucinations_vs_Factual,13349,0.4958677887916565,0.0020601351279765368,0.0007184908026829362,,
1,neuron_activation,Hallucinations_vs_Factual,6237,0.4908427298069,0.0024831558112055063,0.001207401743158698,,
2,neuron_activation,Impossible_vs_Factual,4753,0.6181395649909973,-0.011296268552541733,-0.031409911811351776,,
2,neuron_activation,Impossible_vs_Factual,10848,0.5419526696205139,0.003378715133294463,-0.00022805744083598256,,
2,neuron_activation,Impossible_vs_Factual,4732,0.5394902229309082,-0.0019532213918864727,-0.005842279177159071,,
2,neuron_activation,Impossible_vs_Factual,4092,0.5152741074562073,-0.0015755151398479939,-0.00400855578482151,,
2,neuron_activation,Impossible_vs_Factual,13866,0.5016512274742126,-0.0008739599143154919,-0.0021374053321778774,,
2,neuron_activation,Impossible_vs_Factual,13432,0.4928494393825531,0.0013843090273439884,-5.237669756752439e-05,,
2,neuron_activation,Impossible_vs_Factual,5828,0.48727983236312866,0.00912219937890768,0.006044716574251652,,
2,neuron_activation,Impossible_vs_Factual,4035,0.48615965247154236,-0.0015112661058083177,-0.002790575148537755,,
2,neuron_activation,Impossible_vs_Factual,1814,0.48552852869033813,-0.00018230675777886063,-0.002264592098072171,,
2,neuron_activation,Impossible_vs_Factual,7246,0.48402413725852966,-0.004982673563063145,-0.013202505186200142,,
2,neuron_activation,Hallucinations_vs_Factual,7101,0.622697114944458,-0.015536345541477203,-0.02072235196828842,,
2,neuron_activation,Hallucinations_vs_Factual,9007,0.6151198148727417,-0.0075096795335412025,-0.011706236749887466,,
2,neuron_activation,Hallucinations_vs_Factual,1956,0.6052586436271667,-0.0025371978990733624,-0.005341185722500086,,
2,neuron_activation,Hallucinations_vs_Factual,914,0.5938641428947449,0.013255779631435871,0.0010874909348785877,,
2,neuron_activation,Hallucinations_vs_Factual,13554,0.5929272770881653,-0.010952746495604515,-0.01782776042819023,,
2,neuron_activation,Hallucinations_vs_Factual,12246,0.5926231741905212,-0.004964352119714022,-0.007753371726721525,,
2,neuron_activation,Hallucinations_vs_Factual,9640,0.5877745151519775,-0.006769400089979172,-0.01080551277846098,,
2,neuron_activation,Hallucinations_vs_Factual,1755,0.5865992903709412,-0.0023532346822321415,-0.005397395696491003,,
2,neuron_activation,Hallucinations_vs_Factual,4035,0.577917754650116,-0.0009404025040566921,-0.002790575148537755,,
2,neuron_activation,Hallucinations_vs_Factual,6271,0.5718018412590027,-6.232746090972796e-05,-0.0015435450477525592,,
3,neuron_activation,Impossible_vs_Factual,13919,0.643039345741272,-0.012022115290164948,-0.01782073639333248,,
3,neuron_activation,Impossible_vs_Factual,9101,0.6401902437210083,-0.003637270536273718,-0.008397253230214119,,
3,neuron_activation,Impossible_vs_Factual,2583,0.5379505753517151,0.002979187062010169,0.0003715670027304441,,
3,neuron_activation,Impossible_vs_Factual,2331,0.5242588520050049,0.00471310643479228,8.569798228563741e-05,,
3,neuron_activation,Impossible_vs_Factual,11167,0.5196250677108765,0.0050987545400857925,0.0009541035979054868,,
3,neuron_activation,Impossible_vs_Factual,1026,0.5166546106338501,0.004751912318170071,0.0006664514658041298,,
3,neuron_activation,Impossible_vs_Factual,5197,0.5157833695411682,0.0028349929489195347,-5.257852899376303e-05,,
3,neuron_activation,Impossible_vs_Factual,6445,0.5087724328041077,-0.005366798955947161,-0.013062992133200169,,
3,neuron_activation,Impossible_vs_Factual,4225,0.5072394609451294,0.0034160988871008158,0.0002735546149779111,,
3,neuron_activation,Impossible_vs_Factual,361,0.5052419304847717,0.006212920881807804,0.0035501099191606045,,
3,neuron_activation,Hallucinations_vs_Factual,3563,0.6464264988899231,-0.0022759470157325268,-0.009970695711672306,,
3,neuron_activation,Hallucinations_vs_Factual,14167,0.5970675945281982,-0.0012772321933880448,-0.004306596703827381,,
3,neuron_activation,Hallucinations_vs_Factual,446,0.5778421759605408,0.00036127635394223034,-0.002481151605024934,,
3,neuron_activation,Hallucinations_vs_Factual,4557,0.5706552863121033,0.0021781609393656254,-0.0033791065216064453,,
3,neuron_activation,Hallucinations_vs_Factual,13919,0.5694227814674377,-0.012564774602651596,-0.01782073639333248,,
3,neuron_activation,Hallucinations_vs_Factual,1501,0.5646767616271973,0.0035232913214713335,-0.002267542527988553,,
3,neuron_activation,Hallucinations_vs_Factual,9681,0.5594274401664734,-0.00266950111836195,-0.006858453620225191,,
3,neuron_activation,Hallucinations_vs_Factual,11917,0.5575259923934937,0.00249806372448802,-0.0018513862742111087,,
3,neuron_activation,Hallucinations_vs_Factual,979,0.5305877327919006,0.0017530507175251842,0.00037541237543337047,,
3,neuron_activation,Hallucinations_vs_Factual,11201,0.5262507200241089,-0.001083811861462891,-0.010407399386167526,,
4,neuron_activation,Impossible_vs_Factual,9728,0.7932656407356262,-0.00449522677809,-0.017154520377516747,,
4,neuron_activation,Impossible_vs_Factual,10511,0.7314445376396179,0.0390830859541893,0.004477266222238541,,
4,neuron_activation,Impossible_vs_Factual,10188,0.6751984357833862,0.03648689389228821,0.01202064473181963,,
4,neuron_activation,Impossible_vs_Factual,8355,0.6744518280029297,-0.00032181464484892786,-0.014010394923388958,,
4,neuron_activation,Impossible_vs_Factual,4574,0.674363911151886,-0.005704287905246019,-0.016528110951185226,,
4,neuron_activation,Impossible_vs_Factual,1992,0.6738068461418152,0.04499056935310364,0.009536799974739552,,
4,neuron_activation,Impossible_vs_Factual,2849,0.6453762650489807,-0.0071242316626012325,-0.020992280915379524,,
4,neuron_activation,Impossible_vs_Factual,10755,0.6395532488822937,-0.005668177735060453,-0.013919725082814693,,
4,neuron_activation,Impossible_vs_Factual,13294,0.6316811442375183,-0.0010336650302633643,-0.00914405845105648,,
4,neuron_activation,Impossible_vs_Factual,9075,0.6307361125946045,0.014003649353981018,-0.0006533290725201368,,
4,neuron_activation,Hallucinations_vs_Factual,8295,0.600112795829773,0.0031161403749138117,-0.005846288055181503,,
4,neuron_activation,Hallucinations_vs_Factual,9728,0.5995311141014099,-0.004581073764711618,-0.017154520377516747,,
4,neuron_activation,Hallucinations_vs_Factual,667,0.5553411841392517,0.006027766037732363,-0.004230530001223087,,
4,neuron_activation,Hallucinations_vs_Factual,7064,0.5543606281280518,0.003977254498749971,-0.005494979675859213,,
4,neuron_activation,Hallucinations_vs_Factual,10511,0.5487640500068665,0.02743484452366829,0.004477266222238541,,
4,neuron_activation,Hallucinations_vs_Factual,5977,0.5312882661819458,-0.002024716464802623,-0.020670097321271896,,
4,neuron_activation,Hallucinations_vs_Factual,13813,0.5291021466255188,0.0059545305557549,0.0015278791543096304,,
4,neuron_activation,Hallucinations_vs_Factual,11102,0.5288192629814148,0.005925905425101519,-0.0019616095814853907,,
4,neuron_activation,Hallucinations_vs_Factual,7855,0.5279871225357056,-0.006952185183763504,-0.02101653441786766,,
4,neuron_activation,Hallucinations_vs_Factual,10276,0.527666449546814,-0.06119297072291374,-0.08091919869184494,,
5,neuron_activation,Impossible_vs_Factual,792,0.7179802060127258,-0.009579569101333618,-0.02565670758485794,,
5,neuron_activation,Impossible_vs_Factual,7187,0.6360881924629211,0.0007834281423129141,-0.013943007215857506,,
5,neuron_activation,Impossible_vs_Factual,12900,0.633833110332489,0.01577473245561123,-0.01214127242565155,,
5,neuron_activation,Impossible_vs_Factual,3594,0.606745719909668,0.020815560594201088,0.00460137240588665,,
5,neuron_activation,Impossible_vs_Factual,3727,0.6054638028144836,0.013866698369383812,0.003923467826098204,,
5,neuron_activation,Impossible_vs_Factual,3047,0.5905291438102722,0.019059086218476295,-0.0009272481547668576,,
5,neuron_activation,Impossible_vs_Factual,4069,0.5898252725601196,0.005642852280288935,-0.00021438798285089433,,
5,neuron_activation,Impossible_vs_Factual,9573,0.5710846781730652,0.08090591430664062,0.04371016472578049,,
5,neuron_activation,Impossible_vs_Factual,7121,0.5625857710838318,0.010964219458401203,-0.000853290141094476,,
5,neuron_activation,Impossible_vs_Factual,1795,0.5510234832763672,0.03631867840886116,0.01328124850988388,,
5,neuron_activation,Hallucinations_vs_Factual,9301,0.6456679105758667,-0.045599497854709625,-0.07303283363580704,,
5,neuron_activation,Hallucinations_vs_Factual,3502,0.6051788926124573,0.0314776636660099,0.017536619678139687,,
5,neuron_activation,Hallucinations_vs_Factual,246,0.5663912296295166,0.004375196062028408,-0.0058945161290466785,,
5,neuron_activation,Hallucinations_vs_Factual,2574,0.535244345664978,-0.01039463933557272,-0.02657470665872097,,
5,neuron_activation,Hallucinations_vs_Factual,6205,0.52457594871521,-0.0006797335809096694,-0.00797616969794035,,
5,neuron_activation,Hallucinations_vs_Factual,6135,0.5185699462890625,-0.006191546563059092,-0.020117783918976784,,
5,neuron_activation,Hallucinations_vs_Factual,9411,0.5081902146339417,-0.015413619577884674,-0.02773929573595524,,
5,neuron_activation,Hallucinations_vs_Factual,10258,0.5073004364967346,0.002813162514939904,-0.012574553489685059,,
5,neuron_activation,Hallucinations_vs_Factual,976,0.5040172934532166,-0.009269571863114834,-0.01928233914077282,,
5,neuron_activation,Hallucinations_vs_Factual,2583,0.5021712183952332,-0.009655745700001717,-0.024752916768193245,,
6,neuron_activation,Impossible_vs_Factual,1178,0.7894476056098938,0.058500174432992935,0.02544902265071869,,
6,neuron_activation,Impossible_vs_Factual,5631,0.7541218400001526,0.053403012454509735,0.01993708312511444,,
6,neuron_activation,Impossible_vs_Factual,1090,0.7108876705169678,0.000149288127431646,-0.02038639411330223,,
6,neuron_activation,Impossible_vs_Factual,13724,0.6962676048278809,0.06437095999717712,0.02448425069451332,,
6,neuron_activation,Impossible_vs_Factual,13970,0.6928697228431702,-0.010369919240474701,-0.033762507140636444,,
6,neuron_activation,Impossible_vs_Factual,13872,0.6795888543128967,0.02182769775390625,0.0055684722028672695,,
6,neuron_activation,Impossible_vs_Factual,14131,0.6513403654098511,0.028924178332090378,-0.011951363645493984,,
6,neuron_activation,Impossible_vs_Factual,4189,0.6344544887542725,0.01393377035856247,-0.013119014911353588,,
6,neuron_activation,Impossible_vs_Factual,14215,0.6334260702133179,0.042317163199186325,0.016920309513807297,,
6,neuron_activation,Impossible_vs_Factual,8594,0.6297733783721924,0.004456470254808664,-0.0073013692162930965,,
6,neuron_activation,Hallucinations_vs_Factual,1178,0.6669996380805969,0.056467894464731216,0.02544902265071869,,
6,neuron_activation,Hallucinations_vs_Factual,13970,0.6568827033042908,-0.011192617006599903,-0.033762507140636444,,
6,neuron_activation,Hallucinations_vs_Factual,753,0.6499251127243042,0.013594888150691986,-0.0068652150221168995,,
6,neuron_activation,Hallucinations_vs_Factual,12702,0.5968825817108154,-0.008851953782141209,-0.02713722363114357,,
6,neuron_activation,Hallucinations_vs_Factual,11752,0.5817833542823792,-0.003688008990138769,-0.01798025518655777,,
6,neuron_activation,Hallucinations_vs_Factual,38,0.5757559537887573,0.05792472884058952,0.010072344914078712,,
6,neuron_activation,Hallucinations_vs_Factual,11542,0.574901819229126,-0.012502415105700493,-0.04136720299720764,,
6,neuron_activation,Hallucinations_vs_Factual,4725,0.5720379948616028,0.006978633813560009,-0.01466670073568821,,
6,neuron_activation,Hallucinations_vs_Factual,5631,0.571855366230011,0.046030350029468536,0.01993708312511444,,
6,neuron_activation,Hallucinations_vs_Factual,2664,0.5654004216194153,0.001958974404260516,-0.015025166794657707,,
7,neuron_activation,Impossible_vs_Factual,12266,0.8602192401885986,-0.010395935736596584,-0.05036723613739014,,
7,neuron_activation,Impossible_vs_Factual,7622,0.6641508340835571,0.02573206275701523,0.007579060271382332,,
7,neuron_activation,Impossible_vs_Factual,8022,0.6538512110710144,0.009711075574159622,-0.00975227914750576,,
7,neuron_activation,Impossible_vs_Factual,4900,0.6523352265357971,0.030680451542139053,0.0025030928663909435,,
7,neuron_activation,Impossible_vs_Factual,3645,0.6408175826072693,0.030378324910998344,0.005912470631301403,,
7,neuron_activation,Impossible_vs_Factual,12805,0.6284304857254028,-0.008216200396418571,-0.03301887586712837,,
7,neuron_activation,Impossible_vs_Factual,2770,0.6173425912857056,0.06469544023275375,0.03667709231376648,,
7,neuron_activation,Impossible_vs_Factual,9181,0.610533595085144,0.020890096202492714,0.0017590380739420652,,
7,neuron_activation,Impossible_vs_Factual,13049,0.6004371047019958,-0.050673265010118484,-0.09584259986877441,,
7,neuron_activation,Impossible_vs_Factual,8678,0.5913549065589905,-0.023643771186470985,-0.047006841748952866,,
7,neuron_activation,Hallucinations_vs_Factual,12266,0.6548565030097961,-0.01990536041557789,-0.05036723613739014,,
7,neuron_activation,Hallucinations_vs_Factual,13049,0.651340126991272,-0.04666990414261818,-0.09584259986877441,,
7,neuron_activation,Hallucinations_vs_Factual,13100,0.6413415670394897,0.01154287438839674,-0.022818882018327713,,
7,neuron_activation,Hallucinations_vs_Factual,249,0.6176540851593018,0.033174093812704086,-0.008945836685597897,,
7,neuron_activation,Hallucinations_vs_Factual,2765,0.5962029099464417,-0.005615892354398966,-0.048902809619903564,,
7,neuron_activation,Hallucinations_vs_Factual,11797,0.5877377390861511,0.006777554750442505,-0.021414630115032196,,
7,neuron_activation,Hallucinations_vs_Factual,3686,0.5633004903793335,0.045264508575201035,-0.04265212640166283,,
7,neuron_activation,Hallucinations_vs_Factual,1570,0.5511475205421448,0.04495823010802269,0.006651842501014471,,
7,neuron_activation,Hallucinations_vs_Factual,4806,0.5310008525848389,0.011461317539215088,-0.004647772293537855,,
7,neuron_activation,Hallucinations_vs_Factual,11028,0.5273796319961548,0.0012498063733801246,-0.011485094204545021,,
8,neuron_activation,Impossible_vs_Factual,5432,0.8390725255012512,-0.005900245625525713,-0.04532252997159958,,
8,neuron_activation,Impossible_vs_Factual,9332,0.7175500988960266,-0.007161176763474941,-0.035632841289043427,,
8,neuron_activation,Impossible_vs_Factual,8014,0.7004797458648682,0.015422391705214977,-0.03864811733365059,,
8,neuron_activation,Impossible_vs_Factual,8329,0.6857131719589233,0.02377389371395111,0.006993133574724197,,
8,neuron_activation,Impossible_vs_Factual,12820,0.6685527563095093,-0.022350730374455452,-0.05751172825694084,,
8,neuron_activation,Impossible_vs_Factual,5849,0.6591514945030212,-0.06341417133808136,-0.1273958534002304,,
8,neuron_activation,Impossible_vs_Factual,13617,0.656494677066803,0.07186314463615417,0.04127207398414612,,
8,neuron_activation,Impossible_vs_Factual,6512,0.6494619846343994,0.024307159706950188,0.0008068702300079167,,
8,neuron_activation,Impossible_vs_Factual,2987,0.6388455629348755,-0.0075600300915539265,-0.03934839740395546,,
8,neuron_activation,Impossible_vs_Factual,881,0.6355315446853638,0.027362218126654625,-0.0015805860748514533,,
8,neuron_activation,Hallucinations_vs_Factual,9332,0.7408945560455322,-0.006718686316162348,-0.035632841289043427,,
8,neuron_activation,Hallucinations_vs_Factual,5432,0.739223062992096,-0.00948044192045927,-0.04532252997159958,,
8,neuron_activation,Hallucinations_vs_Factual,11693,0.6975180506706238,0.0012469602515920997,-0.019583530724048615,,
8,neuron_activation,Hallucinations_vs_Factual,2637,0.6770246624946594,0.007313530892133713,-0.01194427814334631,,
8,neuron_activation,Hallucinations_vs_Factual,4226,0.6666853427886963,0.017247378826141357,-0.031098686158657074,,
8,neuron_activation,Hallucinations_vs_Factual,1702,0.6480259895324707,0.003047388279810548,-0.02437186799943447,,
8,neuron_activation,Hallucinations_vs_Factual,4781,0.6437922120094299,0.0039437334053218365,-0.010906748473644257,,
8,neuron_activation,Hallucinations_vs_Factual,6190,0.6382213830947876,0.01948477327823639,0.003720468608662486,,
8,neuron_activation,Hallucinations_vs_Factual,8014,0.6332501769065857,0.022608350962400436,-0.03864811733365059,,
8,neuron_activation,Hallucinations_vs_Factual,3403,0.6089850068092346,0.013690766878426075,-0.001976736355572939,,
9,neuron_activation,Impossible_vs_Factual,2853,0.8670172691345215,0.0077298590913414955,-0.021061807870864868,,
9,neuron_activation,Impossible_vs_Factual,8285,0.8346092104911804,0.007849707268178463,-0.02279961109161377,,
9,neuron_activation,Impossible_vs_Factual,13136,0.8340086936950684,-0.020446674898266792,-0.051661908626556396,,
9,neuron_activation,Impossible_vs_Factual,1324,0.816382884979248,0.005488452967256308,-0.024758338928222656,,
9,neuron_activation,Impossible_vs_Factual,11250,0.8028128147125244,-0.004456296097487211,-0.052611369639635086,,
9,neuron_activation,Impossible_vs_Factual,10449,0.7791351675987244,0.05390755459666252,0.012289457023143768,,
9,neuron_activation,Impossible_vs_Factual,5601,0.7659674882888794,0.01921198144555092,-0.004953981842845678,,
9,neuron_activation,Impossible_vs_Factual,1048,0.7452942728996277,0.03952069208025932,0.00961665902286768,,
9,neuron_activation,Impossible_vs_Factual,13462,0.7158111929893494,-0.015528125688433647,-0.05044359341263771,,
9,neuron_activation,Impossible_vs_Factual,3990,0.696075439453125,0.0038031600415706635,-0.05324419587850571,,
9,neuron_activation,Hallucinations_vs_Factual,8654,0.8982664942741394,0.0031000585295259953,-0.06759895384311676,,
9,neuron_activation,Hallucinations_vs_Factual,14301,0.7187385559082031,0.06122743338346481,-0.009248694404959679,,
9,neuron_activation,Hallucinations_vs_Factual,6797,0.6997063159942627,-0.009294931776821613,-0.04154405742883682,,
9,neuron_activation,Hallucinations_vs_Factual,11812,0.6958309412002563,0.00905915629118681,-0.042111121118068695,,
9,neuron_activation,Hallucinations_vs_Factual,1690,0.6907411217689514,-0.0041429405100643635,-0.04009483382105827,,
9,neuron_activation,Hallucinations_vs_Factual,8930,0.6745633482933044,-0.006825068965554237,-0.04514647275209427,,
9,neuron_activation,Hallucinations_vs_Factual,10455,0.6607770323753357,0.03772952780127525,0.010776705108582973,,
9,neuron_activation,Hallucinations_vs_Factual,12921,0.6364037394523621,0.0037241980899125338,-0.03309972211718559,,
9,neuron_activation,Hallucinations_vs_Factual,13496,0.6337100267410278,-0.010632925666868687,-0.03797585517168045,,
9,neuron_activation,Hallucinations_vs_Factual,8022,0.6300546526908875,0.04816509410738945,-0.0016190053429454565,,
10,neuron_activation,Impossible_vs_Factual,3526,0.9417508840560913,-0.009939727373421192,-0.061961449682712555,,
10,neuron_activation,Impossible_vs_Factual,12021,0.9131201505661011,0.02877258136868477,-0.013806733302772045,,
10,neuron_activation,Impossible_vs_Factual,1586,0.8863356113433838,-0.0201860498636961,-0.06194854527711868,,
10,neuron_activation,Impossible_vs_Factual,12216,0.8151102662086487,0.08358398079872131,0.04365241155028343,,
10,neuron_activation,Impossible_vs_Factual,507,0.801436722278595,0.008349600248038769,-0.017067911103367805,,
10,neuron_activation,Impossible_vs_Factual,2434,0.7832724452018738,-0.015183228999376297,-0.040456075221300125,,
10,neuron_activation,Impossible_vs_Factual,7843,0.7458226680755615,-0.017177194356918335,-0.05821532756090164,,
10,neuron_activation,Impossible_vs_Factual,10463,0.7388905882835388,0.01532531064003706,-0.026901114732027054,,
10,neuron_activation,Impossible_vs_Factual,4544,0.7326096296310425,0.05111091211438179,0.024025844410061836,,
10,neuron_activation,Impossible_vs_Factual,183,0.725517988204956,0.002275677165016532,-0.021481487900018692,,
10,neuron_activation,Hallucinations_vs_Factual,1586,0.7883136868476868,-0.023492084816098213,-0.06194854527711868,,
10,neuron_activation,Hallucinations_vs_Factual,12673,0.6903440356254578,-0.05041898787021637,-0.09533264487981796,,
10,neuron_activation,Hallucinations_vs_Factual,2434,0.6766039133071899,-0.017890412360429764,-0.040456075221300125,,
10,neuron_activation,Hallucinations_vs_Factual,10463,0.647102952003479,0.010965501889586449,-0.026901114732027054,,
10,neuron_activation,Hallucinations_vs_Factual,10141,0.6159436702728271,0.04055801406502724,0.008688232861459255,,
10,neuron_activation,Hallucinations_vs_Factual,8529,0.6149877309799194,0.027494780719280243,-0.0031832954846322536,,
10,neuron_activation,Hallucinations_vs_Factual,13328,0.6118521690368652,0.017640970647335052,-0.009074241854250431,,
10,neuron_activation,Hallucinations_vs_Factual,12109,0.6090598106384277,-0.012351221404969692,-0.031261786818504333,,
10,neuron_activation,Hallucinations_vs_Factual,5893,0.6078382730484009,-0.04393678903579712,-0.0832882672548294,,
10,neuron_activation,Hallucinations_vs_Factual,4751,0.6042757034301758,-0.017071735113859177,-0.05612564459443092,,
11,neuron_activation,Impossible_vs_Factual,3825,0.8424230813980103,0.0037870644591748714,-0.030992701649665833,,
11,neuron_activation,Impossible_vs_Factual,10770,0.7990961074829102,0.06909088045358658,0.018933536484837532,,
11,neuron_activation,Impossible_vs_Factual,4518,0.7692006230354309,-0.038877930492162704,-0.08052735030651093,,
11,neuron_activation,Impossible_vs_Factual,3198,0.720590353012085,-0.0009829048067331314,-0.030084891244769096,,
11,neuron_activation,Impossible_vs_Factual,10905,0.6994291543960571,0.023355970159173012,-0.011318712495267391,,
11,neuron_activation,Impossible_vs_Factual,3520,0.698411226272583,0.00040531728882342577,-0.017794745042920113,,
11,neuron_activation,Impossible_vs_Factual,6582,0.6920135021209717,2.683608909137547e-05,-0.029999487102031708,,
11,neuron_activation,Impossible_vs_Factual,5150,0.6772633194923401,-0.035371001809835434,-0.12149424105882645,,
11,neuron_activation,Impossible_vs_Factual,8233,0.676456868648529,0.012785377912223339,-0.009738859720528126,,
11,neuron_activation,Impossible_vs_Factual,14232,0.6723820567131042,-0.02798663266003132,-0.06529483199119568,,
11,neuron_activation,Hallucinations_vs_Factual,3198,0.7349598407745361,-0.000313172466121614,-0.030084891244769096,,
11,neuron_activation,Hallucinations_vs_Factual,9125,0.7172918319702148,-0.011757506057620049,-0.048960618674755096,,
11,neuron_activation,Hallucinations_vs_Factual,5150,0.6710770130157471,-0.03308061882853508,-0.12149424105882645,,
11,neuron_activation,Hallucinations_vs_Factual,6601,0.6501179933547974,0.012124268338084221,-0.011918685398995876,,
11,neuron_activation,Hallucinations_vs_Factual,10379,0.6377255320549011,0.0014449619920924306,-0.06166141480207443,,
11,neuron_activation,Hallucinations_vs_Factual,5587,0.6337550282478333,-0.050733644515275955,-0.09944488853216171,,
11,neuron_activation,Hallucinations_vs_Factual,2441,0.5873411893844604,-0.026385396718978882,-0.05541915073990822,,
11,neuron_activation,Hallucinations_vs_Factual,5224,0.5858339071273804,-0.032004136592149734,-0.08997684717178345,,
11,neuron_activation,Hallucinations_vs_Factual,12300,0.5845434665679932,0.0471578948199749,0.021417878568172455,,
11,neuron_activation,Hallucinations_vs_Factual,2962,0.5803276896476746,-0.018946530297398567,-0.03897322714328766,,
12,neuron_activation,Impossible_vs_Factual,12503,1.1276899576187134,0.0012477886630222201,-0.049753375351428986,,
12,neuron_activation,Impossible_vs_Factual,6874,0.9751290082931519,0.04595722258090973,0.015025262720882893,,
12,neuron_activation,Impossible_vs_Factual,4022,0.916301429271698,0.0033236732706427574,-0.030546879395842552,,
12,neuron_activation,Impossible_vs_Factual,13466,0.8816549181938171,0.16143852472305298,0.07391143590211868,,
12,neuron_activation,Impossible_vs_Factual,9730,0.8744156956672668,0.0260723028331995,-0.0028873251285403967,,
12,neuron_activation,Impossible_vs_Factual,12558,0.8620871901512146,0.02530875988304615,-0.008652893826365471,,
12,neuron_activation,Impossible_vs_Factual,4588,0.8568345904350281,0.03454981744289398,-0.0028683897107839584,,
12,neuron_activation,Impossible_vs_Factual,9106,0.808197557926178,0.04558970034122467,0.0022948356345295906,,
12,neuron_activation,Impossible_vs_Factual,1325,0.8071243762969971,-0.01835453510284424,-0.045345764607191086,,
12,neuron_activation,Impossible_vs_Factual,1624,0.7931631207466125,-0.014495083130896091,-0.033684391528367996,,
12,neuron_activation,Hallucinations_vs_Factual,2505,0.9149742722511292,0.016260843724012375,-0.01208923663944006,,
12,neuron_activation,Hallucinations_vs_Factual,4415,0.8146757483482361,-0.009319920092821121,-0.0363372340798378,,
12,neuron_activation,Hallucinations_vs_Factual,4022,0.7693384289741516,-0.0007384299533441663,-0.030546879395842552,,
12,neuron_activation,Hallucinations_vs_Factual,10434,0.7460765838623047,-0.0026894970797002316,-0.03663768246769905,,
12,neuron_activation,Hallucinations_vs_Factual,12679,0.7399498820304871,0.017389420419931412,-0.020830588415265083,,
12,neuron_activation,Hallucinations_vs_Factual,6356,0.7190756797790527,-0.0013844299828633666,-0.03775482997298241,,
12,neuron_activation,Hallucinations_vs_Factual,12503,0.6816919445991516,-0.01508854515850544,-0.049753375351428986,,
12,neuron_activation,Hallucinations_vs_Factual,3838,0.6764068603515625,0.02231697551906109,-0.00018744345288723707,,
12,neuron_activation,Hallucinations_vs_Factual,13634,0.6709082722663879,0.014565248973667622,-0.020199930295348167,,
12,neuron_activation,Hallucinations_vs_Factual,382,0.6665127277374268,0.03989402577280998,0.010620692744851112,,
13,neuron_activation,Impossible_vs_Factual,1454,0.8945451378822327,0.022299086675047874,-0.015921182930469513,,
13,neuron_activation,Impossible_vs_Factual,3177,0.8546169996261597,0.030779685825109482,-0.02212349697947502,,
13,neuron_activation,Impossible_vs_Factual,2847,0.8400478363037109,0.045010749250650406,-0.0013105296529829502,,
13,neuron_activation,Impossible_vs_Factual,7382,0.7955729961395264,-0.006911636795848608,-0.027127493172883987,,
13,neuron_activation,Impossible_vs_Factual,7498,0.7605053186416626,0.0333082377910614,-0.012199602089822292,,
13,neuron_activation,Impossible_vs_Factual,2873,0.7510881423950195,-0.002029087394475937,-0.027468811720609665,,
13,neuron_activation,Impossible_vs_Factual,3448,0.7447332739830017,-0.0011261391919106245,-0.029725171625614166,,
13,neuron_activation,Impossible_vs_Factual,8492,0.7415661215782166,0.04727141931653023,0.016802309080958366,,
13,neuron_activation,Impossible_vs_Factual,1514,0.733532726764679,0.02565927244722843,-0.004269981291145086,,
13,neuron_activation,Impossible_vs_Factual,7058,0.7324697375297546,0.0033475947566330433,-0.025942610576748848,,
13,neuron_activation,Hallucinations_vs_Factual,5994,0.7684324979782104,-0.011792357079684734,-0.06854933500289917,,
13,neuron_activation,Hallucinations_vs_Factual,1454,0.7091395258903503,0.013021892867982388,-0.015921182930469513,,
13,neuron_activation,Hallucinations_vs_Factual,11556,0.6916326284408569,0.033304113894701004,-0.0016242958372458816,,
13,neuron_activation,Hallucinations_vs_Factual,3528,0.6771016716957092,-0.004130699671804905,-0.07189606130123138,,
13,neuron_activation,Hallucinations_vs_Factual,8418,0.6581981182098389,0.01803050935268402,-0.020169619470834732,,
13,neuron_activation,Hallucinations_vs_Factual,5073,0.6484605669975281,0.012620802037417889,-0.018070802092552185,,
13,neuron_activation,Hallucinations_vs_Factual,8423,0.6425039172172546,-0.011389178223907948,-0.04839807748794556,,
13,neuron_activation,Hallucinations_vs_Factual,12436,0.6362484693527222,0.021723711863160133,-0.00516764959320426,,
13,neuron_activation,Hallucinations_vs_Factual,2568,0.6328248977661133,0.01035486813634634,-0.012636600993573666,,
13,neuron_activation,Hallucinations_vs_Factual,856,0.6307037472724915,-0.019503729417920113,-0.05364994332194328,,
14,neuron_activation,Impossible_vs_Factual,5528,0.8895595669746399,-0.0055878362618386745,-0.05899498611688614,,
14,neuron_activation,Impossible_vs_Factual,11043,0.8227198719978333,0.0025323438458144665,-0.025140369310975075,,
14,neuron_activation,Impossible_vs_Factual,9744,0.8056320548057556,0.07008626312017441,-0.0019465552177280188,,
14,neuron_activation,Impossible_vs_Factual,6718,0.8046641945838928,0.05397096648812294,0.00757836876437068,,
14,neuron_activation,Impossible_vs_Factual,4909,0.7937375903129578,0.00012184263323433697,-0.025524692609906197,,
14,neuron_activation,Impossible_vs_Factual,12639,0.7911726236343384,-0.6167040467262268,-0.9204687476158142,,
14,neuron_activation,Impossible_vs_Factual,345,0.7679134607315063,0.003489103866741061,-0.025842228904366493,,
14,neuron_activation,Impossible_vs_Factual,13404,0.7589776515960693,-0.014349840581417084,-0.038590867072343826,,
14,neuron_activation,Impossible_vs_Factual,10738,0.7552473545074463,-0.0143496198579669,-0.07723574340343475,,
14,neuron_activation,Impossible_vs_Factual,4338,0.7533053159713745,0.0103203896433115,-0.026564327999949455,,
14,neuron_activation,Hallucinations_vs_Factual,747,0.7420241832733154,0.009419695474207401,-0.04544755816459656,,
14,neuron_activation,Hallucinations_vs_Factual,12218,0.701099693775177,0.015816528350114822,-0.01225153636187315,,
14,neuron_activation,Hallucinations_vs_Factual,345,0.6660370826721191,0.00034061429323628545,-0.025842228904366493,,
14,neuron_activation,Hallucinations_vs_Factual,11043,0.6343991756439209,-0.0042329407297074795,-0.025140369310975075,,
14,neuron_activation,Hallucinations_vs_Factual,8973,0.6296278238296509,-0.02572805806994438,-0.08220350742340088,,
14,neuron_activation,Hallucinations_vs_Factual,7289,0.6288207769393921,-0.009056586772203445,-0.04620463401079178,,
14,neuron_activation,Hallucinations_vs_Factual,5559,0.6249468922615051,0.035354338586330414,-0.009714006446301937,,
14,neuron_activation,Hallucinations_vs_Factual,12308,0.6065167188644409,0.016324417665600777,-0.011275989934802055,,
14,neuron_activation,Hallucinations_vs_Factual,3021,0.6008078455924988,0.00036132827517576516,-0.0340644046664238,,
14,neuron_activation,Hallucinations_vs_Factual,5390,0.5984461307525635,-0.026393091306090355,-0.06322959810495377,,
15,neuron_activation,Impossible_vs_Factual,322,0.8849037289619446,0.03514213487505913,-0.01595420576632023,,
15,neuron_activation,Impossible_vs_Factual,3181,0.8776609897613525,0.005196778569370508,-0.17462041974067688,,
15,neuron_activation,Impossible_vs_Factual,8404,0.801160454750061,-0.0002506993187125772,-0.0972016379237175,,
15,neuron_activation,Impossible_vs_Factual,1586,0.7908428907394409,0.04693138226866722,-0.00924567598849535,,
15,neuron_activation,Impossible_vs_Factual,13824,0.7825459241867065,0.049634914845228195,0.0014807451516389847,,
15,neuron_activation,Impossible_vs_Factual,13383,0.7559519410133362,0.006277432665228844,-0.058443017303943634,,
15,neuron_activation,Impossible_vs_Factual,315,0.7557409405708313,0.04120925813913345,-0.01616857573390007,,
15,neuron_activation,Impossible_vs_Factual,1754,0.7481168508529663,0.008463229984045029,-0.03420283645391464,,
15,neuron_activation,Impossible_vs_Factual,5709,0.7217732667922974,0.008775119669735432,-0.025606412440538406,,
15,neuron_activation,Impossible_vs_Factual,6718,0.7186122536659241,0.017307518050074577,-0.019931189715862274,,
15,neuron_activation,Hallucinations_vs_Factual,3181,0.8184918761253357,-0.009464014321565628,-0.17462041974067688,,
15,neuron_activation,Hallucinations_vs_Factual,322,0.6197910904884338,0.022725442424416542,-0.01595420576632023,,
15,neuron_activation,Hallucinations_vs_Factual,2782,0.5917040705680847,0.012178285978734493,-0.02402328886091709,,
15,neuron_activation,Hallucinations_vs_Factual,11491,0.5638946890830994,0.03183523193001747,0.006120708771049976,,
15,neuron_activation,Hallucinations_vs_Factual,7326,0.5613077282905579,0.020360179245471954,-0.009439519606530666,,
15,neuron_activation,Hallucinations_vs_Factual,3773,0.5608569383621216,0.017450015991926193,-0.00498291477560997,,
15,neuron_activation,Hallucinations_vs_Factual,6264,0.5607449412345886,0.016092032194137573,-0.025648849084973335,,
15,neuron_activation,Hallucinations_vs_Factual,10621,0.5604961514472961,0.015282402746379375,-0.029895314946770668,,
15,neuron_activation,Hallucinations_vs_Factual,1754,0.5504781603813171,-0.001269846805371344,-0.03420283645391464,,
15,neuron_activation,Hallucinations_vs_Factual,10658,0.5489055514335632,0.03104208968579769,0.005369305144995451,,
16,neuron_activation,Impossible_vs_Factual,830,0.9073509573936462,0.22320671379566193,0.025653766468167305,,
16,neuron_activation,Impossible_vs_Factual,13533,0.8094635605812073,0.005084711592644453,-0.03247882053256035,,
16,neuron_activation,Impossible_vs_Factual,8064,0.7869313955307007,-0.018072841688990593,-0.09884308278560638,,
16,neuron_activation,Impossible_vs_Factual,8094,0.7463678121566772,0.022298676893115044,-0.016607312485575676,,
16,neuron_activation,Impossible_vs_Factual,13088,0.7438064813613892,-0.004963187966495752,-0.09332933276891708,,
16,neuron_activation,Impossible_vs_Factual,7673,0.7387418746948242,-0.02722642756998539,-0.0850982591509819,,
16,neuron_activation,Impossible_vs_Factual,7516,0.7095872163772583,0.04451034590601921,0.005951935891062021,,
16,neuron_activation,Impossible_vs_Factual,8304,0.6893355250358582,0.007183790672570467,-0.03274117410182953,,
16,neuron_activation,Impossible_vs_Factual,6647,0.6890850067138672,0.007891957648098469,-0.03141913190484047,,
16,neuron_activation,Impossible_vs_Factual,3957,0.6886799335479736,0.010119695216417313,-0.023527752608060837,,
16,neuron_activation,Hallucinations_vs_Factual,10201,0.6514782905578613,0.031408343464136124,-0.004485387355089188,,
16,neuron_activation,Hallucinations_vs_Factual,2616,0.6041358709335327,0.12068181484937668,0.05687582492828369,,
16,neuron_activation,Hallucinations_vs_Factual,10483,0.5558010339736938,-0.032011259347200394,-0.08613912016153336,,
16,neuron_activation,Hallucinations_vs_Factual,4343,0.5480746030807495,0.02658028155565262,-0.009421812370419502,,
16,neuron_activation,Hallucinations_vs_Factual,6608,0.542902946472168,0.01584700681269169,-0.016478460282087326,,
16,neuron_activation,Hallucinations_vs_Factual,279,0.5187115669250488,-0.008753931149840355,-0.04072853550314903,,
16,neuron_activation,Hallucinations_vs_Factual,9838,0.5184242725372314,0.022815728560090065,6.673508323729038e-08,,
16,neuron_activation,Hallucinations_vs_Factual,7347,0.5153193473815918,0.041091904044151306,-0.014184601604938507,,
16,neuron_activation,Hallucinations_vs_Factual,8533,0.5116310715675354,-0.0028958905022591352,-0.034182626754045486,,
16,neuron_activation,Hallucinations_vs_Factual,450,0.5091491937637329,-0.0027653551660478115,-0.03489900752902031,,
17,neuron_activation,Impossible_vs_Factual,11019,0.7941268086433411,-0.04354242980480194,-0.09001068025827408,,
17,neuron_activation,Impossible_vs_Factual,11035,0.7330175638198853,0.003198726335540414,-0.03988621383905411,,
17,neuron_activation,Impossible_vs_Factual,2324,0.7244497537612915,0.01975543424487114,-0.017610784620046616,,
17,neuron_activation,Impossible_vs_Factual,7298,0.6974788904190063,0.02760056033730507,0.0009373188950121403,,
17,neuron_activation,Impossible_vs_Factual,1338,0.6959747076034546,0.036483097821474075,-0.01971193589270115,,
17,neuron_activation,Impossible_vs_Factual,4091,0.6725473403930664,0.045248162001371384,-0.004243293311446905,,
17,neuron_activation,Impossible_vs_Factual,6568,0.6674848198890686,0.13064739108085632,0.03507844731211662,,
17,neuron_activation,Impossible_vs_Factual,13997,0.6672198176383972,0.025696810334920883,-0.006134257186204195,,
17,neuron_activation,Impossible_vs_Factual,162,0.6657285690307617,0.06956829875707626,-0.0027057265397161245,,
17,neuron_activation,Impossible_vs_Factual,7194,0.6531457901000977,0.03910854086279869,-0.004199580289423466,,
17,neuron_activation,Hallucinations_vs_Factual,2428,0.5948527455329895,-0.03255623206496239,-0.0776466354727745,,
17,neuron_activation,Hallucinations_vs_Factual,10631,0.5601073503494263,0.00020998239051550627,-0.03791992738842964,,
17,neuron_activation,Hallucinations_vs_Factual,13993,0.5293927788734436,-0.004113172180950642,-0.021016394719481468,,
17,neuron_activation,Hallucinations_vs_Factual,3042,0.5093416571617126,-0.00963189359754324,-0.031120266765356064,,
17,neuron_activation,Hallucinations_vs_Factual,11629,0.49257877469062805,0.008902564644813538,-0.016662145033478737,,
17,neuron_activation,Hallucinations_vs_Factual,11075,0.49111875891685486,-0.0027546247001737356,-0.028057651594281197,,
17,neuron_activation,Hallucinations_vs_Factual,1338,0.49050748348236084,0.02105783484876156,-0.01971193589270115,,
17,neuron_activation,Hallucinations_vs_Factual,11123,0.4850965142250061,0.042446866631507874,-0.022396814078092575,,
17,neuron_activation,Hallucinations_vs_Factual,13233,0.48120108246803284,0.023731505498290062,0.0041285315528512,,
17,neuron_activation,Hallucinations_vs_Factual,162,0.4771975874900818,0.05363866686820984,-0.0027057265397161245,,
18,neuron_activation,Impossible_vs_Factual,11718,0.8193555474281311,0.04159527271986008,-0.008131163194775581,,
18,neuron_activation,Impossible_vs_Factual,9913,0.7408786416053772,-0.0028992374427616596,-0.04541759938001633,,
18,neuron_activation,Impossible_vs_Factual,3654,0.6257253289222717,-0.011066649109125137,-0.07117640972137451,,
18,neuron_activation,Impossible_vs_Factual,5653,0.6235477924346924,-0.01880001276731491,-0.04807448014616966,,
18,neuron_activation,Impossible_vs_Factual,2165,0.6148041486740112,-0.03392782434821129,-0.06836362928152084,,
18,neuron_activation,Impossible_vs_Factual,7917,0.6039900779724121,0.006537079345434904,-0.019268492236733437,,
18,neuron_activation,Impossible_vs_Factual,8549,0.596199095249176,0.04816461727023125,0.015717526897788048,,
18,neuron_activation,Impossible_vs_Factual,12262,0.5928088426589966,0.029721535742282867,-0.00830769445747137,,
18,neuron_activation,Impossible_vs_Factual,1668,0.5876742601394653,0.056033384054899216,0.021691089496016502,,
18,neuron_activation,Impossible_vs_Factual,5910,0.5807567238807678,0.014859853312373161,-0.028287313878536224,,
18,neuron_activation,Hallucinations_vs_Factual,9913,0.4913174510002136,-0.017146937549114227,-0.04541759938001633,,
18,neuron_activation,Hallucinations_vs_Factual,2556,0.48189446330070496,0.01287110336124897,-0.018568556755781174,,
18,neuron_activation,Hallucinations_vs_Factual,11571,0.4719829559326172,0.01682843081653118,0.00031717336969450116,,
18,neuron_activation,Hallucinations_vs_Factual,13457,0.4719248116016388,0.029900886118412018,-0.01214518677443266,,
18,neuron_activation,Hallucinations_vs_Factual,6405,0.46984678506851196,0.022651979699730873,0.00021163342171348631,,
18,neuron_activation,Hallucinations_vs_Factual,9090,0.46862268447875977,0.004821795970201492,-0.021174810826778412,,
18,neuron_activation,Hallucinations_vs_Factual,2330,0.4685208201408386,-0.00713521521538496,-0.02804916352033615,,
18,neuron_activation,Hallucinations_vs_Factual,7751,0.45681771636009216,0.043310150504112244,0.015557166188955307,,
18,neuron_activation,Hallucinations_vs_Factual,1668,0.4508875012397766,0.04796795919537544,0.021691089496016502,,
18,neuron_activation,Hallucinations_vs_Factual,7244,0.44965609908103943,-0.002326004905626178,-0.02909841574728489,,
19,neuron_activation,Impossible_vs_Factual,1168,0.6866379380226135,0.06367024034261703,-0.0365799255669117,,
19,neuron_activation,Impossible_vs_Factual,4333,0.6662008166313171,0.07365627586841583,0.004018917214125395,,
19,neuron_activation,Impossible_vs_Factual,4533,0.6234049797058105,0.022160444408655167,-0.019228938966989517,,
19,neuron_activation,Impossible_vs_Factual,8138,0.6026538014411926,0.029468128457665443,-0.003392031416296959,,
19,neuron_activation,Impossible_vs_Factual,8753,0.6018537878990173,0.03445100411772728,0.00040927418740466237,,
19,neuron_activation,Impossible_vs_Factual,1261,0.5814346075057983,0.08151225000619888,0.004534756299108267,,
19,neuron_activation,Impossible_vs_Factual,1166,0.5805248618125916,-0.003388012759387493,-0.10955192148685455,,
19,neuron_activation,Impossible_vs_Factual,546,0.5680696368217468,0.1871599406003952,0.09535248577594757,,
19,neuron_activation,Impossible_vs_Factual,8802,0.5582436919212341,0.01314932107925415,-0.012158512137830257,,
19,neuron_activation,Impossible_vs_Factual,8356,0.5440433621406555,0.005439084023237228,-0.02683289721608162,,
19,neuron_activation,Hallucinations_vs_Factual,4333,0.4930654466152191,0.04677920788526535,0.004018917214125395,,
19,neuron_activation,Hallucinations_vs_Factual,1261,0.4805143475532532,0.07552918046712875,0.004534756299108267,,
19,neuron_activation,Hallucinations_vs_Factual,6430,0.47719401121139526,-0.01769697107374668,-0.048764508217573166,,
19,neuron_activation,Hallucinations_vs_Factual,5313,0.4675261080265045,-0.0054023233242332935,-0.023220708593726158,,
19,neuron_activation,Hallucinations_vs_Factual,450,0.4592481255531311,-0.005122823175042868,-0.03306400775909424,,
19,neuron_activation,Hallucinations_vs_Factual,6089,0.4586349129676819,0.03979289159178734,0.005442732013761997,,
19,neuron_activation,Hallucinations_vs_Factual,8566,0.4488237798213959,-0.005121030379086733,-0.023800905793905258,,
19,neuron_activation,Hallucinations_vs_Factual,4533,0.4405192732810974,0.004682932514697313,-0.019228938966989517,,
19,neuron_activation,Hallucinations_vs_Factual,11050,0.4374632239341736,-0.010655658319592476,-0.04117497801780701,,
19,neuron_activation,Hallucinations_vs_Factual,4977,0.4372754395008087,0.0071165370754897594,-0.011934004724025726,,
20,neuron_activation,Impossible_vs_Factual,5739,0.6595413684844971,0.024506064131855965,-0.009863820858299732,,
20,neuron_activation,Impossible_vs_Factual,900,0.6118389368057251,0.011053409427404404,-0.03247760236263275,,
20,neuron_activation,Impossible_vs_Factual,10930,0.6048278212547302,0.07404794543981552,0.012289853766560555,,
20,neuron_activation,Impossible_vs_Factual,3627,0.5820217728614807,0.029927920550107956,-0.02182626910507679,,
20,neuron_activation,Impossible_vs_Factual,527,0.578502357006073,-0.011387167498469353,-0.04867170378565788,,
20,neuron_activation,Impossible_vs_Factual,2319,0.5746578574180603,0.05240801349282265,0.012687517330050468,,
20,neuron_activation,Impossible_vs_Factual,13768,0.5588517785072327,0.07210979610681534,-0.01535541657358408,,
20,neuron_activation,Impossible_vs_Factual,7306,0.5581397414207458,0.036956120282411575,0.00019256123050581664,,
20,neuron_activation,Impossible_vs_Factual,9877,0.5543690323829651,0.07909450680017471,0.010313516482710838,,
20,neuron_activation,Impossible_vs_Factual,7209,0.552501380443573,0.03072442300617695,-0.017536040395498276,,
20,neuron_activation,Hallucinations_vs_Factual,1928,0.5011617541313171,-0.04862824082374573,-0.08192902058362961,,
20,neuron_activation,Hallucinations_vs_Factual,4741,0.48742327094078064,0.032671015709638596,-0.06078265234827995,,
20,neuron_activation,Hallucinations_vs_Factual,10962,0.48060837388038635,0.04429048299789429,0.010204169899225235,,
20,neuron_activation,Hallucinations_vs_Factual,8935,0.4547809362411499,0.031805627048015594,0.0006613912992179394,,
20,neuron_activation,Hallucinations_vs_Factual,13157,0.45298951864242554,0.003692424623295665,-0.01587231270968914,,
20,neuron_activation,Hallucinations_vs_Factual,8920,0.4443102478981018,0.04717486724257469,0.007039702497422695,,
20,neuron_activation,Hallucinations_vs_Factual,3164,0.4246903359889984,-0.007855159230530262,-0.03272741660475731,,
20,neuron_activation,Hallucinations_vs_Factual,1330,0.4235096275806427,0.010946745052933693,-0.009687361307442188,,
20,neuron_activation,Hallucinations_vs_Factual,13329,0.4176231026649475,0.018880043178796768,-0.005740585271269083,,
20,neuron_activation,Hallucinations_vs_Factual,12911,0.412777841091156,0.044396333396434784,-0.05513693764805794,,
21,neuron_activation,Impossible_vs_Factual,5205,0.8976067304611206,0.140629380941391,0.05939226970076561,,
21,neuron_activation,Impossible_vs_Factual,10970,0.8067516684532166,0.11565712094306946,0.054078590124845505,,
21,neuron_activation,Impossible_vs_Factual,10837,0.6318813562393188,0.008393283002078533,-0.027046632021665573,,
21,neuron_activation,Impossible_vs_Factual,12554,0.5835472941398621,0.03900434076786041,0.0004364725900813937,,
21,neuron_activation,Impossible_vs_Factual,10391,0.5827983617782593,0.018990207463502884,-0.01209065318107605,,
21,neuron_activation,Impossible_vs_Factual,8711,0.5803312659263611,0.01707504130899906,-0.010671242140233517,,
21,neuron_activation,Impossible_vs_Factual,3310,0.561820387840271,0.027705268934369087,0.0039902739226818085,,
21,neuron_activation,Impossible_vs_Factual,3129,0.5598154664039612,0.011656912975013256,-0.012688743881881237,,
21,neuron_activation,Impossible_vs_Factual,13767,0.5520220398902893,-0.007565103471279144,-0.05325083062052727,,
21,neuron_activation,Impossible_vs_Factual,13351,0.5482301115989685,0.004544720984995365,-0.07580380141735077,,
21,neuron_activation,Hallucinations_vs_Factual,5205,0.4764232933521271,0.1029992550611496,0.05939226970076561,,
21,neuron_activation,Hallucinations_vs_Factual,10970,0.4701429605484009,0.09120853990316391,0.054078590124845505,,
21,neuron_activation,Hallucinations_vs_Factual,92,0.44072195887565613,0.06303475797176361,0.008102317340672016,,
21,neuron_activation,Hallucinations_vs_Factual,6757,0.4249211847782135,0.038981545716524124,0.012089976109564304,,
21,neuron_activation,Hallucinations_vs_Factual,10296,0.41505470871925354,-0.01797092705965042,-0.046228546649217606,,
21,neuron_activation,Hallucinations_vs_Factual,10666,0.41433921456336975,0.028689688071608543,0.003976418171077967,,
21,neuron_activation,Hallucinations_vs_Factual,9835,0.41280561685562134,-0.005511323921382427,-0.026012346148490906,,
21,neuron_activation,Hallucinations_vs_Factual,10391,0.4103736877441406,0.011420217342674732,-0.01209065318107605,,
21,neuron_activation,Hallucinations_vs_Factual,9599,0.40826645493507385,0.03500624746084213,0.012048350647091866,,
21,neuron_activation,Hallucinations_vs_Factual,13100,0.40608835220336914,0.002803411101922393,-0.03246437758207321,,
22,neuron_activation,Impossible_vs_Factual,3309,0.6382896900177002,0.01361091248691082,-0.034761060029268265,,
22,neuron_activation,Impossible_vs_Factual,4566,0.5931134223937988,0.0001343342592008412,-0.048278991132974625,,
22,neuron_activation,Impossible_vs_Factual,12955,0.5707131028175354,-0.013103430159389973,-0.06276313215494156,,
22,neuron_activation,Impossible_vs_Factual,3469,0.5390333533287048,0.09176316112279892,0.021717742085456848,,
22,neuron_activation,Impossible_vs_Factual,13251,0.5378717184066772,0.13217419385910034,0.040323249995708466,,
22,neuron_activation,Impossible_vs_Factual,6254,0.5284041166305542,0.06315527111291885,-0.01087944209575653,,
22,neuron_activation,Impossible_vs_Factual,2230,0.5272737145423889,0.06100619211792946,0.02489403821527958,,
22,neuron_activation,Impossible_vs_Factual,2128,0.5242683291435242,0.020701797679066658,-0.013764852657914162,,
22,neuron_activation,Impossible_vs_Factual,10851,0.4965156614780426,-0.0028874604031443596,-0.03698241710662842,,
22,neuron_activation,Impossible_vs_Factual,3677,0.4921307861804962,0.014714501798152924,-0.024976247921586037,,
22,neuron_activation,Hallucinations_vs_Factual,13535,0.49440041184425354,0.07530559599399567,0.02332187257707119,,
22,neuron_activation,Hallucinations_vs_Factual,9739,0.46551069617271423,0.01183269638568163,-0.024251367896795273,,
22,neuron_activation,Hallucinations_vs_Factual,3637,0.44343385100364685,0.02155967801809311,-0.0028166898991912603,,
22,neuron_activation,Hallucinations_vs_Factual,13959,0.44150230288505554,0.08354843407869339,-0.00246366485953331,,
22,neuron_activation,Hallucinations_vs_Factual,515,0.4363016188144684,0.05091170594096184,-0.005355506204068661,,
22,neuron_activation,Hallucinations_vs_Factual,8303,0.4056278467178345,-0.01269767340272665,-0.046739622950553894,,
22,neuron_activation,Hallucinations_vs_Factual,6637,0.399084210395813,0.04846547171473503,0.00791287049651146,,
22,neuron_activation,Hallucinations_vs_Factual,9371,0.3951861560344696,0.051235977560281754,0.018392475321888924,,
22,neuron_activation,Hallucinations_vs_Factual,13845,0.38442546129226685,-0.007551845628768206,-0.03125305473804474,,
22,neuron_activation,Hallucinations_vs_Factual,7277,0.3770739734172821,-0.00013065100938547403,-0.0173807293176651,,
23,neuron_activation,Impossible_vs_Factual,8725,0.6323763132095337,0.0459594652056694,0.0008101226412691176,,
23,neuron_activation,Impossible_vs_Factual,5461,0.5353360176086426,-0.017191946506500244,-0.05524330213665962,,
23,neuron_activation,Impossible_vs_Factual,3849,0.5307910442352295,0.002859916538000107,-0.04583697021007538,,
23,neuron_activation,Impossible_vs_Factual,2523,0.5210262537002563,0.025784248486161232,-0.023928984999656677,,
23,neuron_activation,Impossible_vs_Factual,11513,0.5189143419265747,0.027808822691440582,-0.025238752365112305,,
23,neuron_activation,Impossible_vs_Factual,6748,0.5040772557258606,0.007728347554802895,-0.03845291584730148,,
23,neuron_activation,Impossible_vs_Factual,4407,0.4971674382686615,0.02871682494878769,-0.007158944383263588,,
23,neuron_activation,Impossible_vs_Factual,9496,0.4932578504085541,0.018768034875392914,-0.00598888611420989,,
23,neuron_activation,Impossible_vs_Factual,2111,0.46847257018089294,0.028574321419000626,-0.002837615553289652,,
23,neuron_activation,Impossible_vs_Factual,8912,0.46525365114212036,0.0704929381608963,0.008668250404298306,,
23,neuron_activation,Hallucinations_vs_Factual,1853,0.4300318956375122,0.008284850046038628,-0.03219160437583923,,
23,neuron_activation,Hallucinations_vs_Factual,10812,0.4243285655975342,0.09056941419839859,0.04810785874724388,,
23,neuron_activation,Hallucinations_vs_Factual,9924,0.40605294704437256,0.02269848808646202,-0.007053358945995569,,
23,neuron_activation,Hallucinations_vs_Factual,10503,0.40453943610191345,0.017492569983005524,-0.021464645862579346,,
23,neuron_activation,Hallucinations_vs_Factual,12220,0.3987434208393097,0.04668499901890755,-0.025241956114768982,,
23,neuron_activation,Hallucinations_vs_Factual,5046,0.3956603407859802,0.006459984462708235,-0.026490898802876472,,
23,neuron_activation,Hallucinations_vs_Factual,1851,0.3806620240211487,0.014456525444984436,-0.008077786304056644,,
23,neuron_activation,Hallucinations_vs_Factual,13692,0.3787299692630768,0.08617008477449417,0.04639293998479843,,
23,neuron_activation,Hallucinations_vs_Factual,521,0.37846240401268005,0.007370238658040762,-0.015522093512117863,,
23,neuron_activation,Hallucinations_vs_Factual,6373,0.37824344635009766,0.03333285450935364,0.011569098569452763,,
24,neuron_activation,Impossible_vs_Factual,13872,0.6211239099502563,0.022132912650704384,-0.0356261283159256,,
24,neuron_activation,Impossible_vs_Factual,4441,0.551202654838562,0.10178040713071823,0.06586486101150513,,
24,neuron_activation,Impossible_vs_Factual,12581,0.47311532497406006,0.19994759559631348,0.09703100472688675,,
24,neuron_activation,Impossible_vs_Factual,1619,0.46946069598197937,-0.03462537005543709,-0.09374361485242844,,
24,neuron_activation,Impossible_vs_Factual,924,0.4594142436981201,0.02237488329410553,-0.009677809663116932,,
24,neuron_activation,Impossible_vs_Factual,332,0.4570993185043335,0.05318785458803177,0.006366326939314604,,
24,neuron_activation,Impossible_vs_Factual,1378,0.4544173777103424,0.027661075815558434,-0.003831066656857729,,
24,neuron_activation,Impossible_vs_Factual,6213,0.4394853115081787,-0.042529068887233734,-0.0761057510972023,,
24,neuron_activation,Impossible_vs_Factual,12193,0.4389077126979828,0.03765621408820152,0.0077750287018716335,,
24,neuron_activation,Impossible_vs_Factual,14122,0.4356086552143097,0.030698571354150772,-0.012582296505570412,,
24,neuron_activation,Hallucinations_vs_Factual,4901,0.4375741481781006,0.09554515033960342,-0.015996310859918594,,
24,neuron_activation,Hallucinations_vs_Factual,924,0.4227607250213623,0.01970185711979866,-0.009677809663116932,,
24,neuron_activation,Hallucinations_vs_Factual,8046,0.3823888599872589,0.1743357926607132,0.06963532418012619,,
24,neuron_activation,Hallucinations_vs_Factual,11056,0.3772636651992798,0.011985431425273418,-0.02268783375620842,,
24,neuron_activation,Hallucinations_vs_Factual,9263,0.37398406863212585,0.049736231565475464,0.013768691569566727,,
24,neuron_activation,Hallucinations_vs_Factual,1619,0.36499759554862976,-0.052641719579696655,-0.09374361485242844,,
24,neuron_activation,Hallucinations_vs_Factual,11684,0.3605782687664032,-0.005983846262097359,-0.03287538141012192,,
24,neuron_activation,Hallucinations_vs_Factual,1564,0.3562937080860138,0.05198172107338905,0.019938213750720024,,
24,neuron_activation,Hallucinations_vs_Factual,3997,0.35136720538139343,0.014246663078665733,-0.008182761259377003,,
24,neuron_activation,Hallucinations_vs_Factual,13435,0.3474177420139313,0.01589999906718731,-0.009575110860168934,,
25,neuron_activation,Impossible_vs_Factual,692,0.600531816482544,0.007615296170115471,-0.03900852054357529,,
25,neuron_activation,Impossible_vs_Factual,108,0.546902060508728,0.13259588181972504,-0.00890893954783678,,
25,neuron_activation,Impossible_vs_Factual,14035,0.5348150134086609,0.06039932370185852,0.006630010902881622,,
25,neuron_activation,Impossible_vs_Factual,13239,0.5261515974998474,-0.022413484752178192,-0.12345798313617706,,
25,neuron_activation,Impossible_vs_Factual,11983,0.5219030380249023,0.021519852802157402,-0.017163347452878952,,
25,neuron_activation,Impossible_vs_Factual,12618,0.514117419719696,0.05691690742969513,0.005329785402864218,,
25,neuron_activation,Impossible_vs_Factual,12664,0.490922749042511,0.07062677294015884,0.01607375033199787,,
25,neuron_activation,Impossible_vs_Factual,11403,0.47649943828582764,0.04488644748926163,0.0005958310794085264,,
25,neuron_activation,Impossible_vs_Factual,13485,0.4699383080005646,0.037359897047281265,0.0009633138542994857,,
25,neuron_activation,Impossible_vs_Factual,2553,0.4659431576728821,0.009340977296233177,-0.09527555108070374,,
25,neuron_activation,Hallucinations_vs_Factual,108,0.39899900555610657,0.10272956639528275,-0.00890893954783678,,
25,neuron_activation,Hallucinations_vs_Factual,9539,0.39105919003486633,0.01938764378428459,-0.011707018129527569,,
25,neuron_activation,Hallucinations_vs_Factual,10757,0.3859599530696869,-0.012738842517137527,-0.038509808480739594,,
25,neuron_activation,Hallucinations_vs_Factual,7123,0.37872031331062317,0.012826013378798962,-0.022810528054833412,,
25,neuron_activation,Hallucinations_vs_Factual,906,0.3704514801502228,0.11181686818599701,0.05672471225261688,,
25,neuron_activation,Hallucinations_vs_Factual,70,0.36724671721458435,0.018727730959653854,-0.015531795099377632,,
25,neuron_activation,Hallucinations_vs_Factual,10497,0.3578619062900543,0.11520160734653473,0.04119917005300522,,
25,neuron_activation,Hallucinations_vs_Factual,6435,0.3481820821762085,-0.0831160694360733,-0.2067989706993103,,
25,neuron_activation,Hallucinations_vs_Factual,6641,0.3416620194911957,-0.010499753057956696,-0.03844074904918671,,
25,neuron_activation,Hallucinations_vs_Factual,4293,0.33975523710250854,0.08084254711866379,0.03009404055774212,,
26,neuron_activation,Impossible_vs_Factual,6825,0.5990375876426697,0.04248015210032463,-0.01516407635062933,,
26,neuron_activation,Impossible_vs_Factual,9952,0.5511441230773926,0.03364060819149017,-0.025503413751721382,,
26,neuron_activation,Impossible_vs_Factual,12466,0.5493841767311096,0.07151883840560913,-0.020770281553268433,,
26,neuron_activation,Impossible_vs_Factual,5158,0.5351282954216003,0.009203569032251835,-0.04213670268654823,,
26,neuron_activation,Impossible_vs_Factual,2200,0.5219941139221191,-0.01197594590485096,-0.05567504093050957,,
26,neuron_activation,Impossible_vs_Factual,7374,0.5000793933868408,0.2954733073711395,0.0878305584192276,,
26,neuron_activation,Impossible_vs_Factual,9917,0.49599897861480713,-0.004297162871807814,-0.30164435505867004,,
26,neuron_activation,Impossible_vs_Factual,9960,0.49507108330726624,-0.08280240744352341,-0.134049654006958,,
26,neuron_activation,Impossible_vs_Factual,9278,0.491423100233078,0.0300408024340868,-0.02237078733742237,,
26,neuron_activation,Impossible_vs_Factual,7543,0.4784717857837677,-0.04479432851076126,-0.08492130041122437,,
26,neuron_activation,Hallucinations_vs_Factual,6825,0.4503648579120636,0.0337822251021862,-0.01516407635062933,,
26,neuron_activation,Hallucinations_vs_Factual,7736,0.4147762060165405,0.08384565263986588,0.04355981945991516,,
26,neuron_activation,Hallucinations_vs_Factual,2867,0.3688821792602539,-0.06561528146266937,-0.10416951775550842,,
26,neuron_activation,Hallucinations_vs_Factual,9917,0.3668569028377533,-0.01382465474307537,-0.30164435505867004,,
26,neuron_activation,Hallucinations_vs_Factual,7374,0.35857486724853516,0.2421731948852539,0.0878305584192276,,
26,neuron_activation,Hallucinations_vs_Factual,10564,0.357453852891922,0.06951958686113358,0.03540525585412979,,
26,neuron_activation,Hallucinations_vs_Factual,13444,0.3547058701515198,-0.04863496497273445,-0.08476964384317398,,
26,neuron_activation,Hallucinations_vs_Factual,7642,0.35044291615486145,0.11605362594127655,0.07347570359706879,,
26,neuron_activation,Hallucinations_vs_Factual,13750,0.3493649661540985,0.01570707932114601,-0.02131836861371994,,
26,neuron_activation,Hallucinations_vs_Factual,534,0.34772542119026184,0.048704687505960464,0.017909051850438118,,
27,neuron_activation,Impossible_vs_Factual,1843,0.6579859852790833,0.03259188309311867,-0.014802051708102226,,
27,neuron_activation,Impossible_vs_Factual,2354,0.6228506565093994,0.09672332555055618,0.00855102390050888,,
27,neuron_activation,Impossible_vs_Factual,6581,0.6118905544281006,0.45397287607192993,0.13189592957496643,,
27,neuron_activation,Impossible_vs_Factual,11607,0.6037023663520813,0.0709921345114708,-0.010432573035359383,,
27,neuron_activation,Impossible_vs_Factual,5971,0.5951921343803406,0.020861921831965446,-0.030961334705352783,,
27,neuron_activation,Impossible_vs_Factual,10315,0.5659714341163635,-0.0074163032695651054,-0.06589417904615402,,
27,neuron_activation,Impossible_vs_Factual,3960,0.5545498728752136,-0.12127326428890228,-0.20622038841247559,,
27,neuron_activation,Impossible_vs_Factual,9796,0.539911150932312,0.04606841132044792,-0.0031768768094480038,,
27,neuron_activation,Impossible_vs_Factual,12098,0.5278386473655701,0.03182615339756012,-0.013109133578836918,,
27,neuron_activation,Impossible_vs_Factual,6070,0.5238381624221802,-0.08811675757169724,-0.1693560630083084,,
27,neuron_activation,Hallucinations_vs_Factual,6581,0.501453697681427,0.393369197845459,0.13189592957496643,,
27,neuron_activation,Hallucinations_vs_Factual,12114,0.42763176560401917,0.028642358258366585,-0.009463658556342125,,
27,neuron_activation,Hallucinations_vs_Factual,2591,0.4107101857662201,-0.0395592637360096,-0.11537231504917145,,
27,neuron_activation,Hallucinations_vs_Factual,4362,0.40834975242614746,0.05098436400294304,-0.010198086500167847,,
27,neuron_activation,Hallucinations_vs_Factual,5147,0.38953229784965515,-0.3231564164161682,-0.5268751382827759,,
27,neuron_activation,Hallucinations_vs_Factual,12731,0.38872236013412476,0.007477882783859968,-0.025490745902061462,,
27,neuron_activation,Hallucinations_vs_Factual,8201,0.38755273818969727,0.054571591317653656,0.021544208750128746,,
27,neuron_activation,Hallucinations_vs_Factual,2205,0.3859085738658905,-0.008038897067308426,-0.04335063323378563,,
27,neuron_activation,Hallucinations_vs_Factual,3960,0.38111796975135803,-0.14475829899311066,-0.20622038841247559,,
27,neuron_activation,Hallucinations_vs_Factual,1843,0.3805399239063263,0.015985356643795967,-0.014802051708102226,,
28,neuron_activation,Impossible_vs_Factual,817,0.675841748714447,0.11505836248397827,0.03967756778001785,,
28,neuron_activation,Impossible_vs_Factual,1000,0.6587451696395874,-0.0665564015507698,-0.12823666632175446,,
28,neuron_activation,Impossible_vs_Factual,901,0.6458165645599365,0.09220344573259354,0.01949089765548706,,
28,neuron_activation,Impossible_vs_Factual,13373,0.6131331324577332,-0.1069222018122673,-0.26544642448425293,,
28,neuron_activation,Impossible_vs_Factual,6132,0.5675479173660278,0.04704409837722778,-0.010295695625245571,,
28,neuron_activation,Impossible_vs_Factual,10755,0.5654966235160828,0.12561413645744324,0.05644086375832558,,
28,neuron_activation,Impossible_vs_Factual,12043,0.5651368498802185,0.05664004758000374,0.01184399239718914,,
28,neuron_activation,Impossible_vs_Factual,2942,0.545113205909729,-0.023329494521021843,-0.08180029690265656,,
28,neuron_activation,Impossible_vs_Factual,4071,0.5430430769920349,0.004529419355094433,-0.05135169252753258,,
28,neuron_activation,Impossible_vs_Factual,371,0.5360260009765625,0.01744864508509636,-0.032459065318107605,,
28,neuron_activation,Hallucinations_vs_Factual,901,0.5962839126586914,0.08517397195100784,0.01949089765548706,,
28,neuron_activation,Hallucinations_vs_Factual,10755,0.5712293386459351,0.1252170354127884,0.05644086375832558,,
28,neuron_activation,Hallucinations_vs_Factual,817,0.5456345677375793,0.10114689916372299,0.03967756778001785,,
28,neuron_activation,Hallucinations_vs_Factual,5657,0.5099717378616333,0.20217731595039368,0.09803745150566101,,
28,neuron_activation,Hallucinations_vs_Factual,2942,0.44342854619026184,-0.034043971449136734,-0.08180029690265656,,
28,neuron_activation,Hallucinations_vs_Factual,93,0.42375513911247253,-0.05462270975112915,-0.104871466755867,,
28,neuron_activation,Hallucinations_vs_Factual,796,0.4187084436416626,0.0527753010392189,-0.07180259376764297,,
28,neuron_activation,Hallucinations_vs_Factual,12280,0.4167095422744751,0.09191109240055084,-0.06395813077688217,,
28,neuron_activation,Hallucinations_vs_Factual,3186,0.41241398453712463,0.02662298083305359,-0.017508260905742645,,
28,neuron_activation,Hallucinations_vs_Factual,13038,0.40853485465049744,0.011497202329337597,-0.013752354308962822,,
29,neuron_activation,Impossible_vs_Factual,1654,0.6715525984764099,-0.04651809111237526,-0.11659936606884003,,
29,neuron_activation,Impossible_vs_Factual,11005,0.6567860245704651,-0.17389261722564697,-0.5650615096092224,,
29,neuron_activation,Impossible_vs_Factual,8426,0.616255521774292,-0.007181571796536446,-0.0784524455666542,,
29,neuron_activation,Impossible_vs_Factual,1486,0.5954217314720154,0.0536135733127594,0.007290647365152836,,
29,neuron_activation,Impossible_vs_Factual,8463,0.5937102437019348,0.1625915765762329,0.09917308390140533,,
29,neuron_activation,Impossible_vs_Factual,449,0.584377110004425,-0.04395589232444763,-0.17249034345149994,,
29,neuron_activation,Impossible_vs_Factual,7369,0.5705512166023254,0.10100239515304565,0.005974139552563429,,
29,neuron_activation,Impossible_vs_Factual,14102,0.5495416522026062,-0.12155323475599289,-0.18458126485347748,,
29,neuron_activation,Impossible_vs_Factual,8151,0.5363559722900391,-0.1812640130519867,-0.24800293147563934,,
29,neuron_activation,Impossible_vs_Factual,6926,0.5348613858222961,-0.05357734113931656,-0.23872490227222443,,
29,neuron_activation,Hallucinations_vs_Factual,4431,0.4781881868839264,0.017864424735307693,-0.027767280116677284,,
29,neuron_activation,Hallucinations_vs_Factual,11005,0.4689527153968811,-0.25811484456062317,-0.5650615096092224,,
29,neuron_activation,Hallucinations_vs_Factual,10788,0.4668221175670624,0.32466787099838257,0.24960939586162567,,
29,neuron_activation,Hallucinations_vs_Factual,4591,0.4484241008758545,-0.05544036999344826,-0.11307905614376068,,
29,neuron_activation,Hallucinations_vs_Factual,12530,0.43191516399383545,-0.02352980524301529,-0.07576821744441986,,
29,neuron_activation,Hallucinations_vs_Factual,9614,0.42009687423706055,0.09062716364860535,0.014985579997301102,,
29,neuron_activation,Hallucinations_vs_Factual,5579,0.41421031951904297,0.18239347636699677,0.1251295506954193,,
29,neuron_activation,Hallucinations_vs_Factual,7211,0.40755823254585266,-0.001942428876645863,-0.03763658180832863,,
29,neuron_activation,Hallucinations_vs_Factual,1626,0.4041641652584076,0.04783276841044426,8.209692896343768e-05,,
29,neuron_activation,Hallucinations_vs_Factual,2323,0.3973643481731415,0.05247173085808754,0.017488328740000725,,
30,neuron_activation,Impossible_vs_Factual,14169,0.8407092094421387,-0.06417307257652283,-0.16281981766223907,,
30,neuron_activation,Impossible_vs_Factual,6322,0.7781098484992981,0.06285411864519119,-0.006906955037266016,,
30,neuron_activation,Impossible_vs_Factual,771,0.7323183417320251,0.20826901495456696,-0.12874901294708252,,
30,neuron_activation,Impossible_vs_Factual,6805,0.7208747863769531,0.1531490683555603,0.049583736807107925,,
30,neuron_activation,Impossible_vs_Factual,6194,0.699663519859314,0.16212405264377594,-0.17049191892147064,,
30,neuron_activation,Impossible_vs_Factual,4262,0.6878163814544678,-0.0660347267985344,-0.18222597241401672,,
30,neuron_activation,Impossible_vs_Factual,12220,0.6608859896659851,-0.038306694477796555,-0.17326171696186066,,
30,neuron_activation,Impossible_vs_Factual,5812,0.6523683667182922,-0.18201199173927307,-0.27449101209640503,,
30,neuron_activation,Impossible_vs_Factual,13033,0.6455301642417908,-0.1378527134656906,-0.3125803470611572,,
30,neuron_activation,Impossible_vs_Factual,2427,0.6286717653274536,-0.26799196004867554,-0.36754024028778076,,
30,neuron_activation,Hallucinations_vs_Factual,6805,0.6286782026290894,0.14269356429576874,0.049583736807107925,,
30,neuron_activation,Hallucinations_vs_Factual,6194,0.523804247379303,0.1075010597705841,-0.17049191892147064,,
30,neuron_activation,Hallucinations_vs_Factual,6051,0.505075991153717,0.03811507299542427,-0.02244873344898224,,
30,neuron_activation,Hallucinations_vs_Factual,7040,0.5017056465148926,0.13695693016052246,0.010806486010551453,,
30,neuron_activation,Hallucinations_vs_Factual,370,0.4905223250389099,0.10753677040338516,0.05146609991788864,,
30,neuron_activation,Hallucinations_vs_Factual,13310,0.4565140902996063,-0.10822373628616333,-0.24710269272327423,,
30,neuron_activation,Hallucinations_vs_Factual,13214,0.45458176732063293,-0.009304889477789402,-0.05855831131339073,,
30,neuron_activation,Hallucinations_vs_Factual,10341,0.45306676626205444,0.4660363793373108,0.21686424314975739,,
30,neuron_activation,Hallucinations_vs_Factual,5195,0.4507766366004944,-0.14965948462486267,-0.33152061700820923,,
30,neuron_activation,Hallucinations_vs_Factual,9293,0.44685161113739014,0.027148855850100517,-0.11091530323028564,,
31,neuron_activation,Impossible_vs_Factual,5203,0.7455598711967468,0.0043018534779548645,-0.1776619702577591,,
31,neuron_activation,Impossible_vs_Factual,8830,0.7290546298027039,-0.039495691657066345,-0.11503395438194275,,
31,neuron_activation,Impossible_vs_Factual,11742,0.7174866795539856,-0.013933543115854263,-0.10914519429206848,,
31,neuron_activation,Impossible_vs_Factual,8463,0.716391384601593,-0.010648854076862335,-0.10480140149593353,,
31,neuron_activation,Impossible_vs_Factual,11751,0.7066675424575806,-0.08071496337652206,-0.1570092886686325,,
31,neuron_activation,Impossible_vs_Factual,12446,0.6856841444969177,0.20515350997447968,-0.9740197658538818,,
31,neuron_activation,Impossible_vs_Factual,7622,0.6851332783699036,0.07731278240680695,-0.07118610292673111,,
31,neuron_activation,Impossible_vs_Factual,7909,0.6558732986450195,-0.020844008773565292,-0.1332179456949234,,
31,neuron_activation,Impossible_vs_Factual,9046,0.6541492938995361,0.1102994829416275,-0.2077275961637497,,
31,neuron_activation,Impossible_vs_Factual,3286,0.63459712266922,-0.20107482373714447,-0.3394384980201721,,
31,neuron_activation,Hallucinations_vs_Factual,4091,0.5231414437294006,-0.036956749856472015,-0.11651690304279327,,
31,neuron_activation,Hallucinations_vs_Factual,12684,0.5108720660209656,-0.23906752467155457,-0.3327050507068634,,
31,neuron_activation,Hallucinations_vs_Factual,8830,0.49934425950050354,-0.05699201673269272,-0.11503395438194275,,
31,neuron_activation,Hallucinations_vs_Factual,427,0.49573495984077454,-0.002940522972494364,-0.26463499665260315,,
31,neuron_activation,Hallucinations_vs_Factual,14060,0.4831186830997467,-0.014779976569116116,-0.2742685079574585,,
31,neuron_activation,Hallucinations_vs_Factual,3286,0.48198023438453674,-0.23854215443134308,-0.3394384980201721,,
31,neuron_activation,Hallucinations_vs_Factual,7889,0.4795370399951935,-0.04911556467413902,-0.11933976411819458,,
31,neuron_activation,Hallucinations_vs_Factual,10589,0.4771031439304352,-0.138982355594635,-0.32409003376960754,,
31,neuron_activation,Hallucinations_vs_Factual,12806,0.47374528646469116,0.005440945271402597,-0.10565172135829926,,
31,neuron_activation,Hallucinations_vs_Factual,5685,0.46789735555648804,-0.20531366765499115,-0.3177843987941742,,
0,head_entropy,Impossible_vs_Factual,31,0.15230345726013184,,,1.66082763671875,1.5085241794586182
0,head_entropy,Impossible_vs_Factual,29,0.1486905813217163,,,1.6874240636825562,1.5387334823608398
0,head_entropy,Impossible_vs_Factual,22,0.12230455875396729,,,1.8349511623382568,1.7126466035842896
0,head_entropy,Impossible_vs_Factual,30,0.1201169490814209,,,1.8143357038497925,1.6942187547683716
0,head_entropy,Impossible_vs_Factual,18,0.11541998386383057,,,1.8634082078933716,1.747988224029541
0,head_entropy,Impossible_vs_Factual,3,0.10326194763183594,,,1.9490822553634644,1.8458203077316284
0,head_entropy,Impossible_vs_Factual,19,0.0957033634185791,,,1.9253321886062622,1.829628825187683
0,head_entropy,Impossible_vs_Factual,17,0.09550750255584717,,,1.9739843606948853,1.878476858139038
0,head_entropy,Impossible_vs_Factual,21,0.09478497505187988,,,1.8962304592132568,1.801445484161377
0,head_entropy,Impossible_vs_Factual,0,0.08195245265960693,,,2.020565986633301,1.9386135339736938
0,head_entropy,Hallucinations_vs_Factual,22,0.416113018989563,,,2.1287596225738525,1.7126466035842896
0,head_entropy,Hallucinations_vs_Factual,31,0.41123127937316895,,,1.919755458831787,1.5085241794586182
0,head_entropy,Hallucinations_vs_Factual,29,0.40845608711242676,,,1.9471895694732666,1.5387334823608398
0,head_entropy,Hallucinations_vs_Factual,18,0.38619112968444824,,,2.1341793537139893,1.747988224029541
0,head_entropy,Hallucinations_vs_Factual,21,0.3856241703033447,,,2.1870696544647217,1.801445484161377
0,head_entropy,Hallucinations_vs_Factual,17,0.3824605941772461,,,2.260937452316284,1.878476858139038
0,head_entropy,Hallucinations_vs_Factual,3,0.36773431301116943,,,2.213554620742798,1.8458203077316284
0,head_entropy,Hallucinations_vs_Factual,8,0.3510549068450928,,,2.473437786102295,2.122382879257202
0,head_entropy,Hallucinations_vs_Factual,30,0.35001957416534424,,,2.044238328933716,1.6942187547683716
0,head_entropy,Hallucinations_vs_Factual,19,0.3471482992172241,,,2.1767771244049072,1.829628825187683
1,head_entropy,Impossible_vs_Factual,3,-0.15247094631195068,,,0.8744434118270874,1.026914358139038
1,head_entropy,Impossible_vs_Factual,20,-0.1334412693977356,,,0.3600148558616638,0.4934561252593994
1,head_entropy,Impossible_vs_Factual,21,-0.12981051206588745,,,0.46411895751953125,0.5939294695854187
1,head_entropy,Impossible_vs_Factual,11,-0.12925541400909424,,,0.646379292011261,0.7756347060203552
1,head_entropy,Impossible_vs_Factual,16,-0.11879682540893555,,,0.3724510073661804,0.49124783277511597
1,head_entropy,Impossible_vs_Factual,0,-0.11860108375549316,,,0.5473363399505615,0.6659374237060547
1,head_entropy,Impossible_vs_Factual,10,-0.11643576622009277,,,1.2429784536361694,1.3594142198562622
1,head_entropy,Impossible_vs_Factual,5,-0.10695061087608337,,,0.3993907868862152,0.5063413977622986
1,head_entropy,Impossible_vs_Factual,18,-0.10666432976722717,,,0.28656959533691406,0.39323392510414124
1,head_entropy,Impossible_vs_Factual,17,-0.10466805100440979,,,0.4203124940395355,0.5249805450439453
1,head_entropy,Hallucinations_vs_Factual,8,0.1964552402496338,,,1.2788575887680054,1.0824023485183716
1,head_entropy,Hallucinations_vs_Factual,21,-0.17237868905067444,,,0.42155078053474426,0.5939294695854187
1,head_entropy,Hallucinations_vs_Factual,3,-0.13945108652114868,,,0.8874632716178894,1.026914358139038
1,head_entropy,Hallucinations_vs_Factual,20,-0.129939466714859,,,0.3635166585445404,0.4934561252593994
1,head_entropy,Hallucinations_vs_Factual,5,-0.12114852666854858,,,0.38519287109375,0.5063413977622986
1,head_entropy,Hallucinations_vs_Factual,16,-0.11911380290985107,,,0.3721340298652649,0.49124783277511597
1,head_entropy,Hallucinations_vs_Factual,10,-0.11594247817993164,,,1.2434717416763306,1.3594142198562622
1,head_entropy,Hallucinations_vs_Factual,28,0.10925781726837158,,,1.402402400970459,1.2931445837020874
1,head_entropy,Hallucinations_vs_Factual,17,-0.10893228650093079,,,0.4160482585430145,0.5249805450439453
1,head_entropy,Hallucinations_vs_Factual,18,-0.10315895080566406,,,0.2900749742984772,0.39323392510414124
2,head_entropy,Impossible_vs_Factual,27,-0.0632813572883606,,,0.7483007311820984,0.811582088470459
2,head_entropy,Impossible_vs_Factual,5,0.05337858200073242,,,1.1756443977355957,1.1222658157348633
2,head_entropy,Impossible_vs_Factual,18,-0.04987800121307373,,,0.5554344654083252,0.6053124666213989
2,head_entropy,Impossible_vs_Factual,4,0.04402339458465576,,,1.1044921875,1.0604687929153442
2,head_entropy,Impossible_vs_Factual,22,0.04345470666885376,,,0.53562992811203,0.49217522144317627
2,head_entropy,Impossible_vs_Factual,29,-0.04319322109222412,,,0.6498683094978333,0.6930615305900574
2,head_entropy,Impossible_vs_Factual,6,0.03546875715255737,,,0.8979296684265137,0.8624609112739563
2,head_entropy,Impossible_vs_Factual,13,-0.0277441143989563,,,0.6713575124740601,0.6991016268730164
2,head_entropy,Impossible_vs_Factual,11,-0.026728332042694092,,,0.5345117449760437,0.5612400770187378
2,head_entropy,Impossible_vs_Factual,10,-0.02333974838256836,,,0.7000976800918579,0.7234374284744263
2,head_entropy,Hallucinations_vs_Factual,5,0.16810548305511475,,,1.290371298789978,1.1222658157348633
2,head_entropy,Hallucinations_vs_Factual,4,0.16382837295532227,,,1.2242971658706665,1.0604687929153442
2,head_entropy,Hallucinations_vs_Factual,6,0.1563085913658142,,,1.0187695026397705,0.8624609112739563
2,head_entropy,Hallucinations_vs_Factual,24,0.13083982467651367,,,1.0929102897644043,0.9620704650878906
2,head_entropy,Hallucinations_vs_Factual,27,-0.1228516697883606,,,0.6887304186820984,0.811582088470459
2,head_entropy,Hallucinations_vs_Factual,19,0.09449195861816406,,,1.1542184352874756,1.0597264766693115
2,head_entropy,Hallucinations_vs_Factual,25,0.08121827244758606,,,0.3396582305431366,0.25843995809555054
2,head_entropy,Hallucinations_vs_Factual,12,0.07020023465156555,,,0.5411133170127869,0.4709130823612213
2,head_entropy,Hallucinations_vs_Factual,17,-0.06977060437202454,,,0.3345751464366913,0.4043457508087158
2,head_entropy,Hallucinations_vs_Factual,13,-0.06747066974639893,,,0.6316309571266174,0.6991016268730164
3,head_entropy,Impossible_vs_Factual,18,-0.06909483671188354,,,0.2379138469696045,0.30700868368148804
3,head_entropy,Impossible_vs_Factual,19,-0.05536118149757385,,,0.44746097922325134,0.5028221607208252
3,head_entropy,Impossible_vs_Factual,22,0.053037047386169434,,,0.6561132669448853,0.6030762195587158
3,head_entropy,Impossible_vs_Factual,17,-0.051863983273506165,,,0.19235475361347198,0.24421873688697815
3,head_entropy,Impossible_vs_Factual,8,-0.04782727360725403,,,0.4777391850948334,0.5255664587020874
3,head_entropy,Impossible_vs_Factual,27,-0.03925788402557373,,,0.5027636289596558,0.5420215129852295
3,head_entropy,Impossible_vs_Factual,12,-0.03920412063598633,,,0.3601025640964508,0.39930668473243713
3,head_entropy,Impossible_vs_Factual,6,-0.03854493796825409,,,0.20092526078224182,0.2394701987504959
3,head_entropy,Impossible_vs_Factual,21,0.032724738121032715,,,0.6565722823143005,0.6238475441932678
3,head_entropy,Impossible_vs_Factual,11,-0.029018551111221313,,,0.3479199707508087,0.37693852186203003
3,head_entropy,Hallucinations_vs_Factual,29,0.18499970436096191,,,1.2152732610702515,1.0302735567092896
3,head_entropy,Hallucinations_vs_Factual,0,0.10336902737617493,,,0.5585838556289673,0.45521482825279236
3,head_entropy,Hallucinations_vs_Factual,18,-0.07984897494316101,,,0.22715970873832703,0.30700868368148804
3,head_entropy,Hallucinations_vs_Factual,19,-0.07726553082466125,,,0.42555662989616394,0.5028221607208252
3,head_entropy,Hallucinations_vs_Factual,8,-0.07538273930549622,,,0.4501837193965912,0.5255664587020874
3,head_entropy,Hallucinations_vs_Factual,20,0.0727832019329071,,,0.46065425872802734,0.38787105679512024
3,head_entropy,Hallucinations_vs_Factual,21,0.06826180219650269,,,0.6921093463897705,0.6238475441932678
3,head_entropy,Hallucinations_vs_Factual,28,0.059580206871032715,,,0.9142871499061584,0.8547069430351257
3,head_entropy,Hallucinations_vs_Factual,17,-0.057698994874954224,,,0.18651974201202393,0.24421873688697815
3,head_entropy,Hallucinations_vs_Factual,1,0.055595725774765015,,,0.5419140458106995,0.48631832003593445
4,head_entropy,Impossible_vs_Factual,9,0.22398412227630615,,,1.2408983707427979,1.0169142484664917
4,head_entropy,Impossible_vs_Factual,19,0.11367183923721313,,,0.9525194764137268,0.8388476371765137
4,head_entropy,Impossible_vs_Factual,2,0.11136722564697266,,,1.0648242235183716,0.9534569978713989
4,head_entropy,Impossible_vs_Factual,12,-0.11104127764701843,,,0.35600337386131287,0.4670446515083313
4,head_entropy,Impossible_vs_Factual,20,0.08961915969848633,,,0.5999218821525574,0.510302722454071
4,head_entropy,Impossible_vs_Factual,23,0.07358396053314209,,,0.5928075909614563,0.5192236304283142
4,head_entropy,Impossible_vs_Factual,15,0.06968772411346436,,,1.2429882287979126,1.1733005046844482
4,head_entropy,Impossible_vs_Factual,1,0.06745117902755737,,,0.6090037822723389,0.5415526032447815
4,head_entropy,Impossible_vs_Factual,27,0.06568360328674316,,,0.8724414110183716,0.8067578077316284
4,head_entropy,Impossible_vs_Factual,0,0.05989253520965576,,,0.5011425614356995,0.4412500262260437
4,head_entropy,Hallucinations_vs_Factual,2,0.30019545555114746,,,1.2536524534225464,0.9534569978713989
4,head_entropy,Hallucinations_vs_Factual,19,0.27001965045928955,,,1.1088672876358032,0.8388476371765137
4,head_entropy,Hallucinations_vs_Factual,20,0.226806640625,,,0.737109363079071,0.510302722454071
4,head_entropy,Hallucinations_vs_Factual,15,0.2091214656829834,,,1.3824219703674316,1.1733005046844482
4,head_entropy,Hallucinations_vs_Factual,16,0.20619142055511475,,,1.3216798305511475,1.1154884099960327
4,head_entropy,Hallucinations_vs_Factual,9,0.14343750476837158,,,1.1603517532348633,1.0169142484664917
4,head_entropy,Hallucinations_vs_Factual,0,0.13612282276153564,,,0.5773728489875793,0.4412500262260437
4,head_entropy,Hallucinations_vs_Factual,18,0.12698233127593994,,,0.8552831411361694,0.7283008098602295
4,head_entropy,Hallucinations_vs_Factual,6,0.1212695837020874,,,0.6915136575698853,0.5702440738677979
4,head_entropy,Hallucinations_vs_Factual,31,0.1137205958366394,,,0.5987889766693115,0.4850683808326721
5,head_entropy,Impossible_vs_Factual,2,0.14532238245010376,,,0.5698975324630737,0.42457515001296997
5,head_entropy,Impossible_vs_Factual,11,0.11881864070892334,,,1.027675986289978,0.9088573455810547
5,head_entropy,Impossible_vs_Factual,22,0.11276376247406006,,,0.7710742950439453,0.6583105325698853
5,head_entropy,Impossible_vs_Factual,15,0.10992181301116943,,,1.1372852325439453,1.0273634195327759
5,head_entropy,Impossible_vs_Factual,6,0.10767590999603271,,,1.0015332698822021,0.8938573598861694
5,head_entropy,Impossible_vs_Factual,18,0.09348636865615845,,,0.8912109732627869,0.7977246046066284
5,head_entropy,Impossible_vs_Factual,16,0.08886736631393433,,,0.6274219155311584,0.5385545492172241
5,head_entropy,Impossible_vs_Factual,0,0.08775383234024048,,,0.721738338470459,0.6339845061302185
5,head_entropy,Impossible_vs_Factual,4,0.06667959690093994,,,1.3087499141693115,1.2420703172683716
5,head_entropy,Impossible_vs_Factual,3,0.06586909294128418,,,0.907109260559082,0.8412401676177979
5,head_entropy,Hallucinations_vs_Factual,7,0.2986132502555847,,,0.9818066954612732,0.6831934452056885
5,head_entropy,Hallucinations_vs_Factual,5,0.2333984375,,,0.7778613567352295,0.5444629192352295
5,head_entropy,Hallucinations_vs_Factual,27,0.21722638607025146,,,1.3060741424560547,1.0888477563858032
5,head_entropy,Hallucinations_vs_Factual,6,0.20951175689697266,,,1.103369116783142,0.8938573598861694
5,head_entropy,Hallucinations_vs_Factual,18,0.2072657346725464,,,1.0049903392791748,0.7977246046066284
5,head_entropy,Hallucinations_vs_Factual,11,0.19552743434906006,,,1.1043847799301147,0.9088573455810547
5,head_entropy,Hallucinations_vs_Factual,22,0.19306641817092896,,,0.8513769507408142,0.6583105325698853
5,head_entropy,Hallucinations_vs_Factual,4,0.19083988666534424,,,1.4329102039337158,1.2420703172683716
5,head_entropy,Hallucinations_vs_Factual,13,-0.14762699604034424,,,0.807558536529541,0.9551855325698853
5,head_entropy,Hallucinations_vs_Factual,9,0.13525629043579102,,,0.3905737102031708,0.25531741976737976
6,head_entropy,Impossible_vs_Factual,30,0.19492173194885254,,,1.3542966842651367,1.1593749523162842
6,head_entropy,Impossible_vs_Factual,10,0.1874414086341858,,,0.9853026866912842,0.7978612780570984
6,head_entropy,Impossible_vs_Factual,11,0.17606443166732788,,,0.8998047113418579,0.72374027967453
6,head_entropy,Impossible_vs_Factual,0,0.17160141468048096,,,1.172245979309082,1.000644564628601
6,head_entropy,Impossible_vs_Factual,1,0.16238296031951904,,,1.1685547828674316,1.0061718225479126
6,head_entropy,Impossible_vs_Factual,8,0.152587890625,,,0.8542187213897705,0.7016308307647705
6,head_entropy,Impossible_vs_Factual,29,0.12400376796722412,,,1.684394359588623,1.560390591621399
6,head_entropy,Impossible_vs_Factual,4,0.12246060371398926,,,1.163456916809082,1.0409963130950928
6,head_entropy,Impossible_vs_Factual,15,0.11595714092254639,,,1.2694143056869507,1.1534571647644043
6,head_entropy,Impossible_vs_Factual,28,0.1157078742980957,,,0.5798777937889099,0.4641699194908142
6,head_entropy,Hallucinations_vs_Factual,14,0.3773435354232788,,,1.5267773866653442,1.1494338512420654
6,head_entropy,Hallucinations_vs_Factual,20,0.3496485948562622,,,1.4441015720367432,1.094452977180481
6,head_entropy,Hallucinations_vs_Factual,21,0.2999609708786011,,,1.709921956062317,1.4099609851837158
6,head_entropy,Hallucinations_vs_Factual,0,0.26982414722442627,,,1.2704687118530273,1.000644564628601
6,head_entropy,Hallucinations_vs_Factual,7,0.2402733564376831,,,1.4293944835662842,1.189121127128601
6,head_entropy,Hallucinations_vs_Factual,22,0.24015605449676514,,,1.528906226158142,1.288750171661377
6,head_entropy,Hallucinations_vs_Factual,31,0.23375976085662842,,,1.2210936546325684,0.9873338937759399
6,head_entropy,Hallucinations_vs_Factual,30,0.23142611980438232,,,1.3908010721206665,1.1593749523162842
6,head_entropy,Hallucinations_vs_Factual,1,0.2156054973602295,,,1.221777319908142,1.0061718225479126
6,head_entropy,Hallucinations_vs_Factual,29,0.20537126064300537,,,1.7657618522644043,1.560390591621399
7,head_entropy,Impossible_vs_Factual,5,-0.1346094310283661,,,0.47541019320487976,0.6100196242332458
7,head_entropy,Impossible_vs_Factual,26,0.0911719799041748,,,1.2638673782348633,1.1726953983306885
7,head_entropy,Impossible_vs_Factual,18,0.08345693349838257,,,0.9761523604393005,0.892695426940918
7,head_entropy,Impossible_vs_Factual,14,0.07414054870605469,,,1.0878905057907104,1.0137499570846558
7,head_entropy,Impossible_vs_Factual,29,0.07310545444488525,,,1.282011866569519,1.2089064121246338
7,head_entropy,Impossible_vs_Factual,2,-0.07023435831069946,,,0.9026367664337158,0.9728711247444153
7,head_entropy,Impossible_vs_Factual,22,-0.06468257308006287,,,0.45082035660743713,0.5155029296875
7,head_entropy,Impossible_vs_Factual,21,-0.056874990463256836,,,1.3069140911102295,1.3637890815734863
7,head_entropy,Impossible_vs_Factual,27,0.05537128448486328,,,1.0675196647644043,1.012148380279541
7,head_entropy,Impossible_vs_Factual,0,-0.05460929870605469,,,1.0506641864776611,1.1052734851837158
7,head_entropy,Hallucinations_vs_Factual,7,0.27720701694488525,,,1.3291798830032349,1.0519728660583496
7,head_entropy,Hallucinations_vs_Factual,6,0.27478528022766113,,,1.350546956062317,1.0757616758346558
7,head_entropy,Hallucinations_vs_Factual,20,0.246679425239563,,,1.5080466270446777,1.2613672018051147
7,head_entropy,Hallucinations_vs_Factual,14,0.2324608564376831,,,1.2462108135223389,1.0137499570846558
7,head_entropy,Hallucinations_vs_Factual,31,0.23074185848236084,,,1.2603904008865356,1.0296485424041748
7,head_entropy,Hallucinations_vs_Factual,4,0.214394211769104,,,1.3683592081069946,1.1539649963378906
7,head_entropy,Hallucinations_vs_Factual,9,0.20029306411743164,,,1.3224806785583496,1.122187614440918
7,head_entropy,Hallucinations_vs_Factual,23,0.19554662704467773,,,1.6586323976516724,1.4630857706069946
7,head_entropy,Hallucinations_vs_Factual,28,0.19384729862213135,,,1.5083982944488525,1.3145509958267212
7,head_entropy,Hallucinations_vs_Factual,15,0.19177746772766113,,,1.559785008430481,1.3680075407028198
8,head_entropy,Impossible_vs_Factual,17,0.1632230281829834,,,1.3372461795806885,1.174023151397705
8,head_entropy,Impossible_vs_Factual,6,0.14464831352233887,,,1.7645310163497925,1.6198827028274536
8,head_entropy,Impossible_vs_Factual,14,0.1390233039855957,,,1.3137890100479126,1.174765706062317
8,head_entropy,Impossible_vs_Factual,28,0.13701176643371582,,,1.3329492807388306,1.1959375143051147
8,head_entropy,Impossible_vs_Factual,29,0.13263654708862305,,,1.4581832885742188,1.3255467414855957
8,head_entropy,Impossible_vs_Factual,26,0.12428706884384155,,,0.9711132645606995,0.8468261957168579
8,head_entropy,Impossible_vs_Factual,5,0.11175775527954102,,,1.7244141101837158,1.6126563549041748
8,head_entropy,Impossible_vs_Factual,25,0.1097266674041748,,,1.4514063596725464,1.3416796922683716
8,head_entropy,Impossible_vs_Factual,4,0.10447239875793457,,,1.2903904914855957,1.1859180927276611
8,head_entropy,Impossible_vs_Factual,19,0.09992194175720215,,,1.6439452171325684,1.5440232753753662
8,head_entropy,Hallucinations_vs_Factual,6,0.3341408967971802,,,1.9540235996246338,1.6198827028274536
8,head_entropy,Hallucinations_vs_Factual,7,0.31503915786743164,,,1.9184765815734863,1.6034374237060547
8,head_entropy,Hallucinations_vs_Factual,10,0.28394508361816406,,,1.3578319549560547,1.0738868713378906
8,head_entropy,Hallucinations_vs_Factual,30,0.2680857181549072,,,1.9657028913497925,1.6976171731948853
8,head_entropy,Hallucinations_vs_Factual,25,0.2582031488418579,,,1.5998828411102295,1.3416796922683716
8,head_entropy,Hallucinations_vs_Factual,17,0.24855506420135498,,,1.42257821559906,1.174023151397705
8,head_entropy,Hallucinations_vs_Factual,2,0.23378920555114746,,,1.7732031345367432,1.5394139289855957
8,head_entropy,Hallucinations_vs_Factual,8,0.22689425945281982,,,1.8161327838897705,1.5892385244369507
8,head_entropy,Hallucinations_vs_Factual,28,0.2171875238418579,,,1.4131250381469727,1.1959375143051147
8,head_entropy,Hallucinations_vs_Factual,9,0.20916008949279785,,,1.1977148056030273,0.9885547161102295
9,head_entropy,Impossible_vs_Factual,30,0.17041003704071045,,,1.3050193786621094,1.134609341621399
9,head_entropy,Impossible_vs_Factual,16,0.13748055696487427,,,0.9315527677536011,0.7940722107887268
9,head_entropy,Impossible_vs_Factual,20,-0.12474620342254639,,,1.2303709983825684,1.3551172018051147
9,head_entropy,Impossible_vs_Factual,11,-0.09304690361022949,,,1.088984489440918,1.1820313930511475
9,head_entropy,Impossible_vs_Factual,17,0.08832025527954102,,,1.4154102802276611,1.3270900249481201
9,head_entropy,Impossible_vs_Factual,15,0.0856255292892456,,,1.4048243761062622,1.3191988468170166
9,head_entropy,Impossible_vs_Factual,31,-0.08542907238006592,,,1.5368363857269287,1.6222654581069946
9,head_entropy,Impossible_vs_Factual,18,-0.07498049736022949,,,1.461269497871399,1.5362499952316284
9,head_entropy,Impossible_vs_Factual,27,-0.07414054870605469,,,0.8515040278434753,0.92564457654953
9,head_entropy,Impossible_vs_Factual,29,0.07414042949676514,,,1.4938279390335083,1.4196875095367432
9,head_entropy,Hallucinations_vs_Factual,6,0.3260936737060547,,,1.8590624332427979,1.5329687595367432
9,head_entropy,Hallucinations_vs_Factual,30,0.2926955223083496,,,1.4273048639297485,1.134609341621399
9,head_entropy,Hallucinations_vs_Factual,14,0.26705050468444824,,,1.315859317779541,1.0488088130950928
9,head_entropy,Hallucinations_vs_Factual,21,0.23259735107421875,,,1.4741209745407104,1.2415236234664917
9,head_entropy,Hallucinations_vs_Factual,23,0.2144920825958252,,,1.5326757431030273,1.3181836605072021
9,head_entropy,Hallucinations_vs_Factual,11,-0.20502448081970215,,,0.9770069122314453,1.1820313930511475
9,head_entropy,Hallucinations_vs_Factual,28,0.19066393375396729,,,1.7626169919967651,1.5719530582427979
9,head_entropy,Hallucinations_vs_Factual,17,0.18050742149353027,,,1.5075974464416504,1.3270900249481201
9,head_entropy,Hallucinations_vs_Factual,1,0.17914056777954102,,,1.902929663658142,1.723789095878601
9,head_entropy,Hallucinations_vs_Factual,0,0.1776951551437378,,,1.867226481437683,1.6895313262939453
10,head_entropy,Impossible_vs_Factual,16,0.23357415199279785,,,1.4495116472244263,1.2159374952316284
10,head_entropy,Impossible_vs_Factual,23,0.20146501064300537,,,1.0870803594589233,0.885615348815918
10,head_entropy,Impossible_vs_Factual,21,0.14336895942687988,,,1.1817967891693115,1.0384278297424316
10,head_entropy,Impossible_vs_Factual,25,0.13107430934906006,,,1.5392773151397705,1.4082030057907104
10,head_entropy,Impossible_vs_Factual,22,0.12196272611618042,,,1.0739256143569946,0.9519628882408142
10,head_entropy,Impossible_vs_Factual,29,0.11890590190887451,,,1.1244529485702515,1.005547046661377
10,head_entropy,Impossible_vs_Factual,28,0.11024415493011475,,,0.9922850728034973,0.8820409178733826
10,head_entropy,Impossible_vs_Factual,17,0.1046288013458252,,,1.4936131238937378,1.3889843225479126
10,head_entropy,Impossible_vs_Factual,20,0.09951174259185791,,,1.346093773841858,1.24658203125
10,head_entropy,Impossible_vs_Factual,3,-0.08602535724639893,,,0.5735548138618469,0.6595801711082458
10,head_entropy,Hallucinations_vs_Factual,28,0.3635256886482239,,,1.2455666065216064,0.8820409178733826
10,head_entropy,Hallucinations_vs_Factual,29,0.3321874141693115,,,1.3377344608306885,1.005547046661377
10,head_entropy,Hallucinations_vs_Factual,27,0.2317187786102295,,,1.9593360424041748,1.7276172637939453
10,head_entropy,Hallucinations_vs_Factual,20,0.2262892723083496,,,1.4728713035583496,1.24658203125
10,head_entropy,Hallucinations_vs_Factual,21,0.19396471977233887,,,1.2323925495147705,1.0384278297424316
10,head_entropy,Hallucinations_vs_Factual,3,0.19008785486221313,,,0.849668025970459,0.6595801711082458
10,head_entropy,Hallucinations_vs_Factual,17,0.17859387397766113,,,1.5675781965255737,1.3889843225479126
10,head_entropy,Hallucinations_vs_Factual,8,0.1759573221206665,,,1.523008108139038,1.3470507860183716
10,head_entropy,Hallucinations_vs_Factual,22,0.16868168115615845,,,1.1206445693969727,0.9519628882408142
10,head_entropy,Hallucinations_vs_Factual,16,0.16486334800720215,,,1.3808008432388306,1.2159374952316284
11,head_entropy,Impossible_vs_Factual,18,-0.15800762176513672,,,1.1193751096725464,1.277382731437683
11,head_entropy,Impossible_vs_Factual,24,-0.13025379180908203,,,1.5736134052276611,1.7038671970367432
11,head_entropy,Impossible_vs_Factual,7,-0.1177930235862732,,,0.7566601634025574,0.8744531869888306
11,head_entropy,Impossible_vs_Factual,6,-0.10950183868408203,,,0.7615430355072021,0.8710448741912842
11,head_entropy,Impossible_vs_Factual,0,0.10496115684509277,,,1.4004883766174316,1.2955272197723389
11,head_entropy,Impossible_vs_Factual,5,-0.0892675518989563,,,0.6718261241912842,0.7610936760902405
11,head_entropy,Impossible_vs_Factual,17,-0.08845674991607666,,,1.337519645690918,1.4259763956069946
11,head_entropy,Impossible_vs_Factual,2,0.08466756343841553,,,1.522128701210022,1.4374611377716064
11,head_entropy,Impossible_vs_Factual,26,-0.08394527435302734,,,1.6460546255111694,1.7299998998641968
11,head_entropy,Impossible_vs_Factual,19,0.07980489730834961,,,1.7849609851837158,1.7051560878753662
11,head_entropy,Hallucinations_vs_Factual,20,0.24394524097442627,,,1.650429368019104,1.4064841270446777
11,head_entropy,Hallucinations_vs_Factual,14,0.24353504180908203,,,1.6362500190734863,1.3927149772644043
11,head_entropy,Hallucinations_vs_Factual,1,0.2288278341293335,,,2.0258982181549072,1.7970703840255737
11,head_entropy,Hallucinations_vs_Factual,13,0.21960914134979248,,,1.51931631565094,1.2997071743011475
11,head_entropy,Hallucinations_vs_Factual,22,0.20511698722839355,,,1.6609764099121094,1.4558594226837158
11,head_entropy,Hallucinations_vs_Factual,2,0.1736130714416504,,,1.6110742092132568,1.4374611377716064
11,head_entropy,Hallucinations_vs_Factual,8,0.1692967414855957,,,1.6132811307907104,1.4439843893051147
11,head_entropy,Hallucinations_vs_Factual,23,0.16130852699279785,,,1.6842186450958252,1.5229101181030273
11,head_entropy,Hallucinations_vs_Factual,11,0.13843762874603271,,,1.7811330556869507,1.642695426940918
11,head_entropy,Hallucinations_vs_Factual,27,0.1341015100479126,,,1.8764451742172241,1.7423436641693115
12,head_entropy,Impossible_vs_Factual,29,0.16203129291534424,,,1.3664062023162842,1.20437490940094
12,head_entropy,Impossible_vs_Factual,7,0.14611327648162842,,,1.29464852809906,1.1485352516174316
12,head_entropy,Impossible_vs_Factual,26,0.13798868656158447,,,1.668476939201355,1.5304882526397705
12,head_entropy,Impossible_vs_Factual,4,0.1274808645248413,,,1.6191993951797485,1.4917185306549072
12,head_entropy,Impossible_vs_Factual,6,0.12289094924926758,,,1.7501564025878906,1.627265453338623
12,head_entropy,Impossible_vs_Factual,27,0.11960935592651367,,,1.8622655868530273,1.7426562309265137
12,head_entropy,Impossible_vs_Factual,1,-0.10255849361419678,,,1.128027319908142,1.2305858135223389
12,head_entropy,Impossible_vs_Factual,12,0.0934862494468689,,,0.819736123085022,0.7262498736381531
12,head_entropy,Impossible_vs_Factual,24,0.08847653865814209,,,1.7944531440734863,1.7059766054153442
12,head_entropy,Impossible_vs_Factual,10,-0.08818340301513672,,,1.35498046875,1.4431638717651367
12,head_entropy,Hallucinations_vs_Factual,13,0.3251168727874756,,,1.8590624332427979,1.5339455604553223
12,head_entropy,Hallucinations_vs_Factual,2,0.30656230449676514,,,2.0711326599121094,1.7645703554153442
12,head_entropy,Hallucinations_vs_Factual,21,0.30628907680511475,,,1.9704687595367432,1.6641796827316284
12,head_entropy,Hallucinations_vs_Factual,14,0.28800833225250244,,,1.6800785064697266,1.3920701742172241
12,head_entropy,Hallucinations_vs_Factual,4,0.2814455032348633,,,1.7731640338897705,1.4917185306549072
12,head_entropy,Hallucinations_vs_Factual,11,0.27562522888183594,,,2.0958597660064697,1.8202345371246338
12,head_entropy,Hallucinations_vs_Factual,5,0.27031266689300537,,,1.8701562881469727,1.5998436212539673
12,head_entropy,Hallucinations_vs_Factual,7,0.2632420063018799,,,1.4117772579193115,1.1485352516174316
12,head_entropy,Hallucinations_vs_Factual,27,0.24152350425720215,,,1.9841797351837158,1.7426562309265137
12,head_entropy,Hallucinations_vs_Factual,6,0.2403123378753662,,,1.8675777912139893,1.627265453338623
13,head_entropy,Impossible_vs_Factual,22,0.24554669857025146,,,1.3433592319488525,1.097812533378601
13,head_entropy,Impossible_vs_Factual,7,0.15740203857421875,,,1.5804098844528198,1.423007845878601
13,head_entropy,Impossible_vs_Factual,28,0.14988291263580322,,,1.8558984994888306,1.7060155868530273
13,head_entropy,Impossible_vs_Factual,6,-0.13384276628494263,,,0.6087841987609863,0.742626965045929
13,head_entropy,Impossible_vs_Factual,12,0.11904299259185791,,,1.6976170539855957,1.5785740613937378
13,head_entropy,Impossible_vs_Factual,9,0.10775399208068848,,,1.4103906154632568,1.3026366233825684
13,head_entropy,Impossible_vs_Factual,23,0.09844732284545898,,,1.1413085460662842,1.0428612232208252
13,head_entropy,Impossible_vs_Factual,16,0.08638656139373779,,,1.4617383480072021,1.3753517866134644
13,head_entropy,Impossible_vs_Factual,15,0.08448266983032227,,,1.327968716621399,1.2434860467910767
13,head_entropy,Impossible_vs_Factual,3,0.07970690727233887,,,1.624667763710022,1.544960856437683
13,head_entropy,Hallucinations_vs_Factual,1,0.3555666208267212,,,1.735625147819519,1.3800585269927979
13,head_entropy,Hallucinations_vs_Factual,30,0.3269526958465576,,,1.7195897102355957,1.392637014389038
13,head_entropy,Hallucinations_vs_Factual,12,0.2820119857788086,,,1.8605860471725464,1.5785740613937378
13,head_entropy,Hallucinations_vs_Factual,3,0.22964847087860107,,,1.7746093273162842,1.544960856437683
13,head_entropy,Hallucinations_vs_Factual,13,0.21921873092651367,,,1.670351505279541,1.4511327743530273
13,head_entropy,Hallucinations_vs_Factual,22,0.21059560775756836,,,1.3084081411361694,1.097812533378601
13,head_entropy,Hallucinations_vs_Factual,28,0.20105433464050293,,,1.9070699214935303,1.7060155868530273
13,head_entropy,Hallucinations_vs_Factual,0,0.17785143852233887,,,1.9620702266693115,1.7842187881469727
13,head_entropy,Hallucinations_vs_Factual,9,0.1755666732788086,,,1.478203296661377,1.3026366233825684
13,head_entropy,Hallucinations_vs_Factual,11,0.16169893741607666,,,1.9171286821365356,1.755429744720459
14,head_entropy,Impossible_vs_Factual,31,0.543154239654541,,,1.6035937070846558,1.0604394674301147
14,head_entropy,Impossible_vs_Factual,6,0.18626928329467773,,,1.3760936260223389,1.1898243427276611
14,head_entropy,Impossible_vs_Factual,13,0.17685580253601074,,,1.544609785079956,1.3677539825439453
14,head_entropy,Impossible_vs_Factual,4,0.16950178146362305,,,1.1652438640594482,0.9957420825958252
14,head_entropy,Impossible_vs_Factual,30,0.15240228176116943,,,1.1836915016174316,1.0312892198562622
14,head_entropy,Impossible_vs_Factual,28,0.1388864517211914,,,1.3854880332946777,1.2466015815734863
14,head_entropy,Impossible_vs_Factual,26,-0.13560256361961365,,,0.496308296918869,0.6319108605384827
14,head_entropy,Impossible_vs_Factual,18,0.13040995597839355,,,1.2664451599121094,1.1360352039337158
14,head_entropy,Impossible_vs_Factual,8,-0.12892580032348633,,,1.0403711795806885,1.1692969799041748
14,head_entropy,Impossible_vs_Factual,1,0.12713873386383057,,,1.1336621046066284,1.0065233707427979
14,head_entropy,Hallucinations_vs_Factual,31,0.45042967796325684,,,1.5108691453933716,1.0604394674301147
14,head_entropy,Hallucinations_vs_Factual,13,0.2853320837020874,,,1.6530860662460327,1.3677539825439453
14,head_entropy,Hallucinations_vs_Factual,14,0.27742207050323486,,,1.867148518562317,1.589726448059082
14,head_entropy,Hallucinations_vs_Factual,23,0.2524806261062622,,,1.7558789253234863,1.5033982992172241
14,head_entropy,Hallucinations_vs_Factual,6,0.24048840999603271,,,1.4303127527236938,1.1898243427276611
14,head_entropy,Hallucinations_vs_Factual,7,0.22210919857025146,,,1.6359374523162842,1.4138282537460327
14,head_entropy,Hallucinations_vs_Factual,27,0.18537092208862305,,,1.5489059686660767,1.3635350465774536
14,head_entropy,Hallucinations_vs_Factual,18,0.16628897190093994,,,1.3023241758346558,1.1360352039337158
14,head_entropy,Hallucinations_vs_Factual,26,-0.1588643491268158,,,0.47304651141166687,0.6319108605384827
14,head_entropy,Hallucinations_vs_Factual,1,0.15403330326080322,,,1.160556674003601,1.0065233707427979
15,head_entropy,Impossible_vs_Factual,27,-0.1698094606399536,,,0.8397899866104126,1.0095994472503662
15,head_entropy,Impossible_vs_Factual,17,-0.12317389249801636,,,0.4693945050239563,0.5925683975219727
15,head_entropy,Impossible_vs_Factual,13,0.12024426460266113,,,0.9639453887939453,0.8437011241912842
15,head_entropy,Impossible_vs_Factual,24,0.11197257041931152,,,1.5319530963897705,1.419980525970459
15,head_entropy,Impossible_vs_Factual,8,-0.1007227897644043,,,1.391933560371399,1.4926563501358032
15,head_entropy,Impossible_vs_Factual,16,-0.08587884902954102,,,1.349238395690918,1.435117244720459
15,head_entropy,Impossible_vs_Factual,2,-0.07971662282943726,,,0.612988293170929,0.6927049160003662
15,head_entropy,Impossible_vs_Factual,21,-0.0714648962020874,,,1.315546989440918,1.3870118856430054
15,head_entropy,Impossible_vs_Factual,12,-0.07145994901657104,,,0.8495555520057678,0.9210155010223389
15,head_entropy,Impossible_vs_Factual,20,0.07083022594451904,,,1.089511752128601,1.018681526184082
15,head_entropy,Hallucinations_vs_Factual,20,0.22147488594055176,,,1.2401564121246338,1.018681526184082
15,head_entropy,Hallucinations_vs_Factual,4,0.20892572402954102,,,1.6844922304153442,1.4755665063858032
15,head_entropy,Hallucinations_vs_Factual,24,0.14839816093444824,,,1.5683786869049072,1.419980525970459
15,head_entropy,Hallucinations_vs_Factual,19,0.14775419235229492,,,0.7929200530052185,0.6451658606529236
15,head_entropy,Hallucinations_vs_Factual,9,-0.14609378576278687,,,0.9529492259025574,1.0990430116653442
15,head_entropy,Hallucinations_vs_Factual,10,0.14050781726837158,,,1.7992186546325684,1.6587108373641968
15,head_entropy,Hallucinations_vs_Factual,11,0.13712894916534424,,,1.7941991090774536,1.6570701599121094
15,head_entropy,Hallucinations_vs_Factual,26,0.1321486234664917,,,1.4558203220367432,1.3236716985702515
15,head_entropy,Hallucinations_vs_Factual,14,-0.0950927734375,,,0.9381983280181885,1.0332911014556885
15,head_entropy,Hallucinations_vs_Factual,12,-0.084858238697052,,,0.8361572623252869,0.9210155010223389
16,head_entropy,Impossible_vs_Factual,15,-0.18536144495010376,,,0.8316308856010437,1.0169923305511475
16,head_entropy,Impossible_vs_Factual,29,-0.18054699897766113,,,0.756425678730011,0.9369726777076721
16,head_entropy,Impossible_vs_Factual,9,-0.1328369379043579,,,0.56103515625,0.6938720941543579
16,head_entropy,Impossible_vs_Factual,2,-0.13150393962860107,,,1.4312695264816284,1.5627734661102295
16,head_entropy,Impossible_vs_Factual,11,-0.12566155195236206,,,0.38599127531051636,0.5116528272628784
16,head_entropy,Impossible_vs_Factual,21,-0.10053712129592896,,,0.33592772483825684,0.4364648461341858
16,head_entropy,Impossible_vs_Factual,22,0.09908223152160645,,,1.4832228422164917,1.3841406106948853
16,head_entropy,Impossible_vs_Factual,31,-0.09523439407348633,,,1.2607616186141968,1.355996012687683
16,head_entropy,Impossible_vs_Factual,28,-0.09123039245605469,,,1.07861328125,1.1698436737060547
16,head_entropy,Impossible_vs_Factual,7,-0.08701658248901367,,,0.5389843583106995,0.6260009407997131
16,head_entropy,Hallucinations_vs_Factual,29,-0.2032618522644043,,,0.7337108254432678,0.9369726777076721
16,head_entropy,Hallucinations_vs_Factual,5,0.13298845291137695,,,1.4790236949920654,1.3460352420806885
16,head_entropy,Hallucinations_vs_Factual,0,0.1320897936820984,,,0.9218555092811584,0.7897657155990601
16,head_entropy,Hallucinations_vs_Factual,14,0.1160547137260437,,,0.9414941668510437,0.825439453125
16,head_entropy,Hallucinations_vs_Factual,13,0.10527372360229492,,,1.1543750762939453,1.0491013526916504
16,head_entropy,Hallucinations_vs_Factual,20,0.10291501879692078,,,0.2678771913051605,0.16496217250823975
16,head_entropy,Hallucinations_vs_Factual,9,0.09928238391876221,,,0.7931544780731201,0.6938720941543579
16,head_entropy,Hallucinations_vs_Factual,18,0.08947277069091797,,,1.5133788585662842,1.4239060878753662
16,head_entropy,Hallucinations_vs_Factual,19,0.07814455032348633,,,1.4727734327316284,1.394628882408142
16,head_entropy,Hallucinations_vs_Factual,16,0.07347619533538818,,,1.6951172351837158,1.6216410398483276
17,head_entropy,Impossible_vs_Factual,24,0.21331048011779785,,,0.8146093487739563,0.6012988686561584
17,head_entropy,Impossible_vs_Factual,25,-0.17552733421325684,,,0.9525488615036011,1.128076195716858
17,head_entropy,Impossible_vs_Factual,15,0.1402146816253662,,,1.2887498140335083,1.148535132408142
17,head_entropy,Impossible_vs_Factual,8,0.1400098204612732,,,0.8823437690734863,0.7423339486122131
17,head_entropy,Impossible_vs_Factual,22,-0.1171388030052185,,,0.9748633503913879,1.0920021533966064
17,head_entropy,Impossible_vs_Factual,23,-0.11355483531951904,,,1.0058397054672241,1.1193945407867432
17,head_entropy,Impossible_vs_Factual,26,-0.11252915859222412,,,0.7357081174850464,0.8482372760772705
17,head_entropy,Impossible_vs_Factual,30,0.10520482063293457,,,0.8184177875518799,0.7132129669189453
17,head_entropy,Impossible_vs_Factual,9,0.09066414833068848,,,1.1496680974960327,1.0590039491653442
17,head_entropy,Impossible_vs_Factual,10,0.08998537063598633,,,0.7970410585403442,0.7070556879043579
17,head_entropy,Hallucinations_vs_Factual,24,0.25780272483825684,,,0.8591015934944153,0.6012988686561584
17,head_entropy,Hallucinations_vs_Factual,9,0.22194337844848633,,,1.2809473276138306,1.0590039491653442
17,head_entropy,Hallucinations_vs_Factual,8,0.1510791778564453,,,0.8934131264686584,0.7423339486122131
17,head_entropy,Hallucinations_vs_Factual,15,0.149941086769104,,,1.298476219177246,1.148535132408142
17,head_entropy,Hallucinations_vs_Factual,10,0.12694817781448364,,,0.8340038657188416,0.7070556879043579
17,head_entropy,Hallucinations_vs_Factual,5,-0.12417948246002197,,,0.9313769340515137,1.0555564165115356
17,head_entropy,Hallucinations_vs_Factual,27,0.1212499737739563,,,0.9906640648841858,0.8694140911102295
17,head_entropy,Hallucinations_vs_Factual,16,0.11503896117210388,,,0.6025682687759399,0.48752930760383606
17,head_entropy,Hallucinations_vs_Factual,6,0.11285161972045898,,,1.5155079364776611,1.4026563167572021
17,head_entropy,Hallucinations_vs_Factual,12,0.10687494277954102,,,1.4483399391174316,1.3414649963378906
18,head_entropy,Impossible_vs_Factual,17,-0.31358885765075684,,,0.5062255859375,0.8198144435882568
18,head_entropy,Impossible_vs_Factual,21,-0.22699099779129028,,,0.2083190679550171,0.4353100657463074
18,head_entropy,Impossible_vs_Factual,12,0.12583979964256287,,,0.6226855516433716,0.4968457520008087
18,head_entropy,Impossible_vs_Factual,6,-0.10706786811351776,,,0.21696044504642487,0.3240283131599426
18,head_entropy,Impossible_vs_Factual,18,-0.1064942479133606,,,0.4596629738807678,0.5661572217941284
18,head_entropy,Impossible_vs_Factual,24,-0.09580063819885254,,,0.9836426973342896,1.079443335533142
18,head_entropy,Impossible_vs_Factual,15,-0.08560788631439209,,,0.41017335653305054,0.4957812428474426
18,head_entropy,Impossible_vs_Factual,30,0.08271002769470215,,,1.246035099029541,1.1633250713348389
18,head_entropy,Impossible_vs_Factual,11,-0.08225077390670776,,,0.8831836581230164,0.9654344320297241
18,head_entropy,Impossible_vs_Factual,0,0.08056133985519409,,,0.8744089603424072,0.7938476204872131
18,head_entropy,Hallucinations_vs_Factual,22,0.1841210126876831,,,1.0751464366912842,0.8910254240036011
18,head_entropy,Hallucinations_vs_Factual,30,0.1779491901397705,,,1.3412742614746094,1.1633250713348389
18,head_entropy,Hallucinations_vs_Factual,21,-0.16265252232551575,,,0.2726575434207916,0.4353100657463074
18,head_entropy,Hallucinations_vs_Factual,1,0.13897955417633057,,,0.7467139363288879,0.6077343821525574
18,head_entropy,Hallucinations_vs_Factual,17,-0.13870352506637573,,,0.6811109185218811,0.8198144435882568
18,head_entropy,Hallucinations_vs_Factual,20,0.13736331462860107,,,0.7590380907058716,0.6216747760772705
18,head_entropy,Hallucinations_vs_Factual,26,-0.13080567121505737,,,0.6702881455421448,0.8010938167572021
18,head_entropy,Hallucinations_vs_Factual,4,0.12461918592453003,,,0.6817310452461243,0.5571118593215942
18,head_entropy,Hallucinations_vs_Factual,2,0.1030956506729126,,,0.9292089939117432,0.8261133432388306
18,head_entropy,Hallucinations_vs_Factual,25,-0.09906256198883057,,,0.6677880883216858,0.7668506503105164
19,head_entropy,Impossible_vs_Factual,27,-0.19672366976737976,,,0.35347655415534973,0.5502002239227295
19,head_entropy,Impossible_vs_Factual,13,-0.15380859375,,,0.6771729588508606,0.8309815526008606
19,head_entropy,Impossible_vs_Factual,24,-0.12824460864067078,,,0.14448976516723633,0.2727343738079071
19,head_entropy,Impossible_vs_Factual,12,-0.1251954436302185,,,0.5472752451896667,0.6724706888198853
19,head_entropy,Impossible_vs_Factual,25,-0.11081784963607788,,,0.5679590702056885,0.6787769198417664
19,head_entropy,Impossible_vs_Factual,10,-0.11039316654205322,,,0.5770238637924194,0.6874170303344727
19,head_entropy,Impossible_vs_Factual,23,-0.09931635856628418,,,1.2873047590255737,1.386621117591858
19,head_entropy,Impossible_vs_Factual,18,0.09503400325775146,,,0.5707811117172241,0.47574710845947266
19,head_entropy,Impossible_vs_Factual,2,0.0695461630821228,,,0.8840430974960327,0.8144969344139099
19,head_entropy,Impossible_vs_Factual,6,0.05949708819389343,,,0.41770994663238525,0.3582128584384918
19,head_entropy,Hallucinations_vs_Factual,13,0.1550193428993225,,,0.9860008955001831,0.8309815526008606
19,head_entropy,Hallucinations_vs_Factual,8,-0.1285889744758606,,,0.5876318216323853,0.7162207961082458
19,head_entropy,Hallucinations_vs_Factual,5,0.12055420875549316,,,0.7625048160552979,0.6419506072998047
19,head_entropy,Hallucinations_vs_Factual,15,0.12052249908447266,,,0.7213965058326721,0.6008740067481995
19,head_entropy,Hallucinations_vs_Factual,23,0.12013649940490723,,,1.5067576169967651,1.386621117591858
19,head_entropy,Hallucinations_vs_Factual,14,0.11955058574676514,,,1.4633593559265137,1.3438087701797485
19,head_entropy,Hallucinations_vs_Factual,20,0.1194920539855957,,,1.48269522190094,1.3632031679153442
19,head_entropy,Hallucinations_vs_Factual,10,-0.10965096950531006,,,0.5777660608291626,0.6874170303344727
19,head_entropy,Hallucinations_vs_Factual,27,-0.10916998982429504,,,0.44103023409843445,0.5502002239227295
19,head_entropy,Hallucinations_vs_Factual,6,0.09053221344947815,,,0.44874507188796997,0.3582128584384918
20,head_entropy,Impossible_vs_Factual,23,-0.21984374523162842,,,0.5047656297683716,0.724609375
20,head_entropy,Impossible_vs_Factual,25,0.20432138442993164,,,0.9759961366653442,0.7716747522354126
20,head_entropy,Impossible_vs_Factual,20,-0.18886956572532654,,,0.37495848536491394,0.5638280510902405
20,head_entropy,Impossible_vs_Factual,16,0.16804444789886475,,,0.8419141173362732,0.6738696694374084
20,head_entropy,Impossible_vs_Factual,3,-0.13467764854431152,,,0.8584864139556885,0.9931640625
20,head_entropy,Impossible_vs_Factual,15,-0.13010752201080322,,,0.3980029225349426,0.5281104445457458
20,head_entropy,Impossible_vs_Factual,27,-0.11861318349838257,,,0.8811914920806885,0.999804675579071
20,head_entropy,Impossible_vs_Factual,9,0.09937971830368042,,,0.7343505024909973,0.6349707841873169
20,head_entropy,Impossible_vs_Factual,12,-0.0906057357788086,,,1.2435351610183716,1.3341408967971802
20,head_entropy,Impossible_vs_Factual,22,-0.08564448356628418,,,0.8708593845367432,0.9565038681030273
20,head_entropy,Hallucinations_vs_Factual,25,0.35424304008483887,,,1.1259177923202515,0.7716747522354126
20,head_entropy,Hallucinations_vs_Factual,14,0.14332997798919678,,,1.1603612899780273,1.0170313119888306
20,head_entropy,Hallucinations_vs_Factual,16,0.13190680742263794,,,0.8057764768600464,0.6738696694374084
20,head_entropy,Hallucinations_vs_Factual,26,0.0897558331489563,,,0.9277344942092896,0.8379786610603333
20,head_entropy,Hallucinations_vs_Factual,12,0.08964800834655762,,,1.4237889051437378,1.3341408967971802
20,head_entropy,Hallucinations_vs_Factual,29,-0.08727538585662842,,,0.46658939123153687,0.5538647770881653
20,head_entropy,Hallucinations_vs_Factual,23,-0.08039551973342896,,,0.644213855266571,0.724609375
20,head_entropy,Hallucinations_vs_Factual,22,0.07706081867218018,,,1.0335646867752075,0.9565038681030273
20,head_entropy,Hallucinations_vs_Factual,28,-0.07483893632888794,,,0.3261670172214508,0.40100595355033875
20,head_entropy,Hallucinations_vs_Factual,8,-0.07412350177764893,,,0.4792358875274658,0.5533593893051147
21,head_entropy,Impossible_vs_Factual,1,-0.19597166776657104,,,0.7491210699081421,0.9450927376747131
21,head_entropy,Impossible_vs_Factual,2,-0.1893848180770874,,,0.9212501049041748,1.1106349229812622
21,head_entropy,Impossible_vs_Factual,10,-0.1873266100883484,,,0.6519848704338074,0.8393114805221558
21,head_entropy,Impossible_vs_Factual,12,0.14447259902954102,,,0.7054784893989563,0.5610058903694153
21,head_entropy,Impossible_vs_Factual,9,-0.11940187215805054,,,0.45723140239715576,0.5766332745552063
21,head_entropy,Impossible_vs_Factual,17,-0.1162109375,,,0.6002832055091858,0.7164941430091858
21,head_entropy,Impossible_vs_Factual,15,0.11503905057907104,,,0.7383886575698853,0.6233496069908142
21,head_entropy,Impossible_vs_Factual,25,0.11222648620605469,,,0.7248779535293579,0.6126514673233032
21,head_entropy,Impossible_vs_Factual,5,-0.09383785724639893,,,0.279228538274765,0.37306639552116394
21,head_entropy,Impossible_vs_Factual,8,-0.08404290676116943,,,1.4471092224121094,1.5311521291732788
21,head_entropy,Hallucinations_vs_Factual,10,-0.2084299921989441,,,0.6308814883232117,0.8393114805221558
21,head_entropy,Hallucinations_vs_Factual,9,-0.1190820038318634,,,0.4575512707233429,0.5766332745552063
21,head_entropy,Hallucinations_vs_Factual,15,0.10562741756439209,,,0.7289770245552063,0.6233496069908142
21,head_entropy,Hallucinations_vs_Factual,12,0.10265117883682251,,,0.6636570692062378,0.5610058903694153
21,head_entropy,Hallucinations_vs_Factual,11,0.10041499137878418,,,0.71742182970047,0.6170068383216858
21,head_entropy,Hallucinations_vs_Factual,7,-0.10001584887504578,,,0.31981325149536133,0.4198291003704071
21,head_entropy,Hallucinations_vs_Factual,6,-0.08940672874450684,,,0.34702885150909424,0.4364355802536011
21,head_entropy,Hallucinations_vs_Factual,16,-0.08882823586463928,,,0.4626171886920929,0.5514454245567322
21,head_entropy,Hallucinations_vs_Factual,17,-0.07630383968353271,,,0.6401903033256531,0.7164941430091858
21,head_entropy,Hallucinations_vs_Factual,21,0.07621586322784424,,,1.081118106842041,1.0049022436141968
22,head_entropy,Impossible_vs_Factual,19,-0.19904309511184692,,,0.7200048565864563,0.9190479516983032
22,head_entropy,Impossible_vs_Factual,7,0.13976573944091797,,,0.8545899391174316,0.7148241996765137
22,head_entropy,Impossible_vs_Factual,20,-0.1293383538722992,,,0.2934302091598511,0.42276856303215027
22,head_entropy,Impossible_vs_Factual,30,-0.11693847179412842,,,0.5888622999191284,0.7058007717132568
22,head_entropy,Impossible_vs_Factual,16,-0.1151464581489563,,,0.7068262100219727,0.821972668170929
22,head_entropy,Impossible_vs_Factual,23,-0.11117428541183472,,,0.30451905727386475,0.41569334268569946
22,head_entropy,Impossible_vs_Factual,8,0.10590329766273499,,,0.4279272258281708,0.3220239281654358
22,head_entropy,Impossible_vs_Factual,27,0.0894971489906311,,,0.8344970941543579,0.7449999451637268
22,head_entropy,Impossible_vs_Factual,22,-0.08704820275306702,,,0.26047366857528687,0.3475218713283539
22,head_entropy,Impossible_vs_Factual,21,-0.06955574452877045,,,0.2038964480161667,0.27345219254493713
22,head_entropy,Hallucinations_vs_Factual,24,-0.19488298892974854,,,0.6229979395866394,0.8178809285163879
22,head_entropy,Hallucinations_vs_Factual,19,-0.15097665786743164,,,0.7680712938308716,0.9190479516983032
22,head_entropy,Hallucinations_vs_Factual,2,0.12885752320289612,,,0.56333988904953,0.4344823658466339
22,head_entropy,Hallucinations_vs_Factual,29,0.12474602460861206,,,0.86903315782547,0.7442871332168579
22,head_entropy,Hallucinations_vs_Factual,8,0.12288206815719604,,,0.44490599632263184,0.3220239281654358
22,head_entropy,Hallucinations_vs_Factual,31,0.11526834964752197,,,0.8096140623092651,0.6943457126617432
22,head_entropy,Hallucinations_vs_Factual,28,0.1093553900718689,,,0.7533788084983826,0.6440234184265137
22,head_entropy,Hallucinations_vs_Factual,5,0.09636223316192627,,,1.0769872665405273,0.9806250333786011
22,head_entropy,Hallucinations_vs_Factual,15,0.095458984375,,,0.7433105707168579,0.6478515863418579
22,head_entropy,Hallucinations_vs_Factual,1,0.09423333406448364,,,0.4612353444099426,0.367002010345459
23,head_entropy,Impossible_vs_Factual,27,0.12023937702178955,,,0.6920753717422485,0.571835994720459
23,head_entropy,Impossible_vs_Factual,26,-0.1079125702381134,,,0.4729199707508087,0.5808325409889221
23,head_entropy,Impossible_vs_Factual,1,0.09935802221298218,,,0.8072265982627869,0.7078685760498047
23,head_entropy,Impossible_vs_Factual,25,-0.0984765887260437,,,0.6799365282058716,0.7784131169319153
23,head_entropy,Impossible_vs_Factual,29,-0.09780512750148773,,,0.2235717922449112,0.3213769197463989
23,head_entropy,Impossible_vs_Factual,8,0.09292471408843994,,,0.726269543170929,0.633344829082489
23,head_entropy,Impossible_vs_Factual,15,-0.0794873833656311,,,0.30907225608825684,0.38855963945388794
23,head_entropy,Impossible_vs_Factual,6,-0.07133299112319946,,,0.40367186069488525,0.4750048518180847
23,head_entropy,Impossible_vs_Factual,14,-0.06706294417381287,,,0.2673535645008087,0.3344165086746216
23,head_entropy,Impossible_vs_Factual,19,-0.06424319744110107,,,0.5270703434944153,0.5913135409355164
23,head_entropy,Hallucinations_vs_Factual,1,0.13088154792785645,,,0.8387501239776611,0.7078685760498047
23,head_entropy,Hallucinations_vs_Factual,8,0.12076157331466675,,,0.7541064023971558,0.633344829082489
23,head_entropy,Hallucinations_vs_Factual,13,0.10870608687400818,,,0.44053220748901367,0.3318261206150055
23,head_entropy,Hallucinations_vs_Factual,18,0.10741695761680603,,,0.588198184967041,0.480781227350235
23,head_entropy,Hallucinations_vs_Factual,0,0.10522687435150146,,,0.608708381652832,0.5034815073013306
23,head_entropy,Hallucinations_vs_Factual,27,0.08251446485519409,,,0.6543504595756531,0.571835994720459
23,head_entropy,Hallucinations_vs_Factual,7,0.07682126760482788,,,0.5227587819099426,0.44593751430511475
23,head_entropy,Hallucinations_vs_Factual,5,0.06798332929611206,,,0.44436031579971313,0.3763769865036011
23,head_entropy,Hallucinations_vs_Factual,10,0.061836063861846924,,,0.6781738996505737,0.6163378357887268
23,head_entropy,Hallucinations_vs_Factual,6,0.0509181022644043,,,0.525922954082489,0.4750048518180847
24,head_entropy,Impossible_vs_Factual,4,0.14806121587753296,,,1.1187692880630493,0.9707080721855164
24,head_entropy,Impossible_vs_Factual,29,-0.12577635049819946,,,0.5124951601028442,0.6382715106010437
24,head_entropy,Impossible_vs_Factual,7,0.12508291006088257,,,0.797685444355011,0.6726025342941284
24,head_entropy,Impossible_vs_Factual,5,0.11199951171875,,,0.6875389814376831,0.5755394697189331
24,head_entropy,Impossible_vs_Factual,27,0.11115211248397827,,,1.0272849798202515,0.9161328673362732
24,head_entropy,Impossible_vs_Factual,30,-0.10923704504966736,,,0.20418334007263184,0.3134203851222992
24,head_entropy,Impossible_vs_Factual,14,0.09259724617004395,,,1.4039647579193115,1.3113675117492676
24,head_entropy,Impossible_vs_Factual,6,0.07593733072280884,,,0.5069554448127747,0.4310181140899658
24,head_entropy,Impossible_vs_Factual,10,-0.07268315553665161,,,0.2478027045726776,0.3204858601093292
24,head_entropy,Impossible_vs_Factual,3,-0.0670509934425354,,,0.6651609539985657,0.7322119474411011
24,head_entropy,Hallucinations_vs_Factual,27,0.20626968145370483,,,1.122402548789978,0.9161328673362732
24,head_entropy,Hallucinations_vs_Factual,26,0.18909794092178345,,,0.8584473133087158,0.6693493723869324
24,head_entropy,Hallucinations_vs_Factual,1,0.15876460075378418,,,0.9062157869338989,0.7474511861801147
24,head_entropy,Hallucinations_vs_Factual,24,0.1519579291343689,,,0.8989744782447815,0.7470165491104126
24,head_entropy,Hallucinations_vs_Factual,23,0.15193861722946167,,,0.9533839821815491,0.8014453649520874
24,head_entropy,Hallucinations_vs_Factual,4,0.1400098204612732,,,1.1107178926467896,0.9707080721855164
24,head_entropy,Hallucinations_vs_Factual,7,0.12024909257888794,,,0.7928516268730164,0.6726025342941284
24,head_entropy,Hallucinations_vs_Factual,29,-0.1129884123802185,,,0.5252830982208252,0.6382715106010437
24,head_entropy,Hallucinations_vs_Factual,14,0.11177682876586914,,,1.4231443405151367,1.3113675117492676
24,head_entropy,Hallucinations_vs_Factual,0,0.1090724766254425,,,0.5976905226707458,0.48861804604530334
25,head_entropy,Impossible_vs_Factual,23,-0.20589056611061096,,,0.3574725091457367,0.5633630752563477
25,head_entropy,Impossible_vs_Factual,0,0.1408008337020874,,,0.6928319931030273,0.5520311594009399
25,head_entropy,Impossible_vs_Factual,2,0.12792974710464478,,,0.7472949624061584,0.6193652153015137
25,head_entropy,Impossible_vs_Factual,10,0.11576652526855469,,,1.1614599227905273,1.0456933975219727
25,head_entropy,Impossible_vs_Factual,3,0.10000991821289062,,,0.5198975801467896,0.4198876619338989
25,head_entropy,Impossible_vs_Factual,20,-0.09783989191055298,,,0.3400644063949585,0.4379042983055115
25,head_entropy,Impossible_vs_Factual,19,0.09155255556106567,,,1.0036424398422241,0.9120898842811584
25,head_entropy,Impossible_vs_Factual,21,-0.08887219429016113,,,0.46150875091552734,0.5503809452056885
25,head_entropy,Impossible_vs_Factual,18,0.07658171653747559,,,1.3213181495666504,1.2447364330291748
25,head_entropy,Impossible_vs_Factual,22,-0.06969481706619263,,,0.20064455270767212,0.27033936977386475
25,head_entropy,Hallucinations_vs_Factual,23,-0.16131871938705444,,,0.4020443558692932,0.5633630752563477
25,head_entropy,Hallucinations_vs_Factual,2,0.16045403480529785,,,0.7798192501068115,0.6193652153015137
25,head_entropy,Hallucinations_vs_Factual,5,0.12818121910095215,,,0.5635010600090027,0.43531984090805054
25,head_entropy,Hallucinations_vs_Factual,20,-0.11271432042121887,,,0.3251899778842926,0.4379042983055115
25,head_entropy,Hallucinations_vs_Factual,6,0.11165052652359009,,,0.4723950922489166,0.36074456572532654
25,head_entropy,Hallucinations_vs_Factual,10,0.08920407295227051,,,1.1348974704742432,1.0456933975219727
25,head_entropy,Hallucinations_vs_Factual,12,0.0861768126487732,,,0.6474706530570984,0.5612938404083252
25,head_entropy,Hallucinations_vs_Factual,7,0.08571049571037292,,,0.4860571324825287,0.40034663677215576
25,head_entropy,Hallucinations_vs_Factual,14,0.0856664776802063,,,0.40473875403404236,0.31907227635383606
25,head_entropy,Hallucinations_vs_Factual,21,-0.07190194725990295,,,0.4784789979457855,0.5503809452056885
26,head_entropy,Impossible_vs_Factual,3,-0.23419928550720215,,,1.1533788442611694,1.3875781297683716
26,head_entropy,Impossible_vs_Factual,23,-0.18709975481033325,,,0.9651756882667542,1.1522754430770874
26,head_entropy,Impossible_vs_Factual,21,-0.1698046326637268,,,0.7961230278015137,0.9659276604652405
26,head_entropy,Impossible_vs_Factual,4,0.1691332459449768,,,0.8416088819503784,0.6724756360054016
26,head_entropy,Impossible_vs_Factual,2,0.1275879144668579,,,1.0987694263458252,0.9711815118789673
26,head_entropy,Impossible_vs_Factual,0,-0.11791014671325684,,,0.8537890315055847,0.9716991782188416
26,head_entropy,Impossible_vs_Factual,17,-0.11520510911941528,,,0.5993016362190247,0.7145067453384399
26,head_entropy,Impossible_vs_Factual,9,-0.0958617627620697,,,0.3635229766368866,0.4593847393989563
26,head_entropy,Impossible_vs_Factual,15,-0.0789257287979126,,,0.8620020151138306,0.9409277439117432
26,head_entropy,Impossible_vs_Factual,27,-0.07698249816894531,,,1.100830078125,1.1778125762939453
26,head_entropy,Hallucinations_vs_Factual,2,0.181787371635437,,,1.1529688835144043,0.9711815118789673
26,head_entropy,Hallucinations_vs_Factual,9,-0.1485864520072937,,,0.3107982873916626,0.4593847393989563
26,head_entropy,Hallucinations_vs_Factual,13,0.1411670446395874,,,0.8095288276672363,0.6683617830276489
26,head_entropy,Hallucinations_vs_Factual,18,0.12671852111816406,,,0.7637693881988525,0.6370508670806885
26,head_entropy,Hallucinations_vs_Factual,17,-0.12628906965255737,,,0.5882176756858826,0.7145067453384399
26,head_entropy,Hallucinations_vs_Factual,16,0.12480947375297546,,,0.5468724370002747,0.4220629632472992
26,head_entropy,Hallucinations_vs_Factual,11,-0.10588139295578003,,,0.23458006978034973,0.34046146273612976
26,head_entropy,Hallucinations_vs_Factual,12,0.104023277759552,,,0.8679149150848389,0.7638916373252869
26,head_entropy,Hallucinations_vs_Factual,3,-0.10361337661743164,,,1.28396475315094,1.3875781297683716
26,head_entropy,Hallucinations_vs_Factual,5,0.09662121534347534,,,0.9597558975219727,0.8631346821784973
27,head_entropy,Impossible_vs_Factual,28,-0.1927441954612732,,,0.7864159345626831,0.9791601300239563
27,head_entropy,Impossible_vs_Factual,8,-0.12051749229431152,,,0.9815820455551147,1.1020995378494263
27,head_entropy,Impossible_vs_Factual,10,-0.11499753594398499,,,0.4015551507472992,0.5165526866912842
27,head_entropy,Impossible_vs_Factual,6,-0.11299312114715576,,,0.747255802154541,0.8602489233016968
27,head_entropy,Impossible_vs_Factual,13,-0.09784156084060669,,,0.7407813668251038,0.8386229276657104
27,head_entropy,Impossible_vs_Factual,20,-0.09684550762176514,,,0.6287403106689453,0.7255858182907104
27,head_entropy,Impossible_vs_Factual,27,-0.09624028205871582,,,0.16675534844398499,0.2629956305027008
27,head_entropy,Impossible_vs_Factual,7,-0.09412598609924316,,,0.8122217059135437,0.9063476920127869
27,head_entropy,Impossible_vs_Factual,14,-0.08926266431808472,,,0.6291210651397705,0.7183837294578552
27,head_entropy,Impossible_vs_Factual,18,0.08117687702178955,,,0.8165040016174316,0.7353271245956421
27,head_entropy,Hallucinations_vs_Factual,13,-0.16574692726135254,,,0.6728760004043579,0.8386229276657104
27,head_entropy,Hallucinations_vs_Factual,14,-0.12258774042129517,,,0.5957959890365601,0.7183837294578552
27,head_entropy,Hallucinations_vs_Factual,5,0.09757804870605469,,,1.2859861850738525,1.1884081363677979
27,head_entropy,Hallucinations_vs_Factual,23,0.09262692928314209,,,0.7731444835662842,0.6805175542831421
27,head_entropy,Hallucinations_vs_Factual,8,-0.09003937244415283,,,1.0120601654052734,1.1020995378494263
27,head_entropy,Hallucinations_vs_Factual,28,-0.08796381950378418,,,0.8911963105201721,0.9791601300239563
27,head_entropy,Hallucinations_vs_Factual,6,0.08769059181213379,,,0.9479395151138306,0.8602489233016968
27,head_entropy,Hallucinations_vs_Factual,17,0.08724117279052734,,,0.8219434022903442,0.7347022294998169
27,head_entropy,Hallucinations_vs_Factual,16,-0.08070361614227295,,,1.2651365995407104,1.3458402156829834
27,head_entropy,Hallucinations_vs_Factual,7,0.07472169399261475,,,0.9810693860054016,0.9063476920127869
28,head_entropy,Impossible_vs_Factual,10,-0.2292773723602295,,,1.1422655582427979,1.3715429306030273
28,head_entropy,Impossible_vs_Factual,27,-0.1748829483985901,,,0.5898729562759399,0.76475590467453
28,head_entropy,Impossible_vs_Factual,0,-0.16534185409545898,,,1.3632128238677979,1.5285546779632568
28,head_entropy,Impossible_vs_Factual,30,-0.1530369520187378,,,1.1066114902496338,1.2596484422683716
28,head_entropy,Impossible_vs_Factual,24,-0.11823731660842896,,,0.52027827501297,0.6385155916213989
28,head_entropy,Impossible_vs_Factual,5,-0.11697390675544739,,,0.275482177734375,0.3924560844898224
28,head_entropy,Impossible_vs_Factual,25,-0.11223641037940979,,,0.46440914273262024,0.57664555311203
28,head_entropy,Impossible_vs_Factual,18,-0.11169910430908203,,,1.2766895294189453,1.3883886337280273
28,head_entropy,Impossible_vs_Factual,20,-0.11089861392974854,,,1.367031216621399,1.4779298305511475
28,head_entropy,Impossible_vs_Factual,26,-0.09227484464645386,,,0.24274474382400513,0.335019588470459
28,head_entropy,Hallucinations_vs_Factual,10,-0.1592578887939453,,,1.212285041809082,1.3715429306030273
28,head_entropy,Hallucinations_vs_Factual,0,-0.13353502750396729,,,1.3950196504592896,1.5285546779632568
28,head_entropy,Hallucinations_vs_Factual,8,0.11886715888977051,,,0.7171094417572021,0.5982422828674316
28,head_entropy,Hallucinations_vs_Factual,31,-0.09999150037765503,,,0.6335437297821045,0.7335352301597595
28,head_entropy,Hallucinations_vs_Factual,30,-0.0892871618270874,,,1.1703612804412842,1.2596484422683716
28,head_entropy,Hallucinations_vs_Factual,21,0.06953120231628418,,,1.4303125143051147,1.3607813119888306
28,head_entropy,Hallucinations_vs_Factual,27,0.06923824548721313,,,0.8339941501617432,0.76475590467453
28,head_entropy,Hallucinations_vs_Factual,5,-0.06579351425170898,,,0.3266625702381134,0.3924560844898224
28,head_entropy,Hallucinations_vs_Factual,20,-0.06437516212463379,,,1.4135546684265137,1.4779298305511475
28,head_entropy,Hallucinations_vs_Factual,25,0.06050288677215576,,,0.6371484398841858,0.57664555311203
29,head_entropy,Impossible_vs_Factual,16,-0.1719139814376831,,,0.8706738948822021,1.0425878763198853
29,head_entropy,Impossible_vs_Factual,31,-0.13879871368408203,,,1.2119237184524536,1.3507224321365356
29,head_entropy,Impossible_vs_Factual,30,-0.13642537593841553,,,1.3016016483306885,1.438027024269104
29,head_entropy,Impossible_vs_Factual,11,-0.13283205032348633,,,1.1114939451217651,1.2443259954452515
29,head_entropy,Impossible_vs_Factual,8,-0.1260790228843689,,,0.99461430311203,1.120693325996399
29,head_entropy,Impossible_vs_Factual,25,-0.11555542051792145,,,0.24387328326702118,0.3594287037849426
29,head_entropy,Impossible_vs_Factual,28,-0.11496537923812866,,,0.9639306664466858,1.0788960456848145
29,head_entropy,Impossible_vs_Factual,24,-0.08008795976638794,,,0.22835204005241394,0.3084399998188019
29,head_entropy,Impossible_vs_Factual,10,-0.06968748569488525,,,1.5034765005111694,1.5731639862060547
29,head_entropy,Impossible_vs_Factual,17,0.0652538537979126,,,1.0760936737060547,1.010839819908142
29,head_entropy,Hallucinations_vs_Factual,2,0.18465805053710938,,,0.7746679782867432,0.5900099277496338
29,head_entropy,Hallucinations_vs_Factual,22,0.17483901977539062,,,1.0430469512939453,0.8682079315185547
29,head_entropy,Hallucinations_vs_Factual,31,-0.15978491306304932,,,1.1909375190734863,1.3507224321365356
29,head_entropy,Hallucinations_vs_Factual,8,-0.14418929815292358,,,0.9765040278434753,1.120693325996399
29,head_entropy,Hallucinations_vs_Factual,16,-0.14289063215255737,,,0.8996972441673279,1.0425878763198853
29,head_entropy,Hallucinations_vs_Factual,21,0.14147424697875977,,,1.4469529390335083,1.3054786920547485
29,head_entropy,Hallucinations_vs_Factual,4,0.1305956244468689,,,0.8764111399650574,0.7458155155181885
29,head_entropy,Hallucinations_vs_Factual,20,0.1294339895248413,,,1.3750784397125244,1.245644450187683
29,head_entropy,Hallucinations_vs_Factual,17,0.12688469886779785,,,1.13772451877594,1.010839819908142
29,head_entropy,Hallucinations_vs_Factual,3,0.1111157238483429,,,0.48851317167282104,0.37739744782447815
30,head_entropy,Impossible_vs_Factual,16,0.2511817216873169,,,1.2549512386322021,1.0037695169448853
30,head_entropy,Impossible_vs_Factual,9,-0.20207059383392334,,,1.2327733039855957,1.434843897819519
30,head_entropy,Impossible_vs_Factual,6,-0.19923806190490723,,,1.0111329555511475,1.2103710174560547
30,head_entropy,Impossible_vs_Factual,24,-0.18318307399749756,,,1.1609768867492676,1.3441599607467651
30,head_entropy,Impossible_vs_Factual,22,-0.17916029691696167,,,0.6543846726417542,0.8335449695587158
30,head_entropy,Impossible_vs_Factual,12,-0.1413867473602295,,,1.0229589939117432,1.1643457412719727
30,head_entropy,Impossible_vs_Factual,14,-0.13419926166534424,,,1.1692382097244263,1.3034374713897705
30,head_entropy,Impossible_vs_Factual,21,-0.11941421031951904,,,1.17138671875,1.290800929069519
30,head_entropy,Impossible_vs_Factual,5,-0.11843764781951904,,,0.5141894221305847,0.6326270699501038
30,head_entropy,Impossible_vs_Factual,10,-0.1145898699760437,,,0.7706542611122131,0.8852441310882568
30,head_entropy,Hallucinations_vs_Factual,16,0.2570410966873169,,,1.2608106136322021,1.0037695169448853
30,head_entropy,Hallucinations_vs_Factual,22,-0.20488768815994263,,,0.6286572813987732,0.8335449695587158
30,head_entropy,Hallucinations_vs_Factual,14,0.13507819175720215,,,1.4385156631469727,1.3034374713897705
30,head_entropy,Hallucinations_vs_Factual,11,0.12068367004394531,,,1.2249805927276611,1.1042969226837158
30,head_entropy,Hallucinations_vs_Factual,26,0.11837911605834961,,,1.53466796875,1.4162888526916504
30,head_entropy,Hallucinations_vs_Factual,30,0.11542916297912598,,,1.2971285581588745,1.1816993951797485
30,head_entropy,Hallucinations_vs_Factual,0,0.10765612125396729,,,1.585663914680481,1.4780077934265137
30,head_entropy,Hallucinations_vs_Factual,19,0.09909200668334961,,,1.2462892532348633,1.1471972465515137
30,head_entropy,Hallucinations_vs_Factual,6,-0.0915379524230957,,,1.118833065032959,1.2103710174560547
30,head_entropy,Hallucinations_vs_Factual,2,0.08552753925323486,,,1.5261329412460327,1.4406054019927979
31,head_entropy,Impossible_vs_Factual,26,-0.31805652379989624,,,0.907275378704071,1.2253319025039673
31,head_entropy,Impossible_vs_Factual,3,-0.30790042877197266,,,0.8675975799560547,1.1754980087280273
31,head_entropy,Impossible_vs_Factual,24,-0.24028807878494263,,,0.5676416754722595,0.8079297542572021
31,head_entropy,Impossible_vs_Factual,6,-0.2353612780570984,,,0.6581445336341858,0.8935058116912842
31,head_entropy,Impossible_vs_Factual,1,-0.2261083722114563,,,0.6799757480621338,0.9060841202735901
31,head_entropy,Impossible_vs_Factual,28,-0.2194727659225464,,,1.3586522340774536,1.578125
31,head_entropy,Impossible_vs_Factual,0,-0.20139890909194946,,,0.8613452315330505,1.062744140625
31,head_entropy,Impossible_vs_Factual,7,-0.1591699719429016,,,0.9667285084724426,1.1258984804153442
31,head_entropy,Impossible_vs_Factual,30,-0.15742170810699463,,,1.4856642484664917,1.6430859565734863
31,head_entropy,Impossible_vs_Factual,4,-0.15403807163238525,,,0.5703954100608826,0.7244334816932678
31,head_entropy,Hallucinations_vs_Factual,14,0.23045921325683594,,,1.377315640449524,1.146856427192688
31,head_entropy,Hallucinations_vs_Factual,0,-0.22283703088760376,,,0.8399071097373962,1.062744140625
31,head_entropy,Hallucinations_vs_Factual,15,-0.19988518953323364,,,0.6531128287315369,0.8529980182647705
31,head_entropy,Hallucinations_vs_Factual,24,-0.18555903434753418,,,0.622370719909668,0.8079297542572021
31,head_entropy,Hallucinations_vs_Factual,3,-0.1704345941543579,,,1.0050634145736694,1.1754980087280273
31,head_entropy,Hallucinations_vs_Factual,26,-0.16485357284545898,,,1.0604783296585083,1.2253319025039673
31,head_entropy,Hallucinations_vs_Factual,11,-0.15969699621200562,,,0.9610254168510437,1.1207224130630493
31,head_entropy,Hallucinations_vs_Factual,16,0.14491212368011475,,,1.076928734779358,0.9320166110992432
31,head_entropy,Hallucinations_vs_Factual,6,-0.1407446265220642,,,0.75276118516922,0.8935058116912842
31,head_entropy,Hallucinations_vs_Factual,1,-0.13576680421829224,,,0.7703173160552979,0.9060841202735901
