layer,type,comparison_group,index,score,mean_deviant,mean_factual,ent_deviant,ent_factual
0,neuron_activation,Impossible_vs_Factual,2418,0.575676441192627,0.006691540591418743,0.004042492713779211,,
0,neuron_activation,Impossible_vs_Factual,2419,0.5402253270149231,0.001760462997481227,2.2427835574490018e-05,,
0,neuron_activation,Impossible_vs_Factual,1594,0.514862596988678,0.002712239744141698,0.0011998651316389441,,
0,neuron_activation,Impossible_vs_Factual,4293,0.4997332692146301,0.00827798806130886,0.0037656330969184637,,
0,neuron_activation,Impossible_vs_Factual,3262,0.49725547432899475,-0.0004219423281028867,-0.002657834906131029,,
0,neuron_activation,Impossible_vs_Factual,5384,0.4873197376728058,0.0019298703409731388,0.0008572337683290243,,
0,neuron_activation,Impossible_vs_Factual,3300,0.4830794036388397,0.0019304889719933271,0.000809278863016516,,
0,neuron_activation,Impossible_vs_Factual,807,0.47846394777297974,0.000794523861259222,-0.001687599578872323,,
0,neuron_activation,Impossible_vs_Factual,5572,0.4780985713005066,-0.0002538871776778251,-0.001055896864272654,,
0,neuron_activation,Impossible_vs_Factual,5801,0.4675839841365814,0.004055678844451904,0.00271006696857512,,
0,neuron_activation,Hallucinations_vs_Factual,3172,0.6323806643486023,0.00417408999055624,0.001170949311926961,,
0,neuron_activation,Hallucinations_vs_Factual,6789,0.6046006083488464,0.0006165167433209717,-0.0007611729088239372,,
0,neuron_activation,Hallucinations_vs_Factual,4701,0.6033421158790588,-0.028471319004893303,-0.047780927270650864,,
0,neuron_activation,Hallucinations_vs_Factual,2418,0.5679554343223572,0.006291198078542948,0.004042492713779211,,
0,neuron_activation,Hallucinations_vs_Factual,1072,0.5520835518836975,0.0015723410760983825,0.0003530226822476834,,
0,neuron_activation,Hallucinations_vs_Factual,5380,0.5427340865135193,-0.002803100971505046,-0.004698548931628466,,
0,neuron_activation,Hallucinations_vs_Factual,1153,0.5273295640945435,0.0011298442259430885,0.00036610953975468874,,
0,neuron_activation,Hallucinations_vs_Factual,4736,0.5268823504447937,0.0036731110885739326,0.001900653587654233,,
0,neuron_activation,Hallucinations_vs_Factual,7896,0.517784059047699,0.020932311192154884,0.0004624925786629319,,
0,neuron_activation,Hallucinations_vs_Factual,4230,0.5152291655540466,-0.008020452223718166,-0.011348817497491837,,
1,neuron_activation,Impossible_vs_Factual,5800,0.5711690187454224,0.0021423709113150835,0.0008290603873319924,,
1,neuron_activation,Impossible_vs_Factual,1521,0.5264399647712708,0.0015606025699526072,-0.00023358316684607416,,
1,neuron_activation,Impossible_vs_Factual,6399,0.4930426776409149,0.0042984928004443645,0.0010364591144025326,,
1,neuron_activation,Impossible_vs_Factual,2128,0.4924853444099426,-0.004120474215596914,-0.007379564456641674,,
1,neuron_activation,Impossible_vs_Factual,1815,0.4805539548397064,0.004185545723885298,0.0009563092025928199,,
1,neuron_activation,Impossible_vs_Factual,6138,0.4744117259979248,0.00619729608297348,0.0032132603228092194,,
1,neuron_activation,Impossible_vs_Factual,5547,0.47342729568481445,0.006525523029267788,0.0029878350906074047,,
1,neuron_activation,Impossible_vs_Factual,1289,0.4658440053462982,0.002639727434143424,0.0011300115147605538,,
1,neuron_activation,Impossible_vs_Factual,1406,0.46538975834846497,0.0007303117890842259,-0.00012725574197247624,,
1,neuron_activation,Impossible_vs_Factual,2643,0.46329501271247864,0.006879104301333427,0.005309403408318758,,
1,neuron_activation,Hallucinations_vs_Factual,1577,0.6714862585067749,-0.0007885281229391694,-0.00304197845980525,,
1,neuron_activation,Hallucinations_vs_Factual,4800,0.585763156414032,0.0015631591668352485,-0.007001843303442001,,
1,neuron_activation,Hallucinations_vs_Factual,1202,0.5826546549797058,0.010377020575106144,-0.005018317606300116,,
1,neuron_activation,Hallucinations_vs_Factual,607,0.5803919434547424,-0.01605944149196148,-0.019554322585463524,,
1,neuron_activation,Hallucinations_vs_Factual,6138,0.5790225267410278,0.007144279778003693,0.0032132603228092194,,
1,neuron_activation,Hallucinations_vs_Factual,1880,0.5786680579185486,-0.004374053794890642,-0.006245665717869997,,
1,neuron_activation,Hallucinations_vs_Factual,4401,0.5759308338165283,-0.009874043054878712,-0.013860964216291904,,
1,neuron_activation,Hallucinations_vs_Factual,7614,0.5710630416870117,0.010970117524266243,0.006317244842648506,,
1,neuron_activation,Hallucinations_vs_Factual,5652,0.5577510595321655,0.007359757553786039,0.0039807590655982494,,
1,neuron_activation,Hallucinations_vs_Factual,2875,0.5521483421325684,0.0012583226198330522,-6.541251059388742e-05,,
2,neuron_activation,Impossible_vs_Factual,3510,0.5705350637435913,0.005601273383945227,0.003890411462634802,,
2,neuron_activation,Impossible_vs_Factual,5556,0.562954306602478,0.006068756338208914,0.0009791891789063811,,
2,neuron_activation,Impossible_vs_Factual,5929,0.5595121383666992,0.005488781724125147,0.0012854149099439383,,
2,neuron_activation,Impossible_vs_Factual,1102,0.5590695142745972,0.00946719292551279,0.000641547841951251,,
2,neuron_activation,Impossible_vs_Factual,6639,0.5422541499137878,0.002064439933747053,-0.0014170455979183316,,
2,neuron_activation,Impossible_vs_Factual,1543,0.5325630307197571,-0.0007168391020968556,-0.003295519156381488,,
2,neuron_activation,Impossible_vs_Factual,1192,0.5288830399513245,-0.0007101278170011938,-0.0040948581881821156,,
2,neuron_activation,Impossible_vs_Factual,1220,0.5094848275184631,0.01312558725476265,0.008939551189541817,,
2,neuron_activation,Impossible_vs_Factual,3938,0.5088732242584229,0.01150701753795147,0.006546471267938614,,
2,neuron_activation,Impossible_vs_Factual,3984,0.5069258809089661,-0.0014367023250088096,-0.0037367367185652256,,
2,neuron_activation,Hallucinations_vs_Factual,275,0.8096355199813843,0.0016345306066796184,-0.0036953347735106945,,
2,neuron_activation,Hallucinations_vs_Factual,3167,0.6792762875556946,0.008325004950165749,0.003099921392276883,,
2,neuron_activation,Hallucinations_vs_Factual,1870,0.6771590709686279,-0.014165452681481838,-0.02107946388423443,,
2,neuron_activation,Hallucinations_vs_Factual,569,0.6472977995872498,0.007967676967382431,0.0006542989867739379,,
2,neuron_activation,Hallucinations_vs_Factual,3005,0.6181455850601196,-0.015708431601524353,-0.023543091490864754,,
2,neuron_activation,Hallucinations_vs_Factual,7796,0.6147960424423218,-0.011476212181150913,-0.015593016520142555,,
2,neuron_activation,Hallucinations_vs_Factual,553,0.6133962273597717,-0.03747754171490669,-0.045326899737119675,,
2,neuron_activation,Hallucinations_vs_Factual,2034,0.6099726557731628,0.004347590263932943,-0.0024829842150211334,,
2,neuron_activation,Hallucinations_vs_Factual,1102,0.5818868279457092,0.010110048577189445,0.000641547841951251,,
2,neuron_activation,Hallucinations_vs_Factual,7391,0.5729303359985352,0.006841989234089851,0.0029736869037151337,,
3,neuron_activation,Impossible_vs_Factual,6596,0.5301145315170288,-0.0009251738083548844,-0.015354800969362259,,
3,neuron_activation,Impossible_vs_Factual,6536,0.5242034792900085,-0.011709596030414104,-0.01928039640188217,,
3,neuron_activation,Impossible_vs_Factual,2740,0.502250611782074,0.005650840234011412,-0.0001089072393369861,,
3,neuron_activation,Impossible_vs_Factual,1189,0.501443088054657,0.009422441013157368,0.002757686423137784,,
3,neuron_activation,Impossible_vs_Factual,3436,0.5006783604621887,-0.005009793676435947,-0.011678259819746017,,
3,neuron_activation,Impossible_vs_Factual,3861,0.4973365366458893,0.012852170504629612,0.006747453939169645,,
3,neuron_activation,Impossible_vs_Factual,2283,0.48942863941192627,0.006925002671778202,0.0036216434091329575,,
3,neuron_activation,Impossible_vs_Factual,1203,0.4760931134223938,-0.010265594348311424,-0.015250975266098976,,
3,neuron_activation,Impossible_vs_Factual,380,0.475107878446579,0.034806448966264725,0.01856941357254982,,
3,neuron_activation,Impossible_vs_Factual,5215,0.47037026286125183,0.011448271572589874,0.006460107862949371,,
3,neuron_activation,Hallucinations_vs_Factual,3436,0.6493056416511536,-0.0030524698086082935,-0.011678259819746017,,
3,neuron_activation,Hallucinations_vs_Factual,4432,0.6224627494812012,0.010133165866136551,0.0037055271677672863,,
3,neuron_activation,Hallucinations_vs_Factual,1820,0.5985105633735657,0.01698736473917961,0.007253293879330158,,
3,neuron_activation,Hallucinations_vs_Factual,6596,0.5963335037231445,0.000754047476220876,-0.015354800969362259,,
3,neuron_activation,Hallucinations_vs_Factual,5988,0.594836413860321,-0.02404790371656418,-0.03441869094967842,,
3,neuron_activation,Hallucinations_vs_Factual,6473,0.5893883109092712,0.001234784722328186,9.980701724998653e-05,,
3,neuron_activation,Hallucinations_vs_Factual,6040,0.5838547348976135,-0.004455401096493006,-0.011507666669785976,,
3,neuron_activation,Hallucinations_vs_Factual,1496,0.5708922743797302,0.0023221999872475863,-0.008011330850422382,,
3,neuron_activation,Hallucinations_vs_Factual,2036,0.5633853077888489,-0.036463137716054916,-0.050413578748703,,
3,neuron_activation,Hallucinations_vs_Factual,542,0.5606260299682617,0.008521749638020992,0.0032955545466393232,,
4,neuron_activation,Impossible_vs_Factual,3870,0.5576975345611572,-0.01881246268749237,-0.039320576936006546,,
4,neuron_activation,Impossible_vs_Factual,7762,0.555367112159729,0.027008118107914925,0.016423167660832405,,
4,neuron_activation,Impossible_vs_Factual,4993,0.5552316308021545,0.05046861991286278,0.03212904930114746,,
4,neuron_activation,Impossible_vs_Factual,1059,0.5539210438728333,0.005828086286783218,0.0007288046181201935,,
4,neuron_activation,Impossible_vs_Factual,88,0.5161237716674805,-0.00647436548024416,-0.01498150173574686,,
4,neuron_activation,Impossible_vs_Factual,4466,0.515200674533844,0.0756523385643959,0.05236158147454262,,
4,neuron_activation,Impossible_vs_Factual,6881,0.5005775094032288,0.027454247698187828,0.010249115526676178,,
4,neuron_activation,Impossible_vs_Factual,6669,0.48932504653930664,-0.00580406840890646,-0.010335108265280724,,
4,neuron_activation,Impossible_vs_Factual,7825,0.4887504577636719,-0.01648588478565216,-0.029749594628810883,,
4,neuron_activation,Impossible_vs_Factual,9,0.48327749967575073,-0.0019676433876156807,-0.023206744343042374,,
4,neuron_activation,Hallucinations_vs_Factual,88,0.6007781624794006,-0.0047986689023673534,-0.01498150173574686,,
4,neuron_activation,Hallucinations_vs_Factual,331,0.5950480699539185,0.00918594840914011,-0.00012847527978010476,,
4,neuron_activation,Hallucinations_vs_Factual,4466,0.5936256051063538,0.0794687494635582,0.05236158147454262,,
4,neuron_activation,Hallucinations_vs_Factual,3676,0.5896393656730652,0.029630297794938087,0.015309535898268223,,
4,neuron_activation,Hallucinations_vs_Factual,6669,0.585091769695282,-0.0049609350971877575,-0.010335108265280724,,
4,neuron_activation,Hallucinations_vs_Factual,2790,0.5781542658805847,0.01216784119606018,0.0019875895231962204,,
4,neuron_activation,Hallucinations_vs_Factual,4729,0.5654367208480835,0.012597629800438881,0.001968351425603032,,
4,neuron_activation,Hallucinations_vs_Factual,8152,0.5591254234313965,-0.014981552958488464,-0.023767776787281036,,
4,neuron_activation,Hallucinations_vs_Factual,6026,0.5558451414108276,0.005031466484069824,-0.001250473316758871,,
4,neuron_activation,Hallucinations_vs_Factual,8160,0.5542222857475281,0.0012274379841983318,-0.004428284242749214,,
5,neuron_activation,Impossible_vs_Factual,725,0.5468804240226746,0.018554847687482834,0.0067065684124827385,,
5,neuron_activation,Impossible_vs_Factual,7333,0.5377734303474426,-0.0036050903145223856,-0.010806608945131302,,
5,neuron_activation,Impossible_vs_Factual,4061,0.529588520526886,0.05296231061220169,0.03345132991671562,,
5,neuron_activation,Impossible_vs_Factual,1329,0.524304211139679,0.005579790566116571,-0.0030930007342249155,,
5,neuron_activation,Impossible_vs_Factual,532,0.5231882929801941,-0.006339628715068102,-0.01404816284775734,,
5,neuron_activation,Impossible_vs_Factual,6534,0.5174096822738647,0.04847090691328049,0.025298533961176872,,
5,neuron_activation,Impossible_vs_Factual,6868,0.5137436985969543,0.012440815567970276,-0.00018819840624928474,,
5,neuron_activation,Impossible_vs_Factual,2742,0.5026996731758118,-0.016508445143699646,-0.030158257111907005,,
5,neuron_activation,Impossible_vs_Factual,2037,0.49665260314941406,0.036053359508514404,0.01927223429083824,,
5,neuron_activation,Impossible_vs_Factual,4400,0.485334575176239,0.0002847228024620563,-0.005999946501106024,,
5,neuron_activation,Hallucinations_vs_Factual,462,0.6174802184104919,-0.0009413717780262232,-0.015721390023827553,,
5,neuron_activation,Hallucinations_vs_Factual,1581,0.6026883721351624,0.019916243851184845,0.008396915160119534,,
5,neuron_activation,Hallucinations_vs_Factual,1881,0.5786563158035278,0.02759530581533909,-0.008177429437637329,,
5,neuron_activation,Hallucinations_vs_Factual,532,0.5691202282905579,-0.005911091808229685,-0.01404816284775734,,
5,neuron_activation,Hallucinations_vs_Factual,1834,0.5603410005569458,-0.005354835651814938,-0.016839241608977318,,
5,neuron_activation,Hallucinations_vs_Factual,6503,0.5594919323921204,0.006017311941832304,-0.002321107080206275,,
5,neuron_activation,Hallucinations_vs_Factual,5153,0.5570310950279236,-7.355458365054801e-05,-0.007290853187441826,,
5,neuron_activation,Hallucinations_vs_Factual,6303,0.5423401594161987,-0.01114190649241209,-0.019453508779406548,,
5,neuron_activation,Hallucinations_vs_Factual,7176,0.541734516620636,-0.010653513483703136,-0.027388183400034904,,
5,neuron_activation,Hallucinations_vs_Factual,1329,0.5358471870422363,0.005782197695225477,-0.0030930007342249155,,
6,neuron_activation,Impossible_vs_Factual,3919,0.6369361877441406,-0.015585164539515972,-0.027409996837377548,,
6,neuron_activation,Impossible_vs_Factual,7713,0.5615993738174438,0.013373116962611675,0.003793068928644061,,
6,neuron_activation,Impossible_vs_Factual,4346,0.5456312298774719,0.001020745374262333,-0.01379291620105505,,
6,neuron_activation,Impossible_vs_Factual,4190,0.5309186577796936,0.08026236295700073,0.039832908660173416,,
6,neuron_activation,Impossible_vs_Factual,3557,0.5272123217582703,0.00910729356110096,-0.006452110596001148,,
6,neuron_activation,Impossible_vs_Factual,7704,0.5231713056564331,-0.00442571472376585,-0.018236923962831497,,
6,neuron_activation,Impossible_vs_Factual,7374,0.513056755065918,0.011716811917722225,-0.005461935885250568,,
6,neuron_activation,Impossible_vs_Factual,4502,0.5106094479560852,0.018951453268527985,-0.0039698160253465176,,
6,neuron_activation,Impossible_vs_Factual,6789,0.48578310012817383,0.017543774098157883,0.002685282379388809,,
6,neuron_activation,Impossible_vs_Factual,1678,0.48511895537376404,-0.03876128047704697,-0.051057007163763046,,
6,neuron_activation,Hallucinations_vs_Factual,3919,0.7568885087966919,-0.013187428936362267,-0.027409996837377548,,
6,neuron_activation,Hallucinations_vs_Factual,3776,0.5926306843757629,-0.016312511637806892,-0.04321686923503876,,
6,neuron_activation,Hallucinations_vs_Factual,754,0.5755055546760559,0.011019675061106682,-0.000927190063521266,,
6,neuron_activation,Hallucinations_vs_Factual,1744,0.5728840827941895,-0.008016388863325119,-0.024169420823454857,,
6,neuron_activation,Hallucinations_vs_Factual,2479,0.55866539478302,-0.005829358473420143,-0.019304726272821426,,
6,neuron_activation,Hallucinations_vs_Factual,381,0.5581493377685547,0.01923460327088833,0.004261678084731102,,
6,neuron_activation,Hallucinations_vs_Factual,6979,0.5515846014022827,0.027739742770791054,0.009799224324524403,,
6,neuron_activation,Hallucinations_vs_Factual,1038,0.5493908524513245,0.09343972057104111,0.07126231491565704,,
6,neuron_activation,Hallucinations_vs_Factual,5796,0.5440337657928467,0.04258524253964424,0.014835383743047714,,
6,neuron_activation,Hallucinations_vs_Factual,7713,0.5352353453636169,0.013100091367959976,0.003793068928644061,,
7,neuron_activation,Impossible_vs_Factual,2197,0.5542095899581909,0.012285876087844372,-0.016488900408148766,,
7,neuron_activation,Impossible_vs_Factual,988,0.5457800626754761,0.01823407970368862,0.0038170532789081335,,
7,neuron_activation,Impossible_vs_Factual,2264,0.5359352231025696,-0.0014007249847054482,-0.01795087568461895,,
7,neuron_activation,Impossible_vs_Factual,283,0.5073980689048767,0.017519701272249222,-0.008143649436533451,,
7,neuron_activation,Impossible_vs_Factual,3549,0.5004644989967346,0.03215551748871803,0.007480124477297068,,
7,neuron_activation,Impossible_vs_Factual,1044,0.49905771017074585,0.005246018525213003,-0.015982408076524734,,
7,neuron_activation,Impossible_vs_Factual,1040,0.4947960674762726,-0.025637920945882797,-0.05558265745639801,,
7,neuron_activation,Impossible_vs_Factual,5760,0.49438029527664185,0.05037352070212364,0.026197049766778946,,
7,neuron_activation,Impossible_vs_Factual,6181,0.4866366386413574,0.0045631881803274155,-0.009677205234766006,,
7,neuron_activation,Impossible_vs_Factual,5187,0.484831839799881,0.0017026786226779222,-0.008050442673265934,,
7,neuron_activation,Hallucinations_vs_Factual,2756,0.626783549785614,-0.0007835899596102536,-0.016824718564748764,,
7,neuron_activation,Hallucinations_vs_Factual,5060,0.6130173802375793,-0.0030833438504487276,-0.011057699099183083,,
7,neuron_activation,Hallucinations_vs_Factual,1044,0.5876500010490417,0.009181175380945206,-0.015982408076524734,,
7,neuron_activation,Hallucinations_vs_Factual,3334,0.5849601030349731,0.018558485433459282,-0.00030688103288412094,,
7,neuron_activation,Hallucinations_vs_Factual,6916,0.5692667365074158,0.027263928204774857,-0.00871934276074171,,
7,neuron_activation,Hallucinations_vs_Factual,7242,0.5585430264472961,-0.020789340138435364,-0.048039525747299194,,
7,neuron_activation,Hallucinations_vs_Factual,3549,0.5501707196235657,0.034493111073970795,0.007480124477297068,,
7,neuron_activation,Hallucinations_vs_Factual,3604,0.5334682464599609,0.006928363349288702,-0.017588304355740547,,
7,neuron_activation,Hallucinations_vs_Factual,4012,0.526414155960083,-0.08145603537559509,-0.10352978855371475,,
7,neuron_activation,Hallucinations_vs_Factual,5811,0.5253679156303406,0.010332837700843811,-0.006219892762601376,,
8,neuron_activation,Impossible_vs_Factual,308,0.652768611907959,-0.022578313946723938,-0.04821242392063141,,
8,neuron_activation,Impossible_vs_Factual,4515,0.6134170293807983,-0.010666338726878166,-0.04474138468503952,,
8,neuron_activation,Impossible_vs_Factual,8180,0.6026554703712463,-0.002203284064307809,-0.03162818029522896,,
8,neuron_activation,Impossible_vs_Factual,2267,0.5511173009872437,0.038069576025009155,0.021322691813111305,,
8,neuron_activation,Impossible_vs_Factual,3915,0.5485047101974487,0.02366216853260994,0.011540641076862812,,
8,neuron_activation,Impossible_vs_Factual,3519,0.5331335067749023,0.019207803532481194,0.006575642619282007,,
8,neuron_activation,Impossible_vs_Factual,1304,0.5249972939491272,0.022474238649010658,0.005764902103692293,,
8,neuron_activation,Impossible_vs_Factual,1684,0.512295663356781,-0.014430776238441467,-0.04280869662761688,,
8,neuron_activation,Impossible_vs_Factual,475,0.5100891590118408,-0.009761390276253223,-0.02559148333966732,,
8,neuron_activation,Impossible_vs_Factual,6303,0.5081300139427185,-0.010707383044064045,-0.031335148960351944,,
8,neuron_activation,Hallucinations_vs_Factual,1304,0.6453608274459839,0.024445276707410812,0.005764902103692293,,
8,neuron_activation,Hallucinations_vs_Factual,4813,0.5819012522697449,0.014238121919333935,-0.0023219941649585962,,
8,neuron_activation,Hallucinations_vs_Factual,475,0.5816949009895325,-0.007617666851729155,-0.02559148333966732,,
8,neuron_activation,Hallucinations_vs_Factual,7102,0.5692116022109985,-0.0022114678286015987,-0.017662256956100464,,
8,neuron_activation,Hallucinations_vs_Factual,5462,0.5665076971054077,-0.02961830422282219,-0.04541466757655144,,
8,neuron_activation,Hallucinations_vs_Factual,2521,0.5653045177459717,0.020243961364030838,0.005896258167922497,,
8,neuron_activation,Hallucinations_vs_Factual,4515,0.5583237409591675,-0.009445976465940475,-0.04474138468503952,,
8,neuron_activation,Hallucinations_vs_Factual,3519,0.556228756904602,0.022283893078565598,0.006575642619282007,,
8,neuron_activation,Hallucinations_vs_Factual,8173,0.5522955060005188,-0.0074170599691569805,-0.035991258919239044,,
8,neuron_activation,Hallucinations_vs_Factual,4338,0.5345924496650696,0.06546326726675034,0.03966706618666649,,
9,neuron_activation,Impossible_vs_Factual,3159,0.6302657127380371,0.017204074189066887,-0.0086330845952034,,
9,neuron_activation,Impossible_vs_Factual,3479,0.6177615523338318,0.053818751126527786,0.02679983340203762,,
9,neuron_activation,Impossible_vs_Factual,1807,0.5722588300704956,0.0036753849126398563,-0.017411332577466965,,
9,neuron_activation,Impossible_vs_Factual,884,0.5555444955825806,0.006443076767027378,-0.039201512932777405,,
9,neuron_activation,Impossible_vs_Factual,3949,0.5483733415603638,0.0419476144015789,0.01936258003115654,,
9,neuron_activation,Impossible_vs_Factual,1520,0.5348941683769226,0.001570275635458529,-0.032454103231430054,,
9,neuron_activation,Impossible_vs_Factual,2623,0.529477059841156,0.04731116071343422,0.01589718833565712,,
9,neuron_activation,Impossible_vs_Factual,5234,0.5242964625358582,0.009533407166600227,-0.005453681573271751,,
9,neuron_activation,Impossible_vs_Factual,2725,0.5225881338119507,0.002680071396753192,-0.01282667275518179,,
9,neuron_activation,Impossible_vs_Factual,4317,0.5179950594902039,-0.002416124101728201,-0.03145858645439148,,
9,neuron_activation,Hallucinations_vs_Factual,3159,0.6468530893325806,0.0195070281624794,-0.0086330845952034,,
9,neuron_activation,Hallucinations_vs_Factual,5545,0.6005491018295288,0.011085256934165955,0.0003026202612090856,,
9,neuron_activation,Hallucinations_vs_Factual,5234,0.5702330470085144,0.011779683642089367,-0.005453681573271751,,
9,neuron_activation,Hallucinations_vs_Factual,590,0.5342643857002258,0.015448585152626038,-0.0013828689698129892,,
9,neuron_activation,Hallucinations_vs_Factual,3479,0.5330520868301392,0.05212549492716789,0.02679983340203762,,
9,neuron_activation,Hallucinations_vs_Factual,2885,0.5324901342391968,-0.008035787381231785,-0.030763326212763786,,
9,neuron_activation,Hallucinations_vs_Factual,6157,0.5313873291015625,0.03759090229868889,0.009723559021949768,,
9,neuron_activation,Hallucinations_vs_Factual,2623,0.5302426815032959,0.048839230090379715,0.01589718833565712,,
9,neuron_activation,Hallucinations_vs_Factual,7637,0.5265071988105774,0.006710493471473455,-0.011662021279335022,,
9,neuron_activation,Hallucinations_vs_Factual,6475,0.5211406350135803,0.004443923477083445,-0.016644299030303955,,
10,neuron_activation,Impossible_vs_Factual,5496,0.6303136944770813,-0.0036232173442840576,-0.03133750706911087,,
10,neuron_activation,Impossible_vs_Factual,4731,0.622224748134613,0.042795874178409576,0.021804876625537872,,
10,neuron_activation,Impossible_vs_Factual,4257,0.6026677489280701,0.06381350755691528,0.04190435633063316,,
10,neuron_activation,Impossible_vs_Factual,674,0.5971524119377136,0.025054415687918663,-0.011947985738515854,,
10,neuron_activation,Impossible_vs_Factual,1014,0.5825793147087097,0.03819029778242111,0.006156504154205322,,
10,neuron_activation,Impossible_vs_Factual,4334,0.5655719637870789,0.03172741457819939,0.014937471598386765,,
10,neuron_activation,Impossible_vs_Factual,56,0.563897430896759,0.017856448888778687,-0.04307561740279198,,
10,neuron_activation,Impossible_vs_Factual,8048,0.5632465481758118,-0.008837462402880192,-0.13761088252067566,,
10,neuron_activation,Impossible_vs_Factual,1300,0.5585732460021973,0.0727398693561554,0.03776973858475685,,
10,neuron_activation,Impossible_vs_Factual,6319,0.5562744736671448,0.03931934013962746,-0.012425404042005539,,
10,neuron_activation,Hallucinations_vs_Factual,1014,0.7136648893356323,0.044917311519384384,0.006156504154205322,,
10,neuron_activation,Hallucinations_vs_Factual,5496,0.6223418712615967,-0.0027978518046438694,-0.03133750706911087,,
10,neuron_activation,Hallucinations_vs_Factual,2772,0.6071881651878357,-0.05117059499025345,-0.09561008214950562,,
10,neuron_activation,Hallucinations_vs_Factual,4257,0.6042968034744263,0.0658571794629097,0.04190435633063316,,
10,neuron_activation,Hallucinations_vs_Factual,7458,0.5683286190032959,0.03415582701563835,0.004603877197951078,,
10,neuron_activation,Hallucinations_vs_Factual,5578,0.5547919869422913,-0.012959509156644344,-0.036219775676727295,,
10,neuron_activation,Hallucinations_vs_Factual,5148,0.5511215329170227,0.053262870758771896,0.018705958500504494,,
10,neuron_activation,Hallucinations_vs_Factual,2201,0.5502250790596008,-0.008970052935183048,-0.037153210490942,,
10,neuron_activation,Hallucinations_vs_Factual,4917,0.5493414402008057,0.04925582557916641,0.02031525783240795,,
10,neuron_activation,Hallucinations_vs_Factual,6752,0.5340474843978882,-0.0038936894852668047,-0.02327495440840721,,
11,neuron_activation,Impossible_vs_Factual,3900,0.5904675722122192,0.012761536054313183,-0.005122109316289425,,
11,neuron_activation,Impossible_vs_Factual,3950,0.5834580659866333,0.04852396622300148,0.02440379559993744,,
11,neuron_activation,Impossible_vs_Factual,2747,0.5818943381309509,0.037777915596961975,-0.0009345849975943565,,
11,neuron_activation,Impossible_vs_Factual,3816,0.5818942785263062,0.021567678079009056,0.0031206978019326925,,
11,neuron_activation,Impossible_vs_Factual,6154,0.5818163156509399,0.03587878495454788,0.0140669671818614,,
11,neuron_activation,Impossible_vs_Factual,2654,0.5801968574523926,-0.005217496771365404,-0.028482012450695038,,
11,neuron_activation,Impossible_vs_Factual,97,0.5791102051734924,0.016720330342650414,-0.019861703738570213,,
11,neuron_activation,Impossible_vs_Factual,5997,0.5754793286323547,0.016561809927225113,-0.004495096858590841,,
11,neuron_activation,Impossible_vs_Factual,4208,0.5752344131469727,0.06451858580112457,0.0015464003663510084,,
11,neuron_activation,Impossible_vs_Factual,7561,0.5743832588195801,0.07112865149974823,0.04075264930725098,,
11,neuron_activation,Hallucinations_vs_Factual,4747,0.6169966459274292,0.03698448836803436,0.015361527912318707,,
11,neuron_activation,Hallucinations_vs_Factual,3816,0.5767916440963745,0.022305086255073547,0.0031206978019326925,,
11,neuron_activation,Hallucinations_vs_Factual,6769,0.576060950756073,-0.004537159111350775,-0.025965016335248947,,
11,neuron_activation,Hallucinations_vs_Factual,3985,0.5704619884490967,-0.00040609753341414034,-0.04351098835468292,,
11,neuron_activation,Hallucinations_vs_Factual,5997,0.5654457807540894,0.016912439838051796,-0.004495096858590841,,
11,neuron_activation,Hallucinations_vs_Factual,285,0.5539853572845459,0.010918771848082542,-0.006216910667717457,,
11,neuron_activation,Hallucinations_vs_Factual,2574,0.5460149645805359,0.046029604971408844,0.013796942308545113,,
11,neuron_activation,Hallucinations_vs_Factual,5953,0.5446993112564087,0.008098126389086246,-0.019575193524360657,,
11,neuron_activation,Hallucinations_vs_Factual,7294,0.5353376865386963,-0.002159292344003916,-0.042378321290016174,,
11,neuron_activation,Hallucinations_vs_Factual,947,0.5295083522796631,-0.003342648735269904,-0.15238377451896667,,
12,neuron_activation,Impossible_vs_Factual,784,0.6377829909324646,0.006271674297749996,-0.01483586709946394,,
12,neuron_activation,Impossible_vs_Factual,2038,0.6018358469009399,-0.031236648559570312,-0.11126160621643066,,
12,neuron_activation,Impossible_vs_Factual,1057,0.5955231785774231,0.006397301331162453,-0.02031637728214264,,
12,neuron_activation,Impossible_vs_Factual,6022,0.5897496938705444,0.001028778264299035,-0.06031861528754234,,
12,neuron_activation,Impossible_vs_Factual,1472,0.58814936876297,-0.014770153909921646,-0.04483698680996895,,
12,neuron_activation,Impossible_vs_Factual,4681,0.5746271014213562,-0.013051304966211319,-0.08473295718431473,,
12,neuron_activation,Impossible_vs_Factual,1253,0.5628346800804138,0.03527577966451645,-0.03993012383580208,,
12,neuron_activation,Impossible_vs_Factual,253,0.5557995438575745,-0.014310556463897228,-0.05177173763513565,,
12,neuron_activation,Impossible_vs_Factual,4649,0.5522906184196472,0.0829659253358841,0.04454899951815605,,
12,neuron_activation,Impossible_vs_Factual,2379,0.5424740314483643,0.011983167380094528,-0.004923927132040262,,
12,neuron_activation,Hallucinations_vs_Factual,2643,0.6228943467140198,-0.010127624496817589,-0.03401273861527443,,
12,neuron_activation,Hallucinations_vs_Factual,7044,0.5834348201751709,0.05404721200466156,0.02479204721748829,,
12,neuron_activation,Hallucinations_vs_Factual,784,0.5453481674194336,0.005285926163196564,-0.01483586709946394,,
12,neuron_activation,Hallucinations_vs_Factual,3196,0.5277627110481262,0.034714069217443466,0.00989874079823494,,
12,neuron_activation,Hallucinations_vs_Factual,3414,0.5250362157821655,0.03913884237408638,0.005767613183706999,,
12,neuron_activation,Hallucinations_vs_Factual,2485,0.5209352374076843,0.01963452436029911,-0.012043080292642117,,
12,neuron_activation,Hallucinations_vs_Factual,8112,0.5142441391944885,-0.014609231613576412,-0.0660504475235939,,
12,neuron_activation,Hallucinations_vs_Factual,7334,0.514125645160675,0.024352282285690308,-0.006603430490940809,,
12,neuron_activation,Hallucinations_vs_Factual,3789,0.5133273005485535,0.0369890071451664,0.008023504167795181,,
12,neuron_activation,Hallucinations_vs_Factual,4824,0.5124092698097229,0.01074970979243517,-0.0031141876243054867,,
13,neuron_activation,Impossible_vs_Factual,1895,0.6311777830123901,-0.006475768983364105,-0.2602056860923767,,
13,neuron_activation,Impossible_vs_Factual,1276,0.5788615942001343,0.005125371739268303,-0.04043181240558624,,
13,neuron_activation,Impossible_vs_Factual,1270,0.5634032487869263,-0.022066012024879456,-0.0491618737578392,,
13,neuron_activation,Impossible_vs_Factual,357,0.5568299889564514,0.03809471055865288,0.01249780599027872,,
13,neuron_activation,Impossible_vs_Factual,3042,0.5554198622703552,-0.018425071612000465,-0.03987257927656174,,
13,neuron_activation,Impossible_vs_Factual,901,0.5267384052276611,-0.03244514763355255,-0.07281503826379776,,
13,neuron_activation,Impossible_vs_Factual,605,0.524666428565979,0.0013956277398392558,-0.019841661676764488,,
13,neuron_activation,Impossible_vs_Factual,6231,0.5201774835586548,0.007721899542957544,-0.036732833832502365,,
13,neuron_activation,Impossible_vs_Factual,5215,0.5170381665229797,-0.007996892556548119,-0.029455550014972687,,
13,neuron_activation,Impossible_vs_Factual,3066,0.5143191814422607,-0.031492169946432114,-0.09098803251981735,,
13,neuron_activation,Hallucinations_vs_Factual,1895,0.6063953042030334,0.001508381450548768,-0.2602056860923767,,
13,neuron_activation,Hallucinations_vs_Factual,7564,0.6048973798751831,0.05116009712219238,0.007684726268053055,,
13,neuron_activation,Hallucinations_vs_Factual,1276,0.554589569568634,0.007076566107571125,-0.04043181240558624,,
13,neuron_activation,Hallucinations_vs_Factual,7769,0.5457115173339844,0.0007821787730790675,-0.034220531582832336,,
13,neuron_activation,Hallucinations_vs_Factual,1730,0.5416049361228943,0.010953223332762718,-0.034427862614393234,,
13,neuron_activation,Hallucinations_vs_Factual,4226,0.5240870118141174,0.002616507699713111,-0.024517172947525978,,
13,neuron_activation,Hallucinations_vs_Factual,6998,0.5228326916694641,0.005209967494010925,-0.01645989529788494,,
13,neuron_activation,Hallucinations_vs_Factual,5215,0.5197926163673401,-0.00790263619273901,-0.029455550014972687,,
13,neuron_activation,Hallucinations_vs_Factual,5940,0.5093788504600525,-0.026851924136281013,-0.052325427532196045,,
13,neuron_activation,Hallucinations_vs_Factual,7447,0.5089954733848572,0.0296552162617445,-0.020574228838086128,,
14,neuron_activation,Impossible_vs_Factual,7570,0.5788747072219849,0.006531933788210154,-0.014753640629351139,,
14,neuron_activation,Impossible_vs_Factual,6852,0.559805154800415,0.03334394097328186,-0.006896201986819506,,
14,neuron_activation,Impossible_vs_Factual,6439,0.5568429827690125,0.014332198537886143,-0.03582288697361946,,
14,neuron_activation,Impossible_vs_Factual,3180,0.55186527967453,-0.007050393149256706,-0.038894180208444595,,
14,neuron_activation,Impossible_vs_Factual,6810,0.5280189514160156,0.046538811177015305,0.014029266312718391,,
14,neuron_activation,Impossible_vs_Factual,2113,0.5278047323226929,0.010169732384383678,-0.0035851188004016876,,
14,neuron_activation,Impossible_vs_Factual,4699,0.5253587365150452,0.05131486430764198,0.028083324432373047,,
14,neuron_activation,Impossible_vs_Factual,8114,0.5154756903648376,0.05925099924206734,0.01965658739209175,,
14,neuron_activation,Impossible_vs_Factual,2807,0.5096150040626526,0.01874617300927639,-0.025426972657442093,,
14,neuron_activation,Impossible_vs_Factual,5176,0.502312958240509,0.11020248383283615,0.07119451463222504,,
14,neuron_activation,Hallucinations_vs_Factual,669,0.6126967072486877,0.014690648764371872,-0.02199629135429859,,
14,neuron_activation,Hallucinations_vs_Factual,2113,0.5757811069488525,0.014447223395109177,-0.0035851188004016876,,
14,neuron_activation,Hallucinations_vs_Factual,2277,0.5641534924507141,0.09512587636709213,0.026177819818258286,,
14,neuron_activation,Hallucinations_vs_Factual,5022,0.5417293310165405,0.06492839008569717,0.00910979975014925,,
14,neuron_activation,Hallucinations_vs_Factual,4115,0.5361942052841187,-0.00250904425047338,-0.04517161846160889,,
14,neuron_activation,Hallucinations_vs_Factual,5303,0.5358430743217468,0.0069312239065766335,-0.010862777940928936,,
14,neuron_activation,Hallucinations_vs_Factual,7832,0.5339204668998718,0.11585839092731476,0.09094090759754181,,
14,neuron_activation,Hallucinations_vs_Factual,97,0.5248057842254639,0.001233343267813325,-0.027319885790348053,,
14,neuron_activation,Hallucinations_vs_Factual,637,0.5207136273384094,-0.0254653450101614,-0.08754678070545197,,
14,neuron_activation,Hallucinations_vs_Factual,3189,0.5204654335975647,-0.04955251142382622,-0.09330317378044128,,
15,neuron_activation,Impossible_vs_Factual,7660,0.6431156396865845,0.04938460513949394,0.002795086707919836,,
15,neuron_activation,Impossible_vs_Factual,2839,0.5640113353729248,0.06427057087421417,0.03166615217924118,,
15,neuron_activation,Impossible_vs_Factual,7488,0.5319638848304749,0.05565937981009483,-0.0014949878677725792,,
15,neuron_activation,Impossible_vs_Factual,4797,0.5182898044586182,0.24171076714992523,0.13131222128868103,,
15,neuron_activation,Impossible_vs_Factual,7140,0.5037111043930054,0.01688309758901596,-0.016645189374685287,,
15,neuron_activation,Impossible_vs_Factual,1324,0.5029782056808472,-0.0003033490793313831,-0.027498628944158554,,
15,neuron_activation,Impossible_vs_Factual,4503,0.4905818998813629,0.04835262522101402,0.013514460064470768,,
15,neuron_activation,Impossible_vs_Factual,4156,0.4849439263343811,0.05411417409777641,0.012132593430578709,,
15,neuron_activation,Impossible_vs_Factual,2584,0.4843199551105499,0.029827246442437172,-0.013568062335252762,,
15,neuron_activation,Impossible_vs_Factual,1687,0.47985032200813293,0.005309893283993006,-0.025935692712664604,,
15,neuron_activation,Hallucinations_vs_Factual,4797,0.5450624823570251,0.25403231382369995,0.13131222128868103,,
15,neuron_activation,Hallucinations_vs_Factual,6408,0.5036575198173523,-0.0033490643836557865,-0.028982961550354958,,
15,neuron_activation,Hallucinations_vs_Factual,4503,0.5028298497200012,0.05064387619495392,0.013514460064470768,,
15,neuron_activation,Hallucinations_vs_Factual,2839,0.50019770860672,0.06271154433488846,0.03166615217924118,,
15,neuron_activation,Hallucinations_vs_Factual,8180,0.5000748634338379,0.0473991334438324,0.010384234599769115,,
15,neuron_activation,Hallucinations_vs_Factual,3323,0.4973783493041992,0.056606944650411606,0.024766523391008377,,
15,neuron_activation,Hallucinations_vs_Factual,5594,0.4961937665939331,0.0026039392687380314,-0.01624085009098053,,
15,neuron_activation,Hallucinations_vs_Factual,7660,0.4933859705924988,0.04645739868283272,0.002795086707919836,,
15,neuron_activation,Hallucinations_vs_Factual,3068,0.49073559045791626,-0.01246567815542221,-0.042980242520570755,,
15,neuron_activation,Hallucinations_vs_Factual,5982,0.4873032569885254,0.04372287914156914,0.0070992144756019115,,
16,neuron_activation,Impossible_vs_Factual,900,0.5051707625389099,0.2500605285167694,0.22017575800418854,,
16,neuron_activation,Impossible_vs_Factual,4161,0.4892023205757141,0.04959261789917946,0.021863725036382675,,
16,neuron_activation,Impossible_vs_Factual,5262,0.4826705753803253,0.017214111983776093,-0.00751859787851572,,
16,neuron_activation,Impossible_vs_Factual,5478,0.47534480690956116,0.07131517678499222,0.02916823700070381,,
16,neuron_activation,Impossible_vs_Factual,3080,0.4560803174972534,0.02992745116353035,0.012521223165094852,,
16,neuron_activation,Impossible_vs_Factual,2555,0.44870397448539734,0.04885994642972946,0.026089275255799294,,
16,neuron_activation,Impossible_vs_Factual,3238,0.4479901194572449,0.0667106956243515,0.035108961164951324,,
16,neuron_activation,Impossible_vs_Factual,1796,0.4459410607814789,0.058052148669958115,0.02665378525853157,,
16,neuron_activation,Impossible_vs_Factual,3194,0.44492048025131226,0.06044401600956917,0.03357313200831413,,
16,neuron_activation,Impossible_vs_Factual,1201,0.4410006105899811,0.02894505113363266,-0.007611926179379225,,
16,neuron_activation,Hallucinations_vs_Factual,2666,0.5214572548866272,0.00822420697659254,-0.03195434436202049,,
16,neuron_activation,Hallucinations_vs_Factual,896,0.5049414038658142,0.032407280057668686,0.008871451020240784,,
16,neuron_activation,Hallucinations_vs_Factual,421,0.4990464150905609,0.022239794954657555,-0.012750836089253426,,
16,neuron_activation,Hallucinations_vs_Factual,3245,0.48915034532546997,0.013888399116694927,-0.0213775597512722,,
16,neuron_activation,Hallucinations_vs_Factual,777,0.48120760917663574,0.01207925844937563,-0.022218555212020874,,
16,neuron_activation,Hallucinations_vs_Factual,3948,0.46237027645111084,0.05786094814538956,0.022524414584040642,,
16,neuron_activation,Hallucinations_vs_Factual,6472,0.4623366892337799,0.10135024785995483,0.03754016011953354,,
16,neuron_activation,Hallucinations_vs_Factual,4353,0.4562230706214905,0.03992117941379547,0.011546933092176914,,
16,neuron_activation,Hallucinations_vs_Factual,5674,0.4559924006462097,-0.0013046476524323225,-0.02294563502073288,,
16,neuron_activation,Hallucinations_vs_Factual,5003,0.4507329761981964,0.08767027407884598,0.025939466431736946,,
17,neuron_activation,Impossible_vs_Factual,4396,0.5485146641731262,0.0190728846937418,-0.014855558052659035,,
17,neuron_activation,Impossible_vs_Factual,3538,0.5094823837280273,0.04711876064538956,0.009357561357319355,,
17,neuron_activation,Impossible_vs_Factual,4183,0.491744726896286,-0.023809488862752914,-0.39377450942993164,,
17,neuron_activation,Impossible_vs_Factual,6449,0.4890822768211365,0.06330174952745438,0.01691279374063015,,
17,neuron_activation,Impossible_vs_Factual,2575,0.4876484274864197,0.08646881580352783,0.02360484004020691,,
17,neuron_activation,Impossible_vs_Factual,3754,0.4816378951072693,0.07118691504001617,0.03291943669319153,,
17,neuron_activation,Impossible_vs_Factual,4632,0.47167646884918213,0.06877408921718597,0.015802066773176193,,
17,neuron_activation,Impossible_vs_Factual,752,0.45533624291419983,0.04361966997385025,0.016443509608507156,,
17,neuron_activation,Impossible_vs_Factual,3052,0.4494704604148865,0.07583014667034149,0.030363554134964943,,
17,neuron_activation,Impossible_vs_Factual,5757,0.4445514380931854,0.061902597546577454,0.014966040849685669,,
17,neuron_activation,Hallucinations_vs_Factual,3273,0.493011474609375,0.05137992650270462,0.015194696374237537,,
17,neuron_activation,Hallucinations_vs_Factual,608,0.4896306097507477,0.08294940739870071,0.04430827870965004,,
17,neuron_activation,Hallucinations_vs_Factual,3891,0.4838924705982208,0.0780055895447731,0.0390934981405735,,
17,neuron_activation,Hallucinations_vs_Factual,7689,0.47874000668525696,0.08227431029081345,0.03175133094191551,,
17,neuron_activation,Hallucinations_vs_Factual,570,0.47228068113327026,0.03348560258746147,0.005680553149431944,,
17,neuron_activation,Hallucinations_vs_Factual,7535,0.468133807182312,0.09771513938903809,0.02844688668847084,,
17,neuron_activation,Hallucinations_vs_Factual,2575,0.46390026807785034,0.08729305863380432,0.02360484004020691,,
17,neuron_activation,Hallucinations_vs_Factual,1778,0.46084359288215637,0.09726997464895248,0.03644586727023125,,
17,neuron_activation,Hallucinations_vs_Factual,800,0.4455595314502716,0.011685479432344437,-0.024171873927116394,,
17,neuron_activation,Hallucinations_vs_Factual,4626,0.4404852092266083,-0.009649167768657207,-0.029095731675624847,,
18,neuron_activation,Impossible_vs_Factual,7973,0.5226600170135498,0.08068227022886276,0.03351305425167084,,
18,neuron_activation,Impossible_vs_Factual,7911,0.49585074186325073,0.0674898773431778,0.015391714870929718,,
18,neuron_activation,Impossible_vs_Factual,4775,0.4820009768009186,0.011507333256304264,-0.009672028943896294,,
18,neuron_activation,Impossible_vs_Factual,6731,0.4733611047267914,0.027414709329605103,-0.0071252211928367615,,
18,neuron_activation,Impossible_vs_Factual,2357,0.4702332615852356,0.10627049952745438,0.028066789731383324,,
18,neuron_activation,Impossible_vs_Factual,7595,0.46796515583992004,0.054381363093853,0.010502965189516544,,
18,neuron_activation,Impossible_vs_Factual,4822,0.44597864151000977,-0.020951593294739723,-0.1115850880742073,,
18,neuron_activation,Impossible_vs_Factual,3996,0.44539254903793335,0.06175478547811508,0.013994341716170311,,
18,neuron_activation,Impossible_vs_Factual,5079,0.44324520230293274,0.06523527950048447,0.028023332357406616,,
18,neuron_activation,Impossible_vs_Factual,4926,0.44278815388679504,0.09153620153665543,0.04496418684720993,,
18,neuron_activation,Hallucinations_vs_Factual,3833,0.5144398212432861,0.24266992509365082,0.21449118852615356,,
18,neuron_activation,Hallucinations_vs_Factual,5143,0.5083484053611755,0.08107049018144608,0.030747879296541214,,
18,neuron_activation,Hallucinations_vs_Factual,8070,0.5076478123664856,0.0404069609940052,-0.008415648713707924,,
18,neuron_activation,Hallucinations_vs_Factual,3692,0.49766436219215393,0.03126323223114014,-0.008986931294202805,,
18,neuron_activation,Hallucinations_vs_Factual,2357,0.4891776144504547,0.1109219416975975,0.028066789731383324,,
18,neuron_activation,Hallucinations_vs_Factual,928,0.4811112582683563,0.0263593140989542,-0.0009018138516694307,,
18,neuron_activation,Hallucinations_vs_Factual,7973,0.4788193106651306,0.08394413441419601,0.03351305425167084,,
18,neuron_activation,Hallucinations_vs_Factual,6323,0.4562496840953827,0.0734831839799881,0.03531578928232193,,
18,neuron_activation,Hallucinations_vs_Factual,2053,0.4517151117324829,0.14331796765327454,0.049079760909080505,,
18,neuron_activation,Hallucinations_vs_Factual,6368,0.44514623284339905,0.02028714492917061,-0.010616983287036419,,
19,neuron_activation,Impossible_vs_Factual,6176,0.5954264998435974,0.04426675662398338,0.012424885295331478,,
19,neuron_activation,Impossible_vs_Factual,2834,0.5360055565834045,0.05935624614357948,0.024064775556325912,,
19,neuron_activation,Impossible_vs_Factual,2744,0.5310488343238831,0.014171947725117207,-0.020655103027820587,,
19,neuron_activation,Impossible_vs_Factual,942,0.4985090494155884,0.017259230837225914,-0.015396324917674065,,
19,neuron_activation,Impossible_vs_Factual,5689,0.48424747586250305,0.04024156555533409,0.008815483190119267,,
19,neuron_activation,Impossible_vs_Factual,405,0.48212409019470215,0.038934677839279175,0.0008413119940087199,,
19,neuron_activation,Impossible_vs_Factual,2412,0.4758351743221283,0.032366394996643066,-0.008451946079730988,,
19,neuron_activation,Impossible_vs_Factual,4028,0.46874910593032837,0.029753146693110466,-0.0028775602113455534,,
19,neuron_activation,Impossible_vs_Factual,508,0.4524220824241638,0.051422569900751114,0.02296331711113453,,
19,neuron_activation,Impossible_vs_Factual,5290,0.44990676641464233,0.0373602993786335,-0.005784939508885145,,
19,neuron_activation,Hallucinations_vs_Factual,2744,0.563369870185852,0.014975189231336117,-0.020655103027820587,,
19,neuron_activation,Hallucinations_vs_Factual,942,0.5404476523399353,0.021932149305939674,-0.015396324917674065,,
19,neuron_activation,Hallucinations_vs_Factual,2834,0.5243380665779114,0.06524782627820969,0.024064775556325912,,
19,neuron_activation,Hallucinations_vs_Factual,405,0.5238152146339417,0.04593883082270622,0.0008413119940087199,,
19,neuron_activation,Hallucinations_vs_Factual,1451,0.4804474115371704,0.06841209530830383,0.01447387132793665,,
19,neuron_activation,Hallucinations_vs_Factual,7381,0.4767424166202545,0.09241396188735962,0.02914319559931755,,
19,neuron_activation,Hallucinations_vs_Factual,2294,0.4708363711833954,0.23228412866592407,0.19835202395915985,,
19,neuron_activation,Hallucinations_vs_Factual,5643,0.4683155119419098,0.05533670634031296,0.02288658358156681,,
19,neuron_activation,Hallucinations_vs_Factual,4107,0.4645787477493286,0.23126636445522308,0.11979454755783081,,
19,neuron_activation,Hallucinations_vs_Factual,5689,0.45970189571380615,0.03894680365920067,0.008815483190119267,,
20,neuron_activation,Impossible_vs_Factual,5484,0.5132216215133667,0.07519397139549255,0.012080555781722069,,
20,neuron_activation,Impossible_vs_Factual,6741,0.4977840185165405,0.06664034724235535,0.010243269614875317,,
20,neuron_activation,Impossible_vs_Factual,1953,0.4655986726284027,0.15616102516651154,0.051360029727220535,,
20,neuron_activation,Impossible_vs_Factual,8111,0.4633478820323944,0.09056799858808517,0.04786109924316406,,
20,neuron_activation,Impossible_vs_Factual,8156,0.457256019115448,0.055380892008543015,0.02066929079592228,,
20,neuron_activation,Impossible_vs_Factual,2232,0.45124462246894836,-0.017382508143782616,-0.07139792293310165,,
20,neuron_activation,Impossible_vs_Factual,3863,0.44875237345695496,0.002989973872900009,-0.024821244180202484,,
20,neuron_activation,Impossible_vs_Factual,1005,0.4429992735385895,0.052427660673856735,0.003864527214318514,,
20,neuron_activation,Impossible_vs_Factual,1584,0.4392146170139313,0.053645480424165726,0.016473015770316124,,
20,neuron_activation,Impossible_vs_Factual,1860,0.43460696935653687,-0.013468557968735695,-0.051383089274168015,,
20,neuron_activation,Hallucinations_vs_Factual,5484,0.5443478226661682,0.08331158757209778,0.012080555781722069,,
20,neuron_activation,Hallucinations_vs_Factual,2882,0.48196497559547424,0.1002214103937149,0.04314470663666725,,
20,neuron_activation,Hallucinations_vs_Factual,347,0.4751115143299103,0.093928262591362,0.023917747661471367,,
20,neuron_activation,Hallucinations_vs_Factual,2565,0.46894240379333496,0.12478488683700562,0.033350441604852676,,
20,neuron_activation,Hallucinations_vs_Factual,6629,0.4622867703437805,0.05528943985700607,0.016909729689359665,,
20,neuron_activation,Hallucinations_vs_Factual,5467,0.4496779143810272,0.03254043310880661,-0.026462186127901077,,
20,neuron_activation,Hallucinations_vs_Factual,698,0.4488789141178131,0.03309235721826553,-0.010178050957620144,,
20,neuron_activation,Hallucinations_vs_Factual,1953,0.4486355483531952,0.15283381938934326,0.051360029727220535,,
20,neuron_activation,Hallucinations_vs_Factual,2288,0.4413536489009857,0.12215574085712433,0.05287682265043259,,
20,neuron_activation,Hallucinations_vs_Factual,6070,0.4386407136917114,0.11866883933544159,0.04588881880044937,,
21,neuron_activation,Impossible_vs_Factual,1272,0.6177135109901428,-0.02128051221370697,-0.2875846326351166,,
21,neuron_activation,Impossible_vs_Factual,2427,0.4452919661998749,0.07535629719495773,0.0032612336799502373,,
21,neuron_activation,Impossible_vs_Factual,5308,0.44264671206474304,0.20176713168621063,0.08082743734121323,,
21,neuron_activation,Impossible_vs_Factual,7123,0.4285380244255066,0.06418266892433167,0.022055374458432198,,
21,neuron_activation,Impossible_vs_Factual,7912,0.4279816746711731,0.14046593010425568,0.06596168875694275,,
21,neuron_activation,Impossible_vs_Factual,5811,0.4256439507007599,0.1278393268585205,0.03592223674058914,,
21,neuron_activation,Impossible_vs_Factual,4486,0.42114439606666565,0.048679959028959274,0.007506420835852623,,
21,neuron_activation,Impossible_vs_Factual,189,0.4202341139316559,0.23625361919403076,0.08521352708339691,,
21,neuron_activation,Impossible_vs_Factual,4381,0.418941855430603,0.10148841887712479,0.05021217465400696,,
21,neuron_activation,Impossible_vs_Factual,1264,0.4116693139076233,0.08162477612495422,0.04284656420350075,,
21,neuron_activation,Hallucinations_vs_Factual,1272,0.5421715378761292,-0.026733020320534706,-0.2875846326351166,,
21,neuron_activation,Hallucinations_vs_Factual,189,0.4760872721672058,0.25392448902130127,0.08521352708339691,,
21,neuron_activation,Hallucinations_vs_Factual,5308,0.45867639780044556,0.22176344692707062,0.08082743734121323,,
21,neuron_activation,Hallucinations_vs_Factual,2294,0.4536798596382141,0.074095219373703,0.030228352174162865,,
21,neuron_activation,Hallucinations_vs_Factual,726,0.44795307517051697,0.08434750139713287,0.023814169690012932,,
21,neuron_activation,Hallucinations_vs_Factual,8077,0.44729653000831604,0.043826229870319366,0.010500220581889153,,
21,neuron_activation,Hallucinations_vs_Factual,2427,0.43801265954971313,0.07367323338985443,0.0032612336799502373,,
21,neuron_activation,Hallucinations_vs_Factual,5209,0.42961999773979187,0.07578694075345993,0.021316787227988243,,
21,neuron_activation,Hallucinations_vs_Factual,5811,0.42093876004219055,0.12173199653625488,0.03592223674058914,,
21,neuron_activation,Hallucinations_vs_Factual,7621,0.4150925576686859,0.06497087329626083,0.002812687773257494,,
22,neuron_activation,Impossible_vs_Factual,1610,0.4751264154911041,0.0594683475792408,-0.007111567072570324,,
22,neuron_activation,Impossible_vs_Factual,694,0.4593597650527954,0.06542930006980896,0.014508762396872044,,
22,neuron_activation,Impossible_vs_Factual,3939,0.45745861530303955,0.03391725942492485,-0.01747019775211811,,
22,neuron_activation,Impossible_vs_Factual,4005,0.4545857310295105,-0.00910874456167221,-0.06452183425426483,,
22,neuron_activation,Impossible_vs_Factual,5074,0.42323195934295654,0.027349762618541718,-0.0032788636162877083,,
22,neuron_activation,Impossible_vs_Factual,5941,0.42041757702827454,0.11368614435195923,0.046949516981840134,,
22,neuron_activation,Impossible_vs_Factual,5192,0.41846761107444763,0.05370701849460602,0.011309103108942509,,
22,neuron_activation,Impossible_vs_Factual,3736,0.41846537590026855,0.052397362887859344,0.006281645968556404,,
22,neuron_activation,Impossible_vs_Factual,2554,0.41453245282173157,0.12862779200077057,0.04703063890337944,,
22,neuron_activation,Impossible_vs_Factual,7070,0.41379761695861816,0.07911999523639679,0.016257446259260178,,
22,neuron_activation,Hallucinations_vs_Factual,694,0.4913240671157837,0.06951117515563965,0.014508762396872044,,
22,neuron_activation,Hallucinations_vs_Factual,1007,0.45332813262939453,0.04039449244737625,0.0013217679224908352,,
22,neuron_activation,Hallucinations_vs_Factual,1610,0.447004109621048,0.05799233913421631,-0.007111567072570324,,
22,neuron_activation,Hallucinations_vs_Factual,922,0.4421931803226471,0.07811807096004486,0.018465744331479073,,
22,neuron_activation,Hallucinations_vs_Factual,5431,0.43788427114486694,0.1393861174583435,0.04366803169250488,,
22,neuron_activation,Hallucinations_vs_Factual,4587,0.4343595504760742,0.17206864058971405,0.08046633005142212,,
22,neuron_activation,Hallucinations_vs_Factual,7012,0.42653658986091614,0.07930856943130493,0.022417716681957245,,
22,neuron_activation,Hallucinations_vs_Factual,2554,0.4249516725540161,0.1317298412322998,0.04703063890337944,,
22,neuron_activation,Hallucinations_vs_Factual,3983,0.40811601281166077,0.0507626049220562,-0.004880748223513365,,
22,neuron_activation,Hallucinations_vs_Factual,6794,0.40697091817855835,0.12803757190704346,0.05294686555862427,,
23,neuron_activation,Impossible_vs_Factual,5645,0.49742189049720764,0.13470077514648438,0.08529195934534073,,
23,neuron_activation,Impossible_vs_Factual,1422,0.4940786063671112,-0.3041360676288605,-0.874997079372406,,
23,neuron_activation,Impossible_vs_Factual,5105,0.49208274483680725,-0.0047560930252075195,-0.3220183551311493,,
23,neuron_activation,Impossible_vs_Factual,2241,0.4741670787334442,0.060597408562898636,0.007216528989374638,,
23,neuron_activation,Impossible_vs_Factual,1543,0.47383198142051697,-0.01738644950091839,-0.15247376263141632,,
23,neuron_activation,Impossible_vs_Factual,5811,0.47116321325302124,0.12259824573993683,0.07113010436296463,,
23,neuron_activation,Impossible_vs_Factual,6713,0.4620457887649536,0.11458192765712738,0.039191778749227524,,
23,neuron_activation,Impossible_vs_Factual,6727,0.45372307300567627,0.19495394825935364,0.14281094074249268,,
23,neuron_activation,Impossible_vs_Factual,4464,0.43451184034347534,0.1338554173707962,0.0540359728038311,,
23,neuron_activation,Impossible_vs_Factual,1921,0.4274185597896576,0.2344890683889389,0.14423000812530518,,
23,neuron_activation,Hallucinations_vs_Factual,6727,0.5512092113494873,0.20747554302215576,0.14281094074249268,,
23,neuron_activation,Hallucinations_vs_Factual,1993,0.49232470989227295,0.11114323139190674,0.01639598235487938,,
23,neuron_activation,Hallucinations_vs_Factual,6229,0.4894365668296814,0.08364830911159515,0.022309930995106697,,
23,neuron_activation,Hallucinations_vs_Factual,5645,0.47160953283309937,0.13435660302639008,0.08529195934534073,,
23,neuron_activation,Hallucinations_vs_Factual,1422,0.470358282327652,-0.3336104154586792,-0.874997079372406,,
23,neuron_activation,Hallucinations_vs_Factual,322,0.4670954644680023,0.0852566733956337,0.005822002422064543,,
23,neuron_activation,Hallucinations_vs_Factual,4594,0.4508671760559082,0.02279435656964779,-0.013506549410521984,,
23,neuron_activation,Hallucinations_vs_Factual,1543,0.44696030020713806,-0.022206785157322884,-0.15247376263141632,,
23,neuron_activation,Hallucinations_vs_Factual,2103,0.4358426332473755,-0.03451700881123543,-0.0917840376496315,,
23,neuron_activation,Hallucinations_vs_Factual,1157,0.4301598072052002,0.14334911108016968,0.0596846267580986,,
24,neuron_activation,Impossible_vs_Factual,7703,0.4863680601119995,0.056535955518484116,-0.0031130185816437006,,
24,neuron_activation,Impossible_vs_Factual,216,0.4835498631000519,-0.12226636707782745,-0.16752347350120544,,
24,neuron_activation,Impossible_vs_Factual,2922,0.4715338349342346,0.11289077252149582,0.05143744871020317,,
24,neuron_activation,Impossible_vs_Factual,7953,0.46356460452079773,0.07055041939020157,0.018594106659293175,,
24,neuron_activation,Impossible_vs_Factual,400,0.46317219734191895,0.10555211454629898,0.04654058814048767,,
24,neuron_activation,Impossible_vs_Factual,7588,0.4596529006958008,-0.11753224581480026,-0.20482215285301208,,
24,neuron_activation,Impossible_vs_Factual,1848,0.45638853311538696,0.09496188908815384,0.04600014537572861,,
24,neuron_activation,Impossible_vs_Factual,6024,0.445182740688324,-0.015370172448456287,-0.08373348414897919,,
24,neuron_activation,Impossible_vs_Factual,957,0.43989211320877075,0.08619224280118942,0.005814268719404936,,
24,neuron_activation,Impossible_vs_Factual,4192,0.4391288459300995,0.2393672913312912,-0.028919681906700134,,
24,neuron_activation,Hallucinations_vs_Factual,7681,0.49054673314094543,0.056980572640895844,-0.025608574971556664,,
24,neuron_activation,Hallucinations_vs_Factual,957,0.4809107780456543,0.10063840448856354,0.005814268719404936,,
24,neuron_activation,Hallucinations_vs_Factual,5615,0.45227840542793274,0.08760794997215271,0.021821049973368645,,
24,neuron_activation,Hallucinations_vs_Factual,1844,0.45007064938545227,0.15612521767616272,0.07176915556192398,,
24,neuron_activation,Hallucinations_vs_Factual,3188,0.44869011640548706,0.29153668880462646,0.2170170098543167,,
24,neuron_activation,Hallucinations_vs_Factual,2205,0.4411609470844269,0.08873245120048523,0.01258077286183834,,
24,neuron_activation,Hallucinations_vs_Factual,2363,0.4411071836948395,-0.026969751343131065,-0.09146775305271149,,
24,neuron_activation,Hallucinations_vs_Factual,8057,0.4350335896015167,0.06814945489168167,0.018368160352110863,,
24,neuron_activation,Hallucinations_vs_Factual,817,0.43436992168426514,0.10835936665534973,0.03154071792960167,,
24,neuron_activation,Hallucinations_vs_Factual,7877,0.42637720704078674,0.17422674596309662,0.09732745587825775,,
25,neuron_activation,Impossible_vs_Factual,2300,0.6011962890625,0.12817257642745972,0.04368400573730469,,
25,neuron_activation,Impossible_vs_Factual,3669,0.5549799203872681,0.06373996287584305,-0.03532075136899948,,
25,neuron_activation,Impossible_vs_Factual,2480,0.5542343258857727,0.019921183586120605,-0.23567740619182587,,
25,neuron_activation,Impossible_vs_Factual,378,0.5511215925216675,-0.3407782316207886,-0.5439316034317017,,
25,neuron_activation,Impossible_vs_Factual,3535,0.502071738243103,0.07220422476530075,0.011846817098557949,,
25,neuron_activation,Impossible_vs_Factual,6561,0.4914584159851074,0.06775084137916565,-0.006297241896390915,,
25,neuron_activation,Impossible_vs_Factual,4463,0.48344966769218445,-0.007734636310487986,-0.1533365547657013,,
25,neuron_activation,Impossible_vs_Factual,3726,0.48224443197250366,0.1502840667963028,0.07957471907138824,,
25,neuron_activation,Impossible_vs_Factual,3287,0.48054274916648865,0.05548960343003273,0.00923119019716978,,
25,neuron_activation,Impossible_vs_Factual,5086,0.4791297912597656,0.018725169822573662,-0.03672103211283684,,
25,neuron_activation,Hallucinations_vs_Factual,6371,0.5499318838119507,0.0909162163734436,-0.010596568696200848,,
25,neuron_activation,Hallucinations_vs_Factual,378,0.5385525822639465,-0.3390390872955322,-0.5439316034317017,,
25,neuron_activation,Hallucinations_vs_Factual,5316,0.5128817558288574,0.040034838020801544,-0.03842299059033394,,
25,neuron_activation,Hallucinations_vs_Factual,3712,0.4983600080013275,0.06526025384664536,-0.018057944253087044,,
25,neuron_activation,Hallucinations_vs_Factual,7952,0.4841744899749756,0.14676764607429504,0.035303547978401184,,
25,neuron_activation,Hallucinations_vs_Factual,3421,0.47228989005088806,-0.05930870771408081,-0.1578674465417862,,
25,neuron_activation,Hallucinations_vs_Factual,1274,0.4714776277542114,0.19922876358032227,0.07808812707662582,,
25,neuron_activation,Hallucinations_vs_Factual,2300,0.47067949175834656,0.12180709093809128,0.04368400573730469,,
25,neuron_activation,Hallucinations_vs_Factual,5336,0.4696447253227234,0.2315470576286316,0.057039372622966766,,
25,neuron_activation,Hallucinations_vs_Factual,4463,0.46627914905548096,-0.007060255855321884,-0.1533365547657013,,
26,neuron_activation,Impossible_vs_Factual,8035,0.5486249923706055,-0.07123173773288727,-0.15831616520881653,,
26,neuron_activation,Impossible_vs_Factual,125,0.5415205359458923,-0.06237046793103218,-0.1733667403459549,,
26,neuron_activation,Impossible_vs_Factual,8129,0.5308798551559448,0.026064066216349602,-0.17149318754673004,,
26,neuron_activation,Impossible_vs_Factual,3550,0.5122109651565552,-0.2291841208934784,-0.29981738328933716,,
26,neuron_activation,Impossible_vs_Factual,2554,0.5112898349761963,0.004214034415781498,-0.2439967542886734,,
26,neuron_activation,Impossible_vs_Factual,4135,0.5079601407051086,0.15792784094810486,0.09546365588903427,,
26,neuron_activation,Impossible_vs_Factual,2666,0.5069118738174438,0.15389743447303772,0.06938202679157257,,
26,neuron_activation,Impossible_vs_Factual,3348,0.5011244416236877,-0.040459856390953064,-0.20728017389774323,,
26,neuron_activation,Impossible_vs_Factual,1946,0.49557188153266907,-0.016068466007709503,-0.09845241159200668,,
26,neuron_activation,Impossible_vs_Factual,6697,0.4890705943107605,0.32232317328453064,0.1388351321220398,,
26,neuron_activation,Hallucinations_vs_Factual,1013,0.5376085042953491,0.05941253900527954,-0.009704336524009705,,
26,neuron_activation,Hallucinations_vs_Factual,6697,0.5117658972740173,0.34464946389198303,0.1388351321220398,,
26,neuron_activation,Hallucinations_vs_Factual,3348,0.5112632513046265,-0.01239049807190895,-0.20728017389774323,,
26,neuron_activation,Hallucinations_vs_Factual,1459,0.5011128187179565,0.08323293924331665,-0.009724811650812626,,
26,neuron_activation,Hallucinations_vs_Factual,3235,0.4951469302177429,-0.08878133445978165,-0.23006871342658997,,
26,neuron_activation,Hallucinations_vs_Factual,2213,0.4925043284893036,0.07603630423545837,0.020261438563466072,,
26,neuron_activation,Hallucinations_vs_Factual,4918,0.4918615520000458,0.09066270291805267,-0.003067153273150325,,
26,neuron_activation,Hallucinations_vs_Factual,3555,0.48886558413505554,0.08701789379119873,0.007748536765575409,,
26,neuron_activation,Hallucinations_vs_Factual,4233,0.48801103234291077,-0.011287027969956398,-0.07523422688245773,,
26,neuron_activation,Hallucinations_vs_Factual,2666,0.48771044611930847,0.1588103026151657,0.06938202679157257,,
27,neuron_activation,Impossible_vs_Factual,5113,0.6156800389289856,0.2629082500934601,-0.15140408277511597,,
27,neuron_activation,Impossible_vs_Factual,4951,0.5898054838180542,0.07049059122800827,-0.039818163961172104,,
27,neuron_activation,Impossible_vs_Factual,7590,0.5874616503715515,0.08027958869934082,-0.013429763726890087,,
27,neuron_activation,Impossible_vs_Factual,7349,0.5740199089050293,-0.07765082269906998,-0.12709224224090576,,
27,neuron_activation,Impossible_vs_Factual,1945,0.561552107334137,0.38348305225372314,-0.0963829755783081,,
27,neuron_activation,Impossible_vs_Factual,4535,0.5595899820327759,-0.15348681807518005,-0.7430344820022583,,
27,neuron_activation,Impossible_vs_Factual,4185,0.5522781014442444,-0.13291384279727936,-0.23546738922595978,,
27,neuron_activation,Impossible_vs_Factual,6237,0.552158772945404,-0.07083534449338913,-0.33439868688583374,,
27,neuron_activation,Impossible_vs_Factual,402,0.5488678812980652,-0.19836021959781647,-0.3156501054763794,,
27,neuron_activation,Impossible_vs_Factual,1154,0.544245183467865,0.0795304924249649,-0.03386523574590683,,
27,neuron_activation,Hallucinations_vs_Factual,7590,0.5210514664649963,0.07791827619075775,-0.013429763726890087,,
27,neuron_activation,Hallucinations_vs_Factual,6271,0.5208619236946106,0.18977198004722595,0.02391444705426693,,
27,neuron_activation,Hallucinations_vs_Factual,4773,0.5152095556259155,0.046762529760599136,0.006239647977054119,,
27,neuron_activation,Hallucinations_vs_Factual,7916,0.5003053545951843,0.13142243027687073,-0.013046584092080593,,
27,neuron_activation,Hallucinations_vs_Factual,1154,0.486116498708725,0.0746736004948616,-0.03386523574590683,,
27,neuron_activation,Hallucinations_vs_Factual,6067,0.48478737473487854,0.2166662961244583,0.06430132687091827,,
27,neuron_activation,Hallucinations_vs_Factual,6895,0.47818782925605774,-0.2659643292427063,-0.46062323451042175,,
27,neuron_activation,Hallucinations_vs_Factual,3537,0.4726313352584839,0.16801851987838745,-0.016191009432077408,,
27,neuron_activation,Hallucinations_vs_Factual,7565,0.4712119400501251,-0.5665730834007263,-0.9223709106445312,,
27,neuron_activation,Hallucinations_vs_Factual,7231,0.4710817337036133,0.12993662059307098,0.008832057937979698,,
0,head_entropy,Impossible_vs_Factual,4,0.31571853160858154,,,1.713366985321045,1.3976484537124634
0,head_entropy,Impossible_vs_Factual,5,0.2942441701889038,,,1.3387930393218994,1.0445488691329956
0,head_entropy,Impossible_vs_Factual,10,0.21895301342010498,,,1.9081873893737793,1.6892343759536743
0,head_entropy,Impossible_vs_Factual,15,0.21276533603668213,,,2.072218656539917,1.8594533205032349
0,head_entropy,Impossible_vs_Factual,13,0.19218814373016357,,,2.066063404083252,1.8738752603530884
0,head_entropy,Impossible_vs_Factual,6,0.1780548095703125,,,1.6894608736038208,1.5114060640335083
0,head_entropy,Impossible_vs_Factual,16,0.17290592193603516,,,1.5017653703689575,1.3288594484329224
0,head_entropy,Impossible_vs_Factual,12,0.16285932064056396,,,2.049359083175659,1.8864997625350952
0,head_entropy,Impossible_vs_Factual,20,0.15309321880340576,,,1.998109221458435,1.8450160026550293
0,head_entropy,Impossible_vs_Factual,3,0.15178132057189941,,,1.9443280696868896,1.7925467491149902
0,head_entropy,Hallucinations_vs_Factual,4,0.4461090564727783,,,1.8437575101852417,1.3976484537124634
0,head_entropy,Hallucinations_vs_Factual,10,0.44340646266937256,,,2.132640838623047,1.6892343759536743
0,head_entropy,Hallucinations_vs_Factual,5,0.42265045642852783,,,1.4671993255615234,1.0445488691329956
0,head_entropy,Hallucinations_vs_Factual,6,0.38104701042175293,,,1.8924530744552612,1.5114060640335083
0,head_entropy,Hallucinations_vs_Factual,13,0.37896883487701416,,,2.2528440952301025,1.8738752603530884
0,head_entropy,Hallucinations_vs_Factual,19,0.34074246883392334,,,2.128422260284424,1.7876797914505005
0,head_entropy,Hallucinations_vs_Factual,17,0.3372340202331543,,,2.338296413421631,2.0010623931884766
0,head_entropy,Hallucinations_vs_Factual,20,0.33571815490722656,,,2.180734157562256,1.8450160026550293
0,head_entropy,Hallucinations_vs_Factual,16,0.3339998722076416,,,1.662859320640564,1.3288594484329224
0,head_entropy,Hallucinations_vs_Factual,18,0.3317810297012329,,,2.0841872692108154,1.7524062395095825
1,head_entropy,Impossible_vs_Factual,15,-0.23483794927597046,,,0.29856008291244507,0.5333980321884155
1,head_entropy,Impossible_vs_Factual,3,-0.20572391152381897,,,0.31161007285118103,0.517333984375
1,head_entropy,Impossible_vs_Factual,19,-0.20201995968818665,,,0.30379679799079895,0.5058167576789856
1,head_entropy,Impossible_vs_Factual,2,-0.1910548210144043,,,0.569111168384552,0.7601659893989563
1,head_entropy,Impossible_vs_Factual,4,-0.18114914000034332,,,0.24882908165454865,0.42997822165489197
1,head_entropy,Impossible_vs_Factual,5,-0.17434445023536682,,,0.3314444124698639,0.5057888627052307
1,head_entropy,Impossible_vs_Factual,12,-0.1668696105480194,,,0.22511690855026245,0.39198651909828186
1,head_entropy,Impossible_vs_Factual,16,-0.16233685612678528,,,0.3403666317462921,0.5027034878730774
1,head_entropy,Impossible_vs_Factual,14,-0.16031135618686676,,,0.17215804755687714,0.3324694037437439
1,head_entropy,Impossible_vs_Factual,8,-0.1518518626689911,,,0.30810800194740295,0.45995986461639404
1,head_entropy,Hallucinations_vs_Factual,15,-0.2415124773979187,,,0.2918855547904968,0.5333980321884155
1,head_entropy,Hallucinations_vs_Factual,3,-0.21007904410362244,,,0.30725494027137756,0.517333984375
1,head_entropy,Hallucinations_vs_Factual,19,-0.20001903176307678,,,0.3057977259159088,0.5058167576789856
1,head_entropy,Hallucinations_vs_Factual,16,-0.1948338747024536,,,0.3078696131706238,0.5027034878730774
1,head_entropy,Hallucinations_vs_Factual,5,-0.18930542469024658,,,0.31648343801498413,0.5057888627052307
1,head_entropy,Hallucinations_vs_Factual,4,-0.18215011060237885,,,0.24782811105251312,0.42997822165489197
1,head_entropy,Hallucinations_vs_Factual,14,-0.1675933599472046,,,0.1648760437965393,0.3324694037437439
1,head_entropy,Hallucinations_vs_Factual,12,-0.16661684215068817,,,0.2253696769475937,0.39198651909828186
1,head_entropy,Hallucinations_vs_Factual,2,-0.16513097286224365,,,0.5950350165367126,0.7601659893989563
1,head_entropy,Hallucinations_vs_Factual,0,-0.15723848342895508,,,0.3047527074813843,0.46199119091033936
2,head_entropy,Impossible_vs_Factual,13,-0.1856750249862671,,,0.3849930167198181,0.5706680417060852
2,head_entropy,Impossible_vs_Factual,1,-0.15084707736968994,,,0.29005327820777893,0.44090035557746887
2,head_entropy,Impossible_vs_Factual,9,-0.11738666892051697,,,0.3208944797515869,0.4382811486721039
2,head_entropy,Impossible_vs_Factual,10,-0.11578068137168884,,,0.255302369594574,0.3710830509662628
2,head_entropy,Impossible_vs_Factual,18,-0.10550695657730103,,,0.2908671200275421,0.39637407660484314
2,head_entropy,Impossible_vs_Factual,22,-0.10180962085723877,,,0.2793281078338623,0.3811377286911011
2,head_entropy,Impossible_vs_Factual,19,-0.092347651720047,,,0.3842207193374634,0.4765683710575104
2,head_entropy,Impossible_vs_Factual,14,-0.08210569620132446,,,0.6024490594863892,0.6845547556877136
2,head_entropy,Impossible_vs_Factual,5,-0.08098483085632324,,,0.24657660722732544,0.3275614380836487
2,head_entropy,Impossible_vs_Factual,20,-0.0733906477689743,,,0.2396240085363388,0.3130146563053131
2,head_entropy,Hallucinations_vs_Factual,13,-0.17972761392593384,,,0.39094042778015137,0.5706680417060852
2,head_entropy,Hallucinations_vs_Factual,1,-0.12726950645446777,,,0.3136308491230011,0.44090035557746887
2,head_entropy,Hallucinations_vs_Factual,9,-0.11188066005706787,,,0.326400488615036,0.4382811486721039
2,head_entropy,Hallucinations_vs_Factual,10,-0.10045760869979858,,,0.27062544226646423,0.3710830509662628
2,head_entropy,Hallucinations_vs_Factual,18,-0.0933799147605896,,,0.30299416184425354,0.39637407660484314
2,head_entropy,Hallucinations_vs_Factual,5,-0.0843392163515091,,,0.2432222217321396,0.3275614380836487
2,head_entropy,Hallucinations_vs_Factual,22,-0.08285647630691528,,,0.2982812523841858,0.3811377286911011
2,head_entropy,Hallucinations_vs_Factual,20,-0.07865576446056366,,,0.23435889184474945,0.3130146563053131
2,head_entropy,Hallucinations_vs_Factual,19,-0.07693353295326233,,,0.39963483810424805,0.4765683710575104
2,head_entropy,Hallucinations_vs_Factual,12,-0.06965480744838715,,,0.2125239223241806,0.28217872977256775
3,head_entropy,Impossible_vs_Factual,14,-0.16158300638198853,,,0.3555448651313782,0.5171278715133667
3,head_entropy,Impossible_vs_Factual,16,-0.13372790813446045,,,0.5544553399085999,0.6881832480430603
3,head_entropy,Impossible_vs_Factual,23,-0.13186413049697876,,,0.29435017704963684,0.4262143075466156
3,head_entropy,Impossible_vs_Factual,13,-0.1165718138217926,,,0.16382452845573425,0.28039634227752686
3,head_entropy,Impossible_vs_Factual,0,-0.09596267342567444,,,0.25509288907051086,0.3510555624961853
3,head_entropy,Impossible_vs_Factual,19,-0.0907217264175415,,,0.1576312780380249,0.2483530044555664
3,head_entropy,Impossible_vs_Factual,20,-0.09004288911819458,,,0.23898538947105408,0.32902827858924866
3,head_entropy,Impossible_vs_Factual,12,-0.08887119591236115,,,0.11752453446388245,0.2063957303762436
3,head_entropy,Impossible_vs_Factual,17,-0.08175787329673767,,,0.28685739636421204,0.3686152696609497
3,head_entropy,Impossible_vs_Factual,8,-0.07844958454370499,,,0.12202528864145279,0.20047487318515778
3,head_entropy,Hallucinations_vs_Factual,14,-0.13275182247161865,,,0.38437604904174805,0.5171278715133667
3,head_entropy,Hallucinations_vs_Factual,13,-0.11345380544662476,,,0.1669425368309021,0.28039634227752686
3,head_entropy,Hallucinations_vs_Factual,23,-0.0914260745048523,,,0.3347882330417633,0.4262143075466156
3,head_entropy,Hallucinations_vs_Factual,12,-0.08419334143400192,,,0.12220238894224167,0.2063957303762436
3,head_entropy,Hallucinations_vs_Factual,8,-0.08095242083072662,,,0.11952245235443115,0.20047487318515778
3,head_entropy,Hallucinations_vs_Factual,6,-0.0674399733543396,,,0.2621850371360779,0.3296250104904175
3,head_entropy,Hallucinations_vs_Factual,20,-0.06716012954711914,,,0.2618681490421295,0.32902827858924866
3,head_entropy,Hallucinations_vs_Factual,7,-0.0656430721282959,,,0.17324168980121613,0.23888476192951202
3,head_entropy,Hallucinations_vs_Factual,19,-0.06261105835437775,,,0.18574194610118866,0.2483530044555664
3,head_entropy,Hallucinations_vs_Factual,15,0.05426955223083496,,,0.3317773640155792,0.27750781178474426
4,head_entropy,Impossible_vs_Factual,7,-0.2099568247795105,,,0.7116641402244568,0.9216209650039673
4,head_entropy,Impossible_vs_Factual,4,-0.20489254593849182,,,0.4516894519329071,0.6565819978713989
4,head_entropy,Impossible_vs_Factual,2,-0.19899624586105347,,,0.6405077576637268,0.8395040035247803
4,head_entropy,Impossible_vs_Factual,9,-0.19514036178588867,,,0.2611275315284729,0.4562678933143616
4,head_entropy,Impossible_vs_Factual,19,-0.15719926357269287,,,0.5454277396202087,0.7026270031929016
4,head_entropy,Impossible_vs_Factual,20,-0.15389680862426758,,,0.5186503529548645,0.6725471615791321
4,head_entropy,Impossible_vs_Factual,3,-0.15227752923965454,,,0.45324599742889404,0.6055235266685486
4,head_entropy,Impossible_vs_Factual,10,-0.1473933458328247,,,0.36881744861602783,0.5162107944488525
4,head_entropy,Impossible_vs_Factual,1,-0.14256060123443604,,,0.531533420085907,0.674094021320343
4,head_entropy,Impossible_vs_Factual,11,-0.10524632036685944,,,0.15962783992290497,0.2648741602897644
4,head_entropy,Hallucinations_vs_Factual,9,-0.19883880019187927,,,0.2574290931224823,0.4562678933143616
4,head_entropy,Hallucinations_vs_Factual,7,-0.1950545310974121,,,0.7265664339065552,0.9216209650039673
4,head_entropy,Hallucinations_vs_Factual,4,-0.1815224289894104,,,0.4750595688819885,0.6565819978713989
4,head_entropy,Hallucinations_vs_Factual,19,-0.16877782344818115,,,0.5338491797447205,0.7026270031929016
4,head_entropy,Hallucinations_vs_Factual,10,-0.1607220470905304,,,0.35548874735832214,0.5162107944488525
4,head_entropy,Hallucinations_vs_Factual,20,-0.15155702829360962,,,0.5209901332855225,0.6725471615791321
4,head_entropy,Hallucinations_vs_Factual,2,-0.14791816473007202,,,0.6915858387947083,0.8395040035247803
4,head_entropy,Hallucinations_vs_Factual,3,-0.1311115324497223,,,0.4744119942188263,0.6055235266685486
4,head_entropy,Hallucinations_vs_Factual,12,-0.0983477234840393,,,0.47610926628112793,0.5744569897651672
4,head_entropy,Hallucinations_vs_Factual,18,-0.09770537912845612,,,0.2344665378332138,0.3321719169616699
5,head_entropy,Impossible_vs_Factual,12,-0.22679245471954346,,,0.8463126420974731,1.0731050968170166
5,head_entropy,Impossible_vs_Factual,23,-0.17566442489624023,,,0.6674686074256897,0.8431330323219299
5,head_entropy,Impossible_vs_Factual,4,-0.17308193445205688,,,0.6152891516685486,0.7883710861206055
5,head_entropy,Impossible_vs_Factual,13,-0.12297266721725464,,,0.5257363319396973,0.6487089991569519
5,head_entropy,Impossible_vs_Factual,3,-0.11563664674758911,,,0.5540409684181213,0.6696776151657104
5,head_entropy,Impossible_vs_Factual,9,-0.10980486869812012,,,0.5770310759544373,0.6868359446525574
5,head_entropy,Impossible_vs_Factual,21,-0.1044607162475586,,,0.9159766435623169,1.0204373598098755
5,head_entropy,Impossible_vs_Factual,10,-0.07449415326118469,,,0.4485195577144623,0.523013710975647
5,head_entropy,Impossible_vs_Factual,16,0.06483989953994751,,,0.676662027835846,0.6118221282958984
5,head_entropy,Impossible_vs_Factual,11,0.06293386220932007,,,0.7666134238243103,0.7036795616149902
5,head_entropy,Hallucinations_vs_Factual,23,-0.16916227340698242,,,0.6739707589149475,0.8431330323219299
5,head_entropy,Hallucinations_vs_Factual,21,-0.14213258028030396,,,0.8783047795295715,1.0204373598098755
5,head_entropy,Hallucinations_vs_Factual,9,-0.14188265800476074,,,0.5449532866477966,0.6868359446525574
5,head_entropy,Hallucinations_vs_Factual,12,-0.1409996747970581,,,0.9321054220199585,1.0731050968170166
5,head_entropy,Hallucinations_vs_Factual,11,0.1294102668762207,,,0.8330898284912109,0.7036795616149902
5,head_entropy,Hallucinations_vs_Factual,13,-0.1232948899269104,,,0.5254141092300415,0.6487089991569519
5,head_entropy,Hallucinations_vs_Factual,4,-0.11730867624282837,,,0.6710624098777771,0.7883710861206055
5,head_entropy,Hallucinations_vs_Factual,16,0.09964269399642944,,,0.7114648222923279,0.6118221282958984
5,head_entropy,Hallucinations_vs_Factual,15,0.09960547089576721,,,0.5496953129768372,0.45008984208106995
5,head_entropy,Hallucinations_vs_Factual,10,-0.09933209419250488,,,0.4236816167831421,0.523013710975647
6,head_entropy,Impossible_vs_Factual,16,-0.23324215412139893,,,0.9351913928985596,1.1684335470199585
6,head_entropy,Impossible_vs_Factual,4,-0.20589852333068848,,,0.2797625660896301,0.4856610894203186
6,head_entropy,Impossible_vs_Factual,5,-0.20497670769691467,,,0.4713378846645355,0.6763145923614502
6,head_entropy,Impossible_vs_Factual,15,-0.2032930850982666,,,0.6827069520950317,0.8860000371932983
6,head_entropy,Impossible_vs_Factual,22,-0.19797062873840332,,,0.4757392406463623,0.6737098693847656
6,head_entropy,Impossible_vs_Factual,17,-0.18603715300559998,,,0.49895212054252625,0.6849892735481262
6,head_entropy,Impossible_vs_Factual,3,-0.18489861488342285,,,0.5757225751876831,0.760621190071106
6,head_entropy,Impossible_vs_Factual,7,-0.17262667417526245,,,0.3347705602645874,0.5073972344398499
6,head_entropy,Impossible_vs_Factual,12,-0.1702774167060852,,,0.42826956510543823,0.5985469818115234
6,head_entropy,Impossible_vs_Factual,6,-0.14968451857566833,,,0.27424120903015137,0.4239257276058197
6,head_entropy,Hallucinations_vs_Factual,7,-0.19096410274505615,,,0.3164331316947937,0.5073972344398499
6,head_entropy,Hallucinations_vs_Factual,5,-0.17711541056632996,,,0.49919918179512024,0.6763145923614502
6,head_entropy,Hallucinations_vs_Factual,11,-0.1642167568206787,,,0.6281524896621704,0.7923692464828491
6,head_entropy,Hallucinations_vs_Factual,12,-0.15839269757270813,,,0.4401542842388153,0.5985469818115234
6,head_entropy,Hallucinations_vs_Factual,22,-0.15074098110198975,,,0.5229688882827759,0.6737098693847656
6,head_entropy,Hallucinations_vs_Factual,13,-0.15052151679992676,,,0.5642246603965759,0.7147461771965027
6,head_entropy,Hallucinations_vs_Factual,6,-0.14293000102043152,,,0.2809957265853882,0.4239257276058197
6,head_entropy,Hallucinations_vs_Factual,4,-0.12603110074996948,,,0.3596299886703491,0.4856610894203186
6,head_entropy,Hallucinations_vs_Factual,15,-0.1235312819480896,,,0.7624687552452087,0.8860000371932983
6,head_entropy,Hallucinations_vs_Factual,17,-0.1209648847579956,,,0.5640243887901306,0.6849892735481262
7,head_entropy,Impossible_vs_Factual,11,-0.3180469870567322,,,0.9018515944480896,1.2198985815048218
7,head_entropy,Impossible_vs_Factual,7,-0.29836708307266235,,,0.9015118479728699,1.1998789310455322
7,head_entropy,Impossible_vs_Factual,9,-0.28616809844970703,,,0.5359219312667847,0.8220900297164917
7,head_entropy,Impossible_vs_Factual,8,-0.2683671712875366,,,0.9530001878738403,1.221367359161377
7,head_entropy,Impossible_vs_Factual,1,-0.23869186639785767,,,0.8614802956581116,1.1001721620559692
7,head_entropy,Impossible_vs_Factual,18,-0.2269570231437683,,,0.9986720681190491,1.2256290912628174
7,head_entropy,Impossible_vs_Factual,13,-0.21254116296768188,,,0.3685721755027771,0.581113338470459
7,head_entropy,Impossible_vs_Factual,0,-0.20806652307510376,,,0.7714179158210754,0.9794844388961792
7,head_entropy,Impossible_vs_Factual,6,-0.17767179012298584,,,0.8186680674552917,0.9963398575782776
7,head_entropy,Impossible_vs_Factual,14,-0.16993337869644165,,,0.7073556184768677,0.8772889971733093
7,head_entropy,Hallucinations_vs_Factual,7,-0.3165118098258972,,,0.883367121219635,1.1998789310455322
7,head_entropy,Hallucinations_vs_Factual,11,-0.31251388788223267,,,0.9073846936225891,1.2198985815048218
7,head_entropy,Hallucinations_vs_Factual,8,-0.31215065717697144,,,0.9092167019844055,1.221367359161377
7,head_entropy,Hallucinations_vs_Factual,9,-0.30488789081573486,,,0.5172021389007568,0.8220900297164917
7,head_entropy,Hallucinations_vs_Factual,1,-0.2764260172843933,,,0.8237461447715759,1.1001721620559692
7,head_entropy,Hallucinations_vs_Factual,0,-0.2159062623977661,,,0.7635781764984131,0.9794844388961792
7,head_entropy,Hallucinations_vs_Factual,13,-0.19159576296806335,,,0.38951757550239563,0.581113338470459
7,head_entropy,Hallucinations_vs_Factual,18,-0.18728911876678467,,,1.0383399724960327,1.2256290912628174
7,head_entropy,Hallucinations_vs_Factual,6,-0.1664411425590515,,,0.8298987150192261,0.9963398575782776
7,head_entropy,Hallucinations_vs_Factual,21,-0.15270698070526123,,,0.7881290316581726,0.9408360123634338
8,head_entropy,Impossible_vs_Factual,11,-0.32976704835891724,,,0.5339614152908325,0.8637284636497498
8,head_entropy,Impossible_vs_Factual,22,-0.28561341762542725,,,0.5179413557052612,0.8035547733306885
8,head_entropy,Impossible_vs_Factual,3,-0.24555069208145142,,,0.8966524004936218,1.1422030925750732
8,head_entropy,Impossible_vs_Factual,9,-0.2421366572380066,,,0.5998359322547913,0.8419725894927979
8,head_entropy,Impossible_vs_Factual,18,-0.24062705039978027,,,0.6600781679153442,0.9007052183151245
8,head_entropy,Impossible_vs_Factual,0,-0.23802733421325684,,,0.5353124737739563,0.7733398079872131
8,head_entropy,Impossible_vs_Factual,12,-0.1685977578163147,,,0.906933605670929,1.0755313634872437
8,head_entropy,Impossible_vs_Factual,16,-0.13422638177871704,,,0.6955274939537048,0.8297538757324219
8,head_entropy,Impossible_vs_Factual,5,-0.13039672374725342,,,0.6655369400978088,0.7959336638450623
8,head_entropy,Impossible_vs_Factual,20,-0.12242379784584045,,,0.319872111082077,0.4422959089279175
8,head_entropy,Hallucinations_vs_Factual,11,-0.29407453536987305,,,0.5696539282798767,0.8637284636497498
8,head_entropy,Hallucinations_vs_Factual,3,-0.2381327748298645,,,0.9040703177452087,1.1422030925750732
8,head_entropy,Hallucinations_vs_Factual,9,-0.22758793830871582,,,0.614384651184082,0.8419725894927979
8,head_entropy,Hallucinations_vs_Factual,22,-0.1971798539161682,,,0.6063749194145203,0.8035547733306885
8,head_entropy,Hallucinations_vs_Factual,0,-0.1889217495918274,,,0.5844180583953857,0.7733398079872131
8,head_entropy,Hallucinations_vs_Factual,18,-0.17884796857833862,,,0.7218572497367859,0.9007052183151245
8,head_entropy,Hallucinations_vs_Factual,16,-0.1684609055519104,,,0.6612929701805115,0.8297538757324219
8,head_entropy,Hallucinations_vs_Factual,5,-0.14731067419052124,,,0.648622989654541,0.7959336638450623
8,head_entropy,Hallucinations_vs_Factual,7,0.14237898588180542,,,0.6834609508514404,0.541081964969635
8,head_entropy,Hallucinations_vs_Factual,15,-0.1407652497291565,,,0.6825432181358337,0.8233084678649902
9,head_entropy,Impossible_vs_Factual,2,-0.3138250708580017,,,0.5469053983688354,0.8607304692268372
9,head_entropy,Impossible_vs_Factual,1,-0.30779075622558594,,,0.636814534664154,0.94460529088974
9,head_entropy,Impossible_vs_Factual,8,-0.2810831069946289,,,0.6108777523040771,0.891960859298706
9,head_entropy,Impossible_vs_Factual,23,-0.2797989249229431,,,0.7467226386070251,1.0265215635299683
9,head_entropy,Impossible_vs_Factual,22,-0.278189480304718,,,0.5212422013282776,0.7994316816329956
9,head_entropy,Impossible_vs_Factual,12,-0.2708633244037628,,,0.3846708834171295,0.6555342078208923
9,head_entropy,Impossible_vs_Factual,21,-0.264712929725647,,,0.7926249504089355,1.0573378801345825
9,head_entropy,Impossible_vs_Factual,18,-0.2552379369735718,,,0.8927304744720459,1.1479684114456177
9,head_entropy,Impossible_vs_Factual,0,-0.24407410621643066,,,0.6853261590003967,0.9294002652168274
9,head_entropy,Impossible_vs_Factual,10,-0.24019914865493774,,,0.6393749713897705,0.8795741200447083
9,head_entropy,Hallucinations_vs_Factual,8,-0.29621678590774536,,,0.5957440733909607,0.891960859298706
9,head_entropy,Hallucinations_vs_Factual,2,-0.2611348628997803,,,0.5995956063270569,0.8607304692268372
9,head_entropy,Hallucinations_vs_Factual,18,-0.25532591342926025,,,0.8926424980163574,1.1479684114456177
9,head_entropy,Hallucinations_vs_Factual,7,-0.24914437532424927,,,0.6355664134025574,0.8847107887268066
9,head_entropy,Hallucinations_vs_Factual,12,-0.22945404052734375,,,0.4260801672935486,0.6555342078208923
9,head_entropy,Hallucinations_vs_Factual,22,-0.2265673279762268,,,0.5728643536567688,0.7994316816329956
9,head_entropy,Hallucinations_vs_Factual,1,-0.22610926628112793,,,0.7184960246086121,0.94460529088974
9,head_entropy,Hallucinations_vs_Factual,6,-0.20070910453796387,,,0.6855215430259705,0.8862306475639343
9,head_entropy,Hallucinations_vs_Factual,23,-0.19065040349960327,,,0.835871160030365,1.0265215635299683
9,head_entropy,Hallucinations_vs_Factual,21,-0.15435755252838135,,,0.9029803276062012,1.0573378801345825
10,head_entropy,Impossible_vs_Factual,12,-0.3469979763031006,,,0.49513572454452515,0.8421337008476257
10,head_entropy,Impossible_vs_Factual,0,-0.2808226943016052,,,0.5364822745323181,0.8173049688339233
10,head_entropy,Impossible_vs_Factual,13,-0.27474963665008545,,,0.639924168586731,0.9146738052368164
10,head_entropy,Impossible_vs_Factual,18,-0.2629295587539673,,,0.8317149877548218,1.094644546508789
10,head_entropy,Impossible_vs_Factual,14,-0.2625967860221863,,,0.608967661857605,0.8715644478797913
10,head_entropy,Impossible_vs_Factual,3,-0.26239848136901855,,,0.5715724229812622,0.8339709043502808
10,head_entropy,Impossible_vs_Factual,19,-0.22780084609985352,,,0.9010508060455322,1.1288516521453857
10,head_entropy,Impossible_vs_Factual,2,-0.2235894799232483,,,0.9609610438346863,1.1845505237579346
10,head_entropy,Impossible_vs_Factual,4,-0.2177051305770874,,,0.6208046674728394,0.8385097980499268
10,head_entropy,Impossible_vs_Factual,1,-0.21606439352035522,,,0.7302929759025574,0.9463573694229126
10,head_entropy,Hallucinations_vs_Factual,12,-0.34328439831733704,,,0.4988493025302887,0.8421337008476257
10,head_entropy,Hallucinations_vs_Factual,13,-0.2890329957008362,,,0.6256408095359802,0.9146738052368164
10,head_entropy,Hallucinations_vs_Factual,14,-0.27745503187179565,,,0.5941094160079956,0.8715644478797913
10,head_entropy,Hallucinations_vs_Factual,0,-0.2734602689743042,,,0.5438446998596191,0.8173049688339233
10,head_entropy,Hallucinations_vs_Factual,1,-0.21970516443252563,,,0.726652204990387,0.9463573694229126
10,head_entropy,Hallucinations_vs_Factual,9,0.19696885347366333,,,0.9161133766174316,0.7191445231437683
10,head_entropy,Hallucinations_vs_Factual,2,-0.1843043565750122,,,1.0002461671829224,1.1845505237579346
10,head_entropy,Hallucinations_vs_Factual,3,-0.17487525939941406,,,0.6590956449508667,0.8339709043502808
10,head_entropy,Hallucinations_vs_Factual,7,-0.17182821035385132,,,0.9280156493186951,1.0998438596725464
10,head_entropy,Hallucinations_vs_Factual,18,-0.1672501564025879,,,0.9273943901062012,1.094644546508789
11,head_entropy,Impossible_vs_Factual,11,-0.3331936001777649,,,0.8051988482475281,1.138392448425293
11,head_entropy,Impossible_vs_Factual,18,-0.29572659730911255,,,0.7999064326286316,1.0956330299377441
11,head_entropy,Impossible_vs_Factual,19,-0.2929162383079529,,,0.7290547490119934,1.0219709873199463
11,head_entropy,Impossible_vs_Factual,3,-0.26762884855270386,,,0.7129413485527039,0.9805701971054077
11,head_entropy,Impossible_vs_Factual,22,-0.26599955558776855,,,0.7795860767364502,1.0455856323242188
11,head_entropy,Impossible_vs_Factual,7,-0.2559378147125244,,,1.0513513088226318,1.3072891235351562
11,head_entropy,Impossible_vs_Factual,20,-0.25485944747924805,,,0.7581777572631836,1.0130372047424316
11,head_entropy,Impossible_vs_Factual,10,-0.22607815265655518,,,0.941765546798706,1.1678436994552612
11,head_entropy,Impossible_vs_Factual,8,-0.21441036462783813,,,0.86292964220047,1.077340006828308
11,head_entropy,Impossible_vs_Factual,12,-0.21131640672683716,,,0.7640662789344788,0.9753826856613159
11,head_entropy,Hallucinations_vs_Factual,11,-0.25966793298721313,,,0.8787245154380798,1.138392448425293
11,head_entropy,Hallucinations_vs_Factual,19,-0.2586047053337097,,,0.7633662819862366,1.0219709873199463
11,head_entropy,Hallucinations_vs_Factual,18,-0.2569730281829834,,,0.8386600017547607,1.0956330299377441
11,head_entropy,Hallucinations_vs_Factual,7,-0.23581206798553467,,,1.0714770555496216,1.3072891235351562
11,head_entropy,Hallucinations_vs_Factual,10,-0.2047421932220459,,,0.9631015062332153,1.1678436994552612
11,head_entropy,Hallucinations_vs_Factual,12,-0.1942029595375061,,,0.7811797261238098,0.9753826856613159
11,head_entropy,Hallucinations_vs_Factual,22,-0.19409722089767456,,,0.8514884114265442,1.0455856323242188
11,head_entropy,Hallucinations_vs_Factual,14,-0.1859455704689026,,,0.569945216178894,0.7558907866477966
11,head_entropy,Hallucinations_vs_Factual,20,-0.18519729375839233,,,0.8278399109840393,1.0130372047424316
11,head_entropy,Hallucinations_vs_Factual,3,-0.18318158388137817,,,0.7973886132240295,0.9805701971054077
12,head_entropy,Impossible_vs_Factual,10,-0.28924113512039185,,,0.7106592059135437,0.9999003410339355
12,head_entropy,Impossible_vs_Factual,17,-0.27740412950515747,,,0.5480634570121765,0.825467586517334
12,head_entropy,Impossible_vs_Factual,2,-0.2410234808921814,,,0.7988770604133606,1.039900541305542
12,head_entropy,Impossible_vs_Factual,8,-0.2407146692276001,,,0.6496857404708862,0.8904004096984863
12,head_entropy,Impossible_vs_Factual,20,-0.23209956288337708,,,0.38594725728034973,0.6180468201637268
12,head_entropy,Impossible_vs_Factual,12,-0.2275058627128601,,,0.7676875591278076,0.9951934218406677
12,head_entropy,Impossible_vs_Factual,5,-0.22663778066635132,,,0.7964853644371033,1.0231231451034546
12,head_entropy,Impossible_vs_Factual,9,-0.22101396322250366,,,0.662847638130188,0.8838616013526917
12,head_entropy,Impossible_vs_Factual,18,-0.20193743705749512,,,0.5008798241615295,0.7028172612190247
12,head_entropy,Impossible_vs_Factual,23,-0.2009570598602295,,,1.0512264966964722,1.2521835565567017
12,head_entropy,Hallucinations_vs_Factual,17,-0.26002979278564453,,,0.5654377937316895,0.825467586517334
12,head_entropy,Hallucinations_vs_Factual,10,-0.21487611532211304,,,0.7850242257118225,0.9999003410339355
12,head_entropy,Hallucinations_vs_Factual,23,-0.19284391403198242,,,1.0593396425247192,1.2521835565567017
12,head_entropy,Hallucinations_vs_Factual,5,-0.1747267246246338,,,0.8483964204788208,1.0231231451034546
12,head_entropy,Hallucinations_vs_Factual,20,-0.15602326393127441,,,0.4620235562324524,0.6180468201637268
12,head_entropy,Hallucinations_vs_Factual,2,-0.15426969528198242,,,0.8856308460235596,1.039900541305542
12,head_entropy,Hallucinations_vs_Factual,12,-0.14088082313537598,,,0.8543125987052917,0.9951934218406677
12,head_entropy,Hallucinations_vs_Factual,14,-0.14059966802597046,,,0.8351015448570251,0.9757012128829956
12,head_entropy,Hallucinations_vs_Factual,8,-0.1274999976158142,,,0.7629004120826721,0.8904004096984863
12,head_entropy,Hallucinations_vs_Factual,9,-0.11964297294616699,,,0.7642186284065247,0.8838616013526917
13,head_entropy,Impossible_vs_Factual,6,-0.35601913928985596,,,0.5550678372383118,0.9110869765281677
13,head_entropy,Impossible_vs_Factual,11,-0.33524268865585327,,,0.6375835537910461,0.9728262424468994
13,head_entropy,Impossible_vs_Factual,8,-0.32598811388015747,,,0.6450859904289246,0.971074104309082
13,head_entropy,Impossible_vs_Factual,19,-0.27549803256988525,,,0.7185937762260437,0.994091808795929
13,head_entropy,Impossible_vs_Factual,10,-0.26560908555984497,,,0.6503517031669617,0.9159607887268066
13,head_entropy,Impossible_vs_Factual,5,-0.26042574644088745,,,0.7335029244422913,0.9939286708831787
13,head_entropy,Impossible_vs_Factual,12,-0.23934566974639893,,,0.6119434237480164,0.8512890934944153
13,head_entropy,Impossible_vs_Factual,7,-0.23257839679718018,,,0.6958416104316711,0.9284200072288513
13,head_entropy,Impossible_vs_Factual,15,-0.21622872352600098,,,0.8589119911193848,1.0751407146453857
13,head_entropy,Impossible_vs_Factual,18,-0.21071314811706543,,,0.7087323069572449,0.9194454550743103
13,head_entropy,Hallucinations_vs_Factual,6,-0.3770751953125,,,0.5340117812156677,0.9110869765281677
13,head_entropy,Hallucinations_vs_Factual,8,-0.3240906596183777,,,0.6469834446907043,0.971074104309082
13,head_entropy,Hallucinations_vs_Factual,11,-0.29348790645599365,,,0.6793383359909058,0.9728262424468994
13,head_entropy,Hallucinations_vs_Factual,7,-0.2706093192100525,,,0.6578106880187988,0.9284200072288513
13,head_entropy,Hallucinations_vs_Factual,10,-0.2073434591293335,,,0.7086173295974731,0.9159607887268066
13,head_entropy,Hallucinations_vs_Factual,12,-0.17706257104873657,,,0.6742265224456787,0.8512890934944153
13,head_entropy,Hallucinations_vs_Factual,5,-0.16702258586883545,,,0.8269060850143433,0.9939286708831787
13,head_entropy,Hallucinations_vs_Factual,19,-0.161298930644989,,,0.8327928781509399,0.994091808795929
13,head_entropy,Hallucinations_vs_Factual,15,-0.15951377153396606,,,0.9156269431114197,1.0751407146453857
13,head_entropy,Hallucinations_vs_Factual,18,-0.15537405014038086,,,0.7640714049339294,0.9194454550743103
14,head_entropy,Impossible_vs_Factual,16,-0.3542656898498535,,,0.6358916163444519,0.9901573061943054
14,head_entropy,Impossible_vs_Factual,6,-0.3339229226112366,,,0.5777237415313721,0.9116466641426086
14,head_entropy,Impossible_vs_Factual,5,-0.3142446279525757,,,0.6167606115341187,0.9310052394866943
14,head_entropy,Impossible_vs_Factual,0,-0.300157368183136,,,0.7467352747917175,1.0468926429748535
14,head_entropy,Impossible_vs_Factual,9,-0.2998117208480835,,,0.6278720498085022,0.9276837706565857
14,head_entropy,Impossible_vs_Factual,20,-0.2949368953704834,,,0.6117271780967712,0.9066640734672546
14,head_entropy,Impossible_vs_Factual,8,-0.2838946580886841,,,0.9062342643737793,1.1901289224624634
14,head_entropy,Impossible_vs_Factual,13,-0.2780156135559082,,,0.6192421913146973,0.8972578048706055
14,head_entropy,Impossible_vs_Factual,7,-0.2769840359687805,,,0.752513587474823,1.0294976234436035
14,head_entropy,Impossible_vs_Factual,17,-0.2769402861595154,,,0.5712716579437256,0.848211944103241
14,head_entropy,Hallucinations_vs_Factual,0,-0.34315699338912964,,,0.7037356495857239,1.0468926429748535
14,head_entropy,Hallucinations_vs_Factual,9,-0.3340408205986023,,,0.5936429500579834,0.9276837706565857
14,head_entropy,Hallucinations_vs_Factual,16,-0.3181600570678711,,,0.6719972491264343,0.9901573061943054
14,head_entropy,Hallucinations_vs_Factual,5,-0.3120877146720886,,,0.6189175248146057,0.9310052394866943
14,head_entropy,Hallucinations_vs_Factual,6,-0.28296422958374023,,,0.6286824345588684,0.9116466641426086
14,head_entropy,Hallucinations_vs_Factual,8,-0.2805018424987793,,,0.9096270799636841,1.1901289224624634
14,head_entropy,Hallucinations_vs_Factual,23,-0.2242271602153778,,,0.4649358093738556,0.6891629695892334
14,head_entropy,Hallucinations_vs_Factual,20,-0.2230892777442932,,,0.6835747957229614,0.9066640734672546
14,head_entropy,Hallucinations_vs_Factual,13,-0.21059387922286987,,,0.6866639256477356,0.8972578048706055
14,head_entropy,Hallucinations_vs_Factual,7,-0.210071861743927,,,0.8194257616996765,1.0294976234436035
15,head_entropy,Impossible_vs_Factual,16,-0.3309236168861389,,,0.5843555927276611,0.9152792096138
15,head_entropy,Impossible_vs_Factual,4,-0.2751655578613281,,,0.5183430910110474,0.7935086488723755
15,head_entropy,Impossible_vs_Factual,11,-0.2673867344856262,,,0.9303320050239563,1.1977187395095825
15,head_entropy,Impossible_vs_Factual,9,-0.2673388719558716,,,0.6581182479858398,0.9254571199417114
15,head_entropy,Impossible_vs_Factual,3,-0.20418155193328857,,,0.5660327076911926,0.7702142596244812
15,head_entropy,Impossible_vs_Factual,15,-0.18534821271896362,,,0.6335383653640747,0.8188865780830383
15,head_entropy,Impossible_vs_Factual,22,-0.18404090404510498,,,0.4537855386734009,0.6378264427185059
15,head_entropy,Impossible_vs_Factual,2,-0.17874222993850708,,,0.49700719118118286,0.6757494211196899
15,head_entropy,Impossible_vs_Factual,10,-0.17315220832824707,,,0.6813555359840393,0.8545077443122864
15,head_entropy,Impossible_vs_Factual,19,-0.16822892427444458,,,0.527766764163971,0.6959956884384155
15,head_entropy,Hallucinations_vs_Factual,11,-0.2446795105934143,,,0.9530392289161682,1.1977187395095825
15,head_entropy,Hallucinations_vs_Factual,4,-0.2442275881767273,,,0.5492810606956482,0.7935086488723755
15,head_entropy,Hallucinations_vs_Factual,16,-0.23806726932525635,,,0.6772119402885437,0.9152792096138
15,head_entropy,Hallucinations_vs_Factual,9,-0.20016902685165405,,,0.7252880930900574,0.9254571199417114
15,head_entropy,Hallucinations_vs_Factual,3,-0.15927523374557495,,,0.6109390258789062,0.7702142596244812
15,head_entropy,Hallucinations_vs_Factual,15,-0.1514270305633545,,,0.6674595475196838,0.8188865780830383
15,head_entropy,Hallucinations_vs_Factual,23,-0.1167803406715393,,,0.6837217211723328,0.8005020618438721
15,head_entropy,Hallucinations_vs_Factual,10,-0.11106628179550171,,,0.7434414625167847,0.8545077443122864
15,head_entropy,Hallucinations_vs_Factual,22,-0.1070508360862732,,,0.5307756066322327,0.6378264427185059
15,head_entropy,Hallucinations_vs_Factual,7,-0.10387498140335083,,,0.25800076127052307,0.3618757426738739
16,head_entropy,Impossible_vs_Factual,12,-0.33533143997192383,,,0.28660792112350464,0.6219393610954285
16,head_entropy,Impossible_vs_Factual,21,-0.190990149974823,,,0.5811113715171814,0.7721015214920044
16,head_entropy,Impossible_vs_Factual,4,-0.18157175183296204,,,0.30381661653518677,0.4853883683681488
16,head_entropy,Impossible_vs_Factual,6,-0.1676640808582306,,,0.4962843954563141,0.6639484763145447
16,head_entropy,Impossible_vs_Factual,5,-0.16625873744487762,,,0.15239600837230682,0.31865474581718445
16,head_entropy,Impossible_vs_Factual,11,-0.1609872579574585,,,0.4431745409965515,0.60416179895401
16,head_entropy,Impossible_vs_Factual,18,-0.14958155155181885,,,0.5500115752220154,0.6995931267738342
16,head_entropy,Impossible_vs_Factual,13,-0.14369693398475647,,,0.383072167634964,0.5267691016197205
16,head_entropy,Impossible_vs_Factual,8,-0.1277802586555481,,,0.3967211842536926,0.5245014429092407
16,head_entropy,Impossible_vs_Factual,19,-0.1081676185131073,,,0.49141058325767517,0.5995782017707825
16,head_entropy,Hallucinations_vs_Factual,12,-0.29754573106765747,,,0.324393630027771,0.6219393610954285
16,head_entropy,Hallucinations_vs_Factual,4,-0.16370093822479248,,,0.3216874301433563,0.4853883683681488
16,head_entropy,Hallucinations_vs_Factual,21,-0.14138096570968628,,,0.6307205557823181,0.7721015214920044
16,head_entropy,Hallucinations_vs_Factual,13,-0.1412585973739624,,,0.38551050424575806,0.5267691016197205
16,head_entropy,Hallucinations_vs_Factual,5,-0.12323333323001862,,,0.19542141258716583,0.31865474581718445
16,head_entropy,Hallucinations_vs_Factual,19,-0.10948362946510315,,,0.4900945723056793,0.5995782017707825
16,head_entropy,Hallucinations_vs_Factual,18,-0.1088411808013916,,,0.5907519459724426,0.6995931267738342
16,head_entropy,Hallucinations_vs_Factual,11,-0.08718258142471313,,,0.5169792175292969,0.60416179895401
16,head_entropy,Hallucinations_vs_Factual,7,-0.08296540379524231,,,0.41718700528144836,0.5001524090766907
16,head_entropy,Hallucinations_vs_Factual,23,-0.07765093445777893,,,0.21596920490264893,0.29362013936042786
17,head_entropy,Impossible_vs_Factual,11,-0.19561532139778137,,,0.40194132924079895,0.5975566506385803
17,head_entropy,Impossible_vs_Factual,20,-0.17977279424667358,,,0.27709054946899414,0.4568633437156677
17,head_entropy,Impossible_vs_Factual,17,-0.17244327068328857,,,0.6558927297592163,0.8283360004425049
17,head_entropy,Impossible_vs_Factual,7,-0.17052975296974182,,,0.3336801826953888,0.5042099356651306
17,head_entropy,Impossible_vs_Factual,15,-0.16752946376800537,,,0.6798933744430542,0.8474228382110596
17,head_entropy,Impossible_vs_Factual,2,-0.16088664531707764,,,0.5577754378318787,0.7186620831489563
17,head_entropy,Impossible_vs_Factual,18,-0.1527480036020279,,,0.225948765873909,0.3786967694759369
17,head_entropy,Impossible_vs_Factual,6,-0.12171036005020142,,,0.48637229204177856,0.60808265209198
17,head_entropy,Impossible_vs_Factual,8,-0.11943340301513672,,,0.5246602296829224,0.6440936326980591
17,head_entropy,Impossible_vs_Factual,1,-0.1045776754617691,,,0.2201469987630844,0.3247246742248535
17,head_entropy,Hallucinations_vs_Factual,6,-0.1795330047607422,,,0.4285496473312378,0.60808265209198
17,head_entropy,Hallucinations_vs_Factual,2,-0.13983780145645142,,,0.5788242816925049,0.7186620831489563
17,head_entropy,Hallucinations_vs_Factual,15,-0.13739556074142456,,,0.710027277469635,0.8474228382110596
17,head_entropy,Hallucinations_vs_Factual,11,-0.13616016507148743,,,0.4613964855670929,0.5975566506385803
17,head_entropy,Hallucinations_vs_Factual,8,-0.13072162866592407,,,0.513372004032135,0.6440936326980591
17,head_entropy,Hallucinations_vs_Factual,17,-0.1268945336341858,,,0.7014414668083191,0.8283360004425049
17,head_entropy,Hallucinations_vs_Factual,20,-0.10808113217353821,,,0.3487822115421295,0.4568633437156677
17,head_entropy,Hallucinations_vs_Factual,16,-0.10337010025978088,,,0.3865586221218109,0.4899287223815918
17,head_entropy,Hallucinations_vs_Factual,0,-0.09461241960525513,,,0.33238184452056885,0.426994264125824
17,head_entropy,Hallucinations_vs_Factual,7,-0.08989062905311584,,,0.41431930661201477,0.5042099356651306
18,head_entropy,Impossible_vs_Factual,0,-0.15848112106323242,,,0.39115530252456665,0.5496364235877991
18,head_entropy,Impossible_vs_Factual,20,-0.1556134819984436,,,0.421772837638855,0.5773863196372986
18,head_entropy,Impossible_vs_Factual,10,-0.15314647555351257,,,0.4275253713130951,0.5806718468666077
18,head_entropy,Impossible_vs_Factual,9,-0.14136332273483276,,,0.5625975728034973,0.7039608955383301
18,head_entropy,Impossible_vs_Factual,11,-0.13143742084503174,,,0.5009052753448486,0.6323426961898804
18,head_entropy,Impossible_vs_Factual,5,-0.10667872428894043,,,0.1438881754875183,0.25056689977645874
18,head_entropy,Impossible_vs_Factual,6,-0.0971364676952362,,,0.36982443928718567,0.4669609069824219
18,head_entropy,Impossible_vs_Factual,2,-0.08910083770751953,,,0.17383742332458496,0.2629382610321045
18,head_entropy,Impossible_vs_Factual,12,0.07024413347244263,,,0.3091191351413727,0.23887500166893005
18,head_entropy,Impossible_vs_Factual,3,-0.06620122492313385,,,0.18413083255290985,0.2503320574760437
18,head_entropy,Hallucinations_vs_Factual,0,-0.15774041414260864,,,0.39189600944519043,0.5496364235877991
18,head_entropy,Hallucinations_vs_Factual,10,-0.15457037091255188,,,0.4261014759540558,0.5806718468666077
18,head_entropy,Hallucinations_vs_Factual,20,-0.144336998462677,,,0.4330493211746216,0.5773863196372986
18,head_entropy,Hallucinations_vs_Factual,11,-0.12562644481658936,,,0.506716251373291,0.6323426961898804
18,head_entropy,Hallucinations_vs_Factual,2,-0.12176908552646637,,,0.14116917550563812,0.2629382610321045
18,head_entropy,Hallucinations_vs_Factual,1,-0.10805851221084595,,,0.4281620979309082,0.5362206101417542
18,head_entropy,Hallucinations_vs_Factual,9,-0.10516202449798584,,,0.5987988710403442,0.7039608955383301
18,head_entropy,Hallucinations_vs_Factual,6,-0.1045992374420166,,,0.3623616695404053,0.4669609069824219
18,head_entropy,Hallucinations_vs_Factual,5,-0.08377660810947418,,,0.16679029166698456,0.25056689977645874
18,head_entropy,Hallucinations_vs_Factual,3,-0.07549363374710083,,,0.17483842372894287,0.2503320574760437
19,head_entropy,Impossible_vs_Factual,1,-0.29302239418029785,,,0.5795829892158508,0.8726053833961487
19,head_entropy,Impossible_vs_Factual,7,-0.29251229763031006,,,0.400226354598999,0.6927386522293091
19,head_entropy,Impossible_vs_Factual,6,-0.1366594135761261,,,0.2628132402896881,0.3994726538658142
19,head_entropy,Impossible_vs_Factual,3,-0.13017025589942932,,,0.26768866181373596,0.3978589177131653
19,head_entropy,Impossible_vs_Factual,2,-0.12527436017990112,,,0.5410723090171814,0.6663466691970825
19,head_entropy,Impossible_vs_Factual,4,-0.11940261721611023,,,0.2950875759124756,0.4144901931285858
19,head_entropy,Impossible_vs_Factual,5,-0.11252115666866302,,,0.20672942698001862,0.31925058364868164
19,head_entropy,Impossible_vs_Factual,0,-0.10986077785491943,,,0.392433226108551,0.5022940039634705
19,head_entropy,Impossible_vs_Factual,19,-0.1039416491985321,,,0.4748527705669403,0.5787944197654724
19,head_entropy,Impossible_vs_Factual,8,-0.08080753684043884,,,0.4883144199848175,0.5691219568252563
19,head_entropy,Hallucinations_vs_Factual,7,-0.2923155725002289,,,0.4004230797290802,0.6927386522293091
19,head_entropy,Hallucinations_vs_Factual,1,-0.2668014168739319,,,0.6058039665222168,0.8726053833961487
19,head_entropy,Hallucinations_vs_Factual,6,-0.14689508080482483,,,0.2525775730609894,0.3994726538658142
19,head_entropy,Hallucinations_vs_Factual,4,-0.1394476592540741,,,0.2750425338745117,0.4144901931285858
19,head_entropy,Hallucinations_vs_Factual,0,-0.12949815392494202,,,0.37279585003852844,0.5022940039634705
19,head_entropy,Hallucinations_vs_Factual,5,-0.12873344123363495,,,0.1905171424150467,0.31925058364868164
19,head_entropy,Hallucinations_vs_Factual,2,-0.12646478414535522,,,0.5398818850517273,0.6663466691970825
19,head_entropy,Hallucinations_vs_Factual,3,-0.1037558913230896,,,0.2941030263900757,0.3978589177131653
19,head_entropy,Hallucinations_vs_Factual,13,-0.09797552227973938,,,0.37144243717193604,0.4694179594516754
19,head_entropy,Hallucinations_vs_Factual,19,-0.08466869592666626,,,0.49412572383880615,0.5787944197654724
20,head_entropy,Impossible_vs_Factual,19,-0.13516771793365479,,,0.45372676849365234,0.5888944864273071
20,head_entropy,Impossible_vs_Factual,22,-0.11304578185081482,,,0.20752432942390442,0.32057011127471924
20,head_entropy,Impossible_vs_Factual,21,-0.10174617171287537,,,0.39750224351882935,0.4992484152317047
20,head_entropy,Impossible_vs_Factual,20,0.0804227888584137,,,0.4715888798236847,0.391166090965271
20,head_entropy,Impossible_vs_Factual,16,0.07939466834068298,,,0.3439672887325287,0.2645726203918457
20,head_entropy,Impossible_vs_Factual,9,0.07905986905097961,,,0.3229617178440094,0.24390184879302979
20,head_entropy,Impossible_vs_Factual,3,-0.06527148187160492,,,0.24296678602695465,0.30823826789855957
20,head_entropy,Impossible_vs_Factual,10,0.053476378321647644,,,0.2884494960308075,0.23497311770915985
20,head_entropy,Impossible_vs_Factual,18,-0.05159953236579895,,,0.2939341366291046,0.34553366899490356
20,head_entropy,Impossible_vs_Factual,4,-0.051461488008499146,,,0.262643963098526,0.31410545110702515
20,head_entropy,Hallucinations_vs_Factual,21,-0.1662357747554779,,,0.3330126404762268,0.4992484152317047
20,head_entropy,Hallucinations_vs_Factual,22,-0.12068411707878113,,,0.1998859941959381,0.32057011127471924
20,head_entropy,Hallucinations_vs_Factual,23,-0.086151123046875,,,0.16951432824134827,0.25566545128822327
20,head_entropy,Hallucinations_vs_Factual,3,-0.07844430208206177,,,0.2297939658164978,0.30823826789855957
20,head_entropy,Hallucinations_vs_Factual,19,-0.0741966962814331,,,0.514697790145874,0.5888944864273071
20,head_entropy,Hallucinations_vs_Factual,17,-0.06449414789676666,,,0.21853633224964142,0.2830304801464081
20,head_entropy,Hallucinations_vs_Factual,15,-0.04858449101448059,,,0.17223693430423737,0.22082142531871796
20,head_entropy,Hallucinations_vs_Factual,2,-0.04782113432884216,,,0.32992684841156006,0.3777479827404022
20,head_entropy,Hallucinations_vs_Factual,20,0.04436329007148743,,,0.4355293810367584,0.391166090965271
20,head_entropy,Hallucinations_vs_Factual,12,-0.043372318148612976,,,0.1454196721315384,0.18879199028015137
21,head_entropy,Impossible_vs_Factual,22,-0.14040666818618774,,,0.25593650341033936,0.3963431715965271
21,head_entropy,Impossible_vs_Factual,2,-0.1294131577014923,,,0.4083455502986908,0.5377587080001831
21,head_entropy,Impossible_vs_Factual,0,-0.07461085915565491,,,0.29945501685142517,0.3740658760070801
21,head_entropy,Impossible_vs_Factual,23,-0.07095608115196228,,,0.3673720955848694,0.43832817673683167
21,head_entropy,Impossible_vs_Factual,16,-0.06792831420898438,,,0.20451462268829346,0.27244293689727783
21,head_entropy,Impossible_vs_Factual,20,0.06297361850738525,,,0.38328221440315247,0.3203085958957672
21,head_entropy,Impossible_vs_Factual,8,-0.061528280377388,,,0.160914808511734,0.222443088889122
21,head_entropy,Impossible_vs_Factual,11,-0.058652251958847046,,,0.4364863634109497,0.49513861536979675
21,head_entropy,Impossible_vs_Factual,10,0.058628857135772705,,,0.6899023056030273,0.6312734484672546
21,head_entropy,Impossible_vs_Factual,12,0.05756543576717377,,,0.21241062879562378,0.15484519302845
21,head_entropy,Hallucinations_vs_Factual,22,-0.1312713623046875,,,0.2650718092918396,0.3963431715965271
21,head_entropy,Hallucinations_vs_Factual,23,-0.1279190182685852,,,0.31040915846824646,0.43832817673683167
21,head_entropy,Hallucinations_vs_Factual,21,-0.09685638546943665,,,0.3170185983181,0.4138749837875366
21,head_entropy,Hallucinations_vs_Factual,11,-0.0963875949382782,,,0.39875102043151855,0.49513861536979675
21,head_entropy,Hallucinations_vs_Factual,16,-0.06535360217094421,,,0.20708933472633362,0.27244293689727783
21,head_entropy,Hallucinations_vs_Factual,8,-0.06488730013370514,,,0.15755578875541687,0.222443088889122
21,head_entropy,Hallucinations_vs_Factual,12,0.053933724761009216,,,0.20877891778945923,0.15484519302845
21,head_entropy,Hallucinations_vs_Factual,13,0.051218703389167786,,,0.20570114254951477,0.15448243916034698
21,head_entropy,Hallucinations_vs_Factual,6,-0.04970666766166687,,,0.09989587962627411,0.14960254728794098
21,head_entropy,Hallucinations_vs_Factual,18,0.04849398136138916,,,0.28565654158592224,0.23716256022453308
22,head_entropy,Impossible_vs_Factual,17,-0.2650202810764313,,,0.3784655034542084,0.6434857845306396
22,head_entropy,Impossible_vs_Factual,16,-0.15381944179534912,,,0.24398916959762573,0.39780861139297485
22,head_entropy,Impossible_vs_Factual,15,-0.13012945652008057,,,0.33333250880241394,0.4634619653224945
22,head_entropy,Impossible_vs_Factual,21,-0.05260154604911804,,,0.1635405272245407,0.21614207327365875
22,head_entropy,Impossible_vs_Factual,23,-0.04305410385131836,,,0.15103811025619507,0.19409221410751343
22,head_entropy,Impossible_vs_Factual,22,-0.04078441113233566,,,0.09222143143415451,0.13300584256649017
22,head_entropy,Impossible_vs_Factual,4,0.036707498133182526,,,0.1518876850605011,0.11518018692731857
22,head_entropy,Impossible_vs_Factual,11,0.03547917306423187,,,0.16114301979541779,0.1256638467311859
22,head_entropy,Impossible_vs_Factual,10,0.03413969278335571,,,0.15648160874843597,0.12234191596508026
22,head_entropy,Impossible_vs_Factual,3,0.026545390486717224,,,0.1683109998703003,0.14176560938358307
22,head_entropy,Hallucinations_vs_Factual,17,-0.25529035925865173,,,0.3881954252719879,0.6434857845306396
22,head_entropy,Hallucinations_vs_Factual,16,-0.16361014544963837,,,0.2341984659433365,0.39780861139297485
22,head_entropy,Hallucinations_vs_Factual,15,-0.16047555208206177,,,0.30298641324043274,0.4634619653224945
22,head_entropy,Hallucinations_vs_Factual,23,-0.06656628847122192,,,0.1275259256362915,0.19409221410751343
22,head_entropy,Hallucinations_vs_Factual,21,-0.064760223031044,,,0.15138185024261475,0.21614207327365875
22,head_entropy,Hallucinations_vs_Factual,14,-0.056680649518966675,,,0.4030834138393402,0.4597640633583069
22,head_entropy,Hallucinations_vs_Factual,1,-0.050046950578689575,,,0.39354878664016724,0.4435957372188568
22,head_entropy,Hallucinations_vs_Factual,22,-0.04419858008623123,,,0.08880726248025894,0.13300584256649017
22,head_entropy,Hallucinations_vs_Factual,20,-0.0427468866109848,,,0.15093006193637848,0.19367694854736328
22,head_entropy,Hallucinations_vs_Factual,5,0.038005366921424866,,,0.1835944503545761,0.14558908343315125
23,head_entropy,Impossible_vs_Factual,17,-0.23782312870025635,,,0.5619774460792542,0.7998005747795105
23,head_entropy,Impossible_vs_Factual,16,-0.22001850605010986,,,0.46717286109924316,0.687191367149353
23,head_entropy,Impossible_vs_Factual,13,-0.17943260073661804,,,0.4599814713001251,0.6394140720367432
23,head_entropy,Impossible_vs_Factual,8,-0.16762268543243408,,,0.4698803424835205,0.6375030279159546
23,head_entropy,Impossible_vs_Factual,0,-0.14380577206611633,,,0.49933281540870667,0.643138587474823
23,head_entropy,Impossible_vs_Factual,7,-0.09581819176673889,,,0.453925758600235,0.5497439503669739
23,head_entropy,Impossible_vs_Factual,2,-0.06452733278274536,,,0.5314531326293945,0.5959804654121399
23,head_entropy,Impossible_vs_Factual,11,0.05461956560611725,,,0.2334924042224884,0.17887283861637115
23,head_entropy,Impossible_vs_Factual,6,-0.051795899868011475,,,0.33002153038978577,0.38181743025779724
23,head_entropy,Impossible_vs_Factual,9,0.04674170911312103,,,0.2881142795085907,0.24137257039546967
23,head_entropy,Hallucinations_vs_Factual,17,-0.26339489221572876,,,0.5364056825637817,0.7998005747795105
23,head_entropy,Hallucinations_vs_Factual,16,-0.23184841871261597,,,0.45534294843673706,0.687191367149353
23,head_entropy,Hallucinations_vs_Factual,8,-0.2288878858089447,,,0.4086151421070099,0.6375030279159546
23,head_entropy,Hallucinations_vs_Factual,13,-0.20141375064849854,,,0.43800032138824463,0.6394140720367432
23,head_entropy,Hallucinations_vs_Factual,0,-0.18241989612579346,,,0.46071869134902954,0.643138587474823
23,head_entropy,Hallucinations_vs_Factual,7,-0.12874796986579895,,,0.4209959805011749,0.5497439503669739
23,head_entropy,Hallucinations_vs_Factual,10,-0.08435949683189392,,,0.31917718052864075,0.40353667736053467
23,head_entropy,Hallucinations_vs_Factual,2,-0.07694321870803833,,,0.5190372467041016,0.5959804654121399
23,head_entropy,Hallucinations_vs_Factual,14,-0.07146978378295898,,,0.5697548389434814,0.6412246227264404
23,head_entropy,Hallucinations_vs_Factual,6,-0.06400886178016663,,,0.3178085684776306,0.38181743025779724
24,head_entropy,Impossible_vs_Factual,10,-0.244695246219635,,,0.5232518911361694,0.7679471373558044
24,head_entropy,Impossible_vs_Factual,21,-0.20164945721626282,,,0.4046913683414459,0.6063408255577087
24,head_entropy,Impossible_vs_Factual,6,-0.1856522262096405,,,0.48377302289009094,0.6694252490997314
24,head_entropy,Impossible_vs_Factual,11,-0.17262917757034302,,,0.8952538371086121,1.067883014678955
24,head_entropy,Impossible_vs_Factual,7,-0.10211709141731262,,,0.41016021370887756,0.5122773051261902
24,head_entropy,Impossible_vs_Factual,22,-0.09405654668807983,,,0.5727910995483398,0.6668476462364197
24,head_entropy,Impossible_vs_Factual,23,-0.09269824624061584,,,0.302674800157547,0.39537304639816284
24,head_entropy,Impossible_vs_Factual,20,-0.06768360733985901,,,0.19594532251358032,0.26362892985343933
24,head_entropy,Impossible_vs_Factual,12,-0.06528401374816895,,,0.5965157747268677,0.6617997884750366
24,head_entropy,Impossible_vs_Factual,17,0.06406572461128235,,,0.303732693195343,0.23966696858406067
24,head_entropy,Hallucinations_vs_Factual,10,-0.24923527240753174,,,0.5187118649482727,0.7679471373558044
24,head_entropy,Hallucinations_vs_Factual,11,-0.21663320064544678,,,0.8512498140335083,1.067883014678955
24,head_entropy,Hallucinations_vs_Factual,21,-0.18473735451698303,,,0.4216034710407257,0.6063408255577087
24,head_entropy,Hallucinations_vs_Factual,6,-0.1794341504573822,,,0.48999109864234924,0.6694252490997314
24,head_entropy,Hallucinations_vs_Factual,12,-0.12483155727386475,,,0.5369682312011719,0.6617997884750366
24,head_entropy,Hallucinations_vs_Factual,7,-0.11497652530670166,,,0.3973007798194885,0.5122773051261902
24,head_entropy,Hallucinations_vs_Factual,22,-0.10994911193847656,,,0.5568985342979431,0.6668476462364197
24,head_entropy,Hallucinations_vs_Factual,23,-0.10542961955070496,,,0.2899434268474579,0.39537304639816284
24,head_entropy,Hallucinations_vs_Factual,8,-0.06636518239974976,,,0.4911484718322754,0.5575136542320251
24,head_entropy,Hallucinations_vs_Factual,9,-0.05991262197494507,,,0.18828758597373962,0.2482002079486847
25,head_entropy,Impossible_vs_Factual,13,-0.24382227659225464,,,0.37718355655670166,0.6210058331489563
25,head_entropy,Impossible_vs_Factual,23,-0.21965444087982178,,,0.6802011132240295,0.8998555541038513
25,head_entropy,Impossible_vs_Factual,21,-0.17872178554534912,,,0.5520931482315063,0.7308149337768555
25,head_entropy,Impossible_vs_Factual,19,-0.17438186705112457,,,0.22161374986171722,0.3959956169128418
25,head_entropy,Impossible_vs_Factual,8,-0.11059188842773438,,,0.5796962380409241,0.6902881264686584
25,head_entropy,Impossible_vs_Factual,18,-0.10865071415901184,,,0.18757224082946777,0.2962229549884796
25,head_entropy,Impossible_vs_Factual,20,-0.10445766150951385,,,0.1711578220129013,0.27561548352241516
25,head_entropy,Impossible_vs_Factual,15,-0.06525954604148865,,,0.32012322545051575,0.3853827714920044
25,head_entropy,Impossible_vs_Factual,6,-0.05508393049240112,,,0.4829317331314087,0.5380156636238098
25,head_entropy,Impossible_vs_Factual,7,-0.04994720220565796,,,0.7086640000343323,0.7586112022399902
25,head_entropy,Hallucinations_vs_Factual,23,-0.2573549151420593,,,0.642500638961792,0.8998555541038513
25,head_entropy,Hallucinations_vs_Factual,21,-0.24286377429962158,,,0.4879511594772339,0.7308149337768555
25,head_entropy,Hallucinations_vs_Factual,13,-0.19677147269248962,,,0.4242343604564667,0.6210058331489563
25,head_entropy,Hallucinations_vs_Factual,8,-0.16127479076385498,,,0.5290133357048035,0.6902881264686584
25,head_entropy,Hallucinations_vs_Factual,19,-0.16028361022472382,,,0.23571200668811798,0.3959956169128418
25,head_entropy,Hallucinations_vs_Factual,20,-0.11780840158462524,,,0.15780708193778992,0.27561548352241516
25,head_entropy,Hallucinations_vs_Factual,18,-0.11608092486858368,,,0.18014203011989594,0.2962229549884796
25,head_entropy,Hallucinations_vs_Factual,6,-0.10629796981811523,,,0.4317176938056946,0.5380156636238098
25,head_entropy,Hallucinations_vs_Factual,7,-0.06594717502593994,,,0.6926640272140503,0.7586112022399902
25,head_entropy,Hallucinations_vs_Factual,22,-0.04411327838897705,,,0.4301972985267639,0.47431057691574097
26,head_entropy,Impossible_vs_Factual,4,-0.38698458671569824,,,0.3288193941116333,0.7158039808273315
26,head_entropy,Impossible_vs_Factual,3,-0.3382161855697632,,,0.40143799781799316,0.7396541833877563
26,head_entropy,Impossible_vs_Factual,1,-0.3113711476325989,,,0.5354151129722595,0.8467862606048584
26,head_entropy,Impossible_vs_Factual,20,-0.2842128872871399,,,0.6104735732078552,0.8946864604949951
26,head_entropy,Impossible_vs_Factual,7,-0.2763926386833191,,,0.6201777458190918,0.8965703845024109
26,head_entropy,Impossible_vs_Factual,14,-0.2754100561141968,,,0.9042539596557617,1.1796640157699585
26,head_entropy,Impossible_vs_Factual,12,-0.25119179487228394,,,0.9415077567100525,1.1926995515823364
26,head_entropy,Impossible_vs_Factual,15,-0.24578344821929932,,,0.5014861226081848,0.7472695708274841
26,head_entropy,Impossible_vs_Factual,13,-0.20148569345474243,,,0.4964132308959961,0.6978989243507385
26,head_entropy,Impossible_vs_Factual,17,-0.20125991106033325,,,0.5274901390075684,0.7287500500679016
26,head_entropy,Hallucinations_vs_Factual,3,-0.3360219895839691,,,0.40363219380378723,0.7396541833877563
26,head_entropy,Hallucinations_vs_Factual,4,-0.3290032148361206,,,0.38680076599121094,0.7158039808273315
26,head_entropy,Hallucinations_vs_Factual,20,-0.3019958734512329,,,0.5926905870437622,0.8946864604949951
26,head_entropy,Hallucinations_vs_Factual,7,-0.29296576976776123,,,0.6036046147346497,0.8965703845024109
26,head_entropy,Hallucinations_vs_Factual,1,-0.27595627307891846,,,0.5708299875259399,0.8467862606048584
26,head_entropy,Hallucinations_vs_Factual,14,-0.2672967314720154,,,0.9123672842979431,1.1796640157699585
26,head_entropy,Hallucinations_vs_Factual,17,-0.2342352569103241,,,0.4945147931575775,0.7287500500679016
26,head_entropy,Hallucinations_vs_Factual,12,-0.23401206731796265,,,0.9586874842643738,1.1926995515823364
26,head_entropy,Hallucinations_vs_Factual,15,-0.19421589374542236,,,0.5530536770820618,0.7472695708274841
26,head_entropy,Hallucinations_vs_Factual,13,-0.1790308952331543,,,0.5188680291175842,0.6978989243507385
27,head_entropy,Impossible_vs_Factual,19,-0.3988765776157379,,,0.45500048995018005,0.853877067565918
27,head_entropy,Impossible_vs_Factual,21,-0.35811829566955566,,,0.6522418260574341,1.0103601217269897
27,head_entropy,Impossible_vs_Factual,0,-0.3047831058502197,,,0.40377503633499146,0.7085581421852112
27,head_entropy,Impossible_vs_Factual,18,-0.30059418082237244,,,0.3960961401462555,0.6966903209686279
27,head_entropy,Impossible_vs_Factual,1,-0.2935444116592407,,,0.3407289981842041,0.6342734098434448
27,head_entropy,Impossible_vs_Factual,2,-0.284422367811203,,,0.4097456634044647,0.6941680312156677
27,head_entropy,Impossible_vs_Factual,4,-0.2841425836086273,,,0.4322647750377655,0.7164073586463928
27,head_entropy,Impossible_vs_Factual,5,-0.27941495180130005,,,0.5741791725158691,0.8535941243171692
27,head_entropy,Impossible_vs_Factual,23,-0.25857436656951904,,,0.6279882788658142,0.8865626454353333
27,head_entropy,Impossible_vs_Factual,9,-0.24714642763137817,,,0.6168418526649475,0.8639882802963257
27,head_entropy,Hallucinations_vs_Factual,19,-0.3705982267856598,,,0.4832788407802582,0.853877067565918
27,head_entropy,Hallucinations_vs_Factual,21,-0.3642483353614807,,,0.646111786365509,1.0103601217269897
27,head_entropy,Hallucinations_vs_Factual,0,-0.29696789383888245,,,0.41159024834632874,0.7085581421852112
27,head_entropy,Hallucinations_vs_Factual,2,-0.27930575609207153,,,0.4148622751235962,0.6941680312156677
27,head_entropy,Hallucinations_vs_Factual,18,-0.2763024568557739,,,0.420387864112854,0.6966903209686279
27,head_entropy,Hallucinations_vs_Factual,5,-0.2758607864379883,,,0.5777333378791809,0.8535941243171692
27,head_entropy,Hallucinations_vs_Factual,1,-0.27196502685546875,,,0.3623083829879761,0.6342734098434448
27,head_entropy,Hallucinations_vs_Factual,4,-0.26229608058929443,,,0.4541112780570984,0.7164073586463928
27,head_entropy,Hallucinations_vs_Factual,9,-0.25424253940582275,,,0.6097457408905029,0.8639882802963257
27,head_entropy,Hallucinations_vs_Factual,23,-0.20842206478118896,,,0.6781405806541443,0.8865626454353333
