layer,type,comparison_group,index,score,mean_deviant,mean_factual,ent_deviant,ent_factual
0,neuron_activation,Impossible_vs_Factual,6183,0.5163365602493286,0.007365136407315731,-0.021197529509663582,,
0,neuron_activation,Impossible_vs_Factual,4545,0.4579058885574341,0.07938635349273682,0.040667902678251266,,
0,neuron_activation,Impossible_vs_Factual,9081,0.45210352540016174,0.018093788996338844,0.002867582021281123,,
0,neuron_activation,Impossible_vs_Factual,6983,0.433298259973526,-0.0473770871758461,-0.0747508630156517,,
0,neuron_activation,Impossible_vs_Factual,7845,0.42537882924079895,-0.03424074128270149,-0.062312860041856766,,
0,neuron_activation,Impossible_vs_Factual,10574,0.4243006408214569,0.04790845140814781,0.01693384349346161,,
0,neuron_activation,Impossible_vs_Factual,10057,0.42223432660102844,-0.013347224332392216,-0.027725666761398315,,
0,neuron_activation,Impossible_vs_Factual,6510,0.41924038529396057,-0.02322215586900711,-0.043069880455732346,,
0,neuron_activation,Impossible_vs_Factual,4567,0.4169805347919464,-0.18407349288463593,-0.25016504526138306,,
0,neuron_activation,Impossible_vs_Factual,1323,0.41546913981437683,-0.0007039870833978057,-0.033219389617443085,,
0,neuron_activation,Hallucinations_vs_Factual,6983,0.5417879819869995,-0.03679262474179268,-0.0747508630156517,,
0,neuron_activation,Hallucinations_vs_Factual,10748,0.47797054052352905,-0.04422716796398163,-0.06914415955543518,,
0,neuron_activation,Hallucinations_vs_Factual,718,0.4634203314781189,-0.06392277032136917,-0.08488866686820984,,
0,neuron_activation,Hallucinations_vs_Factual,5624,0.4514995217323303,-0.051290713250637054,-0.08195416629314423,,
0,neuron_activation,Hallucinations_vs_Factual,4405,0.4419017732143402,-0.006694503128528595,-0.04048855975270271,,
0,neuron_activation,Hallucinations_vs_Factual,5615,0.4396802484989166,0.04735078290104866,0.009151558391749859,,
0,neuron_activation,Hallucinations_vs_Factual,7145,0.43706342577934265,-0.050113365054130554,-0.08143932372331619,,
0,neuron_activation,Hallucinations_vs_Factual,10057,0.4331306517124176,-0.013236460275948048,-0.027725666761398315,,
0,neuron_activation,Hallucinations_vs_Factual,667,0.4312461018562317,0.040211088955402374,0.0017848295392468572,,
0,neuron_activation,Hallucinations_vs_Factual,832,0.4293246567249298,-0.03539939969778061,-0.06851515173912048,,
1,neuron_activation,Impossible_vs_Factual,6612,0.41344037652015686,-0.0007538260542787611,-0.001125917537137866,,
1,neuron_activation,Impossible_vs_Factual,8051,0.38365721702575684,-0.005836683325469494,-0.00979529693722725,,
1,neuron_activation,Impossible_vs_Factual,6184,0.3747614026069641,-0.002643821993842721,-0.0037751621566712856,,
1,neuron_activation,Impossible_vs_Factual,8945,0.3666231632232666,-0.0020958364475518465,-0.0032791108824312687,,
1,neuron_activation,Impossible_vs_Factual,9330,0.35605356097221375,-0.000876649864949286,-0.0012691295705735683,,
1,neuron_activation,Impossible_vs_Factual,7783,0.33823591470718384,-0.0016744995955377817,-0.0026358033064752817,,
1,neuron_activation,Impossible_vs_Factual,1679,0.33568593859672546,-0.0023519250098615885,-0.003575935959815979,,
1,neuron_activation,Impossible_vs_Factual,1504,0.3318556845188141,-0.0014789050910621881,-0.0020300596952438354,,
1,neuron_activation,Impossible_vs_Factual,7408,0.3313451409339905,-0.002394523937255144,-0.003833322785794735,,
1,neuron_activation,Impossible_vs_Factual,10871,0.3290458023548126,-0.0023219117429107428,-0.0036693383008241653,,
1,neuron_activation,Hallucinations_vs_Factual,5492,0.5113557577133179,-0.0021559700835496187,-0.003276558592915535,,
1,neuron_activation,Hallucinations_vs_Factual,1504,0.48238763213157654,-0.0011836776975542307,-0.0020300596952438354,,
1,neuron_activation,Hallucinations_vs_Factual,10304,0.47943586111068726,-0.002633187919855118,-0.003759559476748109,,
1,neuron_activation,Hallucinations_vs_Factual,5141,0.4379414916038513,-0.0006354335928335786,-0.0010889283148571849,,
1,neuron_activation,Hallucinations_vs_Factual,8051,0.4270602762699127,-0.005095912609249353,-0.00979529693722725,,
1,neuron_activation,Hallucinations_vs_Factual,9330,0.42268437147140503,-0.0007648941827937961,-0.0012691295705735683,,
1,neuron_activation,Hallucinations_vs_Factual,6612,0.4200079143047333,-0.000697686686180532,-0.001125917537137866,,
1,neuron_activation,Hallucinations_vs_Factual,4701,0.41728854179382324,-0.02538587711751461,-0.03910417482256889,,
1,neuron_activation,Hallucinations_vs_Factual,3465,0.4154897928237915,-0.0015372600173577666,-0.0025829619262367487,,
1,neuron_activation,Hallucinations_vs_Factual,8945,0.4146462380886078,-0.0019072337308898568,-0.0032791108824312687,,
2,neuron_activation,Impossible_vs_Factual,1773,0.4833884835243225,-0.004815445281565189,-0.007745758164674044,,
2,neuron_activation,Impossible_vs_Factual,931,0.44543740153312683,-0.00878498237580061,-0.014993986114859581,,
2,neuron_activation,Impossible_vs_Factual,9134,0.4419151246547699,-0.005363035947084427,-0.010461593978106976,,
2,neuron_activation,Impossible_vs_Factual,7990,0.39739763736724854,-0.0009341298136860132,-0.0014112436911091208,,
2,neuron_activation,Impossible_vs_Factual,5113,0.3933532238006592,-0.020775755867362022,-0.027818970382213593,,
2,neuron_activation,Impossible_vs_Factual,6384,0.39197081327438354,-0.0024649316910654306,-0.004312614444643259,,
2,neuron_activation,Impossible_vs_Factual,1710,0.38889080286026,-0.018662692978978157,-0.03062748722732067,,
2,neuron_activation,Impossible_vs_Factual,5761,0.38801777362823486,-0.027119383215904236,-0.047242533415555954,,
2,neuron_activation,Impossible_vs_Factual,3223,0.38632261753082275,-0.004038136452436447,-0.009000197984278202,,
2,neuron_activation,Impossible_vs_Factual,6918,0.38419705629348755,-0.009733250364661217,-0.014475858770310879,,
2,neuron_activation,Hallucinations_vs_Factual,5113,0.5259597301483154,-0.018304476514458656,-0.027818970382213593,,
2,neuron_activation,Hallucinations_vs_Factual,507,0.5075095891952515,-0.003648331854492426,-0.0056889974512159824,,
2,neuron_activation,Hallucinations_vs_Factual,1773,0.5068713426589966,-0.004694018978625536,-0.007745758164674044,,
2,neuron_activation,Hallucinations_vs_Factual,10289,0.5024973750114441,-0.12492132931947708,-0.23507735133171082,,
2,neuron_activation,Hallucinations_vs_Factual,6954,0.49185678362846375,-0.014302574098110199,-0.023461895063519478,,
2,neuron_activation,Hallucinations_vs_Factual,5511,0.4906506836414337,-0.0024903363082557917,-0.005099273286759853,,
2,neuron_activation,Hallucinations_vs_Factual,931,0.48807644844055176,-0.00823233649134636,-0.014993986114859581,,
2,neuron_activation,Hallucinations_vs_Factual,98,0.4804161787033081,-0.005837178323417902,-0.010278531350195408,,
2,neuron_activation,Hallucinations_vs_Factual,10599,0.4663033187389374,0.06626799702644348,-0.06056857481598854,,
2,neuron_activation,Hallucinations_vs_Factual,5761,0.46595311164855957,-0.02307763509452343,-0.047242533415555954,,
3,neuron_activation,Impossible_vs_Factual,5796,0.5897402763366699,-0.04310208559036255,-0.11863603442907333,,
3,neuron_activation,Impossible_vs_Factual,3774,0.5495440363883972,-0.00457820063456893,-0.010991120710968971,,
3,neuron_activation,Impossible_vs_Factual,3098,0.4566973149776459,-0.08167722821235657,-0.12525977194309235,,
3,neuron_activation,Impossible_vs_Factual,8970,0.4461401402950287,-0.034817494451999664,-0.1184982880949974,,
3,neuron_activation,Impossible_vs_Factual,5962,0.4333569407463074,-0.021051306277513504,-0.029759444296360016,,
3,neuron_activation,Impossible_vs_Factual,4729,0.4328903257846832,-0.011871123686432838,-0.03822476416826248,,
3,neuron_activation,Impossible_vs_Factual,3526,0.43062251806259155,0.08600064367055893,0.0220181867480278,,
3,neuron_activation,Impossible_vs_Factual,3372,0.4234640598297119,-0.00588267995044589,-0.01771875098347664,,
3,neuron_activation,Impossible_vs_Factual,5300,0.4168243706226349,-0.0030605376232415438,-0.01401993166655302,,
3,neuron_activation,Impossible_vs_Factual,5536,0.416387140750885,0.09795989841222763,0.03622213378548622,,
3,neuron_activation,Hallucinations_vs_Factual,7691,0.5417622327804565,-0.07312796264886856,-0.18076322972774506,,
3,neuron_activation,Hallucinations_vs_Factual,1140,0.5042411684989929,-0.07430869340896606,-0.1386122703552246,,
3,neuron_activation,Hallucinations_vs_Factual,403,0.5025320053100586,-0.011299541220068932,-0.04176223650574684,,
3,neuron_activation,Hallucinations_vs_Factual,996,0.500263512134552,-0.1087658479809761,-0.30432039499282837,,
3,neuron_activation,Hallucinations_vs_Factual,8970,0.4836990535259247,-0.03345027193427086,-0.1184982880949974,,
3,neuron_activation,Hallucinations_vs_Factual,5931,0.47680023312568665,-0.030378000810742378,-0.05605025961995125,,
3,neuron_activation,Hallucinations_vs_Factual,4729,0.47575825452804565,-0.00864595640450716,-0.03822476416826248,,
3,neuron_activation,Hallucinations_vs_Factual,5061,0.47510677576065063,-0.009164995513856411,-0.02423073537647724,,
3,neuron_activation,Hallucinations_vs_Factual,5796,0.47394102811813354,-0.05145728588104248,-0.11863603442907333,,
3,neuron_activation,Hallucinations_vs_Factual,4747,0.47291576862335205,-0.01142971497029066,-0.031882718205451965,,
4,neuron_activation,Impossible_vs_Factual,1813,0.48987725377082825,0.039908669888973236,0.010397323407232761,,
4,neuron_activation,Impossible_vs_Factual,8519,0.4657458961009979,0.017850637435913086,0.007536046206951141,,
4,neuron_activation,Impossible_vs_Factual,4557,0.46012231707572937,-4.800009628525004e-05,-0.0001897633046610281,,
4,neuron_activation,Impossible_vs_Factual,1145,0.46000969409942627,-0.0014056399231776595,-0.004571153782308102,,
4,neuron_activation,Impossible_vs_Factual,8583,0.4595823585987091,0.0013144552940502763,-0.0010337873827666044,,
4,neuron_activation,Impossible_vs_Factual,194,0.4585224986076355,-0.04115647077560425,-0.0860791951417923,,
4,neuron_activation,Impossible_vs_Factual,6822,0.4582307040691376,-0.011325489729642868,-0.021324150264263153,,
4,neuron_activation,Impossible_vs_Factual,7999,0.4576227366924286,-0.04193161055445671,-0.09099764376878738,,
4,neuron_activation,Impossible_vs_Factual,7450,0.4551832377910614,-0.00022797551355324686,-0.0005174858379177749,,
4,neuron_activation,Impossible_vs_Factual,4239,0.4539584517478943,0.24472418427467346,0.15735425055027008,,
4,neuron_activation,Hallucinations_vs_Factual,3389,0.6175004839897156,0.006434875074774027,-0.022699473425745964,,
4,neuron_activation,Hallucinations_vs_Factual,7999,0.603260338306427,-0.030439939349889755,-0.09099764376878738,,
4,neuron_activation,Hallucinations_vs_Factual,780,0.5768507719039917,-0.06491553783416748,-0.1521899253129959,,
4,neuron_activation,Hallucinations_vs_Factual,964,0.572786808013916,-0.052294209599494934,-0.14766709506511688,,
4,neuron_activation,Hallucinations_vs_Factual,972,0.5515042543411255,-0.0018629247788339853,-0.007217563688755035,,
4,neuron_activation,Hallucinations_vs_Factual,8948,0.5469153523445129,-0.003919606562703848,-0.009936744347214699,,
4,neuron_activation,Hallucinations_vs_Factual,10482,0.546415388584137,-0.02554035745561123,-0.1036379486322403,,
4,neuron_activation,Hallucinations_vs_Factual,4245,0.5459995865821838,-0.0074528176337480545,-0.017948726192116737,,
4,neuron_activation,Hallucinations_vs_Factual,4557,0.5403783321380615,-2.696445881156251e-05,-0.0001897633046610281,,
4,neuron_activation,Hallucinations_vs_Factual,1848,0.5377917885780334,-0.01873268000781536,-0.04547255486249924,,
5,neuron_activation,Impossible_vs_Factual,987,0.6150171160697937,-0.07092433422803879,-0.13307613134384155,,
5,neuron_activation,Impossible_vs_Factual,3773,0.5071398019790649,-0.0009828346082940698,-0.0038644338492304087,,
5,neuron_activation,Impossible_vs_Factual,1606,0.49742382764816284,-0.0033057699911296368,-0.006727180909365416,,
5,neuron_activation,Impossible_vs_Factual,3795,0.47607919573783875,0.020036593079566956,0.010554775595664978,,
5,neuron_activation,Impossible_vs_Factual,6556,0.4745500981807709,-0.003521956969052553,-0.006582328118383884,,
5,neuron_activation,Impossible_vs_Factual,6654,0.46629586815834045,-8.826086559565738e-05,-0.00020947420853190124,,
5,neuron_activation,Impossible_vs_Factual,1761,0.4608680307865143,-0.0002496571687515825,-0.0005075015360489488,,
5,neuron_activation,Impossible_vs_Factual,9134,0.4587533473968506,-0.000354169518686831,-0.0009460618603043258,,
5,neuron_activation,Impossible_vs_Factual,2773,0.4516617953777313,0.0375078022480011,0.01647290773689747,,
5,neuron_activation,Impossible_vs_Factual,9454,0.451218843460083,-0.0002987842890433967,-0.0007637736271135509,,
5,neuron_activation,Hallucinations_vs_Factual,3857,0.6093863844871521,-0.006733860820531845,-0.01334152277559042,,
5,neuron_activation,Hallucinations_vs_Factual,3773,0.5568848848342896,-0.000706509395968169,-0.0038644338492304087,,
5,neuron_activation,Hallucinations_vs_Factual,5212,0.5467666983604431,-0.00809664186090231,-0.029300415888428688,,
5,neuron_activation,Hallucinations_vs_Factual,10824,0.5294049382209778,-0.01085317600518465,-0.01919657364487648,,
5,neuron_activation,Hallucinations_vs_Factual,832,0.5235453248023987,-0.00741147855296731,-0.014501282013952732,,
5,neuron_activation,Hallucinations_vs_Factual,8844,0.5124329328536987,-0.050802938640117645,-0.14983925223350525,,
5,neuron_activation,Hallucinations_vs_Factual,542,0.5108224749565125,-0.006585731636732817,-0.01653422601521015,,
5,neuron_activation,Hallucinations_vs_Factual,2756,0.5082526206970215,-0.020689619705080986,-0.04102722182869911,,
5,neuron_activation,Hallucinations_vs_Factual,6654,0.5052769780158997,-8.508061728207394e-05,-0.00020947420853190124,,
5,neuron_activation,Hallucinations_vs_Factual,7991,0.5038913488388062,-0.0033565759658813477,-0.008283179253339767,,
6,neuron_activation,Impossible_vs_Factual,3114,0.48202282190322876,-0.04499579221010208,-0.10213660448789597,,
6,neuron_activation,Impossible_vs_Factual,10090,0.47502806782722473,0.02135865017771721,-0.017986763268709183,,
6,neuron_activation,Impossible_vs_Factual,8641,0.4695941209793091,-0.004818625748157501,-0.007728164549916983,,
6,neuron_activation,Impossible_vs_Factual,410,0.4628543257713318,-0.0035047000274062157,-0.008674216456711292,,
6,neuron_activation,Impossible_vs_Factual,3104,0.461525022983551,-0.022658560425043106,-0.04383767396211624,,
6,neuron_activation,Impossible_vs_Factual,8555,0.46045932173728943,-0.007105889264494181,-0.010749665088951588,,
6,neuron_activation,Impossible_vs_Factual,3375,0.4525856673717499,-0.00422541331499815,-0.02538018859922886,,
6,neuron_activation,Impossible_vs_Factual,8548,0.45085352659225464,-0.03346339985728264,-0.055575285106897354,,
6,neuron_activation,Impossible_vs_Factual,4258,0.4500894248485565,-0.0003812046197708696,-0.000564134621527046,,
6,neuron_activation,Impossible_vs_Factual,7761,0.4490455389022827,0.13363052904605865,0.04134271293878555,,
6,neuron_activation,Hallucinations_vs_Factual,1398,0.5341072082519531,-0.01928013190627098,-0.03662142902612686,,
6,neuron_activation,Hallucinations_vs_Factual,9534,0.5324400067329407,-0.00048012658953666687,-0.028794774785637856,,
6,neuron_activation,Hallucinations_vs_Factual,4314,0.5269622802734375,-0.00615712022408843,-0.012091143988072872,,
6,neuron_activation,Hallucinations_vs_Factual,3812,0.526383638381958,-0.09978094696998596,-0.174006849527359,,
6,neuron_activation,Hallucinations_vs_Factual,4296,0.5171470046043396,-0.03269803524017334,-0.06749078631401062,,
6,neuron_activation,Hallucinations_vs_Factual,10945,0.5121533274650574,-0.016636913642287254,-0.031283825635910034,,
6,neuron_activation,Hallucinations_vs_Factual,410,0.5081884264945984,-0.0026767300441861153,-0.008674216456711292,,
6,neuron_activation,Hallucinations_vs_Factual,6881,0.5049930214881897,-0.04939628764986992,-0.08228050172328949,,
6,neuron_activation,Hallucinations_vs_Factual,4629,0.4993691146373749,-0.010011900216341019,-0.02097746543586254,,
6,neuron_activation,Hallucinations_vs_Factual,667,0.4990132749080658,-0.0069709960371255875,-0.024387631565332413,,
7,neuron_activation,Impossible_vs_Factual,2422,0.5894336700439453,-0.024647528305649757,-0.03900944069027901,,
7,neuron_activation,Impossible_vs_Factual,9854,0.5468981266021729,0.009824742563068867,-0.08826848119497299,,
7,neuron_activation,Impossible_vs_Factual,1422,0.5352319478988647,-0.14356951415538788,-0.3014069199562073,,
7,neuron_activation,Impossible_vs_Factual,6056,0.5195760130882263,0.03082527220249176,-0.025128338485956192,,
7,neuron_activation,Impossible_vs_Factual,5186,0.5090587735176086,0.0012599376495927572,-0.004472465254366398,,
7,neuron_activation,Impossible_vs_Factual,6926,0.5080275535583496,0.2687828838825226,0.11644116789102554,,
7,neuron_activation,Impossible_vs_Factual,8234,0.5044015049934387,-0.012580933049321175,-0.025349533185362816,,
7,neuron_activation,Impossible_vs_Factual,5335,0.5007951855659485,-0.03736791014671326,-0.11191792786121368,,
7,neuron_activation,Impossible_vs_Factual,7487,0.4997265040874481,0.0070367720909416676,-0.12041519582271576,,
7,neuron_activation,Impossible_vs_Factual,6998,0.4994930922985077,0.017334068194031715,0.007553304545581341,,
7,neuron_activation,Hallucinations_vs_Factual,1944,0.6575060486793518,-0.02688472345471382,-0.060415737330913544,,
7,neuron_activation,Hallucinations_vs_Factual,1422,0.6034924983978271,-0.12525790929794312,-0.3014069199562073,,
7,neuron_activation,Hallucinations_vs_Factual,2422,0.5871684551239014,-0.023610450327396393,-0.03900944069027901,,
7,neuron_activation,Hallucinations_vs_Factual,4906,0.5729871392250061,-0.03551686555147171,-0.07054329663515091,,
7,neuron_activation,Hallucinations_vs_Factual,3624,0.5474609136581421,-0.14074163138866425,-0.22877024114131927,,
7,neuron_activation,Hallucinations_vs_Factual,7458,0.5432575941085815,-0.04220782592892647,-0.06669300049543381,,
7,neuron_activation,Hallucinations_vs_Factual,8107,0.5387839674949646,-0.005687688942998648,-0.011631451547145844,,
7,neuron_activation,Hallucinations_vs_Factual,3943,0.5373690724372864,-0.032981984317302704,-0.08048546314239502,,
7,neuron_activation,Hallucinations_vs_Factual,8956,0.5372025966644287,-0.05903615802526474,-0.11797460168600082,,
7,neuron_activation,Hallucinations_vs_Factual,7388,0.5369842052459717,0.0014721478801220655,-0.008083943277597427,,
8,neuron_activation,Impossible_vs_Factual,7449,0.6501153707504272,-0.0015187732642516494,-0.00971013493835926,,
8,neuron_activation,Impossible_vs_Factual,837,0.6284552812576294,0.10381568968296051,-0.019077876582741737,,
8,neuron_activation,Impossible_vs_Factual,5553,0.565934956073761,0.060951072722673416,-0.012051058001816273,,
8,neuron_activation,Impossible_vs_Factual,6535,0.5464050769805908,-0.02514394000172615,-0.05079494044184685,,
8,neuron_activation,Impossible_vs_Factual,9606,0.5422261357307434,-0.019132796674966812,-0.05861979350447655,,
8,neuron_activation,Impossible_vs_Factual,10626,0.536380410194397,-0.007817159406840801,-0.01775149255990982,,
8,neuron_activation,Impossible_vs_Factual,7705,0.5326300859451294,-0.03355078399181366,-0.11044624447822571,,
8,neuron_activation,Impossible_vs_Factual,6409,0.5215746164321899,-0.012869244441390038,-0.032565467059612274,,
8,neuron_activation,Impossible_vs_Factual,9008,0.5112802386283875,0.07206034660339355,-0.06966475397348404,,
8,neuron_activation,Impossible_vs_Factual,3482,0.5110499858856201,-0.013340599834918976,-0.05903786048293114,,
8,neuron_activation,Hallucinations_vs_Factual,2767,0.6889896392822266,-0.010303552262485027,-0.02648451365530491,,
8,neuron_activation,Hallucinations_vs_Factual,7795,0.6882519721984863,-0.272738516330719,-0.5359802842140198,,
8,neuron_activation,Hallucinations_vs_Factual,210,0.6131426095962524,-0.011480890214443207,-0.024279385805130005,,
8,neuron_activation,Hallucinations_vs_Factual,6868,0.598044216632843,-0.012257621623575687,-0.03146902099251747,,
8,neuron_activation,Hallucinations_vs_Factual,7768,0.580333948135376,-0.023350121453404427,-0.0547715499997139,,
8,neuron_activation,Hallucinations_vs_Factual,10566,0.5781735777854919,0.11088015139102936,-0.049349550157785416,,
8,neuron_activation,Hallucinations_vs_Factual,1964,0.5771965384483337,-0.05385998636484146,-0.10973876714706421,,
8,neuron_activation,Hallucinations_vs_Factual,837,0.5518751740455627,0.08319511264562607,-0.019077876582741737,,
8,neuron_activation,Hallucinations_vs_Factual,7192,0.5500056743621826,-0.009245891124010086,-0.03631502017378807,,
8,neuron_activation,Hallucinations_vs_Factual,7359,0.5469706058502197,0.1035090759396553,0.03074534423649311,,
9,neuron_activation,Impossible_vs_Factual,7431,0.6339463591575623,0.19948917627334595,0.07720061391592026,,
9,neuron_activation,Impossible_vs_Factual,4075,0.6100040674209595,0.22863870859146118,0.09826233983039856,,
9,neuron_activation,Impossible_vs_Factual,3461,0.5802770853042603,0.30794453620910645,0.1801668256521225,,
9,neuron_activation,Impossible_vs_Factual,7175,0.5791122317314148,0.022196592763066292,-0.004859435372054577,,
9,neuron_activation,Impossible_vs_Factual,10763,0.5688430070877075,0.11422085762023926,0.03455367684364319,,
9,neuron_activation,Impossible_vs_Factual,7114,0.5480508208274841,0.0711902529001236,0.026866333559155464,,
9,neuron_activation,Impossible_vs_Factual,980,0.5304391980171204,0.09108028560876846,0.035452742129564285,,
9,neuron_activation,Impossible_vs_Factual,3956,0.529197633266449,0.15226343274116516,-0.026061948388814926,,
9,neuron_activation,Impossible_vs_Factual,3936,0.5227190852165222,0.004608441144227982,-0.004146080929785967,,
9,neuron_activation,Impossible_vs_Factual,5668,0.5199900269508362,-0.026597173884510994,-0.11294496059417725,,
9,neuron_activation,Hallucinations_vs_Factual,4460,0.6758797764778137,0.03650973364710808,-0.08145727217197418,,
9,neuron_activation,Hallucinations_vs_Factual,10196,0.5965214967727661,-0.022915245965123177,-0.05603361129760742,,
9,neuron_activation,Hallucinations_vs_Factual,6367,0.5719448328018188,-0.004830525256693363,-0.01731250062584877,,
9,neuron_activation,Hallucinations_vs_Factual,3172,0.570176899433136,-0.34374359250068665,-0.5513330101966858,,
9,neuron_activation,Hallucinations_vs_Factual,7431,0.5475386381149292,0.19140943884849548,0.07720061391592026,,
9,neuron_activation,Hallucinations_vs_Factual,6164,0.547117292881012,-0.008354751393198967,-0.017776671797037125,,
9,neuron_activation,Hallucinations_vs_Factual,1257,0.5380552411079407,-0.002160198288038373,-0.02098577655851841,,
9,neuron_activation,Hallucinations_vs_Factual,1677,0.5328059196472168,-0.044365044683218,-0.19426676630973816,,
9,neuron_activation,Hallucinations_vs_Factual,5668,0.5301675200462341,-0.025223297998309135,-0.11294496059417725,,
9,neuron_activation,Hallucinations_vs_Factual,5547,0.5222957134246826,0.008815446868538857,-0.03100370429456234,,
10,neuron_activation,Impossible_vs_Factual,6605,0.5649149417877197,0.04821262136101723,-0.04027725011110306,,
10,neuron_activation,Impossible_vs_Factual,5092,0.5604627132415771,-0.019652584567666054,-0.05934305489063263,,
10,neuron_activation,Impossible_vs_Factual,10380,0.5509884357452393,0.03129502758383751,-0.05536710470914841,,
10,neuron_activation,Impossible_vs_Factual,6564,0.5489878058433533,0.03450727462768555,-0.07706465572118759,,
10,neuron_activation,Impossible_vs_Factual,4027,0.5429379343986511,0.22988563776016235,0.05717756599187851,,
10,neuron_activation,Impossible_vs_Factual,6642,0.5336350798606873,0.2448728233575821,0.10440269112586975,,
10,neuron_activation,Impossible_vs_Factual,1245,0.5292381048202515,-0.057971589267253876,-0.1572505235671997,,
10,neuron_activation,Impossible_vs_Factual,2823,0.5185033082962036,0.06867170333862305,0.028593838214874268,,
10,neuron_activation,Impossible_vs_Factual,6322,0.5177323818206787,0.004224838688969612,-0.04270457476377487,,
10,neuron_activation,Impossible_vs_Factual,8419,0.5168027877807617,-0.02967282198369503,-0.06640805304050446,,
10,neuron_activation,Hallucinations_vs_Factual,2982,0.6188864707946777,0.2421398162841797,0.12836752831935883,,
10,neuron_activation,Hallucinations_vs_Factual,7682,0.5762822031974792,-0.036180999130010605,-0.10032831132411957,,
10,neuron_activation,Hallucinations_vs_Factual,7707,0.5709584355354309,0.04663580283522606,-0.08054674416780472,,
10,neuron_activation,Hallucinations_vs_Factual,850,0.5501810312271118,-0.05075801908969879,-0.10242181271314621,,
10,neuron_activation,Hallucinations_vs_Factual,4041,0.5288814902305603,-0.05303684622049332,-0.18210603296756744,,
10,neuron_activation,Hallucinations_vs_Factual,4351,0.5212312936782837,-0.015055983327329159,-0.1254589557647705,,
10,neuron_activation,Hallucinations_vs_Factual,4027,0.5116565227508545,0.2270132452249527,0.05717756599187851,,
10,neuron_activation,Hallucinations_vs_Factual,7635,0.5070040225982666,0.038443129509687424,-0.02903640642762184,,
10,neuron_activation,Hallucinations_vs_Factual,7852,0.5009127259254456,0.19234317541122437,0.05107814446091652,,
10,neuron_activation,Hallucinations_vs_Factual,3323,0.4988428056240082,-0.014994491823017597,-0.03834431245923042,,
11,neuron_activation,Impossible_vs_Factual,9407,0.736765444278717,0.01350070908665657,-0.11851701140403748,,
11,neuron_activation,Impossible_vs_Factual,10548,0.5947765111923218,0.07182352989912033,-0.05545026808977127,,
11,neuron_activation,Impossible_vs_Factual,2256,0.5643606185913086,-0.01566917635500431,-0.1983998864889145,,
11,neuron_activation,Impossible_vs_Factual,9842,0.5623522996902466,0.19719447195529938,0.049096569418907166,,
11,neuron_activation,Impossible_vs_Factual,9832,0.5597769618034363,0.04371863976120949,-0.11371677368879318,,
11,neuron_activation,Impossible_vs_Factual,3778,0.5538332462310791,0.2814769744873047,0.12131593376398087,,
11,neuron_activation,Impossible_vs_Factual,4948,0.5485851764678955,-0.09107101708650589,-0.3509286344051361,,
11,neuron_activation,Impossible_vs_Factual,1385,0.5483627915382385,-0.01722582057118416,-0.10509335994720459,,
11,neuron_activation,Impossible_vs_Factual,9835,0.5407284498214722,-0.013428779318928719,-0.06545012444257736,,
11,neuron_activation,Impossible_vs_Factual,2273,0.5148680806159973,0.06019207835197449,-0.029387470334768295,,
11,neuron_activation,Hallucinations_vs_Factual,9407,0.7024176716804504,0.0022759700659662485,-0.11851701140403748,,
11,neuron_activation,Hallucinations_vs_Factual,8418,0.6740796566009521,0.07083150744438171,-0.00712713273242116,,
11,neuron_activation,Hallucinations_vs_Factual,6703,0.6351291537284851,-0.25006988644599915,-0.43892037868499756,,
11,neuron_activation,Hallucinations_vs_Factual,7047,0.6097423434257507,0.006915402598679066,-0.07488098740577698,,
11,neuron_activation,Hallucinations_vs_Factual,1056,0.5839932560920715,0.11000078916549683,0.014879774302244186,,
11,neuron_activation,Hallucinations_vs_Factual,2256,0.5827363133430481,-0.01799408346414566,-0.1983998864889145,,
11,neuron_activation,Hallucinations_vs_Factual,10820,0.57454913854599,-0.014758894219994545,-0.10240878909826279,,
11,neuron_activation,Hallucinations_vs_Factual,7526,0.5696690678596497,0.10662325471639633,-0.028552118688821793,,
11,neuron_activation,Hallucinations_vs_Factual,8816,0.5689086318016052,-0.11100739240646362,-0.23028044402599335,,
11,neuron_activation,Hallucinations_vs_Factual,3223,0.5639634132385254,-0.01023475918918848,-0.08521638810634613,,
12,neuron_activation,Impossible_vs_Factual,6529,0.6330844163894653,0.043888289481401443,-0.06225953623652458,,
12,neuron_activation,Impossible_vs_Factual,1948,0.6158827543258667,-0.054832033812999725,-0.1471598744392395,,
12,neuron_activation,Impossible_vs_Factual,6883,0.5910876989364624,0.11823192238807678,0.007150576915591955,,
12,neuron_activation,Impossible_vs_Factual,5835,0.5853316187858582,0.23410572111606598,0.09256665408611298,,
12,neuron_activation,Impossible_vs_Factual,4474,0.5711569786071777,0.10554759949445724,0.0437999852001667,,
12,neuron_activation,Impossible_vs_Factual,8570,0.5556628704071045,0.2288747876882553,0.10074484348297119,,
12,neuron_activation,Impossible_vs_Factual,5165,0.5505305528640747,0.17077375948429108,0.05576341226696968,,
12,neuron_activation,Impossible_vs_Factual,8392,0.5454587340354919,0.09706390649080276,-0.016693681478500366,,
12,neuron_activation,Impossible_vs_Factual,8450,0.5448764562606812,0.11601854115724564,0.02049313299357891,,
12,neuron_activation,Impossible_vs_Factual,5139,0.537541925907135,-0.1043228730559349,-0.2298140823841095,,
12,neuron_activation,Hallucinations_vs_Factual,3052,0.5513335466384888,0.0516698844730854,-0.03477686271071434,,
12,neuron_activation,Hallucinations_vs_Factual,34,0.5436437726020813,-0.10880617797374725,-0.2327398806810379,,
12,neuron_activation,Hallucinations_vs_Factual,915,0.5434561967849731,0.0463869646191597,-0.05515182390809059,,
12,neuron_activation,Hallucinations_vs_Factual,265,0.5424039959907532,0.05877066031098366,-0.03934037685394287,,
12,neuron_activation,Hallucinations_vs_Factual,2805,0.5350788831710815,-0.022351622581481934,-0.09873070567846298,,
12,neuron_activation,Hallucinations_vs_Factual,8483,0.5193498730659485,0.06137014925479889,-0.050883110612630844,,
12,neuron_activation,Hallucinations_vs_Factual,6529,0.5101290941238403,0.01644515059888363,-0.06225953623652458,,
12,neuron_activation,Hallucinations_vs_Factual,418,0.5046281218528748,0.05551271140575409,0.0024657738395035267,,
12,neuron_activation,Hallucinations_vs_Factual,4298,0.49955976009368896,-0.0628129169344902,-0.17985451221466064,,
12,neuron_activation,Hallucinations_vs_Factual,6642,0.49270522594451904,-0.04749208316206932,-0.11933562904596329,,
13,neuron_activation,Impossible_vs_Factual,3647,0.6446451544761658,0.20064058899879456,0.06820669025182724,,
13,neuron_activation,Impossible_vs_Factual,2647,0.5979474186897278,0.08968725800514221,-0.03593849390745163,,
13,neuron_activation,Impossible_vs_Factual,6093,0.5334809422492981,-0.01584908366203308,-0.09880176186561584,,
13,neuron_activation,Impossible_vs_Factual,1006,0.5267642736434937,-0.036117102950811386,-0.16637571156024933,,
13,neuron_activation,Impossible_vs_Factual,2143,0.5265477895736694,1.0511643886566162,0.3678950071334839,,
13,neuron_activation,Impossible_vs_Factual,10153,0.5245702266693115,0.2091774046421051,0.1147283986210823,,
13,neuron_activation,Impossible_vs_Factual,7231,0.5136209726333618,0.12144690752029419,0.00368647463619709,,
13,neuron_activation,Impossible_vs_Factual,7009,0.5121419429779053,0.04176792874932289,-0.08132551610469818,,
13,neuron_activation,Impossible_vs_Factual,52,0.5077351927757263,-0.034729503095149994,-0.14378251135349274,,
13,neuron_activation,Impossible_vs_Factual,10451,0.5075071454048157,0.051546983420848846,-0.03831427916884422,,
13,neuron_activation,Hallucinations_vs_Factual,7845,0.5542370080947876,0.021311704069375992,-0.14996764063835144,,
13,neuron_activation,Hallucinations_vs_Factual,10688,0.554095447063446,0.172895148396492,0.051945507526397705,,
13,neuron_activation,Hallucinations_vs_Factual,2647,0.5523597002029419,0.06802859157323837,-0.03593849390745163,,
13,neuron_activation,Hallucinations_vs_Factual,7009,0.5462713837623596,0.04634800925850868,-0.08132551610469818,,
13,neuron_activation,Hallucinations_vs_Factual,3647,0.5308625102043152,0.17769090831279755,0.06820669025182724,,
13,neuron_activation,Hallucinations_vs_Factual,3145,0.5237310528755188,-0.07308987528085709,-0.17775104939937592,,
13,neuron_activation,Hallucinations_vs_Factual,6503,0.517050564289093,0.04175621643662453,-0.05509158968925476,,
13,neuron_activation,Hallucinations_vs_Factual,10351,0.5058459043502808,0.12302867323160172,-0.050998225808143616,,
13,neuron_activation,Hallucinations_vs_Factual,5578,0.5040878653526306,0.06784436851739883,-0.023602111265063286,,
13,neuron_activation,Hallucinations_vs_Factual,6093,0.5020824074745178,-0.02099047228693962,-0.09880176186561584,,
14,neuron_activation,Impossible_vs_Factual,9427,0.5523730516433716,0.2813970148563385,0.19650882482528687,,
14,neuron_activation,Impossible_vs_Factual,5548,0.5392948985099792,0.0660451352596283,-0.08055076748132706,,
14,neuron_activation,Impossible_vs_Factual,10800,0.5392376184463501,0.3405085504055023,0.1804085373878479,,
14,neuron_activation,Impossible_vs_Factual,6808,0.5391135215759277,0.15291859209537506,-0.04249180853366852,,
14,neuron_activation,Impossible_vs_Factual,9367,0.5304783582687378,0.16871774196624756,0.06443153321743011,,
14,neuron_activation,Impossible_vs_Factual,10886,0.5245958566665649,0.05591243505477905,-0.08475390076637268,,
14,neuron_activation,Impossible_vs_Factual,6032,0.5228803753852844,0.3775928318500519,0.20991769433021545,,
14,neuron_activation,Impossible_vs_Factual,3899,0.5103577375411987,-0.008961760438978672,-0.14012904465198517,,
14,neuron_activation,Impossible_vs_Factual,1822,0.5058649778366089,0.0587536059319973,-0.03575049713253975,,
14,neuron_activation,Impossible_vs_Factual,8625,0.5045132040977478,0.030804414302110672,-0.09310406446456909,,
14,neuron_activation,Hallucinations_vs_Factual,2274,0.5248858332633972,-0.053834218531847,-0.18566790223121643,,
14,neuron_activation,Hallucinations_vs_Factual,10886,0.5198156237602234,0.05412090942263603,-0.08475390076637268,,
14,neuron_activation,Hallucinations_vs_Factual,2246,0.5165660977363586,0.017961397767066956,-0.15999045968055725,,
14,neuron_activation,Hallucinations_vs_Factual,7406,0.4926578402519226,-0.10639525949954987,-0.21033875644207,,
14,neuron_activation,Hallucinations_vs_Factual,8447,0.4800107181072235,0.16877594590187073,0.011606872081756592,,
14,neuron_activation,Hallucinations_vs_Factual,6636,0.4739774465560913,0.020795932039618492,-0.07904757559299469,,
14,neuron_activation,Hallucinations_vs_Factual,3749,0.4704104959964752,0.13267049193382263,0.005974906962364912,,
14,neuron_activation,Hallucinations_vs_Factual,2463,0.4641185402870178,1.560348629951477,0.30096304416656494,,
14,neuron_activation,Hallucinations_vs_Factual,6641,0.4636152386665344,0.106412872672081,0.010967829264700413,,
14,neuron_activation,Hallucinations_vs_Factual,1521,0.4627763330936432,-0.21043643355369568,-0.5574554800987244,,
15,neuron_activation,Impossible_vs_Factual,5727,0.5777683854103088,0.13466070592403412,0.00997217372059822,,
15,neuron_activation,Impossible_vs_Factual,8808,0.5543286204338074,-0.057966865599155426,-0.20335236191749573,,
15,neuron_activation,Impossible_vs_Factual,7526,0.5308282375335693,0.08765196055173874,-0.059503182768821716,,
15,neuron_activation,Impossible_vs_Factual,7196,0.5049985647201538,0.10501525551080704,-0.021082567051053047,,
15,neuron_activation,Impossible_vs_Factual,7717,0.5045087337493896,0.06212972477078438,-0.09173215180635452,,
15,neuron_activation,Impossible_vs_Factual,7249,0.4935443103313446,0.1645122468471527,0.03467627614736557,,
15,neuron_activation,Impossible_vs_Factual,7071,0.4863807260990143,0.2709064781665802,0.08248338848352432,,
15,neuron_activation,Impossible_vs_Factual,6236,0.48515042662620544,0.25162094831466675,0.09691484272480011,,
15,neuron_activation,Impossible_vs_Factual,1742,0.48513349890708923,0.1033296138048172,-0.02248995378613472,,
15,neuron_activation,Impossible_vs_Factual,113,0.48252227902412415,0.0036258473992347717,-0.16197018325328827,,
15,neuron_activation,Hallucinations_vs_Factual,7133,0.6245740056037903,-0.06358110159635544,-0.23648011684417725,,
15,neuron_activation,Hallucinations_vs_Factual,1096,0.5104365348815918,0.10519561171531677,0.012403810396790504,,
15,neuron_activation,Hallucinations_vs_Factual,3544,0.498090922832489,0.03472122922539711,-0.11159691959619522,,
15,neuron_activation,Hallucinations_vs_Factual,9718,0.495808482170105,0.0699939951300621,-0.12589101493358612,,
15,neuron_activation,Hallucinations_vs_Factual,901,0.4929130971431732,0.08885394036769867,-0.04407961666584015,,
15,neuron_activation,Hallucinations_vs_Factual,3282,0.4853256344795227,0.22178789973258972,0.10377784073352814,,
15,neuron_activation,Hallucinations_vs_Factual,3672,0.4813612401485443,-0.0827859416604042,-0.2139260172843933,,
15,neuron_activation,Hallucinations_vs_Factual,5439,0.47467201948165894,-0.1370159536600113,-0.2436431646347046,,
15,neuron_activation,Hallucinations_vs_Factual,1867,0.4722297787666321,-0.16518279910087585,-0.28160470724105835,,
15,neuron_activation,Hallucinations_vs_Factual,2596,0.4698120951652527,-0.04846177250146866,-0.14496943354606628,,
16,neuron_activation,Impossible_vs_Factual,8092,0.5760552287101746,-0.027115778997540474,-0.16851428151130676,,
16,neuron_activation,Impossible_vs_Factual,7898,0.5420905351638794,0.08265171200037003,-0.04354690760374069,,
16,neuron_activation,Impossible_vs_Factual,10855,0.5337334871292114,0.10395771265029907,-0.014060894958674908,,
16,neuron_activation,Impossible_vs_Factual,10795,0.5330402851104736,0.1776040941476822,0.06966246664524078,,
16,neuron_activation,Impossible_vs_Factual,3645,0.5258061289787292,0.2193877398967743,-0.1441326141357422,,
16,neuron_activation,Impossible_vs_Factual,2175,0.5129806995391846,0.13558316230773926,0.008670102804899216,,
16,neuron_activation,Impossible_vs_Factual,5279,0.5113856792449951,0.10850285738706589,0.007502274122089148,,
16,neuron_activation,Impossible_vs_Factual,361,0.507138192653656,-0.09529285132884979,-0.1969292163848877,,
16,neuron_activation,Impossible_vs_Factual,4230,0.5004312992095947,0.14091317355632782,0.00844874233007431,,
16,neuron_activation,Impossible_vs_Factual,7875,0.4920997619628906,0.024894416332244873,-0.09436856955289841,,
16,neuron_activation,Hallucinations_vs_Factual,8092,0.5950819849967957,-0.03485915809869766,-0.16851428151130676,,
16,neuron_activation,Hallucinations_vs_Factual,10516,0.572704553604126,0.07992800325155258,-0.06114852800965309,,
16,neuron_activation,Hallucinations_vs_Factual,3645,0.5358489751815796,0.20078060030937195,-0.1441326141357422,,
16,neuron_activation,Hallucinations_vs_Factual,2069,0.5104622840881348,-0.0006605226080864668,-0.09560434520244598,,
16,neuron_activation,Hallucinations_vs_Factual,405,0.5068798661231995,-0.05737730860710144,-0.17845162749290466,,
16,neuron_activation,Hallucinations_vs_Factual,2796,0.500458836555481,0.04353879764676094,-0.0468536838889122,,
16,neuron_activation,Hallucinations_vs_Factual,8700,0.491310715675354,0.05144893378019333,-0.06863652914762497,,
16,neuron_activation,Hallucinations_vs_Factual,7898,0.4810279905796051,0.06518805772066116,-0.04354690760374069,,
16,neuron_activation,Hallucinations_vs_Factual,8640,0.4793508052825928,-0.014476454816758633,-0.1045006737112999,,
16,neuron_activation,Hallucinations_vs_Factual,7724,0.47722044587135315,-0.12503668665885925,-0.24063044786453247,,
17,neuron_activation,Impossible_vs_Factual,2164,0.5670449137687683,0.2140730321407318,0.05319515988230705,,
17,neuron_activation,Impossible_vs_Factual,9897,0.5152132511138916,0.11343377828598022,-0.015659967437386513,,
17,neuron_activation,Impossible_vs_Factual,9125,0.5096153020858765,0.2279810756444931,0.10155122727155685,,
17,neuron_activation,Impossible_vs_Factual,7528,0.4982162117958069,-0.0015977689763531089,-0.12696325778961182,,
17,neuron_activation,Impossible_vs_Factual,8058,0.497309148311615,-0.1810813695192337,-0.44516944885253906,,
17,neuron_activation,Impossible_vs_Factual,4071,0.487958163022995,0.23907269537448883,0.09550771117210388,,
17,neuron_activation,Impossible_vs_Factual,7167,0.48633047938346863,0.09256070107221603,-0.03569479286670685,,
17,neuron_activation,Impossible_vs_Factual,1169,0.4832715094089508,-0.012674807570874691,-0.11994048207998276,,
17,neuron_activation,Impossible_vs_Factual,4912,0.4821966588497162,0.13097453117370605,-0.053605977445840836,,
17,neuron_activation,Impossible_vs_Factual,10352,0.47343483567237854,0.0068367901258170605,-0.08508056402206421,,
17,neuron_activation,Hallucinations_vs_Factual,412,0.5514398813247681,0.25762999057769775,-0.22075307369232178,,
17,neuron_activation,Hallucinations_vs_Factual,3444,0.5490221381187439,0.09837792068719864,-0.03147991746664047,,
17,neuron_activation,Hallucinations_vs_Factual,257,0.5071304440498352,0.07183634489774704,-0.03487618640065193,,
17,neuron_activation,Hallucinations_vs_Factual,7167,0.5028178095817566,0.09191552549600601,-0.03569479286670685,,
17,neuron_activation,Hallucinations_vs_Factual,6618,0.4913736581802368,0.24925872683525085,0.04869340732693672,,
17,neuron_activation,Hallucinations_vs_Factual,7438,0.4720495641231537,-0.037661563605070114,-0.16840262711048126,,
17,neuron_activation,Hallucinations_vs_Factual,1903,0.4704813063144684,-0.029731085523962975,-0.16966785490512848,,
17,neuron_activation,Hallucinations_vs_Factual,1029,0.4644731879234314,-0.03825169429183006,-0.14368699491024017,,
17,neuron_activation,Hallucinations_vs_Factual,715,0.45575717091560364,-0.0609627403318882,-0.15546999871730804,,
17,neuron_activation,Hallucinations_vs_Factual,9101,0.45357745885849,0.1379728615283966,0.044076092541217804,,
18,neuron_activation,Impossible_vs_Factual,9030,0.5141243934631348,0.09928750991821289,-0.01492393109947443,,
18,neuron_activation,Impossible_vs_Factual,9697,0.5074182748794556,0.0722878947854042,-0.09737682342529297,,
18,neuron_activation,Impossible_vs_Factual,2606,0.5053264498710632,0.08639869838953018,-0.05870096758008003,,
18,neuron_activation,Impossible_vs_Factual,3446,0.5022363662719727,0.13944189250469208,0.017281165346503258,,
18,neuron_activation,Impossible_vs_Factual,1714,0.4996836185455322,0.013500873930752277,-0.07390712201595306,,
18,neuron_activation,Impossible_vs_Factual,9771,0.49889782071113586,0.13467547297477722,-0.030744066461920738,,
18,neuron_activation,Impossible_vs_Factual,5890,0.4950648248195648,0.051768362522125244,-0.04223880544304848,,
18,neuron_activation,Impossible_vs_Factual,5013,0.49135494232177734,0.02942013368010521,-0.05978166311979294,,
18,neuron_activation,Impossible_vs_Factual,8279,0.48950159549713135,-0.13282300531864166,-0.43641233444213867,,
18,neuron_activation,Impossible_vs_Factual,10616,0.4869104027748108,0.15155340731143951,0.03640522435307503,,
18,neuron_activation,Hallucinations_vs_Factual,2210,0.6801683306694031,-0.010679058730602264,-0.20389313995838165,,
18,neuron_activation,Hallucinations_vs_Factual,5148,0.611582338809967,0.031905125826597214,-0.07032229006290436,,
18,neuron_activation,Hallucinations_vs_Factual,2578,0.5630273222923279,-0.017969200387597084,-0.20705381035804749,,
18,neuron_activation,Hallucinations_vs_Factual,10366,0.5136720538139343,0.003721489105373621,-0.07783529907464981,,
18,neuron_activation,Hallucinations_vs_Factual,494,0.4814802408218384,-0.07034741342067719,-0.18741241097450256,,
18,neuron_activation,Hallucinations_vs_Factual,7413,0.46813952922821045,-0.04911923035979271,-0.1454480141401291,,
18,neuron_activation,Hallucinations_vs_Factual,6222,0.45811188220977783,0.03252581134438515,-0.11136940866708755,,
18,neuron_activation,Hallucinations_vs_Factual,7427,0.4576338529586792,0.06982719153165817,-0.02589595876634121,,
18,neuron_activation,Hallucinations_vs_Factual,2389,0.4564479887485504,-0.021675536409020424,-0.15360525250434875,,
18,neuron_activation,Hallucinations_vs_Factual,9975,0.45622968673706055,-0.031271591782569885,-0.13539275527000427,,
19,neuron_activation,Impossible_vs_Factual,6131,0.5385833978652954,0.10594303160905838,0.011443721130490303,,
19,neuron_activation,Impossible_vs_Factual,5867,0.5300469398498535,0.07496156543493271,-0.07256784290075302,,
19,neuron_activation,Impossible_vs_Factual,9233,0.5173671841621399,0.12792658805847168,-0.015495664440095425,,
19,neuron_activation,Impossible_vs_Factual,3783,0.5077371597290039,0.015944484621286392,-0.13886530697345734,,
19,neuron_activation,Impossible_vs_Factual,3437,0.5062403082847595,0.1864154040813446,0.04315122216939926,,
19,neuron_activation,Impossible_vs_Factual,8469,0.48978373408317566,-0.14255085587501526,-0.295422226190567,,
19,neuron_activation,Impossible_vs_Factual,10673,0.4821819067001343,0.02648637257516384,-0.08028270304203033,,
19,neuron_activation,Impossible_vs_Factual,8179,0.4819316267967224,-0.012927800416946411,-0.192821204662323,,
19,neuron_activation,Impossible_vs_Factual,988,0.470368355512619,-0.08789608627557755,-0.3497890830039978,,
19,neuron_activation,Impossible_vs_Factual,8460,0.4700976610183716,-0.30870914459228516,-0.7751272320747375,,
19,neuron_activation,Hallucinations_vs_Factual,8460,0.5153356194496155,-0.28299230337142944,-0.7751272320747375,,
19,neuron_activation,Hallucinations_vs_Factual,10958,0.48631176352500916,1.9881224632263184,-0.043013181537389755,,
19,neuron_activation,Hallucinations_vs_Factual,9429,0.48325350880622864,-0.05005037784576416,-0.17831681668758392,,
19,neuron_activation,Hallucinations_vs_Factual,10827,0.4704952836036682,-0.0010141481179744005,-0.07524809241294861,,
19,neuron_activation,Hallucinations_vs_Factual,2194,0.46616607904434204,-0.0628996193408966,-0.1850368082523346,,
19,neuron_activation,Hallucinations_vs_Factual,8000,0.4613815248012543,-0.06816282868385315,-0.15904784202575684,,
19,neuron_activation,Hallucinations_vs_Factual,8763,0.4610532224178314,-0.08459191769361496,-0.25090262293815613,,
19,neuron_activation,Hallucinations_vs_Factual,1429,0.4552963376045227,0.1236187070608139,0.00427086278796196,,
19,neuron_activation,Hallucinations_vs_Factual,10111,0.4497539699077606,0.1773984432220459,0.06212473288178444,,
19,neuron_activation,Hallucinations_vs_Factual,7649,0.4495294690132141,0.04633336514234543,-0.12535345554351807,,
20,neuron_activation,Impossible_vs_Factual,7265,0.604057788848877,0.08793514966964722,-0.06009454280138016,,
20,neuron_activation,Impossible_vs_Factual,1418,0.5559895038604736,0.2329704314470291,0.07751206308603287,,
20,neuron_activation,Impossible_vs_Factual,5723,0.5432078242301941,0.10222753882408142,-0.14055298268795013,,
20,neuron_activation,Impossible_vs_Factual,6727,0.5273475646972656,0.10046466439962387,-0.05065497010946274,,
20,neuron_activation,Impossible_vs_Factual,1184,0.5222134590148926,0.17583706974983215,0.052253782749176025,,
20,neuron_activation,Impossible_vs_Factual,935,0.513494074344635,-0.08030153065919876,-0.23888209462165833,,
20,neuron_activation,Impossible_vs_Factual,6247,0.5116240382194519,0.15758010745048523,0.044268637895584106,,
20,neuron_activation,Impossible_vs_Factual,2525,0.5110597014427185,0.19666002690792084,0.04128172621130943,,
20,neuron_activation,Impossible_vs_Factual,3732,0.5030463337898254,0.1334003359079361,0.036484044045209885,,
20,neuron_activation,Impossible_vs_Factual,9916,0.49875807762145996,0.012785225175321102,-0.17757567763328552,,
20,neuron_activation,Hallucinations_vs_Factual,7265,0.5330240726470947,0.0706067755818367,-0.06009454280138016,,
20,neuron_activation,Hallucinations_vs_Factual,311,0.5206853151321411,0.06918565183877945,-0.07410532981157303,,
20,neuron_activation,Hallucinations_vs_Factual,9916,0.5071509480476379,0.00598103879019618,-0.17757567763328552,,
20,neuron_activation,Hallucinations_vs_Factual,10711,0.5000489354133606,0.043101418763399124,-0.1316128969192505,,
20,neuron_activation,Hallucinations_vs_Factual,2679,0.49683886766433716,0.13715225458145142,-0.04064980149269104,,
20,neuron_activation,Hallucinations_vs_Factual,4375,0.49496787786483765,0.0018710107542574406,-0.13901858031749725,,
20,neuron_activation,Hallucinations_vs_Factual,4649,0.49360671639442444,0.13448229432106018,0.011031913571059704,,
20,neuron_activation,Hallucinations_vs_Factual,4641,0.4914838969707489,0.10355545580387115,-0.009284633211791515,,
20,neuron_activation,Hallucinations_vs_Factual,3146,0.48974519968032837,-0.05389481037855148,-0.23382063210010529,,
20,neuron_activation,Hallucinations_vs_Factual,3080,0.4744843542575836,-0.03145870566368103,-0.17029400169849396,,
21,neuron_activation,Impossible_vs_Factual,3418,0.537691593170166,-0.052362147718667984,-0.19550693035125732,,
21,neuron_activation,Impossible_vs_Factual,10135,0.5297713279724121,0.028344741091132164,-0.09227011352777481,,
21,neuron_activation,Impossible_vs_Factual,6611,0.517164945602417,0.05453451722860336,-0.06654196232557297,,
21,neuron_activation,Impossible_vs_Factual,3328,0.48578616976737976,-0.0069946544244885445,-0.16187196969985962,,
21,neuron_activation,Impossible_vs_Factual,3287,0.4853473901748657,-0.14381305873394012,-0.4440727233886719,,
21,neuron_activation,Impossible_vs_Factual,10216,0.485055536031723,0.1059383824467659,-0.043419137597084045,,
21,neuron_activation,Impossible_vs_Factual,10976,0.48203909397125244,0.032738808542490005,-0.08867396414279938,,
21,neuron_activation,Impossible_vs_Factual,8299,0.4738825261592865,-0.0237723495811224,-0.12610603868961334,,
21,neuron_activation,Impossible_vs_Factual,5938,0.473124623298645,-0.041851360350847244,-0.17977334558963776,,
21,neuron_activation,Impossible_vs_Factual,4396,0.47027432918548584,0.008384625427424908,-0.13529841601848602,,
21,neuron_activation,Hallucinations_vs_Factual,9665,0.47644391655921936,-0.087508924305439,-0.45480138063430786,,
21,neuron_activation,Hallucinations_vs_Factual,6621,0.4737648069858551,0.045880258083343506,-0.04755783453583717,,
21,neuron_activation,Hallucinations_vs_Factual,3418,0.47315317392349243,-0.05949092656373978,-0.19550693035125732,,
21,neuron_activation,Hallucinations_vs_Factual,3707,0.4683670699596405,0.08477362990379333,-0.0622737854719162,,
21,neuron_activation,Hallucinations_vs_Factual,6719,0.4663435220718384,0.09164860844612122,-0.1768919825553894,,
21,neuron_activation,Hallucinations_vs_Factual,5829,0.4575773775577545,-0.0491836853325367,-0.15970133244991302,,
21,neuron_activation,Hallucinations_vs_Factual,3328,0.4559076428413391,-0.008068864233791828,-0.16187196969985962,,
21,neuron_activation,Hallucinations_vs_Factual,5938,0.454088032245636,-0.041566215455532074,-0.17977334558963776,,
21,neuron_activation,Hallucinations_vs_Factual,308,0.43418169021606445,-0.012513688765466213,-0.09951871633529663,,
21,neuron_activation,Hallucinations_vs_Factual,8881,0.4321551024913788,-0.001972191035747528,-0.08571760356426239,,
22,neuron_activation,Impossible_vs_Factual,982,0.5636646151542664,0.08425010740756989,-0.04767750948667526,,
22,neuron_activation,Impossible_vs_Factual,4099,0.5229290723800659,0.01800132356584072,-0.13606131076812744,,
22,neuron_activation,Impossible_vs_Factual,2631,0.520789384841919,0.08418731391429901,-0.040865857154130936,,
22,neuron_activation,Impossible_vs_Factual,6478,0.5191074013710022,-0.04350665584206581,-0.1849641501903534,,
22,neuron_activation,Impossible_vs_Factual,3937,0.49987322092056274,0.008858554065227509,-0.10279235988855362,,
22,neuron_activation,Impossible_vs_Factual,6355,0.4944555163383484,-0.1146709993481636,-0.2605838477611542,,
22,neuron_activation,Impossible_vs_Factual,10346,0.47989267110824585,0.12228783220052719,0.029419150203466415,,
22,neuron_activation,Impossible_vs_Factual,2805,0.45240598917007446,0.07661399245262146,-0.01299969106912613,,
22,neuron_activation,Impossible_vs_Factual,80,0.4475288391113281,-0.08359778672456741,-0.38910895586013794,,
22,neuron_activation,Impossible_vs_Factual,7604,0.43920883536338806,-0.026089942082762718,-0.1721988171339035,,
22,neuron_activation,Hallucinations_vs_Factual,1487,0.4917917847633362,-0.05705034360289574,-0.3535950481891632,,
22,neuron_activation,Hallucinations_vs_Factual,7758,0.4729783535003662,-0.021556252613663673,-0.20224961638450623,,
22,neuron_activation,Hallucinations_vs_Factual,1869,0.4605180025100708,-0.2316686362028122,-0.36846333742141724,,
22,neuron_activation,Hallucinations_vs_Factual,6405,0.46012964844703674,-0.011980959214270115,-0.14555348455905914,,
22,neuron_activation,Hallucinations_vs_Factual,5311,0.447653591632843,-0.10278594493865967,-0.3861311972141266,,
22,neuron_activation,Hallucinations_vs_Factual,3447,0.4363546073436737,0.06892774999141693,-0.06314847618341446,,
22,neuron_activation,Hallucinations_vs_Factual,391,0.4307931065559387,-0.022166863083839417,-0.11812464892864227,,
22,neuron_activation,Hallucinations_vs_Factual,9393,0.4246942102909088,-0.284840852022171,-0.7012552618980408,,
22,neuron_activation,Hallucinations_vs_Factual,7932,0.4244626462459564,0.02857959270477295,-0.07609741389751434,,
22,neuron_activation,Hallucinations_vs_Factual,4099,0.4239393472671509,-0.015600613318383694,-0.13606131076812744,,
23,neuron_activation,Impossible_vs_Factual,5940,0.46625739336013794,0.028522150591015816,-0.12931674718856812,,
23,neuron_activation,Impossible_vs_Factual,10734,0.4559207260608673,-0.16625836491584778,-0.5530604720115662,,
23,neuron_activation,Impossible_vs_Factual,9461,0.44941821694374084,0.0059706480242311954,-0.08907932043075562,,
23,neuron_activation,Impossible_vs_Factual,8232,0.4485120177268982,0.08041010797023773,-0.052965518087148666,,
23,neuron_activation,Impossible_vs_Factual,2944,0.44536158442497253,-0.04592376574873924,-0.16595037281513214,,
23,neuron_activation,Impossible_vs_Factual,1902,0.43950599431991577,-0.003131153294816613,-0.08243042975664139,,
23,neuron_activation,Impossible_vs_Factual,2628,0.43744444847106934,0.1084422841668129,-0.026406265795230865,,
23,neuron_activation,Impossible_vs_Factual,9205,0.43342506885528564,-0.07894576340913773,-0.1724463850259781,,
23,neuron_activation,Impossible_vs_Factual,9282,0.43114566802978516,-0.04340163245797157,-0.2103535383939743,,
23,neuron_activation,Impossible_vs_Factual,6046,0.430132120847702,0.07814887166023254,-0.02319321222603321,,
23,neuron_activation,Hallucinations_vs_Factual,3840,0.5056975483894348,-0.09528173506259918,-0.23411907255649567,,
23,neuron_activation,Hallucinations_vs_Factual,9205,0.47791269421577454,-0.06807701289653778,-0.1724463850259781,,
23,neuron_activation,Hallucinations_vs_Factual,4553,0.45862096548080444,-0.061789169907569885,-0.20961813628673553,,
23,neuron_activation,Hallucinations_vs_Factual,10735,0.4576084315776825,0.13582995533943176,-0.02976049855351448,,
23,neuron_activation,Hallucinations_vs_Factual,2944,0.4530837833881378,-0.05248749256134033,-0.16595037281513214,,
23,neuron_activation,Hallucinations_vs_Factual,5378,0.44564634561538696,-0.14317232370376587,-0.3981078863143921,,
23,neuron_activation,Hallucinations_vs_Factual,6046,0.43656015396118164,0.07504678517580032,-0.02319321222603321,,
23,neuron_activation,Hallucinations_vs_Factual,5088,0.4315260052680969,-0.04958970472216606,-0.25472167134284973,,
23,neuron_activation,Hallucinations_vs_Factual,4962,0.430279016494751,-0.2896447479724884,-0.7978644967079163,,
23,neuron_activation,Hallucinations_vs_Factual,5555,0.4243791401386261,0.20004217326641083,-0.04371649771928787,,
24,neuron_activation,Impossible_vs_Factual,3503,0.5596109628677368,-0.04357682168483734,-0.22168569266796112,,
24,neuron_activation,Impossible_vs_Factual,10245,0.550386369228363,0.016127992421388626,-0.09325885772705078,,
24,neuron_activation,Impossible_vs_Factual,1113,0.5442747473716736,0.1232171431183815,-0.03349609673023224,,
24,neuron_activation,Impossible_vs_Factual,2043,0.5270770788192749,-0.18353568017482758,-1.0459855794906616,,
24,neuron_activation,Impossible_vs_Factual,10089,0.49944040179252625,-0.08834207057952881,-0.22736157476902008,,
24,neuron_activation,Impossible_vs_Factual,4257,0.4853799641132355,-0.0493042953312397,-0.15957751870155334,,
24,neuron_activation,Impossible_vs_Factual,5262,0.4830753207206726,0.036727916449308395,-0.12084928154945374,,
24,neuron_activation,Impossible_vs_Factual,6450,0.4816955327987671,-0.032946426421403885,-0.22732140123844147,,
24,neuron_activation,Impossible_vs_Factual,2117,0.4798322319984436,-0.04806700348854065,-0.17441357672214508,,
24,neuron_activation,Impossible_vs_Factual,7151,0.4742949604988098,0.13155333697795868,0.013096697628498077,,
24,neuron_activation,Hallucinations_vs_Factual,3503,0.5281853079795837,-0.0373569019138813,-0.22168569266796112,,
24,neuron_activation,Hallucinations_vs_Factual,5623,0.5263670086860657,-0.010409469716250896,-0.2322247326374054,,
24,neuron_activation,Hallucinations_vs_Factual,10245,0.5133545994758606,0.014440033584833145,-0.09325885772705078,,
24,neuron_activation,Hallucinations_vs_Factual,2043,0.5069170594215393,-0.2632373571395874,-1.0459855794906616,,
24,neuron_activation,Hallucinations_vs_Factual,2194,0.4819352328777313,-0.10635208338499069,-0.24373343586921692,,
24,neuron_activation,Hallucinations_vs_Factual,5838,0.4775979220867157,-0.010324599221348763,-0.1215076670050621,,
24,neuron_activation,Hallucinations_vs_Factual,7841,0.47728702425956726,0.013624868355691433,-0.16749903559684753,,
24,neuron_activation,Hallucinations_vs_Factual,880,0.46900230646133423,0.0030195333529263735,-0.13744224607944489,,
24,neuron_activation,Hallucinations_vs_Factual,1588,0.4684961438179016,-0.12972114980220795,-0.4046042263507843,,
24,neuron_activation,Hallucinations_vs_Factual,7205,0.4658975601196289,-0.0932428240776062,-0.4337570071220398,,
25,neuron_activation,Impossible_vs_Factual,3614,0.5281334519386292,0.010340936481952667,-0.278105765581131,,
25,neuron_activation,Impossible_vs_Factual,9858,0.5273487567901611,-0.01803838461637497,-0.14622215926647186,,
25,neuron_activation,Impossible_vs_Factual,2670,0.5093486905097961,0.14228202402591705,-0.00585999945178628,,
25,neuron_activation,Impossible_vs_Factual,10804,0.5086860656738281,-0.4785408675670624,-1.0087666511535645,,
25,neuron_activation,Impossible_vs_Factual,7893,0.5072489380836487,-0.0720415934920311,-0.20051662623882294,,
25,neuron_activation,Impossible_vs_Factual,6174,0.5046562552452087,0.18688064813613892,0.05133922025561333,,
25,neuron_activation,Impossible_vs_Factual,4472,0.49283942580223083,-0.09722766280174255,-0.26469686627388,,
25,neuron_activation,Impossible_vs_Factual,3463,0.4832608699798584,-0.4819028973579407,-1.0963999032974243,,
25,neuron_activation,Impossible_vs_Factual,3253,0.4794904887676239,-0.030914155766367912,-0.1697491854429245,,
25,neuron_activation,Impossible_vs_Factual,2348,0.47927072644233704,-0.057595301419496536,-0.22742046415805817,,
25,neuron_activation,Hallucinations_vs_Factual,3253,0.5201293230056763,-0.00040016896673478186,-0.1697491854429245,,
25,neuron_activation,Hallucinations_vs_Factual,3569,0.4698599874973297,-0.009604175575077534,-0.13730622828006744,,
25,neuron_activation,Hallucinations_vs_Factual,2348,0.4677765369415283,-0.055767543613910675,-0.22742046415805817,,
25,neuron_activation,Hallucinations_vs_Factual,324,0.46133655309677124,-0.6349294781684875,-1.2579638957977295,,
25,neuron_activation,Hallucinations_vs_Factual,9617,0.46045270562171936,-0.14637236297130585,-0.2666742205619812,,
25,neuron_activation,Hallucinations_vs_Factual,1995,0.4600834846496582,0.05060881748795509,-0.0878719836473465,,
25,neuron_activation,Hallucinations_vs_Factual,998,0.4582066833972931,0.04899310693144798,-0.442211776971817,,
25,neuron_activation,Hallucinations_vs_Factual,10484,0.4543699622154236,0.044915881007909775,-0.3399786651134491,,
25,neuron_activation,Hallucinations_vs_Factual,4472,0.4538063704967499,-0.09855346381664276,-0.26469686627388,,
25,neuron_activation,Hallucinations_vs_Factual,3215,0.45313599705696106,-0.07993995398283005,-0.25643736124038696,,
26,neuron_activation,Impossible_vs_Factual,296,0.6190438866615295,-0.15243874490261078,-0.39726924896240234,,
26,neuron_activation,Impossible_vs_Factual,216,0.5843623280525208,0.20303994417190552,0.02688620425760746,,
26,neuron_activation,Impossible_vs_Factual,8284,0.5764039158821106,0.03467191010713577,-0.15962237119674683,,
26,neuron_activation,Impossible_vs_Factual,1052,0.5409607291221619,-0.12293588370084763,-0.6555312275886536,,
26,neuron_activation,Impossible_vs_Factual,5344,0.5388105511665344,0.04297473654150963,-0.10849060863256454,,
26,neuron_activation,Impossible_vs_Factual,1302,0.5281558632850647,0.1676396280527115,0.03858406841754913,,
26,neuron_activation,Impossible_vs_Factual,7867,0.525567889213562,-0.08449940383434296,-0.24074479937553406,,
26,neuron_activation,Impossible_vs_Factual,9481,0.5190382599830627,0.010258868336677551,-0.1289135217666626,,
26,neuron_activation,Impossible_vs_Factual,3685,0.5106426477432251,-0.03462100401520729,-0.7145836353302002,,
26,neuron_activation,Impossible_vs_Factual,9450,0.5043482184410095,-0.04211968183517456,-0.1989544928073883,,
26,neuron_activation,Hallucinations_vs_Factual,296,0.6030188798904419,-0.1572534143924713,-0.39726924896240234,,
26,neuron_activation,Hallucinations_vs_Factual,6377,0.4740847051143646,-0.0903412252664566,-0.2660578191280365,,
26,neuron_activation,Hallucinations_vs_Factual,4013,0.47128379344940186,-0.030815301463007927,-0.1741092950105667,,
26,neuron_activation,Hallucinations_vs_Factual,8284,0.45588910579681396,-0.0201320331543684,-0.15962237119674683,,
26,neuron_activation,Hallucinations_vs_Factual,6726,0.45423293113708496,0.08847271651029587,-0.04347856715321541,,
26,neuron_activation,Hallucinations_vs_Factual,5450,0.4539960026741028,0.010393128730356693,-0.12951621413230896,,
26,neuron_activation,Hallucinations_vs_Factual,6246,0.4518990218639374,0.20710192620754242,0.05635351315140724,,
26,neuron_activation,Hallucinations_vs_Factual,216,0.4473126232624054,0.16303999722003937,0.02688620425760746,,
26,neuron_activation,Hallucinations_vs_Factual,8806,0.44274553656578064,0.010298497974872589,-0.11190789937973022,,
26,neuron_activation,Hallucinations_vs_Factual,6004,0.4418215751647949,-0.052472472190856934,-0.17476938664913177,,
27,neuron_activation,Impossible_vs_Factual,10697,0.5871229767799377,-0.15360338985919952,-1.0884363651275635,,
27,neuron_activation,Impossible_vs_Factual,5391,0.5795359015464783,1.306167483329773,-0.05734014883637428,,
27,neuron_activation,Impossible_vs_Factual,5801,0.5100470185279846,-0.08742498606443405,-0.23739346861839294,,
27,neuron_activation,Impossible_vs_Factual,4568,0.5054145455360413,-0.022231046110391617,-0.16822725534439087,,
27,neuron_activation,Impossible_vs_Factual,9188,0.5051054954528809,0.12360668182373047,-0.07602792233228683,,
27,neuron_activation,Impossible_vs_Factual,1868,0.5049299001693726,-0.08332467079162598,-0.6276598572731018,,
27,neuron_activation,Impossible_vs_Factual,3668,0.5045230388641357,-0.04745006933808327,-0.19221645593643188,,
27,neuron_activation,Impossible_vs_Factual,7882,0.5030848979949951,-0.022504672408103943,-0.24724946916103363,,
27,neuron_activation,Impossible_vs_Factual,5383,0.49037644267082214,-0.06245991960167885,-0.22445353865623474,,
27,neuron_activation,Impossible_vs_Factual,6665,0.48409518599510193,0.664745569229126,-0.6325365900993347,,
27,neuron_activation,Hallucinations_vs_Factual,10697,0.5084032416343689,-0.21092650294303894,-1.0884363651275635,,
27,neuron_activation,Hallucinations_vs_Factual,3668,0.4544706642627716,-0.05559917166829109,-0.19221645593643188,,
27,neuron_activation,Hallucinations_vs_Factual,7901,0.440761536359787,-0.04394511878490448,-0.5441508293151855,,
27,neuron_activation,Hallucinations_vs_Factual,5620,0.42732977867126465,-0.11110984534025192,-0.23938299715518951,,
27,neuron_activation,Hallucinations_vs_Factual,3181,0.42633479833602905,0.26964813470840454,0.04025471955537796,,
27,neuron_activation,Hallucinations_vs_Factual,1888,0.4093688428401947,-0.052219655364751816,-0.1735236644744873,,
27,neuron_activation,Hallucinations_vs_Factual,7882,0.40427088737487793,-0.0610753633081913,-0.24724946916103363,,
27,neuron_activation,Hallucinations_vs_Factual,9429,0.40275830030441284,0.01679200306534767,-0.10843227803707123,,
27,neuron_activation,Hallucinations_vs_Factual,8750,0.40065038204193115,-0.11355126649141312,-0.25527745485305786,,
27,neuron_activation,Hallucinations_vs_Factual,3043,0.40023186802864075,-0.055699460208415985,-0.18392226099967957,,
28,neuron_activation,Impossible_vs_Factual,5363,0.6387405395507812,0.0009652600274421275,-0.41919776797294617,,
28,neuron_activation,Impossible_vs_Factual,10046,0.6038092374801636,-0.0907905325293541,-1.703293800354004,,
28,neuron_activation,Impossible_vs_Factual,8140,0.5518950819969177,-0.6276502013206482,-2.612672805786133,,
28,neuron_activation,Impossible_vs_Factual,6438,0.5316571593284607,0.1492704302072525,-0.08616288006305695,,
28,neuron_activation,Impossible_vs_Factual,5439,0.5110574960708618,0.010179788805544376,-0.16989126801490784,,
28,neuron_activation,Impossible_vs_Factual,6240,0.5098141431808472,-0.12653130292892456,-0.3710845112800598,,
28,neuron_activation,Impossible_vs_Factual,2302,0.4944189488887787,-0.12848155200481415,-0.9153754115104675,,
28,neuron_activation,Impossible_vs_Factual,9513,0.49156898260116577,-0.05926590412855148,-0.5160387754440308,,
28,neuron_activation,Impossible_vs_Factual,4748,0.47348475456237793,0.023901022970676422,-1.067132830619812,,
28,neuron_activation,Impossible_vs_Factual,10608,0.4205995202064514,0.46529683470726013,-0.10514689236879349,,
28,neuron_activation,Hallucinations_vs_Factual,409,0.48032379150390625,0.037216246128082275,-0.2386971116065979,,
28,neuron_activation,Hallucinations_vs_Factual,9513,0.45527133345603943,-0.07933767139911652,-0.5160387754440308,,
28,neuron_activation,Hallucinations_vs_Factual,10046,0.44121024012565613,-0.20347312092781067,-1.703293800354004,,
28,neuron_activation,Hallucinations_vs_Factual,6438,0.43876415491104126,0.11637332290410995,-0.08616288006305695,,
28,neuron_activation,Hallucinations_vs_Factual,8140,0.43861380219459534,-0.8414781093597412,-2.612672805786133,,
28,neuron_activation,Hallucinations_vs_Factual,6240,0.40888330340385437,-0.15568748116493225,-0.3710845112800598,,
28,neuron_activation,Hallucinations_vs_Factual,5363,0.3847860097885132,-0.10723861306905746,-0.41919776797294617,,
28,neuron_activation,Hallucinations_vs_Factual,10108,0.3825654983520508,-0.054266586899757385,-0.35113054513931274,,
28,neuron_activation,Hallucinations_vs_Factual,10838,0.3813844919204712,-0.052906401455402374,-0.17939215898513794,,
28,neuron_activation,Hallucinations_vs_Factual,7297,0.37308335304260254,-0.08345931023359299,-0.24224808812141418,,
29,neuron_activation,Impossible_vs_Factual,7468,0.4977227449417114,-0.11784008890390396,-0.3319416344165802,,
29,neuron_activation,Impossible_vs_Factual,10284,0.49561330676078796,0.16397127509117126,-0.0629965215921402,,
29,neuron_activation,Impossible_vs_Factual,1222,0.46921855211257935,0.006473180837929249,-0.4969365894794464,,
29,neuron_activation,Impossible_vs_Factual,8570,0.44620880484580994,0.043719545006752014,-0.1353311836719513,,
29,neuron_activation,Impossible_vs_Factual,2830,0.4401150345802307,-0.06969176977872849,-0.44608765840530396,,
29,neuron_activation,Impossible_vs_Factual,6765,0.43932798504829407,0.1780010163784027,0.046876221895217896,,
29,neuron_activation,Impossible_vs_Factual,6075,0.4332750737667084,0.06679124385118484,-0.088551826775074,,
29,neuron_activation,Impossible_vs_Factual,7934,0.4289328455924988,0.0538872554898262,-0.41822895407676697,,
29,neuron_activation,Impossible_vs_Factual,9771,0.42766737937927246,-0.41963469982147217,-0.6143995523452759,,
29,neuron_activation,Impossible_vs_Factual,9818,0.4276435971260071,0.08756423741579056,-0.06608925759792328,,
29,neuron_activation,Hallucinations_vs_Factual,9771,0.45225635170936584,-0.4120020270347595,-0.6143995523452759,,
29,neuron_activation,Hallucinations_vs_Factual,1198,0.44740891456604004,0.07242406904697418,-0.12793399393558502,,
29,neuron_activation,Hallucinations_vs_Factual,1222,0.4184534251689911,-0.014320218935608864,-0.4969365894794464,,
29,neuron_activation,Hallucinations_vs_Factual,9818,0.4182525873184204,0.09059353917837143,-0.06608925759792328,,
29,neuron_activation,Hallucinations_vs_Factual,5806,0.3921949863433838,-0.1882699429988861,-0.8983542323112488,,
29,neuron_activation,Hallucinations_vs_Factual,8103,0.39028096199035645,-0.11059730499982834,-0.2833816111087799,,
29,neuron_activation,Hallucinations_vs_Factual,6650,0.3859846591949463,0.05207088589668274,-0.06990290433168411,,
29,neuron_activation,Hallucinations_vs_Factual,8963,0.38492223620414734,-0.20839862525463104,-0.3973613977432251,,
29,neuron_activation,Hallucinations_vs_Factual,8091,0.37671464681625366,-0.07355380803346634,-0.21771743893623352,,
29,neuron_activation,Hallucinations_vs_Factual,4290,0.37336021661758423,0.1482389271259308,0.008897796273231506,,
30,neuron_activation,Impossible_vs_Factual,10778,0.4984987676143646,0.2506697475910187,0.057920534163713455,,
30,neuron_activation,Impossible_vs_Factual,7873,0.4873116612434387,-0.033054858446121216,-1.1202282905578613,,
30,neuron_activation,Impossible_vs_Factual,7632,0.45483261346817017,0.2481473833322525,-0.40949368476867676,,
30,neuron_activation,Impossible_vs_Factual,5664,0.4546789824962616,-0.06857096403837204,-0.291788786649704,,
30,neuron_activation,Impossible_vs_Factual,7425,0.4498470425605774,-0.10473769158124924,-0.30461326241493225,,
30,neuron_activation,Impossible_vs_Factual,1138,0.4462209641933441,4.923390865325928,2.3632447719573975,,
30,neuron_activation,Impossible_vs_Factual,4872,0.4392085373401642,0.020570697262883186,-0.16037045419216156,,
30,neuron_activation,Impossible_vs_Factual,9505,0.43539658188819885,0.8923627138137817,-0.28771230578422546,,
30,neuron_activation,Impossible_vs_Factual,6688,0.43521443009376526,-0.39551225304603577,-3.496710777282715,,
30,neuron_activation,Impossible_vs_Factual,8812,0.4220612347126007,0.6498420834541321,-0.031318482011556625,,
30,neuron_activation,Hallucinations_vs_Factual,6899,0.40167495608329773,0.10228276252746582,-0.06370646506547928,,
30,neuron_activation,Hallucinations_vs_Factual,5342,0.39509132504463196,0.14597664773464203,-0.017018701881170273,,
30,neuron_activation,Hallucinations_vs_Factual,1667,0.3924824595451355,-0.0015769508900120854,-0.1369546353816986,,
30,neuron_activation,Hallucinations_vs_Factual,5664,0.3784349858760834,-0.10672110319137573,-0.291788786649704,,
30,neuron_activation,Hallucinations_vs_Factual,7873,0.3742382526397705,-0.14364154636859894,-1.1202282905578613,,
30,neuron_activation,Hallucinations_vs_Factual,4346,0.3670647442340851,-0.05648893862962723,-0.2061731517314911,,
30,neuron_activation,Hallucinations_vs_Factual,512,0.35931140184402466,0.15352420508861542,-0.7839804291725159,,
30,neuron_activation,Hallucinations_vs_Factual,7592,0.35859739780426025,-0.07779394090175629,-0.24385899305343628,,
30,neuron_activation,Hallucinations_vs_Factual,7425,0.35658901929855347,-0.10072901844978333,-0.30461326241493225,,
30,neuron_activation,Hallucinations_vs_Factual,10807,0.3511415421962738,0.00595284765586257,-0.39222460985183716,,
31,neuron_activation,Impossible_vs_Factual,8716,0.593701958656311,-0.13524243235588074,-1.2022106647491455,,
31,neuron_activation,Impossible_vs_Factual,3649,0.5588821768760681,0.1437486857175827,-1.2099641561508179,,
31,neuron_activation,Impossible_vs_Factual,4658,0.5469560623168945,-0.10746964812278748,-0.7868654131889343,,
31,neuron_activation,Impossible_vs_Factual,662,0.5006024837493896,0.16403008997440338,-0.641598641872406,,
31,neuron_activation,Impossible_vs_Factual,9302,0.4665486514568329,0.6712225675582886,-0.8187867403030396,,
31,neuron_activation,Impossible_vs_Factual,375,0.466133713722229,0.09413821250200272,-0.1607741415500641,,
31,neuron_activation,Impossible_vs_Factual,2126,0.46398478746414185,0.2797260880470276,-0.8286499977111816,,
31,neuron_activation,Impossible_vs_Factual,9336,0.442595899105072,0.04691740497946739,-0.6958996653556824,,
31,neuron_activation,Impossible_vs_Factual,4108,0.43788233399391174,0.0711011216044426,-0.1178303137421608,,
31,neuron_activation,Impossible_vs_Factual,287,0.42890501022338867,-0.04618874192237854,-0.3600267171859741,,
31,neuron_activation,Hallucinations_vs_Factual,8716,0.48020100593566895,-0.21125487983226776,-1.2022106647491455,,
31,neuron_activation,Hallucinations_vs_Factual,4658,0.42633581161499023,-0.1540599912405014,-0.7868654131889343,,
31,neuron_activation,Hallucinations_vs_Factual,5506,0.40743035078048706,-0.08492165058851242,-0.24591131508350372,,
31,neuron_activation,Hallucinations_vs_Factual,9302,0.36655864119529724,0.46643736958503723,-0.8187867403030396,,
31,neuron_activation,Hallucinations_vs_Factual,9115,0.35490673780441284,-0.020325828343629837,-1.2021794319152832,,
31,neuron_activation,Hallucinations_vs_Factual,7784,0.354526162147522,-0.15273766219615936,-0.2913779616355896,,
31,neuron_activation,Hallucinations_vs_Factual,9336,0.35042551159858704,-0.031847354024648666,-0.6958996653556824,,
31,neuron_activation,Hallucinations_vs_Factual,3288,0.3491605222225189,0.08060082048177719,-0.07105576992034912,,
31,neuron_activation,Hallucinations_vs_Factual,7817,0.3378235995769501,0.01933138817548752,-0.3515496551990509,,
31,neuron_activation,Hallucinations_vs_Factual,4777,0.3330150842666626,0.11879249662160873,-0.03310484439134598,,
32,neuron_activation,Impossible_vs_Factual,2581,0.5317322611808777,-0.1073443666100502,-0.32434988021850586,,
32,neuron_activation,Impossible_vs_Factual,8135,0.4846993684768677,0.05773499608039856,-0.15325264632701874,,
32,neuron_activation,Impossible_vs_Factual,7423,0.4758784770965576,0.6913867592811584,-0.6647813320159912,,
32,neuron_activation,Impossible_vs_Factual,10067,0.45486775040626526,0.03166382759809494,-0.546588659286499,,
32,neuron_activation,Impossible_vs_Factual,5124,0.454314261674881,-0.045874375849962234,-0.17043481767177582,,
32,neuron_activation,Impossible_vs_Factual,5851,0.4484887719154358,-0.11521322280168533,-0.29136109352111816,,
32,neuron_activation,Impossible_vs_Factual,7534,0.4399370551109314,-0.0004068798152729869,-0.1920195072889328,,
32,neuron_activation,Impossible_vs_Factual,9728,0.43497711420059204,0.09830044209957123,-1.1548407077789307,,
32,neuron_activation,Impossible_vs_Factual,640,0.4119971692562103,0.4597131013870239,-1.1697865724563599,,
32,neuron_activation,Impossible_vs_Factual,6918,0.4118276536464691,-0.12128586322069168,-0.23800702393054962,,
32,neuron_activation,Hallucinations_vs_Factual,2477,0.39356550574302673,1.0656285285949707,-1.1313503980636597,,
32,neuron_activation,Hallucinations_vs_Factual,6457,0.3859797716140747,0.8703252673149109,-0.17243240773677826,,
32,neuron_activation,Hallucinations_vs_Factual,10067,0.37810400128364563,-0.018152698874473572,-0.546588659286499,,
32,neuron_activation,Hallucinations_vs_Factual,456,0.33330121636390686,17.418378829956055,14.896748542785645,,
32,neuron_activation,Hallucinations_vs_Factual,2548,0.33077529072761536,0.13818347454071045,-0.3965241014957428,,
32,neuron_activation,Hallucinations_vs_Factual,7423,0.3280012607574463,0.2726471722126007,-0.6647813320159912,,
32,neuron_activation,Hallucinations_vs_Factual,369,0.3246977627277374,-0.0323292501270771,-0.20315401256084442,,
32,neuron_activation,Hallucinations_vs_Factual,2683,0.3149194121360779,0.5896965861320496,-0.5095750689506531,,
32,neuron_activation,Hallucinations_vs_Factual,2581,0.3064258396625519,-0.16590924561023712,-0.32434988021850586,,
32,neuron_activation,Hallucinations_vs_Factual,4958,0.3056950271129608,1.9362798929214478,0.5492862462997437,,
33,neuron_activation,Impossible_vs_Factual,594,0.6810427308082581,-0.1123325377702713,-3.0952422618865967,,
33,neuron_activation,Impossible_vs_Factual,5450,0.5356100797653198,-0.670351505279541,-4.252723217010498,,
33,neuron_activation,Impossible_vs_Factual,625,0.5290299654006958,0.48651546239852905,-0.5923511981964111,,
33,neuron_activation,Impossible_vs_Factual,313,0.4708094000816345,0.004349395167082548,-1.4714555740356445,,
33,neuron_activation,Impossible_vs_Factual,3069,0.41202324628829956,0.24617023766040802,0.06947588175535202,,
33,neuron_activation,Impossible_vs_Factual,1934,0.40164509415626526,2.9583628177642822,0.5312151312828064,,
33,neuron_activation,Impossible_vs_Factual,8335,0.3956637680530548,0.2992614209651947,0.040723614394664764,,
33,neuron_activation,Impossible_vs_Factual,5487,0.38723161816596985,1.466281771659851,-1.016497015953064,,
33,neuron_activation,Impossible_vs_Factual,8189,0.386549174785614,1.3896186351776123,-0.7426213622093201,,
33,neuron_activation,Impossible_vs_Factual,8819,0.37549543380737305,-0.24664711952209473,-0.9252170920372009,,
33,neuron_activation,Hallucinations_vs_Factual,594,0.5002402067184448,-0.44703352451324463,-3.0952422618865967,,
33,neuron_activation,Hallucinations_vs_Factual,313,0.45094335079193115,0.1772412806749344,-1.4714555740356445,,
33,neuron_activation,Hallucinations_vs_Factual,625,0.44466790556907654,0.2977297008037567,-0.5923511981964111,,
33,neuron_activation,Hallucinations_vs_Factual,1934,0.3841504454612732,2.9917654991149902,0.5312151312828064,,
33,neuron_activation,Hallucinations_vs_Factual,6043,0.35384300351142883,3.3927061557769775,0.4030837416648865,,
33,neuron_activation,Hallucinations_vs_Factual,3141,0.32960906624794006,0.010657194070518017,-0.0752888023853302,,
33,neuron_activation,Hallucinations_vs_Factual,587,0.32397493720054626,-0.028325680643320084,-0.1849297434091568,,
33,neuron_activation,Hallucinations_vs_Factual,1122,0.3141374886035919,-0.2709660530090332,-1.5376794338226318,,
33,neuron_activation,Hallucinations_vs_Factual,2034,0.29769307374954224,0.08588941395282745,-0.05950808897614479,,
33,neuron_activation,Hallucinations_vs_Factual,2309,0.2917841076850891,2.769444704055786,1.3692107200622559,,
34,neuron_activation,Impossible_vs_Factual,9284,0.5450298190116882,-5.002630233764648,-9.395520210266113,,
34,neuron_activation,Impossible_vs_Factual,6478,0.5416759252548218,-0.8792831301689148,-1.4138730764389038,,
34,neuron_activation,Impossible_vs_Factual,6806,0.5031633377075195,-0.03616262227296829,-1.0278013944625854,,
34,neuron_activation,Impossible_vs_Factual,3226,0.4908791780471802,-0.34343674778938293,-2.195817232131958,,
34,neuron_activation,Impossible_vs_Factual,5373,0.4662741422653198,0.049661315977573395,-0.14657998085021973,,
34,neuron_activation,Impossible_vs_Factual,9441,0.44559213519096375,0.26577749848365784,-1.748856782913208,,
34,neuron_activation,Impossible_vs_Factual,7199,0.4420413374900818,0.3931926488876343,-2.5438039302825928,,
34,neuron_activation,Impossible_vs_Factual,4263,0.43757787346839905,0.35252508521080017,-1.8293691873550415,,
34,neuron_activation,Impossible_vs_Factual,7065,0.4329831898212433,-0.01866122893989086,-1.412091851234436,,
34,neuron_activation,Impossible_vs_Factual,1361,0.4236317574977875,0.20912112295627594,-0.018036089837551117,,
34,neuron_activation,Hallucinations_vs_Factual,6478,0.44366151094436646,-0.9651092886924744,-1.4138730764389038,,
34,neuron_activation,Hallucinations_vs_Factual,7065,0.40984609723091125,-0.01563834585249424,-1.412091851234436,,
34,neuron_activation,Hallucinations_vs_Factual,3226,0.39793455600738525,-0.5428206324577332,-2.195817232131958,,
34,neuron_activation,Hallucinations_vs_Factual,6848,0.39033612608909607,-0.9329514503479004,-2.4260501861572266,,
34,neuron_activation,Hallucinations_vs_Factual,1317,0.3503257632255554,-0.04583486169576645,-0.1891409307718277,,
34,neuron_activation,Hallucinations_vs_Factual,6806,0.33585110306739807,-0.23981492221355438,-1.0278013944625854,,
34,neuron_activation,Hallucinations_vs_Factual,10608,0.328339546918869,-0.15384061634540558,-0.3126489222049713,,
34,neuron_activation,Hallucinations_vs_Factual,7829,0.3279268443584442,-1.869205355644226,-3.4895989894866943,,
34,neuron_activation,Hallucinations_vs_Factual,3555,0.32284417748451233,-2.7397847175598145,-5.345869541168213,,
34,neuron_activation,Hallucinations_vs_Factual,2819,0.3164820671081543,-0.1685251146554947,-0.49780741333961487,,
35,neuron_activation,Impossible_vs_Factual,7473,0.4548368752002716,-0.1837528496980667,-1.4847023487091064,,
35,neuron_activation,Impossible_vs_Factual,6875,0.453751802444458,0.0007741076988168061,-1.2763714790344238,,
35,neuron_activation,Impossible_vs_Factual,1921,0.4281664490699768,0.045445699244737625,-0.2737058997154236,,
35,neuron_activation,Impossible_vs_Factual,9131,0.42799973487854004,0.146962970495224,-1.3609797954559326,,
35,neuron_activation,Impossible_vs_Factual,2040,0.41999176144599915,27.99309539794922,18.29593849182129,,
35,neuron_activation,Impossible_vs_Factual,3729,0.4179876744747162,-0.18088699877262115,-0.3214186131954193,,
35,neuron_activation,Impossible_vs_Factual,6182,0.4160015881061554,-0.5014438629150391,-2.289189100265503,,
35,neuron_activation,Impossible_vs_Factual,4546,0.41376230120658875,0.037419408559799194,-0.10646537691354752,,
35,neuron_activation,Impossible_vs_Factual,10744,0.41137373447418213,-0.18342293798923492,-2.643951416015625,,
35,neuron_activation,Impossible_vs_Factual,9011,0.4047884941101074,0.5832268595695496,0.3076004683971405,,
35,neuron_activation,Hallucinations_vs_Factual,10436,0.42745909094810486,-0.9483287334442139,-2.735590696334839,,
35,neuron_activation,Hallucinations_vs_Factual,9304,0.3084239363670349,0.12976068258285522,0.053995437920093536,,
35,neuron_activation,Hallucinations_vs_Factual,8447,0.3036015033721924,0.11468545347452164,0.029535921290516853,,
35,neuron_activation,Hallucinations_vs_Factual,8114,0.3012441098690033,-0.1405991166830063,-0.24121449887752533,,
35,neuron_activation,Hallucinations_vs_Factual,2158,0.2973312735557556,-1.718977689743042,-4.058793067932129,,
35,neuron_activation,Hallucinations_vs_Factual,6570,0.29541724920272827,-1.9873002767562866,-4.361353874206543,,
35,neuron_activation,Hallucinations_vs_Factual,9348,0.2914034426212311,-0.21866591274738312,-1.1217767000198364,,
35,neuron_activation,Hallucinations_vs_Factual,2040,0.28945276141166687,25.70772933959961,18.29593849182129,,
35,neuron_activation,Hallucinations_vs_Factual,637,0.2893986701965332,0.21520143747329712,0.05729149281978607,,
35,neuron_activation,Hallucinations_vs_Factual,10407,0.28714925050735474,-0.20853853225708008,-0.3101854920387268,,
0,head_entropy,Impossible_vs_Factual,5,0.4127245545387268,,,1.0279492139816284,0.6152246594429016
0,head_entropy,Impossible_vs_Factual,9,0.39314377307891846,,,1.5109195709228516,1.117775797843933
0,head_entropy,Impossible_vs_Factual,1,0.27390623092651367,,,1.485124945640564,1.2112187147140503
0,head_entropy,Impossible_vs_Factual,2,0.24184370040893555,,,1.1014609336853027,0.8596172332763672
0,head_entropy,Impossible_vs_Factual,10,0.23353135585784912,,,1.2674180269241333,1.0338866710662842
0,head_entropy,Impossible_vs_Factual,0,0.20967185497283936,,,1.4941409826278687,1.2844691276550293
0,head_entropy,Impossible_vs_Factual,11,0.20528656244277954,,,0.9677248001098633,0.7624382376670837
0,head_entropy,Impossible_vs_Factual,7,0.18339049816131592,,,1.6870702505111694,1.5036797523498535
0,head_entropy,Impossible_vs_Factual,4,0.1503514051437378,,,1.7877968549728394,1.6374454498291016
0,head_entropy,Impossible_vs_Factual,3,0.13366377353668213,,,1.820921778678894,1.687258005142212
0,head_entropy,Hallucinations_vs_Factual,9,0.5166341066360474,,,1.6344099044799805,1.117775797843933
0,head_entropy,Hallucinations_vs_Factual,5,0.46021324396133423,,,1.0754379034042358,0.6152246594429016
0,head_entropy,Hallucinations_vs_Factual,10,0.4375936985015869,,,1.471480369567871,1.0338866710662842
0,head_entropy,Hallucinations_vs_Factual,11,0.4044514298439026,,,1.1668896675109863,0.7624382376670837
0,head_entropy,Hallucinations_vs_Factual,1,0.4020078182220459,,,1.6132265329360962,1.2112187147140503
0,head_entropy,Hallucinations_vs_Factual,3,0.3533816337585449,,,2.040639638900757,1.687258005142212
0,head_entropy,Hallucinations_vs_Factual,0,0.32839787006378174,,,1.612866997718811,1.2844691276550293
0,head_entropy,Hallucinations_vs_Factual,13,0.3068121671676636,,,2.2104058265686035,1.90359365940094
0,head_entropy,Hallucinations_vs_Factual,7,0.2856098413467407,,,1.7892895936965942,1.5036797523498535
0,head_entropy,Hallucinations_vs_Factual,15,0.2833355665206909,,,1.6966248750686646,1.4132893085479736
1,head_entropy,Impossible_vs_Factual,1,0.18774539232254028,,,0.933384895324707,0.7456395030021667
1,head_entropy,Impossible_vs_Factual,8,0.14663946628570557,,,2.029139757156372,1.8825002908706665
1,head_entropy,Impossible_vs_Factual,4,0.1432182788848877,,,1.9489840269088745,1.8057657480239868
1,head_entropy,Impossible_vs_Factual,14,0.1286715269088745,,,2.0058746337890625,1.877203106880188
1,head_entropy,Impossible_vs_Factual,11,0.11506247520446777,,,2.0957188606262207,1.980656385421753
1,head_entropy,Impossible_vs_Factual,0,0.11057794094085693,,,2.0991716384887695,1.9885936975479126
1,head_entropy,Impossible_vs_Factual,10,0.09820282459259033,,,2.094249963760376,1.9960471391677856
1,head_entropy,Impossible_vs_Factual,12,0.08862447738647461,,,2.0285465717315674,1.9399220943450928
1,head_entropy,Impossible_vs_Factual,7,0.06275010108947754,,,1.8439218997955322,1.7811717987060547
1,head_entropy,Impossible_vs_Factual,2,0.059078216552734375,,,2.205453395843506,2.1463751792907715
1,head_entropy,Hallucinations_vs_Factual,1,0.33730942010879517,,,1.082948923110962,0.7456395030021667
1,head_entropy,Hallucinations_vs_Factual,14,0.3041878938674927,,,2.1813910007476807,1.877203106880188
1,head_entropy,Hallucinations_vs_Factual,11,0.2629375457763672,,,2.24359393119812,1.980656385421753
1,head_entropy,Hallucinations_vs_Factual,8,0.2542189359664917,,,2.136719226837158,1.8825002908706665
1,head_entropy,Hallucinations_vs_Factual,4,0.2523282766342163,,,2.058094024658203,1.8057657480239868
1,head_entropy,Hallucinations_vs_Factual,12,0.2511715888977051,,,2.191093683242798,1.9399220943450928
1,head_entropy,Hallucinations_vs_Factual,10,0.24854671955108643,,,2.244593858718872,1.9960471391677856
1,head_entropy,Hallucinations_vs_Factual,2,0.24059319496154785,,,2.3869683742523193,2.1463751792907715
1,head_entropy,Hallucinations_vs_Factual,6,0.23903274536132812,,,2.5439376831054688,2.3049049377441406
1,head_entropy,Hallucinations_vs_Factual,9,0.2292799949645996,,,2.363952398300171,2.1346724033355713
2,head_entropy,Impossible_vs_Factual,15,0.21212518215179443,,,1.6171640157699585,1.405038833618164
2,head_entropy,Impossible_vs_Factual,8,0.20006251335144043,,,1.6765156984329224,1.476453185081482
2,head_entropy,Impossible_vs_Factual,0,0.14485931396484375,,,2.054046869277954,1.9091875553131104
2,head_entropy,Impossible_vs_Factual,10,-0.13648462295532227,,,1.7380387783050537,1.874523401260376
2,head_entropy,Impossible_vs_Factual,13,0.10822582244873047,,,1.2655152082443237,1.1572893857955933
2,head_entropy,Impossible_vs_Factual,5,0.06925034523010254,,,2.074453115463257,2.0052027702331543
2,head_entropy,Impossible_vs_Factual,6,0.04862475395202637,,,2.0650155544281006,2.016390800476074
2,head_entropy,Impossible_vs_Factual,7,0.035453081130981445,,,2.057875633239746,2.0224225521087646
2,head_entropy,Impossible_vs_Factual,2,-0.030218124389648438,,,2.1984376907348633,2.2286558151245117
2,head_entropy,Impossible_vs_Factual,4,0.024906277656555176,,,1.904406189918518,1.879499912261963
2,head_entropy,Hallucinations_vs_Factual,15,0.3614926338195801,,,1.7665314674377441,1.405038833618164
2,head_entropy,Hallucinations_vs_Factual,8,0.2973904609680176,,,1.7738436460494995,1.476453185081482
2,head_entropy,Hallucinations_vs_Factual,0,0.27714085578918457,,,2.186328411102295,1.9091875553131104
2,head_entropy,Hallucinations_vs_Factual,5,0.2565009593963623,,,2.2617037296295166,2.0052027702331543
2,head_entropy,Hallucinations_vs_Factual,3,0.24029672145843506,,,1.9351407289505005,1.6948440074920654
2,head_entropy,Hallucinations_vs_Factual,7,0.2285780906677246,,,2.2510006427764893,2.0224225521087646
2,head_entropy,Hallucinations_vs_Factual,13,0.2178434133529663,,,1.3751327991485596,1.1572893857955933
2,head_entropy,Hallucinations_vs_Factual,1,0.2102663516998291,,,2.3207507133483887,2.1104843616485596
2,head_entropy,Hallucinations_vs_Factual,6,0.19962596893310547,,,2.2160167694091797,2.016390800476074
2,head_entropy,Hallucinations_vs_Factual,2,0.19156336784362793,,,2.4202191829681396,2.2286558151245117
3,head_entropy,Impossible_vs_Factual,4,-0.2275511622428894,,,0.8659238219261169,1.0934749841690063
3,head_entropy,Impossible_vs_Factual,3,-0.187433123588562,,,0.33824437856674194,0.525677502155304
3,head_entropy,Impossible_vs_Factual,14,-0.18527746200561523,,,1.027984380722046,1.2132618427276611
3,head_entropy,Impossible_vs_Factual,2,-0.1548064947128296,,,0.672189474105835,0.8269959688186646
3,head_entropy,Impossible_vs_Factual,11,-0.14796650409698486,,,0.6568400263786316,0.8048065304756165
3,head_entropy,Impossible_vs_Factual,12,-0.1426946222782135,,,0.3742622435092926,0.5169568657875061
3,head_entropy,Impossible_vs_Factual,7,-0.12647253274917603,,,0.3298906981945038,0.4563632309436798
3,head_entropy,Impossible_vs_Factual,10,-0.12607628107070923,,,0.8122205138206482,0.9382967948913574
3,head_entropy,Impossible_vs_Factual,9,-0.11866801977157593,,,0.8365703225135803,0.9552383422851562
3,head_entropy,Impossible_vs_Factual,15,-0.11091017723083496,,,0.7239531874656677,0.8348633646965027
3,head_entropy,Hallucinations_vs_Factual,4,-0.2336345911026001,,,0.8598403930664062,1.0934749841690063
3,head_entropy,Hallucinations_vs_Factual,2,-0.20946913957595825,,,0.6175268292427063,0.8269959688186646
3,head_entropy,Hallucinations_vs_Factual,12,-0.1688450276851654,,,0.3481118381023407,0.5169568657875061
3,head_entropy,Hallucinations_vs_Factual,3,-0.15263333916664124,,,0.3730441629886627,0.525677502155304
3,head_entropy,Hallucinations_vs_Factual,10,-0.1417088508605957,,,0.7965879440307617,0.9382967948913574
3,head_entropy,Hallucinations_vs_Factual,8,0.12861716747283936,,,1.3234609365463257,1.1948437690734863
3,head_entropy,Hallucinations_vs_Factual,11,-0.11114346981048584,,,0.6936630606651306,0.8048065304756165
3,head_entropy,Hallucinations_vs_Factual,14,-0.1075524091720581,,,1.105709433555603,1.2132618427276611
3,head_entropy,Hallucinations_vs_Factual,7,-0.10649698972702026,,,0.34986624121665955,0.4563632309436798
3,head_entropy,Hallucinations_vs_Factual,1,-0.10230690240859985,,,0.22511595487594604,0.3274228572845459
4,head_entropy,Impossible_vs_Factual,3,-0.3435322642326355,,,0.8453800082206726,1.188912272453308
4,head_entropy,Impossible_vs_Factual,15,-0.3256503939628601,,,0.5440880060195923,0.8697383999824524
4,head_entropy,Impossible_vs_Factual,4,-0.31642571091651917,,,0.39989516139030457,0.7163208723068237
4,head_entropy,Impossible_vs_Factual,1,-0.28245577216148376,,,0.3257794678211212,0.608235239982605
4,head_entropy,Impossible_vs_Factual,7,-0.24443602561950684,,,0.38732850551605225,0.6317645311355591
4,head_entropy,Impossible_vs_Factual,2,-0.11741957068443298,,,0.2591995596885681,0.3766191303730011
4,head_entropy,Impossible_vs_Factual,8,-0.08274185657501221,,,1.4255859851837158,1.508327841758728
4,head_entropy,Impossible_vs_Factual,9,-0.08009563386440277,,,0.23367871344089508,0.31377434730529785
4,head_entropy,Impossible_vs_Factual,14,0.07218730449676514,,,1.1215078830718994,1.0493205785751343
4,head_entropy,Impossible_vs_Factual,12,0.06931638717651367,,,0.43456631898880005,0.3652499318122864
4,head_entropy,Hallucinations_vs_Factual,3,-0.353823721408844,,,0.8350885510444641,1.188912272453308
4,head_entropy,Hallucinations_vs_Factual,15,-0.3528013229370117,,,0.5169370770454407,0.8697383999824524
4,head_entropy,Hallucinations_vs_Factual,4,-0.32992488145828247,,,0.38639599084854126,0.7163208723068237
4,head_entropy,Hallucinations_vs_Factual,1,-0.2910371422767639,,,0.31719809770584106,0.608235239982605
4,head_entropy,Hallucinations_vs_Factual,7,-0.24773162603378296,,,0.3840329051017761,0.6317645311355591
4,head_entropy,Hallucinations_vs_Factual,14,0.16711664199829102,,,1.2164372205734253,1.0493205785751343
4,head_entropy,Hallucinations_vs_Factual,12,0.13613897562026978,,,0.5013889074325562,0.3652499318122864
4,head_entropy,Hallucinations_vs_Factual,2,-0.09072360396385193,,,0.28589552640914917,0.3766191303730011
4,head_entropy,Hallucinations_vs_Factual,13,0.08131098747253418,,,1.277764081954956,1.1964530944824219
4,head_entropy,Hallucinations_vs_Factual,5,0.08056339621543884,,,0.40962982177734375,0.3290664255619049
5,head_entropy,Impossible_vs_Factual,3,-0.24511337280273438,,,0.9115840196609497,1.156697392463684
5,head_entropy,Impossible_vs_Factual,8,0.2291921079158783,,,0.46584010124206543,0.23664799332618713
5,head_entropy,Impossible_vs_Factual,5,0.21155372262001038,,,0.6331034898757935,0.4215497672557831
5,head_entropy,Impossible_vs_Factual,7,-0.19440895318984985,,,0.647733747959137,0.8421427011489868
5,head_entropy,Impossible_vs_Factual,2,0.13664484024047852,,,1.154554843902588,1.0179100036621094
5,head_entropy,Impossible_vs_Factual,4,-0.11905497312545776,,,0.9640079140663147,1.0830628871917725
5,head_entropy,Impossible_vs_Factual,1,-0.11755174398422241,,,0.8667449951171875,0.9842967391014099
5,head_entropy,Impossible_vs_Factual,13,-0.09368546307086945,,,0.12955141067504883,0.22323687374591827
5,head_entropy,Impossible_vs_Factual,9,0.061202168464660645,,,0.4446464478969574,0.38344427943229675
5,head_entropy,Impossible_vs_Factual,6,-0.05071866512298584,,,1.1021054983139038,1.1528241634368896
5,head_entropy,Hallucinations_vs_Factual,8,0.35509857535362244,,,0.5917465686798096,0.23664799332618713
5,head_entropy,Hallucinations_vs_Factual,3,-0.2953492999076843,,,0.8613480925559998,1.156697392463684
5,head_entropy,Hallucinations_vs_Factual,2,0.23469161987304688,,,1.2526016235351562,1.0179100036621094
5,head_entropy,Hallucinations_vs_Factual,7,-0.2337525486946106,,,0.6083901524543762,0.8421427011489868
5,head_entropy,Hallucinations_vs_Factual,5,0.22859779000282288,,,0.650147557258606,0.4215497672557831
5,head_entropy,Hallucinations_vs_Factual,0,0.21374249458312988,,,1.5591096878051758,1.345367193222046
5,head_entropy,Hallucinations_vs_Factual,4,-0.14938324689865112,,,0.9336796402931213,1.0830628871917725
5,head_entropy,Hallucinations_vs_Factual,1,-0.14365702867507935,,,0.8406397104263306,0.9842967391014099
5,head_entropy,Hallucinations_vs_Factual,6,-0.13130080699920654,,,1.021523356437683,1.1528241634368896
5,head_entropy,Hallucinations_vs_Factual,9,0.11102685332298279,,,0.49447113275527954,0.38344427943229675
6,head_entropy,Impossible_vs_Factual,9,-0.1361325979232788,,,1.1036018133163452,1.239734411239624
6,head_entropy,Impossible_vs_Factual,13,0.1301911473274231,,,0.9594022631645203,0.8292111158370972
6,head_entropy,Impossible_vs_Factual,1,0.12565213441848755,,,1.0797460079193115,0.954093873500824
6,head_entropy,Impossible_vs_Factual,15,0.08930468559265137,,,1.0599844455718994,0.970679759979248
6,head_entropy,Impossible_vs_Factual,10,0.08669161796569824,,,1.0331525802612305,0.9464609622955322
6,head_entropy,Impossible_vs_Factual,5,-0.056499600410461426,,,1.426422119140625,1.4829217195510864
6,head_entropy,Impossible_vs_Factual,12,-0.048523545265197754,,,0.8729687333106995,0.9214922785758972
6,head_entropy,Impossible_vs_Factual,4,-0.04726541042327881,,,1.9493907690048218,1.9966561794281006
6,head_entropy,Impossible_vs_Factual,2,0.04500383138656616,,,0.8797929286956787,0.8347890973091125
6,head_entropy,Impossible_vs_Factual,7,-0.04060947895050049,,,1.8534843921661377,1.8940938711166382
6,head_entropy,Hallucinations_vs_Factual,2,0.2883828282356262,,,1.1231719255447388,0.8347890973091125
6,head_entropy,Hallucinations_vs_Factual,3,0.27500784397125244,,,1.679066777229309,1.4040589332580566
6,head_entropy,Hallucinations_vs_Factual,14,0.23373472690582275,,,0.7607696652412415,0.5270349383354187
6,head_entropy,Hallucinations_vs_Factual,13,0.22214055061340332,,,1.0513516664505005,0.8292111158370972
6,head_entropy,Hallucinations_vs_Factual,1,0.18912476301193237,,,1.1432186365127563,0.954093873500824
6,head_entropy,Hallucinations_vs_Factual,7,0.16075003147125244,,,2.0548439025878906,1.8940938711166382
6,head_entropy,Hallucinations_vs_Factual,10,0.13921916484832764,,,1.0856801271438599,0.9464609622955322
6,head_entropy,Hallucinations_vs_Factual,8,0.12331536412239075,,,0.4977244734764099,0.37440910935401917
6,head_entropy,Hallucinations_vs_Factual,12,0.11884349584579468,,,1.040335774421692,0.9214922785758972
6,head_entropy,Hallucinations_vs_Factual,6,0.1001158356666565,,,0.5470477938652039,0.44693195819854736
7,head_entropy,Impossible_vs_Factual,11,-0.2463672161102295,,,1.1681718826293945,1.414539098739624
7,head_entropy,Impossible_vs_Factual,8,0.10669571161270142,,,1.016918420791626,0.9102227091789246
7,head_entropy,Impossible_vs_Factual,4,0.09885966777801514,,,1.3489964008331299,1.2501367330551147
7,head_entropy,Impossible_vs_Factual,14,-0.0901603102684021,,,0.9146210551261902,1.0047813653945923
7,head_entropy,Impossible_vs_Factual,13,-0.08295297622680664,,,1.4152929782867432,1.4982459545135498
7,head_entropy,Impossible_vs_Factual,10,0.08215618133544922,,,1.4455782175064087,1.3634220361709595
7,head_entropy,Impossible_vs_Factual,12,-0.08051943778991699,,,1.3464415073394775,1.4269609451293945
7,head_entropy,Impossible_vs_Factual,7,0.07512545585632324,,,1.3446173667907715,1.2694919109344482
7,head_entropy,Impossible_vs_Factual,6,-0.07089447975158691,,,0.8892656564712524,0.9601601362228394
7,head_entropy,Impossible_vs_Factual,15,-0.06360936164855957,,,1.4939608573913574,1.557570219039917
7,head_entropy,Hallucinations_vs_Factual,11,-0.18196487426757812,,,1.232574224472046,1.414539098739624
7,head_entropy,Hallucinations_vs_Factual,10,0.15896105766296387,,,1.5223830938339233,1.3634220361709595
7,head_entropy,Hallucinations_vs_Factual,0,0.15166568756103516,,,1.2496814727783203,1.0980157852172852
7,head_entropy,Hallucinations_vs_Factual,5,-0.13370132446289062,,,1.7169628143310547,1.8506641387939453
7,head_entropy,Hallucinations_vs_Factual,7,0.12172675132751465,,,1.391218662261963,1.2694919109344482
7,head_entropy,Hallucinations_vs_Factual,15,-0.09698426723480225,,,1.4605859518051147,1.557570219039917
7,head_entropy,Hallucinations_vs_Factual,12,0.08517229557037354,,,1.512133240699768,1.4269609451293945
7,head_entropy,Hallucinations_vs_Factual,1,0.07554662227630615,,,1.3330081701278687,1.2574615478515625
7,head_entropy,Hallucinations_vs_Factual,13,-0.07488667964935303,,,1.4233592748641968,1.4982459545135498
7,head_entropy,Hallucinations_vs_Factual,14,0.04389834403991699,,,1.0486797094345093,1.0047813653945923
8,head_entropy,Impossible_vs_Factual,1,0.24251961708068848,,,0.8153087496757507,0.5727891325950623
8,head_entropy,Impossible_vs_Factual,7,-0.1813514232635498,,,1.108812689781189,1.2901641130447388
8,head_entropy,Impossible_vs_Factual,11,-0.1547049880027771,,,0.8258810043334961,0.9805859923362732
8,head_entropy,Impossible_vs_Factual,5,0.15394127368927002,,,0.8856777548789978,0.7317364811897278
8,head_entropy,Impossible_vs_Factual,6,-0.13351917266845703,,,1.1158790588378906,1.2493982315063477
8,head_entropy,Impossible_vs_Factual,14,0.11639833450317383,,,1.2508671283721924,1.1344687938690186
8,head_entropy,Impossible_vs_Factual,4,-0.10392105579376221,,,1.6818753480911255,1.7857964038848877
8,head_entropy,Impossible_vs_Factual,13,0.09669351577758789,,,1.207216739654541,1.1105232238769531
8,head_entropy,Impossible_vs_Factual,0,0.09201574325561523,,,1.88546884059906,1.7934530973434448
8,head_entropy,Impossible_vs_Factual,9,-0.08287525177001953,,,1.1323981285095215,1.215273380279541
8,head_entropy,Hallucinations_vs_Factual,1,0.3186483383178711,,,0.8914374709129333,0.5727891325950623
8,head_entropy,Hallucinations_vs_Factual,3,0.20033609867095947,,,1.4768283367156982,1.2764922380447388
8,head_entropy,Hallucinations_vs_Factual,5,0.18683379888534546,,,0.9185702800750732,0.7317364811897278
8,head_entropy,Hallucinations_vs_Factual,15,-0.1317010223865509,,,0.46897271275520325,0.6006737351417542
8,head_entropy,Hallucinations_vs_Factual,0,0.1308591365814209,,,1.9243122339248657,1.7934530973434448
8,head_entropy,Hallucinations_vs_Factual,2,0.1248437762260437,,,1.0590136051177979,0.9341698288917542
8,head_entropy,Hallucinations_vs_Factual,10,-0.11839532852172852,,,0.9620859622955322,1.0804812908172607
8,head_entropy,Hallucinations_vs_Factual,4,-0.10022604465484619,,,1.6855703592300415,1.7857964038848877
8,head_entropy,Hallucinations_vs_Factual,14,0.0876169204711914,,,1.22208571434021,1.1344687938690186
8,head_entropy,Hallucinations_vs_Factual,9,-0.06261348724365234,,,1.1526598930358887,1.215273380279541
9,head_entropy,Impossible_vs_Factual,4,0.3282926678657532,,,1.1457068920135498,0.8174142241477966
9,head_entropy,Impossible_vs_Factual,2,0.1577853560447693,,,1.108004093170166,0.9502187371253967
9,head_entropy,Impossible_vs_Factual,12,0.14473062753677368,,,1.0873868465423584,0.9426562190055847
9,head_entropy,Impossible_vs_Factual,14,0.13771426677703857,,,1.2790151834487915,1.141300916671753
9,head_entropy,Impossible_vs_Factual,9,-0.10102343559265137,,,0.6074160933494568,0.7084395289421082
9,head_entropy,Impossible_vs_Factual,8,0.08897644281387329,,,1.0569530725479126,0.9679766297340393
9,head_entropy,Impossible_vs_Factual,7,-0.07731392979621887,,,0.2478623390197754,0.32517626881599426
9,head_entropy,Impossible_vs_Factual,13,0.06831228733062744,,,1.0933125019073486,1.0250002145767212
9,head_entropy,Impossible_vs_Factual,5,0.06765609979629517,,,0.9732537269592285,0.9055976271629333
9,head_entropy,Impossible_vs_Factual,0,0.05910933017730713,,,0.7350272536277771,0.67591792345047
9,head_entropy,Hallucinations_vs_Factual,4,0.3544415831565857,,,1.1718558073043823,0.8174142241477966
9,head_entropy,Hallucinations_vs_Factual,8,0.19193774461746216,,,1.1599143743515015,0.9679766297340393
9,head_entropy,Hallucinations_vs_Factual,12,0.1834220290184021,,,1.1260782480239868,0.9426562190055847
9,head_entropy,Hallucinations_vs_Factual,1,-0.16043519973754883,,,0.9671193361282349,1.1275545358657837
9,head_entropy,Hallucinations_vs_Factual,2,0.1104845404624939,,,1.0607032775878906,0.9502187371253967
9,head_entropy,Hallucinations_vs_Factual,7,-0.10696060955524445,,,0.21821565926074982,0.32517626881599426
9,head_entropy,Hallucinations_vs_Factual,0,0.10380065441131592,,,0.7797185778617859,0.67591792345047
9,head_entropy,Hallucinations_vs_Factual,13,0.09924972057342529,,,1.1242499351501465,1.0250002145767212
9,head_entropy,Hallucinations_vs_Factual,6,0.05613231658935547,,,1.0815234184265137,1.0253911018371582
9,head_entropy,Hallucinations_vs_Factual,14,-0.04942202568054199,,,1.091878890991211,1.141300916671753
10,head_entropy,Impossible_vs_Factual,0,0.22822248935699463,,,1.2376172542572021,1.0093947649002075
10,head_entropy,Impossible_vs_Factual,10,0.15093004703521729,,,1.40318763256073,1.2522575855255127
10,head_entropy,Impossible_vs_Factual,5,0.12484380602836609,,,0.6088770031929016,0.4840331971645355
10,head_entropy,Impossible_vs_Factual,7,0.11444520950317383,,,1.441750168800354,1.3273049592971802
10,head_entropy,Impossible_vs_Factual,13,0.11071467399597168,,,0.855796754360199,0.7450820803642273
10,head_entropy,Impossible_vs_Factual,9,-0.10288286209106445,,,1.3489922285079956,1.45187509059906
10,head_entropy,Impossible_vs_Factual,8,0.10188329219818115,,,1.3760859966278076,1.2742027044296265
10,head_entropy,Impossible_vs_Factual,4,0.0889960527420044,,,1.4543826580047607,1.3653866052627563
10,head_entropy,Impossible_vs_Factual,3,0.08049434423446655,,,0.5687111616134644,0.4882168173789978
10,head_entropy,Impossible_vs_Factual,1,0.07877355813980103,,,1.018597960472107,0.9398244023323059
10,head_entropy,Hallucinations_vs_Factual,0,0.263995885848999,,,1.2733906507492065,1.0093947649002075
10,head_entropy,Hallucinations_vs_Factual,13,0.2514532804489136,,,0.9965353608131409,0.7450820803642273
10,head_entropy,Hallucinations_vs_Factual,2,-0.16990411281585693,,,1.003720760345459,1.173624873161316
10,head_entropy,Hallucinations_vs_Factual,5,0.15956059098243713,,,0.6435937881469727,0.4840331971645355
10,head_entropy,Hallucinations_vs_Factual,4,0.14326190948486328,,,1.5086485147476196,1.3653866052627563
10,head_entropy,Hallucinations_vs_Factual,11,0.1168210506439209,,,1.2961606979370117,1.1793396472930908
10,head_entropy,Hallucinations_vs_Factual,15,0.09266006946563721,,,1.5123592615127563,1.4196991920471191
10,head_entropy,Hallucinations_vs_Factual,8,0.08928942680358887,,,1.3634921312332153,1.2742027044296265
10,head_entropy,Hallucinations_vs_Factual,10,0.06899237632751465,,,1.3212499618530273,1.2522575855255127
10,head_entropy,Hallucinations_vs_Factual,14,0.06458193063735962,,,0.7671562433242798,0.7025743126869202
11,head_entropy,Impossible_vs_Factual,3,0.15057754516601562,,,1.410483956336975,1.2599064111709595
11,head_entropy,Impossible_vs_Factual,6,0.14524638652801514,,,1.2265589237213135,1.0813125371932983
11,head_entropy,Impossible_vs_Factual,12,0.14266431331634521,,,1.6005470752716064,1.4578827619552612
11,head_entropy,Impossible_vs_Factual,4,0.11490654945373535,,,1.629320502281189,1.5144139528274536
11,head_entropy,Impossible_vs_Factual,1,0.1142657995223999,,,1.8417340517044067,1.7274682521820068
11,head_entropy,Impossible_vs_Factual,7,0.10203897953033447,,,1.4153438806533813,1.3133049011230469
11,head_entropy,Impossible_vs_Factual,9,0.08812475204467773,,,1.166171908378601,1.0780471563339233
11,head_entropy,Impossible_vs_Factual,2,-0.08033382892608643,,,0.8108087182044983,0.8911425471305847
11,head_entropy,Impossible_vs_Factual,13,0.07525062561035156,,,1.7087503671646118,1.6334997415542603
11,head_entropy,Impossible_vs_Factual,11,0.06046092510223389,,,1.3658360242843628,1.305375099182129
11,head_entropy,Hallucinations_vs_Factual,3,0.20898425579071045,,,1.46889066696167,1.2599064111709595
11,head_entropy,Hallucinations_vs_Factual,12,0.1983046531677246,,,1.6561874151229858,1.4578827619552612
11,head_entropy,Hallucinations_vs_Factual,1,0.19342255592346191,,,1.9208908081054688,1.7274682521820068
11,head_entropy,Hallucinations_vs_Factual,7,0.18155431747436523,,,1.494859218597412,1.3133049011230469
11,head_entropy,Hallucinations_vs_Factual,13,0.1395859718322754,,,1.7730857133865356,1.6334997415542603
11,head_entropy,Hallucinations_vs_Factual,8,0.13144326210021973,,,1.0284607410430908,0.8970174789428711
11,head_entropy,Hallucinations_vs_Factual,6,0.10960710048675537,,,1.1909196376800537,1.0813125371932983
11,head_entropy,Hallucinations_vs_Factual,5,-0.08540821075439453,,,0.6689394116401672,0.7543476223945618
11,head_entropy,Hallucinations_vs_Factual,4,0.08047688007354736,,,1.594890832901001,1.5144139528274536
11,head_entropy,Hallucinations_vs_Factual,11,-0.06349635124206543,,,1.2418787479400635,1.305375099182129
12,head_entropy,Impossible_vs_Factual,3,-0.29854321479797363,,,1.1540896892547607,1.4526329040527344
12,head_entropy,Impossible_vs_Factual,15,0.17122861742973328,,,0.6245723366737366,0.4533437192440033
12,head_entropy,Impossible_vs_Factual,13,0.12610161304473877,,,1.1669375896453857,1.040835976600647
12,head_entropy,Impossible_vs_Factual,7,0.12525761127471924,,,0.8308671116828918,0.7056095004081726
12,head_entropy,Impossible_vs_Factual,9,-0.11482614278793335,,,0.8103858828544617,0.925212025642395
12,head_entropy,Impossible_vs_Factual,8,-0.1106560230255127,,,1.7353752851486206,1.8460313081741333
12,head_entropy,Impossible_vs_Factual,11,-0.10918116569519043,,,1.0097758769989014,1.1189570426940918
12,head_entropy,Impossible_vs_Factual,1,0.0907754898071289,,,0.624047040939331,0.5332715511322021
12,head_entropy,Impossible_vs_Factual,5,-0.07555508613586426,,,1.1975858211517334,1.2731409072875977
12,head_entropy,Impossible_vs_Factual,2,-0.07453882694244385,,,1.4842032194137573,1.5587420463562012
12,head_entropy,Hallucinations_vs_Factual,5,0.19856226444244385,,,1.4717031717300415,1.2731409072875977
12,head_entropy,Hallucinations_vs_Factual,13,0.18189072608947754,,,1.2227267026901245,1.040835976600647
12,head_entropy,Hallucinations_vs_Factual,7,0.17905068397521973,,,0.8846601843833923,0.7056095004081726
12,head_entropy,Hallucinations_vs_Factual,15,0.15193912386894226,,,0.6052828431129456,0.4533437192440033
12,head_entropy,Hallucinations_vs_Factual,11,0.13238275051116943,,,1.2513397932052612,1.1189570426940918
12,head_entropy,Hallucinations_vs_Factual,3,-0.09626972675323486,,,1.3563631772994995,1.4526329040527344
12,head_entropy,Hallucinations_vs_Factual,4,-0.09123241901397705,,,1.0741658210754395,1.1653982400894165
12,head_entropy,Hallucinations_vs_Factual,6,-0.0870429277420044,,,1.2221680879592896,1.309211015701294
12,head_entropy,Hallucinations_vs_Factual,9,-0.08563101291656494,,,0.8395810127258301,0.925212025642395
12,head_entropy,Hallucinations_vs_Factual,1,0.07882612943649292,,,0.6120976805686951,0.5332715511322021
13,head_entropy,Impossible_vs_Factual,15,-0.37281161546707153,,,0.5399109721183777,0.9127225875854492
13,head_entropy,Impossible_vs_Factual,10,-0.30588510632514954,,,0.4075343906879425,0.713419497013092
13,head_entropy,Impossible_vs_Factual,13,-0.30471956729888916,,,0.3821128010749817,0.6868323683738708
13,head_entropy,Impossible_vs_Factual,11,-0.23795205354690552,,,0.3377431631088257,0.5756952166557312
13,head_entropy,Impossible_vs_Factual,5,-0.15636730194091797,,,1.1911208629608154,1.3474881649017334
13,head_entropy,Impossible_vs_Factual,7,0.09918773174285889,,,1.4678516387939453,1.3686639070510864
13,head_entropy,Impossible_vs_Factual,12,-0.09511023759841919,,,0.7083191871643066,0.8034294247627258
13,head_entropy,Impossible_vs_Factual,8,-0.08615219593048096,,,1.1669803857803345,1.2531325817108154
13,head_entropy,Impossible_vs_Factual,9,-0.07290208339691162,,,1.1517151594161987,1.2246172428131104
13,head_entropy,Impossible_vs_Factual,4,0.05514848232269287,,,1.569718837738037,1.5145703554153442
13,head_entropy,Hallucinations_vs_Factual,15,-0.363580584526062,,,0.5491420030593872,0.9127225875854492
13,head_entropy,Hallucinations_vs_Factual,13,-0.3042052984237671,,,0.38262706995010376,0.6868323683738708
13,head_entropy,Hallucinations_vs_Factual,10,-0.29989689588546753,,,0.4135226011276245,0.713419497013092
13,head_entropy,Hallucinations_vs_Factual,6,0.24105054140090942,,,1.0396442413330078,0.7985936999320984
13,head_entropy,Hallucinations_vs_Factual,11,-0.23465916514396667,,,0.3410360515117645,0.5756952166557312
13,head_entropy,Hallucinations_vs_Factual,4,0.18085134029388428,,,1.6954216957092285,1.5145703554153442
13,head_entropy,Hallucinations_vs_Factual,12,-0.17767709493637085,,,0.625752329826355,0.8034294247627258
13,head_entropy,Hallucinations_vs_Factual,2,0.1685701608657837,,,1.5193673372268677,1.350797176361084
13,head_entropy,Hallucinations_vs_Factual,0,0.15278327465057373,,,1.2247402667999268,1.071956992149353
13,head_entropy,Hallucinations_vs_Factual,14,0.1504216194152832,,,1.277038812637329,1.126617193222046
14,head_entropy,Impossible_vs_Factual,10,-0.26245975494384766,,,0.7503867149353027,1.0128464698791504
14,head_entropy,Impossible_vs_Factual,7,0.1848222017288208,,,0.9388865828514099,0.7540643811225891
14,head_entropy,Impossible_vs_Factual,9,-0.18054652214050293,,,1.035226583480835,1.215773105621338
14,head_entropy,Impossible_vs_Factual,6,0.1796797513961792,,,1.4873281717300415,1.3076484203338623
14,head_entropy,Impossible_vs_Factual,0,0.12615042924880981,,,0.6765918731689453,0.5504414439201355
14,head_entropy,Impossible_vs_Factual,2,0.09399998188018799,,,1.1723436117172241,1.0783436298370361
14,head_entropy,Impossible_vs_Factual,11,-0.07183855772018433,,,0.6318839192390442,0.7037224769592285
14,head_entropy,Impossible_vs_Factual,14,0.058560967445373535,,,1.0151076316833496,0.9565466642379761
14,head_entropy,Impossible_vs_Factual,8,0.05815589427947998,,,1.3009215593338013,1.2427656650543213
14,head_entropy,Impossible_vs_Factual,15,0.05709385871887207,,,1.2715548276901245,1.2144609689712524
14,head_entropy,Hallucinations_vs_Factual,10,-0.32553625106811523,,,0.6873102188110352,1.0128464698791504
14,head_entropy,Hallucinations_vs_Factual,9,-0.2415035367012024,,,0.9742695689201355,1.215773105621338
14,head_entropy,Hallucinations_vs_Factual,6,0.1745389699935913,,,1.4821873903274536,1.3076484203338623
14,head_entropy,Hallucinations_vs_Factual,11,-0.1636568307876587,,,0.5400656461715698,0.7037224769592285
14,head_entropy,Hallucinations_vs_Factual,14,-0.15147215127944946,,,0.8050745129585266,0.9565466642379761
14,head_entropy,Hallucinations_vs_Factual,7,0.13911926746368408,,,0.8931836485862732,0.7540643811225891
14,head_entropy,Hallucinations_vs_Factual,12,-0.1125173568725586,,,1.087764024734497,1.2002813816070557
14,head_entropy,Hallucinations_vs_Factual,13,-0.11200690269470215,,,1.2177197933197021,1.3297266960144043
14,head_entropy,Hallucinations_vs_Factual,2,0.09474670886993408,,,1.1730903387069702,1.0783436298370361
14,head_entropy,Hallucinations_vs_Factual,5,-0.08725976943969727,,,0.9063417315483093,0.9936015009880066
15,head_entropy,Impossible_vs_Factual,5,-0.3143933415412903,,,0.8994149565696716,1.213808298110962
15,head_entropy,Impossible_vs_Factual,6,-0.2151874303817749,,,1.2654297351837158,1.4806171655654907
15,head_entropy,Impossible_vs_Factual,9,-0.142136812210083,,,0.9463083744049072,1.0884451866149902
15,head_entropy,Impossible_vs_Factual,2,0.12617170810699463,,,1.9237499237060547,1.79757821559906
15,head_entropy,Impossible_vs_Factual,11,-0.10702347755432129,,,1.349015712738037,1.4560391902923584
15,head_entropy,Impossible_vs_Factual,0,0.0999763011932373,,,1.0571324825286865,0.9571561813354492
15,head_entropy,Impossible_vs_Factual,10,-0.08440983295440674,,,1.1295316219329834,1.2139414548873901
15,head_entropy,Impossible_vs_Factual,3,0.08407819271087646,,,1.7590938806533813,1.6750156879425049
15,head_entropy,Impossible_vs_Factual,7,0.0745002031326294,,,0.8379687070846558,0.7634685039520264
15,head_entropy,Impossible_vs_Factual,15,-0.06782412528991699,,,1.3950937986373901,1.4629179239273071
15,head_entropy,Hallucinations_vs_Factual,8,0.28788894414901733,,,1.113728642463684,0.8258396983146667
15,head_entropy,Hallucinations_vs_Factual,7,0.24965667724609375,,,1.0131251811981201,0.7634685039520264
15,head_entropy,Hallucinations_vs_Factual,5,-0.24414116144180298,,,0.9696671366691589,1.213808298110962
15,head_entropy,Hallucinations_vs_Factual,2,0.1487807035446167,,,1.9463589191436768,1.79757821559906
15,head_entropy,Hallucinations_vs_Factual,14,0.14727717638015747,,,0.9265350699424744,0.7792578935623169
15,head_entropy,Hallucinations_vs_Factual,3,0.13885140419006348,,,1.8138670921325684,1.6750156879425049
15,head_entropy,Hallucinations_vs_Factual,15,0.11160922050476074,,,1.5745271444320679,1.4629179239273071
15,head_entropy,Hallucinations_vs_Factual,13,0.10400044918060303,,,1.5091487169265747,1.4051482677459717
15,head_entropy,Hallucinations_vs_Factual,0,0.10099208354949951,,,1.0581482648849487,0.9571561813354492
15,head_entropy,Hallucinations_vs_Factual,6,-0.08858180046081543,,,1.3920353651046753,1.4806171655654907
16,head_entropy,Impossible_vs_Factual,15,0.2403009533882141,,,1.1543594598770142,0.9140585064888
16,head_entropy,Impossible_vs_Factual,10,-0.19461750984191895,,,1.107245922088623,1.301863431930542
16,head_entropy,Impossible_vs_Factual,4,-0.10209369659423828,,,1.3591251373291016,1.4612188339233398
16,head_entropy,Impossible_vs_Factual,2,-0.06970691680908203,,,1.3770079612731934,1.4467148780822754
16,head_entropy,Impossible_vs_Factual,3,-0.06949222087860107,,,1.392292857170105,1.461785078048706
16,head_entropy,Impossible_vs_Factual,9,-0.05741381645202637,,,1.3949609994888306,1.452374815940857
16,head_entropy,Impossible_vs_Factual,12,0.05084824562072754,,,1.3331878185272217,1.2823395729064941
16,head_entropy,Impossible_vs_Factual,14,-0.04867148399353027,,,1.222418189048767,1.2710896730422974
16,head_entropy,Impossible_vs_Factual,7,-0.047695040702819824,,,1.3969144821166992,1.444609522819519
16,head_entropy,Impossible_vs_Factual,11,-0.03161358833312988,,,1.2450778484344482,1.2766914367675781
16,head_entropy,Hallucinations_vs_Factual,15,0.24519306421279907,,,1.1592515707015991,0.9140585064888
16,head_entropy,Hallucinations_vs_Factual,12,0.206254243850708,,,1.4885938167572021,1.2823395729064941
16,head_entropy,Hallucinations_vs_Factual,1,0.17730438709259033,,,1.7744218111038208,1.5971174240112305
16,head_entropy,Hallucinations_vs_Factual,4,0.1644374132156372,,,1.625656247138977,1.4612188339233398
16,head_entropy,Hallucinations_vs_Factual,13,0.1303778886795044,,,1.2722610235214233,1.141883134841919
16,head_entropy,Hallucinations_vs_Factual,8,0.12220907211303711,,,1.5790210962295532,1.4568120241165161
16,head_entropy,Hallucinations_vs_Factual,6,0.11045706272125244,,,1.4161289930343628,1.3056719303131104
16,head_entropy,Hallucinations_vs_Factual,2,0.10227108001708984,,,1.5489859580993652,1.4467148780822754
16,head_entropy,Hallucinations_vs_Factual,0,0.08718180656433105,,,1.130865216255188,1.043683409690857
16,head_entropy,Hallucinations_vs_Factual,11,-0.07437264919281006,,,1.202318787574768,1.2766914367675781
17,head_entropy,Impossible_vs_Factual,10,0.29037797451019287,,,0.8571357131004333,0.5667577385902405
17,head_entropy,Impossible_vs_Factual,8,0.2487499713897705,,,1.2296286821365356,0.9808787107467651
17,head_entropy,Impossible_vs_Factual,11,0.2383730411529541,,,1.0214784145355225,0.7831053733825684
17,head_entropy,Impossible_vs_Factual,15,0.1920430064201355,,,0.979324221611023,0.7872812151908875
17,head_entropy,Impossible_vs_Factual,0,0.18841123580932617,,,0.9166778326034546,0.7282665967941284
17,head_entropy,Impossible_vs_Factual,13,0.1777653694152832,,,1.3091636896133423,1.131398320198059
17,head_entropy,Impossible_vs_Factual,9,0.1602059304714203,,,0.581376850605011,0.4211709201335907
17,head_entropy,Impossible_vs_Factual,1,0.13216400146484375,,,1.29549241065979,1.1633284091949463
17,head_entropy,Impossible_vs_Factual,12,-0.0978015661239624,,,1.053847312927246,1.1516488790512085
17,head_entropy,Impossible_vs_Factual,3,0.09213483333587646,,,1.2502187490463257,1.1580839157104492
17,head_entropy,Hallucinations_vs_Factual,10,0.40840625762939453,,,0.975163996219635,0.5667577385902405
17,head_entropy,Hallucinations_vs_Factual,11,0.3243478536605835,,,1.1074532270431519,0.7831053733825684
17,head_entropy,Hallucinations_vs_Factual,13,0.31078100204467773,,,1.4421793222427368,1.131398320198059
17,head_entropy,Hallucinations_vs_Factual,15,0.27844518423080444,,,1.065726399421692,0.7872812151908875
17,head_entropy,Hallucinations_vs_Factual,1,0.27821028232574463,,,1.441538691520691,1.1633284091949463
17,head_entropy,Hallucinations_vs_Factual,4,0.24623429775238037,,,1.726398229598999,1.4801639318466187
17,head_entropy,Hallucinations_vs_Factual,0,0.2422608733177185,,,0.9705274701118469,0.7282665967941284
17,head_entropy,Hallucinations_vs_Factual,9,0.2364138662815094,,,0.6575847864151001,0.4211709201335907
17,head_entropy,Hallucinations_vs_Factual,8,0.21300804615020752,,,1.1938867568969727,0.9808787107467651
17,head_entropy,Hallucinations_vs_Factual,3,0.1772012710571289,,,1.3352851867675781,1.1580839157104492
18,head_entropy,Impossible_vs_Factual,13,-0.19786572456359863,,,1.1391732692718506,1.3370389938354492
18,head_entropy,Impossible_vs_Factual,8,-0.19280660152435303,,,0.9976181983947754,1.1904247999191284
18,head_entropy,Impossible_vs_Factual,9,0.13384342193603516,,,1.097909927368164,0.9640665054321289
18,head_entropy,Impossible_vs_Factual,7,-0.1265239715576172,,,1.5284219980239868,1.654945969581604
18,head_entropy,Impossible_vs_Factual,10,0.09592211246490479,,,1.3654766082763672,1.2695544958114624
18,head_entropy,Impossible_vs_Factual,2,0.08257865905761719,,,1.1704689264297485,1.0878902673721313
18,head_entropy,Impossible_vs_Factual,6,0.06805908679962158,,,1.403992772102356,1.3359336853027344
18,head_entropy,Impossible_vs_Factual,14,-0.06289243698120117,,,1.4072383642196655,1.4701308012008667
18,head_entropy,Impossible_vs_Factual,1,-0.05639040470123291,,,1.3704767227172852,1.426867127418518
18,head_entropy,Impossible_vs_Factual,15,-0.047156572341918945,,,1.3107264041900635,1.3578829765319824
18,head_entropy,Hallucinations_vs_Factual,8,-0.3341924548149109,,,0.8562323451042175,1.1904247999191284
18,head_entropy,Hallucinations_vs_Factual,14,-0.2656092643737793,,,1.2045215368270874,1.4701308012008667
18,head_entropy,Hallucinations_vs_Factual,5,0.20678913593292236,,,1.9030002355575562,1.6962110996246338
18,head_entropy,Hallucinations_vs_Factual,2,0.16217994689941406,,,1.2500702142715454,1.0878902673721313
18,head_entropy,Hallucinations_vs_Factual,12,-0.11477488279342651,,,0.8190063834190369,0.9337812662124634
18,head_entropy,Hallucinations_vs_Factual,7,0.11275708675384521,,,1.7677030563354492,1.654945969581604
18,head_entropy,Hallucinations_vs_Factual,13,-0.11034226417541504,,,1.2266967296600342,1.3370389938354492
18,head_entropy,Hallucinations_vs_Factual,11,-0.10586202144622803,,,1.0436925888061523,1.1495546102523804
18,head_entropy,Hallucinations_vs_Factual,10,0.08285176753997803,,,1.3524062633514404,1.2695544958114624
18,head_entropy,Hallucinations_vs_Factual,6,0.06273424625396729,,,1.3986679315567017,1.3359336853027344
19,head_entropy,Impossible_vs_Factual,0,0.33500027656555176,,,1.2134455442428589,0.8784452676773071
19,head_entropy,Impossible_vs_Factual,6,0.26829326152801514,,,1.1900274753570557,0.9217342138290405
19,head_entropy,Impossible_vs_Factual,10,0.17593741416931152,,,1.6926095485687256,1.516672134399414
19,head_entropy,Impossible_vs_Factual,13,0.16745525598526,,,1.0848495960235596,0.9173943400382996
19,head_entropy,Impossible_vs_Factual,1,-0.1643277406692505,,,1.3786721229553223,1.5429998636245728
19,head_entropy,Impossible_vs_Factual,7,0.16181369125843048,,,0.396711140871048,0.2348974496126175
19,head_entropy,Impossible_vs_Factual,14,0.15461373329162598,,,1.339484691619873,1.184870958328247
19,head_entropy,Impossible_vs_Factual,12,0.1338200569152832,,,1.6334683895111084,1.4996483325958252
19,head_entropy,Impossible_vs_Factual,15,0.11812543869018555,,,1.4632502794265747,1.3451248407363892
19,head_entropy,Impossible_vs_Factual,11,-0.09988313913345337,,,0.8381774425506592,0.9380605816841125
19,head_entropy,Hallucinations_vs_Factual,6,0.4563283920288086,,,1.3780626058578491,0.9217342138290405
19,head_entropy,Hallucinations_vs_Factual,10,0.39195334911346436,,,1.9086254835128784,1.516672134399414
19,head_entropy,Hallucinations_vs_Factual,0,0.3826988935470581,,,1.2611441612243652,0.8784452676773071
19,head_entropy,Hallucinations_vs_Factual,13,0.3694630265235901,,,1.2868573665618896,0.9173943400382996
19,head_entropy,Hallucinations_vs_Factual,14,0.3652775287628174,,,1.5501484870910645,1.184870958328247
19,head_entropy,Hallucinations_vs_Factual,15,0.3166956901550293,,,1.6618205308914185,1.3451248407363892
19,head_entropy,Hallucinations_vs_Factual,7,0.31064581871032715,,,0.5455432534217834,0.2348974496126175
19,head_entropy,Hallucinations_vs_Factual,12,0.2987656593322754,,,1.7984139919281006,1.4996483325958252
19,head_entropy,Hallucinations_vs_Factual,3,0.24834394454956055,,,1.9944217205047607,1.7460777759552002
19,head_entropy,Hallucinations_vs_Factual,9,0.21817994117736816,,,1.7699222564697266,1.5517423152923584
20,head_entropy,Impossible_vs_Factual,5,0.23575317859649658,,,0.7923125624656677,0.5565593838691711
20,head_entropy,Impossible_vs_Factual,4,0.21623295545578003,,,0.5330278873443604,0.3167949318885803
20,head_entropy,Impossible_vs_Factual,6,0.1978750228881836,,,1.4572497606277466,1.259374737739563
20,head_entropy,Impossible_vs_Factual,1,0.17923054099082947,,,0.44155198335647583,0.26232144236564636
20,head_entropy,Impossible_vs_Factual,3,0.176710844039917,,,0.6903513073921204,0.5136404633522034
20,head_entropy,Impossible_vs_Factual,10,0.12679672241210938,,,1.6609845161437988,1.5341877937316895
20,head_entropy,Impossible_vs_Factual,11,0.10375833511352539,,,1.5567660331726074,1.453007698059082
20,head_entropy,Impossible_vs_Factual,2,0.09390276670455933,,,0.6468026638031006,0.5528998970985413
20,head_entropy,Impossible_vs_Factual,12,-0.08097445964813232,,,1.0639666318893433,1.1449410915374756
20,head_entropy,Impossible_vs_Factual,15,0.07595324516296387,,,1.462964653968811,1.3870114088058472
20,head_entropy,Hallucinations_vs_Factual,5,0.39504891633987427,,,0.9516083002090454,0.5565593838691711
20,head_entropy,Hallucinations_vs_Factual,4,0.29485607147216797,,,0.6116510033607483,0.3167949318885803
20,head_entropy,Hallucinations_vs_Factual,1,0.27971240878105164,,,0.542033851146698,0.26232144236564636
20,head_entropy,Hallucinations_vs_Factual,3,0.2762206792831421,,,0.7898611426353455,0.5136404633522034
20,head_entropy,Hallucinations_vs_Factual,6,0.2668790817260742,,,1.5262538194656372,1.259374737739563
20,head_entropy,Hallucinations_vs_Factual,10,0.25030434131622314,,,1.7844921350479126,1.5341877937316895
20,head_entropy,Hallucinations_vs_Factual,15,0.2322307825088501,,,1.6192421913146973,1.3870114088058472
20,head_entropy,Hallucinations_vs_Factual,14,0.2070239782333374,,,1.8736099004745483,1.666585922241211
20,head_entropy,Hallucinations_vs_Factual,11,0.1846327781677246,,,1.6376404762268066,1.453007698059082
20,head_entropy,Hallucinations_vs_Factual,9,0.17037522792816162,,,1.556796908378601,1.3864216804504395
21,head_entropy,Impossible_vs_Factual,11,-0.2442110776901245,,,1.4450781345367432,1.6892892122268677
21,head_entropy,Impossible_vs_Factual,7,0.23399272561073303,,,0.7090984582901001,0.47510573267936707
21,head_entropy,Impossible_vs_Factual,3,0.17489051818847656,,,1.3394805192947388,1.1645900011062622
21,head_entropy,Impossible_vs_Factual,1,0.1726725697517395,,,1.0965862274169922,0.9239136576652527
21,head_entropy,Impossible_vs_Factual,6,0.1626031994819641,,,1.0826951265335083,0.9200919270515442
21,head_entropy,Impossible_vs_Factual,12,0.1195368766784668,,,1.2819178104400635,1.1623809337615967
21,head_entropy,Impossible_vs_Factual,15,-0.08967375755310059,,,1.0546367168426514,1.144310474395752
21,head_entropy,Impossible_vs_Factual,2,-0.07035791873931885,,,1.0328396558761597,1.1031975746154785
21,head_entropy,Impossible_vs_Factual,13,-0.06960535049438477,,,1.1709367036819458,1.2405420541763306
21,head_entropy,Impossible_vs_Factual,0,0.06545960903167725,,,1.4224090576171875,1.3569494485855103
21,head_entropy,Hallucinations_vs_Factual,7,0.461762934923172,,,0.9368686676025391,0.47510573267936707
21,head_entropy,Hallucinations_vs_Factual,3,0.3341943025588989,,,1.4987843036651611,1.1645900011062622
21,head_entropy,Hallucinations_vs_Factual,6,0.28097158670425415,,,1.2010635137557983,0.9200919270515442
21,head_entropy,Hallucinations_vs_Factual,1,0.23839718103408813,,,1.1623108386993408,0.9239136576652527
21,head_entropy,Hallucinations_vs_Factual,12,0.21495413780212402,,,1.3773350715637207,1.1623809337615967
21,head_entropy,Hallucinations_vs_Factual,9,0.2019561529159546,,,1.7576669454574585,1.555710792541504
21,head_entropy,Hallucinations_vs_Factual,14,0.16873538494110107,,,1.2529385089874268,1.0842031240463257
21,head_entropy,Hallucinations_vs_Factual,0,0.15810656547546387,,,1.5150560140609741,1.3569494485855103
21,head_entropy,Hallucinations_vs_Factual,5,0.14798009395599365,,,1.5931756496429443,1.4451955556869507
21,head_entropy,Hallucinations_vs_Factual,4,0.10663473606109619,,,1.7110329866409302,1.604398250579834
22,head_entropy,Impossible_vs_Factual,6,0.14835333824157715,,,1.5598809719085693,1.4115276336669922
22,head_entropy,Impossible_vs_Factual,13,0.10117983818054199,,,1.266062617301941,1.164882779121399
22,head_entropy,Impossible_vs_Factual,7,0.1009368896484375,,,1.4541014432907104,1.353164553642273
22,head_entropy,Impossible_vs_Factual,0,-0.10056686401367188,,,1.4559569358825684,1.5565237998962402
22,head_entropy,Impossible_vs_Factual,15,0.09931612014770508,,,1.2237733602523804,1.1244572401046753
22,head_entropy,Impossible_vs_Factual,14,-0.0978313684463501,,,0.921257734298706,1.0190891027450562
22,head_entropy,Impossible_vs_Factual,12,0.0735701322555542,,,1.2712459564208984,1.1976758241653442
22,head_entropy,Impossible_vs_Factual,8,0.06881237030029297,,,1.6749844551086426,1.6061720848083496
22,head_entropy,Impossible_vs_Factual,4,0.055632710456848145,,,1.3256365060806274,1.2700037956237793
22,head_entropy,Impossible_vs_Factual,9,-0.03796112537384033,,,1.4333748817443848,1.471336007118225
22,head_entropy,Hallucinations_vs_Factual,6,0.3643757104873657,,,1.775903344154358,1.4115276336669922
22,head_entropy,Hallucinations_vs_Factual,7,0.2949841022491455,,,1.6481486558914185,1.353164553642273
22,head_entropy,Hallucinations_vs_Factual,15,0.26278090476989746,,,1.3872381448745728,1.1244572401046753
22,head_entropy,Hallucinations_vs_Factual,13,0.23520326614379883,,,1.4000860452651978,1.164882779121399
22,head_entropy,Hallucinations_vs_Factual,12,0.22900772094726562,,,1.4266835451126099,1.1976758241653442
22,head_entropy,Hallucinations_vs_Factual,8,0.20792174339294434,,,1.814093828201294,1.6061720848083496
22,head_entropy,Hallucinations_vs_Factual,4,0.17161333560943604,,,1.4416171312332153,1.2700037956237793
22,head_entropy,Hallucinations_vs_Factual,11,0.1657189130783081,,,1.4541053771972656,1.2883864641189575
22,head_entropy,Hallucinations_vs_Factual,5,0.1509394645690918,,,1.4367891550064087,1.285849690437317
22,head_entropy,Hallucinations_vs_Factual,10,0.1343148946762085,,,1.5307523012161255,1.396437406539917
23,head_entropy,Impossible_vs_Factual,15,-0.3058798909187317,,,0.567209005355835,0.8730888962745667
23,head_entropy,Impossible_vs_Factual,13,-0.2377222776412964,,,0.519688606262207,0.7574108839035034
23,head_entropy,Impossible_vs_Factual,11,0.21113252639770508,,,1.3432186841964722,1.132086157798767
23,head_entropy,Impossible_vs_Factual,9,0.12924981117248535,,,1.7057029008865356,1.5764530897140503
23,head_entropy,Impossible_vs_Factual,12,0.08426177501678467,,,1.1038477420806885,1.0195859670639038
23,head_entropy,Impossible_vs_Factual,1,0.08035600185394287,,,1.586469292640686,1.5061132907867432
23,head_entropy,Impossible_vs_Factual,6,0.07900011539459229,,,1.5124844312667847,1.4334843158721924
23,head_entropy,Impossible_vs_Factual,5,-0.06792432069778442,,,0.9695848822593689,1.0375092029571533
23,head_entropy,Impossible_vs_Factual,8,-0.06336367130279541,,,1.3589140176773071,1.4222776889801025
23,head_entropy,Impossible_vs_Factual,2,-0.05445241928100586,,,1.5021330118179321,1.556585431098938
23,head_entropy,Hallucinations_vs_Factual,11,0.3785698413848877,,,1.5106559991836548,1.132086157798767
23,head_entropy,Hallucinations_vs_Factual,15,-0.322112500667572,,,0.5509763956069946,0.8730888962745667
23,head_entropy,Hallucinations_vs_Factual,5,0.2855261564254761,,,1.3230353593826294,1.0375092029571533
23,head_entropy,Hallucinations_vs_Factual,13,-0.260587602853775,,,0.4968232810497284,0.7574108839035034
23,head_entropy,Hallucinations_vs_Factual,1,0.25574612617492676,,,1.76185941696167,1.5061132907867432
23,head_entropy,Hallucinations_vs_Factual,3,0.25201165676116943,,,1.8938672542572021,1.6418555974960327
23,head_entropy,Hallucinations_vs_Factual,6,0.23914039134979248,,,1.6726247072219849,1.4334843158721924
23,head_entropy,Hallucinations_vs_Factual,0,0.2356877326965332,,,1.83677339553833,1.6010856628417969
23,head_entropy,Hallucinations_vs_Factual,9,0.23456263542175293,,,1.8110157251358032,1.5764530897140503
23,head_entropy,Hallucinations_vs_Factual,4,0.2321796417236328,,,1.828031301498413,1.5958516597747803
24,head_entropy,Impossible_vs_Factual,1,0.18539834022521973,,,1.400429606437683,1.2150312662124634
24,head_entropy,Impossible_vs_Factual,15,-0.1801357865333557,,,0.9507505297660828,1.1308863162994385
24,head_entropy,Impossible_vs_Factual,7,0.13625752925872803,,,1.4629411697387695,1.3266836404800415
24,head_entropy,Impossible_vs_Factual,3,-0.13054680824279785,,,1.5556563138961792,1.686203122138977
24,head_entropy,Impossible_vs_Factual,0,-0.1296757459640503,,,1.4993319511413574,1.6290076971054077
24,head_entropy,Impossible_vs_Factual,8,-0.12917399406433105,,,1.3435837030410767,1.4727576971054077
24,head_entropy,Impossible_vs_Factual,4,-0.10371947288513184,,,1.0286000967025757,1.1323195695877075
24,head_entropy,Impossible_vs_Factual,14,-0.10012698173522949,,,1.2309141159057617,1.3310410976409912
24,head_entropy,Impossible_vs_Factual,11,-0.07525360584259033,,,1.6468321084976196,1.72208571434021
24,head_entropy,Impossible_vs_Factual,10,-0.0524219274520874,,,1.6070780754089355,1.659500002861023
24,head_entropy,Hallucinations_vs_Factual,15,-0.2820005416870117,,,0.8488857746124268,1.1308863162994385
24,head_entropy,Hallucinations_vs_Factual,1,0.27230870723724365,,,1.487339973449707,1.2150312662124634
24,head_entropy,Hallucinations_vs_Factual,7,0.19726943969726562,,,1.5239530801773071,1.3266836404800415
24,head_entropy,Hallucinations_vs_Factual,6,0.12832820415496826,,,1.478398323059082,1.3500701189041138
24,head_entropy,Hallucinations_vs_Factual,9,0.10295319557189941,,,1.3301169872283936,1.2271637916564941
24,head_entropy,Hallucinations_vs_Factual,3,0.09034359455108643,,,1.7765467166900635,1.686203122138977
24,head_entropy,Hallucinations_vs_Factual,8,-0.07022261619567871,,,1.402535080909729,1.4727576971054077
24,head_entropy,Hallucinations_vs_Factual,5,0.062007784843444824,,,1.478777527809143,1.4167697429656982
24,head_entropy,Hallucinations_vs_Factual,11,0.057869553565979004,,,1.779955267906189,1.72208571434021
24,head_entropy,Hallucinations_vs_Factual,4,0.050283193588256836,,,1.1826027631759644,1.1323195695877075
25,head_entropy,Impossible_vs_Factual,14,-0.17849281430244446,,,0.4471709430217743,0.6256637573242188
25,head_entropy,Impossible_vs_Factual,11,0.1638532280921936,,,0.7891570329666138,0.6253038048744202
25,head_entropy,Impossible_vs_Factual,15,-0.14593535661697388,,,0.9255566000938416,1.0714919567108154
25,head_entropy,Impossible_vs_Factual,7,0.10986506938934326,,,0.6520287394523621,0.5421636700630188
25,head_entropy,Impossible_vs_Factual,0,0.09797284007072449,,,0.4406642019748688,0.3426913619041443
25,head_entropy,Impossible_vs_Factual,8,-0.08242762088775635,,,1.5492560863494873,1.6316837072372437
25,head_entropy,Impossible_vs_Factual,9,-0.0801544189453125,,,1.434290885925293,1.5144453048706055
25,head_entropy,Impossible_vs_Factual,4,0.07931363582611084,,,0.5817009210586548,0.502387285232544
25,head_entropy,Impossible_vs_Factual,10,-0.06251978874206543,,,1.1928787231445312,1.2553985118865967
25,head_entropy,Impossible_vs_Factual,12,-0.04778552055358887,,,1.1203281879425049,1.1681137084960938
25,head_entropy,Hallucinations_vs_Factual,4,0.21697992086410522,,,0.7193672060966492,0.502387285232544
25,head_entropy,Hallucinations_vs_Factual,13,0.14643573760986328,,,1.190991997718811,1.0445562601089478
25,head_entropy,Hallucinations_vs_Factual,8,0.11725974082946777,,,1.7489434480667114,1.6316837072372437
25,head_entropy,Hallucinations_vs_Factual,5,0.11411017179489136,,,0.5422897934913635,0.42817962169647217
25,head_entropy,Hallucinations_vs_Factual,0,0.08880719542503357,,,0.43149855732917786,0.3426913619041443
25,head_entropy,Hallucinations_vs_Factual,15,-0.08284729719161987,,,0.9886446595191956,1.0714919567108154
25,head_entropy,Hallucinations_vs_Factual,12,0.07465958595275879,,,1.2427732944488525,1.1681137084960938
25,head_entropy,Hallucinations_vs_Factual,11,0.071682870388031,,,0.6969866752624512,0.6253038048744202
25,head_entropy,Hallucinations_vs_Factual,14,-0.06225097179412842,,,0.5634127855300903,0.6256637573242188
25,head_entropy,Hallucinations_vs_Factual,10,-0.06218361854553223,,,1.1932148933410645,1.2553985118865967
26,head_entropy,Impossible_vs_Factual,15,-0.295989990234375,,,1.0033613443374634,1.2993513345718384
26,head_entropy,Impossible_vs_Factual,12,-0.2651270627975464,,,1.314782977104187,1.5799100399017334
26,head_entropy,Impossible_vs_Factual,13,-0.18653345108032227,,,1.3605057001113892,1.5470391511917114
26,head_entropy,Impossible_vs_Factual,10,-0.15264630317687988,,,1.2740391492843628,1.4266854524612427
26,head_entropy,Impossible_vs_Factual,5,0.11370706558227539,,,1.695003867149353,1.5812968015670776
26,head_entropy,Impossible_vs_Factual,8,0.11269903182983398,,,1.6738942861557007,1.5611952543258667
26,head_entropy,Impossible_vs_Factual,7,0.10568737983703613,,,1.71351957321167,1.6078321933746338
26,head_entropy,Impossible_vs_Factual,1,-0.10264861583709717,,,1.378750205039978,1.4813988208770752
26,head_entropy,Impossible_vs_Factual,11,-0.09940242767333984,,,1.4291094541549683,1.528511881828308
26,head_entropy,Impossible_vs_Factual,0,-0.088675856590271,,,1.5071913003921509,1.5958671569824219
26,head_entropy,Hallucinations_vs_Factual,5,0.38875794410705566,,,1.9700547456741333,1.5812968015670776
26,head_entropy,Hallucinations_vs_Factual,7,0.2462303638458252,,,1.854062557220459,1.6078321933746338
26,head_entropy,Hallucinations_vs_Factual,9,0.18612515926361084,,,1.8840234279632568,1.697898268699646
26,head_entropy,Hallucinations_vs_Factual,2,0.17500030994415283,,,1.6176133155822754,1.4426130056381226
26,head_entropy,Hallucinations_vs_Factual,4,0.15575742721557617,,,1.5754450559616089,1.4196876287460327
26,head_entropy,Hallucinations_vs_Factual,10,0.13372063636779785,,,1.5604060888290405,1.4266854524612427
26,head_entropy,Hallucinations_vs_Factual,11,0.1313410997390747,,,1.6598529815673828,1.528511881828308
26,head_entropy,Hallucinations_vs_Factual,8,0.10528123378753662,,,1.6664764881134033,1.5611952543258667
26,head_entropy,Hallucinations_vs_Factual,15,-0.09273791313171387,,,1.2066134214401245,1.2993513345718384
26,head_entropy,Hallucinations_vs_Factual,12,-0.07504391670227051,,,1.504866123199463,1.5799100399017334
27,head_entropy,Impossible_vs_Factual,9,-0.2487398386001587,,,1.2700203657150269,1.5187602043151855
27,head_entropy,Impossible_vs_Factual,7,-0.19362962245941162,,,1.2555193901062012,1.4491490125656128
27,head_entropy,Impossible_vs_Factual,10,0.18536794185638428,,,1.1867033243179321,1.0013353824615479
27,head_entropy,Impossible_vs_Factual,14,-0.1542811393737793,,,1.0351718664169312,1.1894530057907104
27,head_entropy,Impossible_vs_Factual,12,-0.13306045532226562,,,1.3090723752975464,1.442132830619812
27,head_entropy,Impossible_vs_Factual,3,-0.09395599365234375,,,1.355863332748413,1.4498193264007568
27,head_entropy,Impossible_vs_Factual,4,-0.08236241340637207,,,1.3133496046066284,1.3957120180130005
27,head_entropy,Impossible_vs_Factual,0,-0.08179664611816406,,,1.3577072620391846,1.4395039081573486
27,head_entropy,Impossible_vs_Factual,11,0.07866370677947998,,,1.3841407299041748,1.3054770231246948
27,head_entropy,Impossible_vs_Factual,13,0.0670468807220459,,,1.5382657051086426,1.4712188243865967
27,head_entropy,Hallucinations_vs_Factual,10,0.32759618759155273,,,1.3289315700531006,1.0013353824615479
27,head_entropy,Hallucinations_vs_Factual,11,0.14880025386810303,,,1.4542772769927979,1.3054770231246948
27,head_entropy,Hallucinations_vs_Factual,6,0.13955175876617432,,,1.639505386352539,1.4999536275863647
27,head_entropy,Hallucinations_vs_Factual,4,0.12697386741638184,,,1.5226858854293823,1.3957120180130005
27,head_entropy,Hallucinations_vs_Factual,13,0.11765646934509277,,,1.5888752937316895,1.4712188243865967
27,head_entropy,Hallucinations_vs_Factual,7,-0.11269974708557129,,,1.3364492654800415,1.4491490125656128
27,head_entropy,Hallucinations_vs_Factual,9,-0.07384514808654785,,,1.4449150562286377,1.5187602043151855
27,head_entropy,Hallucinations_vs_Factual,14,-0.0713585615158081,,,1.1180944442749023,1.1894530057907104
27,head_entropy,Hallucinations_vs_Factual,2,0.06161320209503174,,,1.752183437347412,1.6905702352523804
27,head_entropy,Hallucinations_vs_Factual,5,0.058844923973083496,,,1.6833289861679077,1.6244840621948242
28,head_entropy,Impossible_vs_Factual,2,-0.27387911081314087,,,0.6394285559654236,0.9133076667785645
28,head_entropy,Impossible_vs_Factual,11,0.1811351776123047,,,1.1913068294525146,1.01017165184021
28,head_entropy,Impossible_vs_Factual,15,0.16074955463409424,,,1.5852655172348022,1.424515962600708
28,head_entropy,Impossible_vs_Factual,0,-0.14740371704101562,,,0.9756501913070679,1.1230539083480835
28,head_entropy,Impossible_vs_Factual,1,-0.1418367624282837,,,0.962297797203064,1.1041345596313477
28,head_entropy,Impossible_vs_Factual,6,-0.13208305835723877,,,1.1009951829910278,1.2330782413482666
28,head_entropy,Impossible_vs_Factual,9,-0.12274980545043945,,,1.4476016759872437,1.570351481437683
28,head_entropy,Impossible_vs_Factual,10,-0.10105979442596436,,,1.1186027526855469,1.2196625471115112
28,head_entropy,Impossible_vs_Factual,4,-0.09351599216461182,,,1.496796727180481,1.5903127193450928
28,head_entropy,Impossible_vs_Factual,13,0.09115612506866455,,,1.2555700540542603,1.1644139289855957
28,head_entropy,Hallucinations_vs_Factual,0,-0.3845798373222351,,,0.7384740710258484,1.1230539083480835
28,head_entropy,Hallucinations_vs_Factual,2,-0.3151077628135681,,,0.5981999039649963,0.9133076667785645
28,head_entropy,Hallucinations_vs_Factual,15,0.29058563709259033,,,1.7151015996932983,1.424515962600708
28,head_entropy,Hallucinations_vs_Factual,11,0.2630678415298462,,,1.2732394933700562,1.01017165184021
28,head_entropy,Hallucinations_vs_Factual,1,-0.2514594793319702,,,0.8526750802993774,1.1041345596313477
28,head_entropy,Hallucinations_vs_Factual,7,-0.1614505648612976,,,0.940100371837616,1.1015509366989136
28,head_entropy,Hallucinations_vs_Factual,5,-0.15840792655944824,,,0.84223473072052,1.0006426572799683
28,head_entropy,Hallucinations_vs_Factual,8,0.15282821655273438,,,1.5173050165176392,1.3644767999649048
28,head_entropy,Hallucinations_vs_Factual,6,-0.13886404037475586,,,1.0942142009735107,1.2330782413482666
28,head_entropy,Hallucinations_vs_Factual,3,0.09481227397918701,,,1.6351016759872437,1.5402894020080566
29,head_entropy,Impossible_vs_Factual,9,0.22866982221603394,,,0.7235751748085022,0.49490535259246826
29,head_entropy,Impossible_vs_Factual,2,-0.1638944149017334,,,1.4738712310791016,1.637765645980835
29,head_entropy,Impossible_vs_Factual,3,0.15248283743858337,,,0.4998970627784729,0.3474142253398895
29,head_entropy,Impossible_vs_Factual,0,-0.14436328411102295,,,1.3642265796661377,1.5085898637771606
29,head_entropy,Impossible_vs_Factual,12,0.14187204837799072,,,0.9135147333145142,0.7716426849365234
29,head_entropy,Impossible_vs_Factual,11,0.1154947280883789,,,1.1828655004501343,1.0673707723617554
29,head_entropy,Impossible_vs_Factual,7,0.10448789596557617,,,1.2940974235534668,1.1896095275878906
29,head_entropy,Impossible_vs_Factual,4,-0.10251748561859131,,,1.4173732995986938,1.5198907852172852
29,head_entropy,Impossible_vs_Factual,13,0.09026944637298584,,,0.6169453263282776,0.5266758799552917
29,head_entropy,Impossible_vs_Factual,10,0.07364070415496826,,,1.3340390920639038,1.2603983879089355
29,head_entropy,Hallucinations_vs_Factual,7,0.24476969242095947,,,1.43437922000885,1.1896095275878906
29,head_entropy,Hallucinations_vs_Factual,12,0.21457815170288086,,,0.9862208366394043,0.7716426849365234
29,head_entropy,Hallucinations_vs_Factual,9,0.21210527420043945,,,0.7070106267929077,0.49490535259246826
29,head_entropy,Hallucinations_vs_Factual,5,0.18687129020690918,,,1.6216075420379639,1.4347362518310547
29,head_entropy,Hallucinations_vs_Factual,13,0.16183292865753174,,,0.6885088086128235,0.5266758799552917
29,head_entropy,Hallucinations_vs_Factual,6,0.1591271162033081,,,1.2739394903182983,1.1148123741149902
29,head_entropy,Hallucinations_vs_Factual,3,0.13326379656791687,,,0.4806780219078064,0.3474142253398895
29,head_entropy,Hallucinations_vs_Factual,14,0.13138258457183838,,,1.4180859327316284,1.28670334815979
29,head_entropy,Hallucinations_vs_Factual,10,0.1217656135559082,,,1.3821640014648438,1.2603983879089355
29,head_entropy,Hallucinations_vs_Factual,15,0.12174046039581299,,,0.9644806385040283,0.8427401781082153
30,head_entropy,Impossible_vs_Factual,10,-0.49648988246917725,,,0.7150782346725464,1.2115681171417236
30,head_entropy,Impossible_vs_Factual,14,-0.17886275053024292,,,0.7370268702507019,0.9158896207809448
30,head_entropy,Impossible_vs_Factual,2,-0.15422284603118896,,,1.1677696704864502,1.3219925165176392
30,head_entropy,Impossible_vs_Factual,13,0.09335166215896606,,,0.5485821962356567,0.4552305340766907
30,head_entropy,Impossible_vs_Factual,7,0.09326231479644775,,,1.3017895221710205,1.2085272073745728
30,head_entropy,Impossible_vs_Factual,1,0.08686661720275879,,,1.3574998378753662,1.2706332206726074
30,head_entropy,Impossible_vs_Factual,0,0.07276558876037598,,,0.8994218111038208,0.8266562223434448
30,head_entropy,Impossible_vs_Factual,12,-0.060892701148986816,,,0.6522225737571716,0.7131152749061584
30,head_entropy,Impossible_vs_Factual,3,0.058804869651794434,,,1.6918829679489136,1.6330780982971191
30,head_entropy,Impossible_vs_Factual,6,-0.044380784034729004,,,1.156244158744812,1.200624942779541
30,head_entropy,Hallucinations_vs_Factual,10,-0.35959798097610474,,,0.8519701361656189,1.2115681171417236
30,head_entropy,Hallucinations_vs_Factual,0,0.20315206050872803,,,1.0298082828521729,0.8266562223434448
30,head_entropy,Hallucinations_vs_Factual,3,0.19807040691375732,,,1.8311485052108765,1.6330780982971191
30,head_entropy,Hallucinations_vs_Factual,1,0.15419316291809082,,,1.4248263835906982,1.2706332206726074
30,head_entropy,Hallucinations_vs_Factual,14,-0.11088228225708008,,,0.8050073385238647,0.9158896207809448
30,head_entropy,Hallucinations_vs_Factual,15,0.1005098819732666,,,1.193283200263977,1.0927733182907104
30,head_entropy,Hallucinations_vs_Factual,4,0.08820879459381104,,,1.4280644655227661,1.339855670928955
30,head_entropy,Hallucinations_vs_Factual,7,0.08545875549316406,,,1.2939859628677368,1.2085272073745728
30,head_entropy,Hallucinations_vs_Factual,2,-0.08139479160308838,,,1.2405977249145508,1.3219925165176392
30,head_entropy,Hallucinations_vs_Factual,11,0.07528871297836304,,,0.9759308695793152,0.9006421566009521
31,head_entropy,Impossible_vs_Factual,1,0.4175069332122803,,,1.6133396625518799,1.1958327293395996
31,head_entropy,Impossible_vs_Factual,7,0.23540449142456055,,,1.6998597383499146,1.464455246925354
31,head_entropy,Impossible_vs_Factual,3,0.23374557495117188,,,1.6872421503067017,1.4534965753555298
31,head_entropy,Impossible_vs_Factual,9,-0.14970731735229492,,,1.0658355951309204,1.2155429124832153
31,head_entropy,Impossible_vs_Factual,15,-0.13495516777038574,,,1.4574843645095825,1.5924395322799683
31,head_entropy,Impossible_vs_Factual,14,0.11197710037231445,,,1.5653363466262817,1.4533592462539673
31,head_entropy,Impossible_vs_Factual,5,0.09039223194122314,,,1.929702639579773,1.8393104076385498
31,head_entropy,Impossible_vs_Factual,0,0.08862483501434326,,,1.755468726158142,1.6668438911437988
31,head_entropy,Impossible_vs_Factual,12,-0.08329689502716064,,,1.5316247940063477,1.6149216890335083
31,head_entropy,Impossible_vs_Factual,2,-0.08259391784667969,,,1.8946558237075806,1.9772497415542603
31,head_entropy,Hallucinations_vs_Factual,1,0.36403751373291016,,,1.5598702430725098,1.1958327293395996
31,head_entropy,Hallucinations_vs_Factual,3,0.2707374095916748,,,1.7242339849472046,1.4534965753555298
31,head_entropy,Hallucinations_vs_Factual,7,0.23916590213775635,,,1.7036211490631104,1.464455246925354
31,head_entropy,Hallucinations_vs_Factual,5,0.1817760467529297,,,2.0210864543914795,1.8393104076385498
31,head_entropy,Hallucinations_vs_Factual,9,-0.14515221118927002,,,1.0703907012939453,1.2155429124832153
31,head_entropy,Hallucinations_vs_Factual,0,0.1275780200958252,,,1.794421911239624,1.6668438911437988
31,head_entropy,Hallucinations_vs_Factual,6,0.11148428916931152,,,1.7446328401565552,1.6331485509872437
31,head_entropy,Hallucinations_vs_Factual,14,0.10126566886901855,,,1.5546249151229858,1.4533592462539673
31,head_entropy,Hallucinations_vs_Factual,2,0.08544528484344482,,,2.062695026397705,1.9772497415542603
31,head_entropy,Hallucinations_vs_Factual,11,0.08264040946960449,,,2.101703405380249,2.0190629959106445
32,head_entropy,Impossible_vs_Factual,12,0.17749238014221191,,,1.3517813682556152,1.1742889881134033
32,head_entropy,Impossible_vs_Factual,10,0.1088792085647583,,,1.310925841331482,1.2020466327667236
32,head_entropy,Impossible_vs_Factual,3,0.08374631404876709,,,1.0915509462356567,1.0078046321868896
32,head_entropy,Impossible_vs_Factual,13,0.07807016372680664,,,1.4328556060791016,1.354785442352295
32,head_entropy,Impossible_vs_Factual,11,0.07340621948242188,,,1.3288360834121704,1.2554298639297485
32,head_entropy,Impossible_vs_Factual,8,0.06578147411346436,,,0.990597665309906,0.9248161911964417
32,head_entropy,Impossible_vs_Factual,14,0.0629376769065857,,,1.0237051248550415,0.9607674479484558
32,head_entropy,Impossible_vs_Factual,6,0.06263649463653564,,,1.1937497854232788,1.1311132907867432
32,head_entropy,Impossible_vs_Factual,7,0.060167551040649414,,,1.2452301979064941,1.1850626468658447
32,head_entropy,Impossible_vs_Factual,4,-0.045679450035095215,,,1.0534768104553223,1.0991562604904175
32,head_entropy,Hallucinations_vs_Factual,13,0.14246487617492676,,,1.4972503185272217,1.354785442352295
32,head_entropy,Hallucinations_vs_Factual,12,0.12822258472442627,,,1.3025115728378296,1.1742889881134033
32,head_entropy,Hallucinations_vs_Factual,0,0.11534452438354492,,,1.3290120363235474,1.2136675119400024
32,head_entropy,Hallucinations_vs_Factual,14,0.11516398191452026,,,1.075931429862976,0.9607674479484558
32,head_entropy,Hallucinations_vs_Factual,7,0.10247814655303955,,,1.2875407934188843,1.1850626468658447
32,head_entropy,Hallucinations_vs_Factual,8,0.1007421612739563,,,1.025558352470398,0.9248161911964417
32,head_entropy,Hallucinations_vs_Factual,2,0.059095680713653564,,,0.9908455610275269,0.9317498803138733
32,head_entropy,Hallucinations_vs_Factual,3,0.057453036308288574,,,1.0652576684951782,1.0078046321868896
32,head_entropy,Hallucinations_vs_Factual,9,0.05692166090011597,,,1.0359704494476318,0.9790487885475159
32,head_entropy,Hallucinations_vs_Factual,10,0.045929670333862305,,,1.247976303100586,1.2020466327667236
33,head_entropy,Impossible_vs_Factual,3,0.129560649394989,,,1.0039199590682983,0.8743593096733093
33,head_entropy,Impossible_vs_Factual,2,0.1251874566078186,,,1.1118828058242798,0.9866953492164612
33,head_entropy,Impossible_vs_Factual,0,0.10949230194091797,,,1.1607345342636108,1.0512422323226929
33,head_entropy,Impossible_vs_Factual,15,0.09871864318847656,,,1.1761211156845093,1.0774024724960327
33,head_entropy,Impossible_vs_Factual,9,0.09522843360900879,,,1.059861183166504,0.9646327495574951
33,head_entropy,Impossible_vs_Factual,13,0.08978939056396484,,,1.1919491291046143,1.1021597385406494
33,head_entropy,Impossible_vs_Factual,1,0.08733803033828735,,,0.919660210609436,0.8323221802711487
33,head_entropy,Impossible_vs_Factual,7,0.07103294134140015,,,1.0010799169540405,0.9300469756126404
33,head_entropy,Impossible_vs_Factual,10,0.058511972427368164,,,1.0079336166381836,0.9494216442108154
33,head_entropy,Impossible_vs_Factual,11,0.04631972312927246,,,1.2856638431549072,1.2393441200256348
33,head_entropy,Hallucinations_vs_Factual,9,0.16321122646331787,,,1.127843976020813,0.9646327495574951
33,head_entropy,Hallucinations_vs_Factual,11,0.1581716537475586,,,1.3975157737731934,1.2393441200256348
33,head_entropy,Hallucinations_vs_Factual,3,0.14233237504959106,,,1.0166916847229004,0.8743593096733093
33,head_entropy,Hallucinations_vs_Factual,15,0.13568365573883057,,,1.2130861282348633,1.0774024724960327
33,head_entropy,Hallucinations_vs_Factual,2,0.12559741735458374,,,1.112292766571045,0.9866953492164612
33,head_entropy,Hallucinations_vs_Factual,13,0.10834789276123047,,,1.2105076313018799,1.1021597385406494
33,head_entropy,Hallucinations_vs_Factual,10,0.10339272022247314,,,1.0528143644332886,0.9494216442108154
33,head_entropy,Hallucinations_vs_Factual,7,0.10282403230667114,,,1.0328710079193115,0.9300469756126404
33,head_entropy,Hallucinations_vs_Factual,1,0.08958810567855835,,,0.921910285949707,0.8323221802711487
33,head_entropy,Hallucinations_vs_Factual,0,0.080940842628479,,,1.1321830749511719,1.0512422323226929
34,head_entropy,Impossible_vs_Factual,12,0.508365273475647,,,1.5662654638290405,1.0579001903533936
34,head_entropy,Impossible_vs_Factual,9,0.4320645332336426,,,1.5105371475219727,1.07847261428833
34,head_entropy,Impossible_vs_Factual,7,0.3795393705368042,,,1.5870472192764282,1.207507848739624
34,head_entropy,Impossible_vs_Factual,8,0.1876465082168579,,,1.521234154701233,1.333587646484375
34,head_entropy,Impossible_vs_Factual,14,0.15716958045959473,,,1.5056796073913574,1.3485100269317627
34,head_entropy,Impossible_vs_Factual,6,-0.15312105417251587,,,0.9444717764854431,1.097592830657959
34,head_entropy,Impossible_vs_Factual,5,0.15060150623321533,,,1.843093991279602,1.6924924850463867
34,head_entropy,Impossible_vs_Factual,13,0.13414013385772705,,,1.563769817352295,1.4296296834945679
34,head_entropy,Impossible_vs_Factual,1,-0.12113308906555176,,,1.7128593921661377,1.8339924812316895
34,head_entropy,Impossible_vs_Factual,0,0.06664788722991943,,,1.6314332485198975,1.564785361289978
34,head_entropy,Hallucinations_vs_Factual,12,0.4014091491699219,,,1.4593093395233154,1.0579001903533936
34,head_entropy,Hallucinations_vs_Factual,9,0.36062848567962646,,,1.4391010999679565,1.07847261428833
34,head_entropy,Hallucinations_vs_Factual,7,0.283156156539917,,,1.490664005279541,1.207507848739624
34,head_entropy,Hallucinations_vs_Factual,8,0.25131070613861084,,,1.5848983526229858,1.333587646484375
34,head_entropy,Hallucinations_vs_Factual,10,0.20827138423919678,,,1.5142402648925781,1.3059688806533813
34,head_entropy,Hallucinations_vs_Factual,14,0.2030019760131836,,,1.5515120029449463,1.3485100269317627
34,head_entropy,Hallucinations_vs_Factual,5,0.186867356300354,,,1.8793598413467407,1.6924924850463867
34,head_entropy,Hallucinations_vs_Factual,11,0.17409753799438477,,,1.5630546808242798,1.388957142829895
34,head_entropy,Hallucinations_vs_Factual,13,0.16755998134613037,,,1.5971896648406982,1.4296296834945679
34,head_entropy,Hallucinations_vs_Factual,15,0.10302090644836426,,,1.700964331626892,1.5979434251785278
35,head_entropy,Impossible_vs_Factual,12,0.2169935703277588,,,0.8494080901145935,0.6324145197868347
35,head_entropy,Impossible_vs_Factual,2,0.16850364208221436,,,1.6282731294631958,1.4597694873809814
35,head_entropy,Impossible_vs_Factual,10,0.16053175926208496,,,1.5745002031326294,1.4139684438705444
35,head_entropy,Impossible_vs_Factual,1,0.14693760871887207,,,1.7075310945510864,1.5605934858322144
35,head_entropy,Impossible_vs_Factual,5,0.12971878051757812,,,1.8738515377044678,1.7441327571868896
35,head_entropy,Impossible_vs_Factual,0,0.12028145790100098,,,1.7958829402923584,1.6756014823913574
35,head_entropy,Impossible_vs_Factual,4,0.10427379608154297,,,1.706687569618225,1.6024137735366821
35,head_entropy,Impossible_vs_Factual,7,0.09276509284973145,,,1.695359230041504,1.6025941371917725
35,head_entropy,Impossible_vs_Factual,9,0.08418941497802734,,,1.0815860033035278,0.9973965883255005
35,head_entropy,Impossible_vs_Factual,3,0.08378851413726807,,,1.7335307598114014,1.6497422456741333
35,head_entropy,Hallucinations_vs_Factual,2,0.34532415866851807,,,1.8050936460494995,1.4597694873809814
35,head_entropy,Hallucinations_vs_Factual,4,0.3075242042541504,,,1.9099379777908325,1.6024137735366821
35,head_entropy,Hallucinations_vs_Factual,10,0.27265655994415283,,,1.6866250038146973,1.4139684438705444
35,head_entropy,Hallucinations_vs_Factual,12,0.267032265663147,,,0.8994467854499817,0.6324145197868347
35,head_entropy,Hallucinations_vs_Factual,7,0.2525545358657837,,,1.8551486730575562,1.6025941371917725
35,head_entropy,Hallucinations_vs_Factual,9,0.20534157752990723,,,1.2027381658554077,0.9973965883255005
35,head_entropy,Hallucinations_vs_Factual,1,0.2025238275527954,,,1.7631173133850098,1.5605934858322144
35,head_entropy,Hallucinations_vs_Factual,5,0.19809401035308838,,,1.942226767539978,1.7441327571868896
35,head_entropy,Hallucinations_vs_Factual,0,0.19790637493133545,,,1.8735078573226929,1.6756014823913574
35,head_entropy,Hallucinations_vs_Factual,3,0.17302346229553223,,,1.8227657079696655,1.6497422456741333
